2026-07-20 15:26:34 [INFO ] [RMI TCP Connection(2)-127.0.0.1] o.s.b.a.SpringApplicationAdminMXBeanRegistrar$SpringApplicationAdmin : Application shutdown requested.
2026-07-20 15:26:34 [INFO ] [RMI TCP Connection(2)-127.0.0.1] o.s.boot.tomcat.GracefulShutdown : Commencing graceful shutdown. Waiting for active requests to complete
2026-07-20 15:26:34 [INFO ] [tomcat-shutdown] o.s.boot.tomcat.GracefulShutdown : Graceful shutdown complete
2026-07-20 15:26:34 [INFO ] [RMI TCP Connection(2)-127.0.0.1] o.s.o.j.LocalContainerEntityManagerFactoryBean : Closing JPA EntityManagerFactory for persistence unit 'default'
2026-07-20 15:26:34 [INFO ] [RMI TCP Connection(2)-127.0.0.1] com.zaxxer.hikari.HikariDataSource : HikariPool-1 - Shutdown initiated...
2026-07-20 15:26:34 [INFO ] [RMI TCP Connection(2)-127.0.0.1] com.zaxxer.hikari.HikariDataSource : HikariPool-1 - Shutdown completed.
2026-07-20 15:26:37 [INFO ] [main] c.m.MigrationReportApplication : Starting MigrationReportApplication using Java 21.0.1 with PID 24640 (D:\MigrationReportTool\Backend\MigrationReport\target\classes started by Shaik Firoz in D:\MigrationReportTool\Backend\MigrationReport)
2026-07-20 15:26:37 [INFO ] [main] c.m.MigrationReportApplication : No active profile set, falling back to 1 default profile: "default"
2026-07-20 15:26:37 [INFO ] [main] o.s.d.r.c.RepositoryConfigurationDelegate : Bootstrapping Spring Data JPA repositories in DEFAULT mode.
2026-07-20 15:26:37 [INFO ] [main] o.s.d.r.c.RepositoryConfigurationDelegate : Finished Spring Data repository scanning in 50 ms. Found 1 JPA repository interface.
2026-07-20 15:26:38 [INFO ] [main] o.s.boot.tomcat.TomcatWebServer : Tomcat initialized with port 8080 (http)
2026-07-20 15:26:38 [INFO ] [main] o.a.catalina.core.StandardService : Starting service [Tomcat]
2026-07-20 15:26:38 [INFO ] [main] o.a.catalina.core.StandardEngine : Starting Servlet engine: [Apache Tomcat/11.0.24]
2026-07-20 15:26:38 [INFO ] [main] o.s.b.w.c.s.WebApplicationContextInitializer : Root WebApplicationContext: initialization completed in 1034 ms
2026-07-20 15:26:38 [INFO ] [main] c.m.config.DataSourceConfig : [CONFIG] Loaded database configuration for active type postgres from D:\MigrationReportTool\Backend\MigrationReport\config\db-config.json
2026-07-20 15:26:38 [INFO ] [main] org.hibernate.orm.jpa : HHH008540: Processing PersistenceUnitInfo [name: default]
2026-07-20 15:26:38 [INFO ] [main] org.hibernate.orm.core : HHH000001: Hibernate ORM core version 7.4.1.Final
2026-07-20 15:26:38 [INFO ] [main] o.s.o.j.p.SpringPersistenceUnitInfo : No LoadTimeWeaver setup: ignoring JPA class transformer
2026-07-20 15:26:38 [INFO ] [main] com.zaxxer.hikari.HikariDataSource : HikariPool-1 - Starting...
2026-07-20 15:26:39 [INFO ] [main] com.zaxxer.hikari.pool.HikariPool : HikariPool-1 - Added connection org.postgresql.jdbc.PgConnection@27d6267e
2026-07-20 15:26:39 [INFO ] [main] com.zaxxer.hikari.HikariDataSource : HikariPool-1 - Start completed.
2026-07-20 15:26:39 [INFO ] [main] o.hibernate.orm.connections.pooling : HHH10001005: Database info:	Database JDBC URL [jdbc:postgresql://localhost:5432/Migration]	Database driver: PostgreSQL JDBC Driver	Database dialect: PostgreSQLDialect	Database version: 16.9	Default catalog/schema: Migration/public	Autocommit mode: undefined/unknown	Isolation level: READ_COMMITTED [default READ_COMMITTED]	JDBC fetch size: none	Pool: DataSourceConnectionProvider	Minimum pool size: undefined/unknown	Maximum pool size: undefined/unknown
2026-07-20 15:26:39 [INFO ] [main] org.hibernate.orm.core : HHH000489: No JTA platform available (set 'hibernate.transaction.jta.platform' to enable JTA platform integration)
2026-07-20 15:26:40 [INFO ] [main] o.s.o.j.LocalContainerEntityManagerFactoryBean : Initialized JPA EntityManagerFactory for persistence unit 'default'
2026-07-20 15:26:40 [INFO ] [main] o.s.d.j.r.q.QueryEnhancerFactories : Hibernate is in classpath; If applicable, HQL parser will be used.
2026-07-20 15:26:40 [INFO ] [main] c.m.service.ConfigurationService : [CONFIG] Loading tenant configuration from D:\MigrationReportTool\Backend\MigrationReport\config\tenant-mappings.json
2026-07-20 15:26:40 [INFO ] [main] c.m.service.ConfigurationService : [CONFIG] Loaded 1 applications from config.
2026-07-20 15:26:40 [INFO ] [main] c.m.dialect.DialectConfig : [DIALECT] Initializing PostgreSQL Dialect provider...
2026-07-20 15:26:40 [INFO ] [main] c.m.service.PropertyMappingService : [MAPPING] Loading property mapping templates from D:\MigrationReportTool\Backend\MigrationReport\config\property-mapping-templates.json
2026-07-20 15:26:40 [WARN ] [main] o.s.b.j.a.JpaBaseConfiguration$JpaWebConfiguration : spring.jpa.open-in-view is enabled by default. Therefore, database queries may be performed during view rendering. Explicitly configure spring.jpa.open-in-view to disable this warning
2026-07-20 15:26:40 [INFO ] [main] o.s.boot.tomcat.TomcatWebServer : Tomcat started on port 8080 (http) with context path '/'
2026-07-20 15:26:40 [INFO ] [main] c.m.MigrationReportApplication : Started MigrationReportApplication in 3.621 seconds (process running for 4.411)
2026-07-20 15:27:10 [INFO ] [http-nio-8080-exec-1] o.a.c.c.C.[Tomcat].[localhost].[/] : Initializing Spring DispatcherServlet 'dispatcherServlet'
2026-07-20 15:27:10 [INFO ] [http-nio-8080-exec-1] o.s.web.servlet.DispatcherServlet : Initializing Servlet 'dispatcherServlet'
2026-07-20 15:27:10 [INFO ] [http-nio-8080-exec-1] o.s.web.servlet.DispatcherServlet : Completed initialization in 2 ms
2026-07-20 15:27:10 [INFO ] [http-nio-8080-exec-2] c.m.c.ConfigurationController : Starting method: getConfig
2026-07-20 15:27:10 [INFO ] [http-nio-8080-exec-2] c.m.c.ConfigurationController : [CONFIG] Fetching cached tenant configuration
2026-07-20 15:27:10 [INFO ] [http-nio-8080-exec-2] c.m.c.ConfigurationController : Ending method: getConfig
2026-07-20 15:27:18 [INFO ] [http-nio-8080-exec-4] c.m.controller.DiscoveryController : Starting method: getDocumentClasses with arguments: appId=ccol, type=all
2026-07-20 15:27:18 [WARN ] [http-nio-8080-exec-4] c.m.service.DiscoveryService : Failed to fetch classes from tables. Falling back to classdef. Error: StatementCallback; bad SQL grammar [SELECT DISTINCT cd.symbolic_name FROM public.docversion_source dv JOIN public.classdef cd ON dv.object_class_id = cd.object_id WHERE cd.symbolic_name IS NOT NULL AND CAST(cd.sys_owned_bool AS VARCHAR) IN ('0', 'false', 'FALSE') UNION SELECT DISTINCT cd.symbolic_name FROM public.docversion_stagging dv JOIN public.classdef cd ON dv.object_class_id = cd.object_id WHERE cd.symbolic_name IS NOT NULL AND CAST(cd.sys_owned_bool AS VARCHAR) IN ('0', 'false', 'FALSE') UNION SELECT DISTINCT cd.symbolic_name FROM public.docversion_target dv JOIN public.classdef cd ON dv.object_class_id = cd.object_id WHERE cd.symbolic_name IS NOT NULL AND CAST(cd.sys_owned_bool AS VARCHAR) IN ('0', 'false', 'FALSE') UNION SELECT DISTINCT cd.symbolic_name FROM public.classdef dv JOIN public.classdef cd ON dv.object_class_id = cd.object_id WHERE cd.symbolic_name IS NOT NULL AND CAST(cd.sys_owned_bool AS VARCHAR) IN ('0', 'false', 'FALSE') UNION SELECT DISTINCT cd.symbolic_name FROM public.annotation dv JOIN public.classdef cd ON dv.object_class_id = cd.object_id WHERE cd.symbolic_name IS NOT NULL AND CAST(cd.sys_owned_bool AS VARCHAR) IN ('0', 'false', 'FALSE') UNION SELECT DISTINCT cd.symbolic_name FROM public.content dv JOIN public.classdef cd ON dv.object_class_id = cd.object_id WHERE cd.symbolic_name IS NOT NULL AND CAST(cd.sys_owned_bool AS VARCHAR) IN ('0', 'false', 'FALSE') UNION SELECT DISTINCT cd.symbolic_name FROM public.generic dv JOIN public.classdef cd ON dv.object_class_id = cd.object_id WHERE cd.symbolic_name IS NOT NULL AND CAST(cd.sys_owned_bool AS VARCHAR) IN ('0', 'false', 'FALSE') UNION SELECT DISTINCT cd.symbolic_name FROM public.checksum dv JOIN public.classdef cd ON dv.object_class_id = cd.object_id WHERE cd.symbolic_name IS NOT NULL AND CAST(cd.sys_owned_bool AS VARCHAR) IN ('0', 'false', 'FALSE') UNION SELECT DISTINCT cd.symbolic_name FROM public.columndef dv JOIN public.classdef cd ON dv.object_class_id = cd.object_id WHERE cd.symbolic_name IS NOT NULL AND CAST(cd.sys_owned_bool AS VARCHAR) IN ('0', 'false', 'FALSE') UNION SELECT DISTINCT cd.symbolic_name FROM public.propertydef dv JOIN public.classdef cd ON dv.object_class_id = cd.object_id WHERE cd.symbolic_name IS NOT NULL AND CAST(cd.sys_owned_bool AS VARCHAR) IN ('0', 'false', 'FALSE') UNION SELECT DISTINCT cd.symbolic_name FROM public.globalpropertydef dv JOIN public.classdef cd ON dv.object_class_id = cd.object_id WHERE cd.symbolic_name IS NOT NULL AND CAST(cd.sys_owned_bool AS VARCHAR) IN ('0', 'false', 'FALSE')]
2026-07-20 15:27:18 [INFO ] [http-nio-8080-exec-4] c.m.controller.DiscoveryController : Ending method: getDocumentClasses
2026-07-20 15:27:22 [INFO ] [http-nio-8080-exec-5] c.m.controller.DiscoveryController : Starting method: generateReport with arguments: endpoint=doc-count, criteria=com.migrationreport.dto.DiscoveryCriteria@5d337e6e
2026-07-20 15:27:22 [INFO ] [http-nio-8080-exec-5] c.m.controller.DiscoveryController : [DISCOVERY] Generating 'doc-count' report for App: 'ccol'
2026-07-20 15:27:22 [INFO ] [http-nio-8080-exec-5] c.m.service.DiscoveryService : [DISCOVERY] Executing Report Endpoint: 'doc-count' | SQL: select cd.symbolic_name as class_name, min(dv.create_date) as earliest_created, max(dv.create_date) as latest_created, count(dv.object_id) as total_documents, coalesce(sum(cast(dv.content_size as numeric)), 0) as total_size_bytes, coalesce(min(cast(dv.content_size as numeric)), 0) as min_size_bytes, coalesce(max(cast(dv.content_size as numeric)), 0) as max_size_bytes, cast(coalesce(sum(cast(dv.content_size as numeric)), 0) / 1073741824.0 as numeric(15, 6)) as total_size_gb  from public.docversion_source dv inner join public.classdef cd on dv.object_class_id = cd.object_id  where 1=1 and cd.symbolic_name in (?) and cast(cd.sys_owned_bool as varchar) in ('0', 'false', 'false')  and cd.symbolic_name not like 'cmacm%'  and cd.symbolic_name not like 'cmxt%'  and cd.symbolic_name not like 'cm%'  and cd.symbolic_name not like 'preferences%'  and cd.symbolic_name not in ('entrytemplate', 'storedsearch', 'recordstemplate', 'webcontenttemplate', 'relateditems', 'p8aelink')  and dv.create_date is not null group by cd.symbolic_name order by class_name | Params: [BankAccount]
2026-07-20 15:27:23 [INFO ] [http-nio-8080-exec-5] c.m.service.DiscoveryService : [DISCOVERY] Report executed in 46ms. Found 1 records.
2026-07-20 15:27:23 [INFO ] [http-nio-8080-exec-5] c.m.controller.DiscoveryController : [DISCOVERY] 'doc-count' report generated in 60ms. Found 1 records.
2026-07-20 15:27:23 [INFO ] [http-nio-8080-exec-5] c.m.controller.DiscoveryController : Ending method: generateReport
2026-07-20 15:27:48 [INFO ] [http-nio-8080-exec-3] c.m.controller.DiscoveryController : Starting method: generateReport with arguments: endpoint=doc-mime, criteria=com.migrationreport.dto.DiscoveryCriteria@344c78bb
2026-07-20 15:27:48 [INFO ] [http-nio-8080-exec-3] c.m.controller.DiscoveryController : [DISCOVERY] Generating 'doc-mime' report for App: 'ccol'
2026-07-20 15:27:48 [INFO ] [http-nio-8080-exec-3] c.m.service.DiscoveryService : [DISCOVERY] Executing Report Endpoint: 'doc-mime' | SQL: select coalesce(dv.mime_type, 'no mime type') as mime_type, count(*) as doc_count from public.docversion_source dv left join public.classdef cd on dv.object_class_id = cd.object_id  where 1=1 and cd.symbolic_name in (?) and cast(cd.sys_owned_bool as varchar) in ('0', 'false', 'false')  and cd.symbolic_name not like 'cmacm%'  and cd.symbolic_name not like 'cmxt%'  and cd.symbolic_name not like 'cm%'  and cd.symbolic_name not like 'preferences%'  and cd.symbolic_name not in ('entrytemplate', 'storedsearch', 'recordstemplate', 'webcontenttemplate', 'relateditems', 'p8aelink')  group by coalesce(dv.mime_type, 'no mime type') order by doc_count desc | Params: [BankAccount]
2026-07-20 15:27:48 [INFO ] [http-nio-8080-exec-3] c.m.service.DiscoveryService : [DISCOVERY] Report executed in 9ms. Found 6 records.
2026-07-20 15:27:48 [INFO ] [http-nio-8080-exec-3] c.m.controller.DiscoveryController : [DISCOVERY] 'doc-mime' report generated in 11ms. Found 6 records.
2026-07-20 15:27:48 [INFO ] [http-nio-8080-exec-3] c.m.controller.DiscoveryController : Ending method: generateReport
2026-07-20 15:28:28 [INFO ] [http-nio-8080-exec-6] c.m.controller.DiscoveryController : Starting method: generateReport with arguments: endpoint=size-bucket, criteria=com.migrationreport.dto.DiscoveryCriteria@58597077
2026-07-20 15:28:28 [INFO ] [http-nio-8080-exec-6] c.m.controller.DiscoveryController : [DISCOVERY] Generating 'size-bucket' report for App: 'ccol'
2026-07-20 15:28:28 [INFO ] [http-nio-8080-exec-6] c.m.service.DiscoveryService : [DISCOVERY] Executing Report Endpoint: 'size-bucket' | SQL: select case when cast(dv.content_size as numeric) is null then '0. no content' when cast(dv.content_size as numeric) = 0 then '1. zero bytes' when cast(dv.content_size as numeric) between 1 and 102399 then '2. under 100 kb' when cast(dv.content_size as numeric) between 102400 and 511999 then '3. 100 kb - 500 kb' when cast(dv.content_size as numeric) between 512000 and 1048575 then '4. 500 kb - 1 mb' when cast(dv.content_size as numeric) between 1048576 and 5242879 then '5. 1 mb - 5 mb' when cast(dv.content_size as numeric) between 5242880 and 10485759 then '6. 5 mb - 10 mb' when cast(dv.content_size as numeric) between 10485760 and 26214399 then '7. 10 mb - 25 mb' when cast(dv.content_size as numeric) between 26214400 and 52428799 then '8. 25 mb - 50 mb' when cast(dv.content_size as numeric) between 52428800 and 104857599 then '9. 50 mb - 100 mb' else '10. over 100 mb' end as size_range, count(dv.object_id) as total_documents, coalesce(sum(cast(dv.content_size as numeric)), 0) as total_size_bytes, cast(coalesce(sum(cast(dv.content_size as numeric)), 0) / 1048576.0 as numeric(15, 6)) as total_size_mb, cast(coalesce(sum(cast(dv.content_size as numeric)), 0) / 1073741824.0 as numeric(15, 6)) as total_size_gb  from public.docversion_source dv left join public.classdef cd on dv.object_class_id = cd.object_id  where 1=1 and cd.symbolic_name in (?) and cast(cd.sys_owned_bool as varchar) in ('0', 'false', 'false')  and cd.symbolic_name not like 'cmacm%'  and cd.symbolic_name not like 'cmxt%'  and cd.symbolic_name not like 'cm%'  and cd.symbolic_name not like 'preferences%'  and cd.symbolic_name not in ('entrytemplate', 'storedsearch', 'recordstemplate', 'webcontenttemplate', 'relateditems', 'p8aelink')  group by size_range order by size_range | Params: [BankAccount]
2026-07-20 15:28:28 [INFO ] [http-nio-8080-exec-6] c.m.service.DiscoveryService : [DISCOVERY] Report executed in 13ms. Found 4 records.
2026-07-20 15:28:28 [INFO ] [http-nio-8080-exec-6] c.m.controller.DiscoveryController : [DISCOVERY] 'size-bucket' report generated in 32ms. Found 4 records.
2026-07-20 15:28:28 [INFO ] [http-nio-8080-exec-6] c.m.controller.DiscoveryController : Ending method: generateReport
2026-07-20 15:28:32 [INFO ] [http-nio-8080-exec-7] c.m.controller.DiscoveryController : Starting method: generateReport with arguments: endpoint=doc-year-wise, criteria=com.migrationreport.dto.DiscoveryCriteria@1e924893
2026-07-20 15:28:32 [INFO ] [http-nio-8080-exec-7] c.m.controller.DiscoveryController : [DISCOVERY] Generating 'doc-year-wise' report for App: 'ccol'
2026-07-20 15:28:32 [INFO ] [http-nio-8080-exec-7] c.m.service.DiscoveryService : [DISCOVERY] Executing Report Endpoint: 'doc-year-wise' | SQL: select cd.symbolic_name as class_name, extract(year from cast(dv.create_date as timestamp)) as creation_year, count(dv.object_id) as total_documents from public.docversion_source dv inner join public.classdef cd on dv.object_class_id = cd.object_id  where 1=1 and cd.symbolic_name in (?) and cast(cd.sys_owned_bool as varchar) in ('0', 'false', 'false')  and cd.symbolic_name not like 'cmacm%'  and cd.symbolic_name not like 'cmxt%'  and cd.symbolic_name not like 'cm%'  and cd.symbolic_name not like 'preferences%'  and cd.symbolic_name not in ('entrytemplate', 'storedsearch', 'recordstemplate', 'webcontenttemplate', 'relateditems', 'p8aelink')  and dv.create_date is not null group by cd.symbolic_name, extract(year from cast(dv.create_date as timestamp)) order by cd.symbolic_name, creation_year | Params: [BankAccount]
2026-07-20 15:28:32 [INFO ] [http-nio-8080-exec-7] c.m.service.DiscoveryService : [DISCOVERY] Report executed in 20ms. Found 1 records.
2026-07-20 15:28:32 [INFO ] [http-nio-8080-exec-7] c.m.controller.DiscoveryController : [DISCOVERY] 'doc-year-wise' report generated in 20ms. Found 1 records.
2026-07-20 15:28:32 [INFO ] [http-nio-8080-exec-7] c.m.controller.DiscoveryController : Ending method: generateReport
2026-07-20 15:28:35 [INFO ] [http-nio-8080-exec-8] c.m.controller.DiscoveryController : Starting method: generateReport with arguments: endpoint=doc-year-month, criteria=com.migrationreport.dto.DiscoveryCriteria@32cf7812
2026-07-20 15:28:35 [INFO ] [http-nio-8080-exec-8] c.m.controller.DiscoveryController : [DISCOVERY] Generating 'doc-year-month' report for App: 'ccol'
2026-07-20 15:28:35 [INFO ] [http-nio-8080-exec-8] c.m.service.DiscoveryService : [DISCOVERY] Executing Report Endpoint: 'doc-year-month' | SQL: select cd.symbolic_name as class_name, extract(year from cast(dv.create_date as timestamp)) as creation_year, extract(month from cast(dv.create_date as timestamp)) as creation_month, count(dv.object_id) as total_documents  from public.docversion_source dv inner join public.classdef cd on dv.object_class_id = cd.object_id  where 1=1 and cd.symbolic_name in (?) and cast(cd.sys_owned_bool as varchar) in ('0', 'false', 'false')  and cd.symbolic_name not like 'cmacm%'  and cd.symbolic_name not like 'cmxt%'  and cd.symbolic_name not like 'cm%'  and cd.symbolic_name not like 'preferences%'  and cd.symbolic_name not in ('entrytemplate', 'storedsearch', 'recordstemplate', 'webcontenttemplate', 'relateditems', 'p8aelink')  and dv.create_date is not null group by cd.symbolic_name, extract(year from cast(dv.create_date as timestamp)), extract(month from cast(dv.create_date as timestamp)) order by cd.symbolic_name, creation_year, creation_month | Params: [BankAccount]
2026-07-20 15:28:35 [INFO ] [http-nio-8080-exec-8] c.m.service.DiscoveryService : [DISCOVERY] Report executed in 16ms. Found 1 records.
2026-07-20 15:28:35 [INFO ] [http-nio-8080-exec-8] c.m.controller.DiscoveryController : [DISCOVERY] 'doc-year-month' report generated in 32ms. Found 1 records.
2026-07-20 15:28:35 [INFO ] [http-nio-8080-exec-8] c.m.controller.DiscoveryController : Ending method: generateReport
2026-07-20 15:28:39 [INFO ] [http-nio-8080-exec-10] c.m.controller.DiscoveryController : Starting method: generateReport with arguments: endpoint=annotation-total, criteria=com.migrationreport.dto.DiscoveryCriteria@695a040a
2026-07-20 15:28:39 [INFO ] [http-nio-8080-exec-10] c.m.controller.DiscoveryController : [DISCOVERY] Generating 'annotation-total' report for App: 'ccol'
2026-07-20 15:28:39 [INFO ] [http-nio-8080-exec-10] c.m.service.DiscoveryService : [DISCOVERY] Executing Report Endpoint: 'annotation-total' | SQL: select cd.symbolic_name as class_name, count(distinct a.annotated_id) as total_documents_with_annotations, count(a.object_id) as total_annotations from public.annotation a inner join public.docversion_source dv on a.annotated_id = dv.object_id inner join public.classdef cd on dv.object_class_id = cd.object_id  where 1=1 and cd.symbolic_name in (?) and cast(cd.sys_owned_bool as varchar) in ('0', 'false', 'false')  and cd.symbolic_name not like 'cmacm%'  and cd.symbolic_name not like 'cmxt%'  and cd.symbolic_name not like 'cm%'  and cd.symbolic_name not like 'preferences%'  and cd.symbolic_name not in ('entrytemplate', 'storedsearch', 'recordstemplate', 'webcontenttemplate', 'relateditems', 'p8aelink')  group by cd.symbolic_name order by total_annotations desc | Params: [BankAccount]
2026-07-20 15:28:39 [INFO ] [http-nio-8080-exec-10] c.m.service.DiscoveryService : [DISCOVERY] Report executed in 8ms. Found 1 records.
2026-07-20 15:28:39 [INFO ] [http-nio-8080-exec-10] c.m.controller.DiscoveryController : [DISCOVERY] 'annotation-total' report generated in 8ms. Found 1 records.
2026-07-20 15:28:39 [INFO ] [http-nio-8080-exec-10] c.m.controller.DiscoveryController : Ending method: generateReport
2026-07-20 15:28:42 [INFO ] [http-nio-8080-exec-2] c.m.controller.DiscoveryController : Starting method: generateReport with arguments: endpoint=annotation-mime, criteria=com.migrationreport.dto.DiscoveryCriteria@36f8ee0e
2026-07-20 15:28:42 [INFO ] [http-nio-8080-exec-2] c.m.controller.DiscoveryController : [DISCOVERY] Generating 'annotation-mime' report for App: 'ccol'
2026-07-20 15:28:42 [INFO ] [http-nio-8080-exec-2] c.m.service.DiscoveryService : [DISCOVERY] Executing Report Endpoint: 'annotation-mime' | SQL: select coalesce(dv.mime_type, 'no mime type') as mime_type, count(distinct a.annotated_id) as total_documents_with_annotations, count(a.object_id) as total_annotations from public.annotation a inner join public.docversion_source dv on a.annotated_id = dv.object_id inner join public.classdef cd on dv.object_class_id = cd.object_id  where 1=1 and cd.symbolic_name in (?) and cast(cd.sys_owned_bool as varchar) in ('0', 'false', 'false')  and cd.symbolic_name not like 'cmacm%'  and cd.symbolic_name not like 'cmxt%'  and cd.symbolic_name not like 'cm%'  and cd.symbolic_name not like 'preferences%'  and cd.symbolic_name not in ('entrytemplate', 'storedsearch', 'recordstemplate', 'webcontenttemplate', 'relateditems', 'p8aelink')  group by coalesce(dv.mime_type, 'no mime type') order by total_annotations desc | Params: [BankAccount]
2026-07-20 15:28:42 [INFO ] [http-nio-8080-exec-2] c.m.service.DiscoveryService : [DISCOVERY] Report executed in 0ms. Found 3 records.
2026-07-20 15:28:42 [INFO ] [http-nio-8080-exec-2] c.m.controller.DiscoveryController : [DISCOVERY] 'annotation-mime' report generated in 5ms. Found 3 records.
2026-07-20 15:28:42 [INFO ] [http-nio-8080-exec-2] c.m.controller.DiscoveryController : Ending method: generateReport
2026-07-20 15:28:50 [INFO ] [http-nio-8080-exec-5] c.m.controller.DiscoveryController : Starting method: generateReport with arguments: endpoint=size-total, criteria=com.migrationreport.dto.DiscoveryCriteria@602a0ee1
2026-07-20 15:28:50 [INFO ] [http-nio-8080-exec-5] c.m.controller.DiscoveryController : [DISCOVERY] Generating 'size-total' report for App: 'ccol'
2026-07-20 15:28:50 [INFO ] [http-nio-8080-exec-5] c.m.service.DiscoveryService : [DISCOVERY] Executing Report Endpoint: 'size-total' | SQL: select cd.symbolic_name as class_name, count(dv.object_id) as total_documents, coalesce(sum(cast(dv.content_size as numeric)), 0) as total_size_bytes, cast(coalesce(sum(cast(dv.content_size as numeric)), 0) / 1048576.0 as numeric(15, 2)) as total_size_mb, cast(coalesce(sum(cast(dv.content_size as numeric)), 0) / 1073741824.0 as numeric(15, 6)) as total_size_gb  from public.docversion_source dv inner join public.classdef cd on dv.object_class_id = cd.object_id  where 1=1 and cd.symbolic_name in (?) and cast(cd.sys_owned_bool as varchar) in ('0', 'false', 'false')  and cd.symbolic_name not like 'cmacm%'  and cd.symbolic_name not like 'cmxt%'  and cd.symbolic_name not like 'cm%'  and cd.symbolic_name not like 'preferences%'  and cd.symbolic_name not in ('entrytemplate', 'storedsearch', 'recordstemplate', 'webcontenttemplate', 'relateditems', 'p8aelink')  and dv.create_date is not null group by cd.symbolic_name order by class_name | Params: [BankAccount]
2026-07-20 15:28:50 [INFO ] [http-nio-8080-exec-5] c.m.service.DiscoveryService : [DISCOVERY] Report executed in 11ms. Found 1 records.
2026-07-20 15:28:50 [INFO ] [http-nio-8080-exec-5] c.m.controller.DiscoveryController : [DISCOVERY] 'size-total' report generated in 13ms. Found 1 records.
2026-07-20 15:28:50 [INFO ] [http-nio-8080-exec-5] c.m.controller.DiscoveryController : Ending method: generateReport
2026-07-20 15:28:52 [INFO ] [http-nio-8080-exec-6] c.m.controller.DiscoveryController : Starting method: generateReport with arguments: endpoint=no-content, criteria=com.migrationreport.dto.DiscoveryCriteria@6b4d981a
2026-07-20 15:28:52 [INFO ] [http-nio-8080-exec-6] c.m.controller.DiscoveryController : [DISCOVERY] Generating 'no-content' report for App: 'ccol'
2026-07-20 15:28:52 [INFO ] [http-nio-8080-exec-6] c.m.service.DiscoveryService : [DISCOVERY] Executing Report Endpoint: 'no-content' | SQL: select cd.symbolic_name as class_name, sum(case when dv.content_size is null or cast(dv.content_size as numeric) = 0 then 1 else 0 end) as docs_without_content  from public.docversion_source dv inner join public.classdef cd on dv.object_class_id = cd.object_id  where 1=1 and cd.symbolic_name in (?) and cast(cd.sys_owned_bool as varchar) in ('0', 'false', 'false')  and cd.symbolic_name not like 'cmacm%'  and cd.symbolic_name not like 'cmxt%'  and cd.symbolic_name not like 'cm%'  and cd.symbolic_name not like 'preferences%'  and cd.symbolic_name not in ('entrytemplate', 'storedsearch', 'recordstemplate', 'webcontenttemplate', 'relateditems', 'p8aelink')  group by cd.symbolic_name order by docs_without_content desc | Params: [BankAccount]
2026-07-20 15:28:52 [INFO ] [http-nio-8080-exec-6] c.m.service.DiscoveryService : [DISCOVERY] Report executed in 15ms. Found 1 records.
2026-07-20 15:28:52 [INFO ] [http-nio-8080-exec-6] c.m.controller.DiscoveryController : [DISCOVERY] 'no-content' report generated in 17ms. Found 1 records.
2026-07-20 15:28:52 [INFO ] [http-nio-8080-exec-6] c.m.controller.DiscoveryController : Ending method: generateReport
2026-07-20 15:28:56 [INFO ] [http-nio-8080-exec-8] c.m.controller.DiscoveryController : Starting method: generateReport with arguments: endpoint=version-distribution, criteria=com.migrationreport.dto.DiscoveryCriteria@504deacb
2026-07-20 15:28:56 [INFO ] [http-nio-8080-exec-8] c.m.controller.DiscoveryController : [DISCOVERY] Generating 'version-distribution' report for App: 'ccol'
2026-07-20 15:28:56 [INFO ] [http-nio-8080-exec-8] c.m.service.DiscoveryService : [DISCOVERY] Executing Report Endpoint: 'version-distribution' | SQL: select cd.symbolic_name as class_name, coalesce(dv.major_version_number, '1') || '.' || coalesce(dv.minor_version_number, '0') as version_bucket, count(dv.object_id) as doc_count  from public.docversion_source dv inner join public.classdef cd on dv.object_class_id = cd.object_id  where 1=1 and cd.symbolic_name in (?) and cast(cd.sys_owned_bool as varchar) in ('0', 'false', 'false')  and cd.symbolic_name not like 'cmacm%'  and cd.symbolic_name not like 'cmxt%'  and cd.symbolic_name not like 'cm%'  and cd.symbolic_name not like 'preferences%'  and cd.symbolic_name not in ('entrytemplate', 'storedsearch', 'recordstemplate', 'webcontenttemplate', 'relateditems', 'p8aelink')  group by cd.symbolic_name, coalesce(dv.major_version_number, '1') || '.' || coalesce(dv.minor_version_number, '0') order by cd.symbolic_name, version_bucket | Params: [BankAccount]
2026-07-20 15:28:56 [INFO ] [http-nio-8080-exec-8] c.m.service.DiscoveryService : [DISCOVERY] Report executed in 7ms. Found 1 records.
2026-07-20 15:28:56 [INFO ] [http-nio-8080-exec-8] c.m.controller.DiscoveryController : [DISCOVERY] 'version-distribution' report generated in 7ms. Found 1 records.
2026-07-20 15:28:56 [INFO ] [http-nio-8080-exec-8] c.m.controller.DiscoveryController : Ending method: generateReport
2026-07-20 15:28:58 [ERROR] [http-nio-8080-exec-9] c.m.exception.GlobalExceptionHandler : Internal Server Error: 
org.springframework.web.servlet.resource.NoResourceFoundException: No static resource api/config/ui-settings for request '/api/config/ui-settings'.
	at org.springframework.web.servlet.resource.ResourceHttpRequestHandler.handleRequest(ResourceHttpRequestHandler.java:527)
	at org.springframework.web.servlet.mvc.HttpRequestHandlerAdapter.handle(HttpRequestHandlerAdapter.java:50)
	at org.springframework.web.servlet.DispatcherServlet.doDispatch(DispatcherServlet.java:963)
	at org.springframework.web.servlet.DispatcherServlet.doService(DispatcherServlet.java:866)
	at org.springframework.web.servlet.FrameworkServlet.processRequest(FrameworkServlet.java:1000)
	at org.springframework.web.servlet.FrameworkServlet.doGet(FrameworkServlet.java:892)
	at jakarta.servlet.http.HttpServlet.service(HttpServlet.java:622)
	at org.springframework.web.servlet.FrameworkServlet.service(FrameworkServlet.java:874)
	at jakarta.servlet.http.HttpServlet.service(HttpServlet.java:710)
	at org.apache.catalina.core.ApplicationFilterChain.doFilter(ApplicationFilterChain.java:132)
	at org.apache.tomcat.websocket.server.WsFilter.doFilter(WsFilter.java:59)
	at org.apache.catalina.core.ApplicationFilterChain.doFilter(ApplicationFilterChain.java:111)
	at org.springframework.web.filter.RequestContextFilter.doFilterInternal(RequestContextFilter.java:100)
	at org.springframework.web.filter.OncePerRequestFilter.doFilter(OncePerRequestFilter.java:116)
	at org.apache.catalina.core.ApplicationFilterChain.doFilter(ApplicationFilterChain.java:111)
	at org.springframework.web.filter.FormContentFilter.doFilterInternal(FormContentFilter.java:93)
	at org.springframework.web.filter.OncePerRequestFilter.doFilter(OncePerRequestFilter.java:116)
	at org.apache.catalina.core.ApplicationFilterChain.doFilter(ApplicationFilterChain.java:111)
	at org.springframework.web.filter.CharacterEncodingFilter.doFilterInternal(CharacterEncodingFilter.java:199)
	at org.springframework.web.filter.OncePerRequestFilter.doFilter(OncePerRequestFilter.java:116)
	at org.apache.catalina.core.ApplicationFilterChain.doFilter(ApplicationFilterChain.java:111)
	at com.migrationreport.config.SecurityHeadersFilter.doFilter(SecurityHeadersFilter.java:37)
	at org.apache.catalina.core.ApplicationFilterChain.doFilter(ApplicationFilterChain.java:111)
	at org.apache.catalina.core.StandardWrapperValve.invoke(StandardWrapperValve.java:165)
	at org.apache.catalina.core.StandardContextValve.invoke(StandardContextValve.java:77)
	at org.apache.catalina.authenticator.AuthenticatorBase.invoke(AuthenticatorBase.java:535)
	at org.apache.catalina.core.StandardHostValve.invoke(StandardHostValve.java:115)
	at org.apache.catalina.valves.ErrorReportValve.invoke(ErrorReportValve.java:86)
	at org.apache.catalina.core.StandardEngineValve.invoke(StandardEngineValve.java:71)
	at org.apache.catalina.connector.CoyoteAdapter.service(CoyoteAdapter.java:347)
	at org.apache.coyote.http11.Http11Processor.service(Http11Processor.java:406)
	at org.apache.coyote.AbstractProcessorLight.process(AbstractProcessorLight.java:71)
	at org.apache.coyote.AbstractProtocol$ConnectionHandler.process(AbstractProtocol.java:1307)
	at org.apache.tomcat.util.net.NioEndpoint$SocketProcessor.doRun(NioEndpoint.java:2036)
	at org.apache.tomcat.util.net.SocketProcessorBase.run(SocketProcessorBase.java:74)
	at org.apache.tomcat.util.threads.ThreadPoolExecutor.runWorker(ThreadPoolExecutor.java:949)
	at org.apache.tomcat.util.threads.ThreadPoolExecutor$Worker.run(ThreadPoolExecutor.java:483)
	at org.apache.tomcat.util.threads.TaskThread$WrappingRunnable.run(TaskThread.java:74)
	at java.base/java.lang.Thread.run(Thread.java:1583)
2026-07-20 15:29:00 [INFO ] [http-nio-8080-exec-10] c.m.controller.DiscoveryController : Starting method: getDocumentClasses with arguments: appId=ccol, type=source
2026-07-20 15:29:00 [INFO ] [http-nio-8080-exec-10] c.m.controller.DiscoveryController : Ending method: getDocumentClasses
2026-07-20 15:29:01 [INFO ] [http-nio-8080-exec-1] c.m.controller.ExceptionController : Starting method: getMetadataFields with arguments: appId=ccol, documentClass=BankAccount
2026-07-20 15:29:01 [INFO ] [http-nio-8080-exec-1] c.m.controller.ExceptionController : Ending method: getMetadataFields
2026-07-20 15:29:16 [INFO ] [http-nio-8080-exec-4] c.m.controller.ExceptionController : Starting method: checkExceptions with arguments: criteria=com.migrationreport.dto.ExceptionCriteria@da8b170
2026-07-20 15:29:16 [INFO ] [http-nio-8080-exec-4] c.m.controller.ExceptionController : [EXCEPTIONS] Checking exceptions for Application: 'ccol'
2026-07-20 15:29:16 [INFO ] [http-nio-8080-exec-4] c.m.service.ExceptionService : [EXCEPTIONS] Executing lookup SQL: select dv.object_id from public.docversion_source dv inner join public.classdef cd on dv.object_class_id = cd.object_id where 1=1 and cd.symbolic_name in (?) and (dv.u3a18_accno = ?) | Params: [BankAccount, ACC0B0EFA]
2026-07-20 15:29:16 [INFO ] [http-nio-8080-exec-4] c.m.service.ExceptionService : [EXCEPTIONS] Found 1 target IDs in 18ms
2026-07-20 15:29:16 [INFO ] [http-nio-8080-exec-4] c.m.service.ExceptionService : [EXCEPTIONS] Querying Source, Staging, Target tables for 1 object IDs
2026-07-20 15:29:16 [INFO ] [http-nio-8080-exec-4] c.m.service.ExceptionService : [EXCEPTIONS] Data retrieval completed in 316ms. Source: 1, Staging: 1, Target: 1
2026-07-20 15:29:16 [INFO ] [http-nio-8080-exec-4] c.m.controller.ExceptionController : [EXCEPTIONS] Exception check completed in 379ms.
2026-07-20 15:29:16 [INFO ] [http-nio-8080-exec-4] c.m.controller.ExceptionController : Ending method: checkExceptions
2026-07-20 15:40:11 [INFO ] [RMI TCP Connection(17)-127.0.0.1] o.s.b.a.SpringApplicationAdminMXBeanRegistrar$SpringApplicationAdmin : Application shutdown requested.
2026-07-20 15:40:11 [INFO ] [RMI TCP Connection(17)-127.0.0.1] o.s.boot.tomcat.GracefulShutdown : Commencing graceful shutdown. Waiting for active requests to complete
2026-07-20 15:40:11 [INFO ] [tomcat-shutdown] o.s.boot.tomcat.GracefulShutdown : Graceful shutdown complete
2026-07-20 15:40:11 [INFO ] [RMI TCP Connection(17)-127.0.0.1] o.s.o.j.LocalContainerEntityManagerFactoryBean : Closing JPA EntityManagerFactory for persistence unit 'default'
2026-07-20 15:40:11 [INFO ] [RMI TCP Connection(17)-127.0.0.1] com.zaxxer.hikari.HikariDataSource : HikariPool-1 - Shutdown initiated...
2026-07-20 15:40:11 [INFO ] [RMI TCP Connection(17)-127.0.0.1] com.zaxxer.hikari.HikariDataSource : HikariPool-1 - Shutdown completed.
2026-07-20 15:40:14 [INFO ] [main] c.m.MigrationReportApplication : Starting MigrationReportApplication using Java 21.0.1 with PID 53452 (D:\MigrationReportTool\Backend\MigrationReport\target\classes started by Shaik Firoz in D:\MigrationReportTool\Backend\MigrationReport)
2026-07-20 15:40:14 [INFO ] [main] c.m.MigrationReportApplication : No active profile set, falling back to 1 default profile: "default"
2026-07-20 15:40:14 [INFO ] [main] o.s.d.r.c.RepositoryConfigurationDelegate : Bootstrapping Spring Data JPA repositories in DEFAULT mode.
2026-07-20 15:40:14 [INFO ] [main] o.s.d.r.c.RepositoryConfigurationDelegate : Finished Spring Data repository scanning in 46 ms. Found 1 JPA repository interface.
2026-07-20 15:40:15 [INFO ] [main] o.s.boot.tomcat.TomcatWebServer : Tomcat initialized with port 8080 (http)
2026-07-20 15:40:15 [INFO ] [main] o.a.catalina.core.StandardService : Starting service [Tomcat]
2026-07-20 15:40:15 [INFO ] [main] o.a.catalina.core.StandardEngine : Starting Servlet engine: [Apache Tomcat/11.0.24]
2026-07-20 15:40:15 [INFO ] [main] o.s.b.w.c.s.WebApplicationContextInitializer : Root WebApplicationContext: initialization completed in 1036 ms
2026-07-20 15:40:15 [INFO ] [main] c.m.config.DataSourceConfig : [CONFIG] Loaded database configuration for active type postgres from D:\MigrationReportTool\Backend\MigrationReport\config\db-config.json
2026-07-20 15:40:15 [INFO ] [main] org.hibernate.orm.jpa : HHH008540: Processing PersistenceUnitInfo [name: default]
2026-07-20 15:40:15 [INFO ] [main] org.hibernate.orm.core : HHH000001: Hibernate ORM core version 7.4.1.Final
2026-07-20 15:40:15 [INFO ] [main] o.s.o.j.p.SpringPersistenceUnitInfo : No LoadTimeWeaver setup: ignoring JPA class transformer
2026-07-20 15:40:15 [INFO ] [main] com.zaxxer.hikari.HikariDataSource : HikariPool-1 - Starting...
2026-07-20 15:40:16 [INFO ] [main] com.zaxxer.hikari.pool.HikariPool : HikariPool-1 - Added connection org.postgresql.jdbc.PgConnection@43b45ce4
2026-07-20 15:40:16 [INFO ] [main] com.zaxxer.hikari.HikariDataSource : HikariPool-1 - Start completed.
2026-07-20 15:40:16 [INFO ] [main] o.hibernate.orm.connections.pooling : HHH10001005: Database info:	Database JDBC URL [jdbc:postgresql://localhost:5432/Migration]	Database driver: PostgreSQL JDBC Driver	Database dialect: PostgreSQLDialect	Database version: 16.9	Default catalog/schema: Migration/public	Autocommit mode: undefined/unknown	Isolation level: READ_COMMITTED [default READ_COMMITTED]	JDBC fetch size: none	Pool: DataSourceConnectionProvider	Minimum pool size: undefined/unknown	Maximum pool size: undefined/unknown
2026-07-20 15:40:17 [INFO ] [main] org.hibernate.orm.core : HHH000489: No JTA platform available (set 'hibernate.transaction.jta.platform' to enable JTA platform integration)
2026-07-20 15:40:17 [INFO ] [main] o.s.o.j.LocalContainerEntityManagerFactoryBean : Initialized JPA EntityManagerFactory for persistence unit 'default'
2026-07-20 15:40:17 [INFO ] [main] o.s.d.j.r.q.QueryEnhancerFactories : Hibernate is in classpath; If applicable, HQL parser will be used.
2026-07-20 15:40:17 [INFO ] [main] c.m.service.ConfigurationService : [CONFIG] Loading tenant configuration from D:\MigrationReportTool\Backend\MigrationReport\config\tenant-mappings.json
2026-07-20 15:40:17 [INFO ] [main] c.m.service.ConfigurationService : [CONFIG] Loaded 1 applications from config.
2026-07-20 15:40:17 [INFO ] [main] c.m.dialect.DialectConfig : [DIALECT] Initializing PostgreSQL Dialect provider...
2026-07-20 15:40:17 [INFO ] [main] c.m.service.PropertyMappingService : [MAPPING] Loading property mapping templates from D:\MigrationReportTool\Backend\MigrationReport\config\property-mapping-templates.json
2026-07-20 15:40:17 [WARN ] [main] o.s.b.j.a.JpaBaseConfiguration$JpaWebConfiguration : spring.jpa.open-in-view is enabled by default. Therefore, database queries may be performed during view rendering. Explicitly configure spring.jpa.open-in-view to disable this warning
2026-07-20 15:40:17 [INFO ] [main] o.s.boot.tomcat.TomcatWebServer : Tomcat started on port 8080 (http) with context path '/'
2026-07-20 15:40:17 [INFO ] [main] c.m.MigrationReportApplication : Started MigrationReportApplication in 4.012 seconds (process running for 4.677)
2026-07-20 15:40:28 [INFO ] [http-nio-8080-exec-1] o.a.c.c.C.[Tomcat].[localhost].[/] : Initializing Spring DispatcherServlet 'dispatcherServlet'
2026-07-20 15:40:28 [INFO ] [http-nio-8080-exec-1] o.s.web.servlet.DispatcherServlet : Initializing Servlet 'dispatcherServlet'
2026-07-20 15:40:28 [INFO ] [http-nio-8080-exec-1] o.s.web.servlet.DispatcherServlet : Completed initialization in 4 ms
2026-07-20 15:40:28 [INFO ] [http-nio-8080-exec-1] c.m.controller.ExceptionController : Starting method: checkExceptions with arguments: criteria=com.migrationreport.dto.ExceptionCriteria@406fc222
2026-07-20 15:40:28 [INFO ] [http-nio-8080-exec-1] c.m.controller.ExceptionController : [EXCEPTIONS] Checking exceptions for Application: 'ccol'
2026-07-20 15:40:28 [INFO ] [http-nio-8080-exec-1] c.m.service.ExceptionService : [EXCEPTIONS] Executing lookup SQL: select dv.object_id from public.docversion_source dv inner join public.classdef cd on dv.object_class_id = cd.object_id where 1=1 and cd.symbolic_name in (?) and (dv.u3a18_accno = ?) | Params: [BankAccount, ACC0B0EFA]
2026-07-20 15:40:28 [INFO ] [http-nio-8080-exec-1] c.m.service.ExceptionService : [EXCEPTIONS] Found 1 target IDs in 11ms
2026-07-20 15:40:28 [INFO ] [http-nio-8080-exec-1] c.m.service.ExceptionService : [EXCEPTIONS] Querying Source, Staging, Target tables for 1 object IDs
2026-07-20 15:40:28 [INFO ] [http-nio-8080-exec-1] c.m.service.ExceptionService : [EXCEPTIONS] Data retrieval completed in 73ms. Source: 1, Staging: 1, Target: 1
2026-07-20 15:40:28 [INFO ] [http-nio-8080-exec-1] c.m.controller.ExceptionController : [EXCEPTIONS] Exception check completed in 167ms.
2026-07-20 15:40:28 [INFO ] [http-nio-8080-exec-1] c.m.controller.ExceptionController : Ending method: checkExceptions
2026-07-20 15:40:33 [INFO ] [http-nio-8080-exec-3] c.m.c.ConfigurationController : Starting method: getConfig
2026-07-20 15:40:33 [INFO ] [http-nio-8080-exec-3] c.m.c.ConfigurationController : [CONFIG] Fetching cached tenant configuration
2026-07-20 15:40:33 [INFO ] [http-nio-8080-exec-3] c.m.c.ConfigurationController : Ending method: getConfig
2026-07-20 15:40:33 [ERROR] [http-nio-8080-exec-2] c.m.exception.GlobalExceptionHandler : Internal Server Error: 
org.springframework.web.servlet.resource.NoResourceFoundException: No static resource api/config/ui-settings for request '/api/config/ui-settings'.
	at org.springframework.web.servlet.resource.ResourceHttpRequestHandler.handleRequest(ResourceHttpRequestHandler.java:527)
	at org.springframework.web.servlet.mvc.HttpRequestHandlerAdapter.handle(HttpRequestHandlerAdapter.java:50)
	at org.springframework.web.servlet.DispatcherServlet.doDispatch(DispatcherServlet.java:963)
	at org.springframework.web.servlet.DispatcherServlet.doService(DispatcherServlet.java:866)
	at org.springframework.web.servlet.FrameworkServlet.processRequest(FrameworkServlet.java:1000)
	at org.springframework.web.servlet.FrameworkServlet.doGet(FrameworkServlet.java:892)
	at jakarta.servlet.http.HttpServlet.service(HttpServlet.java:622)
	at org.springframework.web.servlet.FrameworkServlet.service(FrameworkServlet.java:874)
	at jakarta.servlet.http.HttpServlet.service(HttpServlet.java:710)
	at org.apache.catalina.core.ApplicationFilterChain.doFilter(ApplicationFilterChain.java:132)
	at org.apache.tomcat.websocket.server.WsFilter.doFilter(WsFilter.java:59)
	at org.apache.catalina.core.ApplicationFilterChain.doFilter(ApplicationFilterChain.java:111)
	at org.springframework.web.filter.RequestContextFilter.doFilterInternal(RequestContextFilter.java:100)
	at org.springframework.web.filter.OncePerRequestFilter.doFilter(OncePerRequestFilter.java:116)
	at org.apache.catalina.core.ApplicationFilterChain.doFilter(ApplicationFilterChain.java:111)
	at org.springframework.web.filter.FormContentFilter.doFilterInternal(FormContentFilter.java:93)
	at org.springframework.web.filter.OncePerRequestFilter.doFilter(OncePerRequestFilter.java:116)
	at org.apache.catalina.core.ApplicationFilterChain.doFilter(ApplicationFilterChain.java:111)
	at org.springframework.web.filter.CharacterEncodingFilter.doFilterInternal(CharacterEncodingFilter.java:199)
	at org.springframework.web.filter.OncePerRequestFilter.doFilter(OncePerRequestFilter.java:116)
	at org.apache.catalina.core.ApplicationFilterChain.doFilter(ApplicationFilterChain.java:111)
	at com.migrationreport.config.SecurityHeadersFilter.doFilter(SecurityHeadersFilter.java:37)
	at org.apache.catalina.core.ApplicationFilterChain.doFilter(ApplicationFilterChain.java:111)
	at org.apache.catalina.core.StandardWrapperValve.invoke(StandardWrapperValve.java:165)
	at org.apache.catalina.core.StandardContextValve.invoke(StandardContextValve.java:77)
	at org.apache.catalina.authenticator.AuthenticatorBase.invoke(AuthenticatorBase.java:535)
	at org.apache.catalina.core.StandardHostValve.invoke(StandardHostValve.java:115)
	at org.apache.catalina.valves.ErrorReportValve.invoke(ErrorReportValve.java:86)
	at org.apache.catalina.core.StandardEngineValve.invoke(StandardEngineValve.java:71)
	at org.apache.catalina.connector.CoyoteAdapter.service(CoyoteAdapter.java:347)
	at org.apache.coyote.http11.Http11Processor.service(Http11Processor.java:406)
	at org.apache.coyote.AbstractProcessorLight.process(AbstractProcessorLight.java:71)
	at org.apache.coyote.AbstractProtocol$ConnectionHandler.process(AbstractProtocol.java:1307)
	at org.apache.tomcat.util.net.NioEndpoint$SocketProcessor.doRun(NioEndpoint.java:2036)
	at org.apache.tomcat.util.net.SocketProcessorBase.run(SocketProcessorBase.java:74)
	at org.apache.tomcat.util.threads.ThreadPoolExecutor.runWorker(ThreadPoolExecutor.java:949)
	at org.apache.tomcat.util.threads.ThreadPoolExecutor$Worker.run(ThreadPoolExecutor.java:483)
	at org.apache.tomcat.util.threads.TaskThread$WrappingRunnable.run(TaskThread.java:74)
	at java.base/java.lang.Thread.run(Thread.java:1583)
2026-07-20 15:40:35 [INFO ] [http-nio-8080-exec-5] c.m.c.ConfigurationController : Starting method: getConfig
2026-07-20 15:40:35 [INFO ] [http-nio-8080-exec-5] c.m.c.ConfigurationController : [CONFIG] Fetching cached tenant configuration
2026-07-20 15:40:35 [INFO ] [http-nio-8080-exec-5] c.m.c.ConfigurationController : Ending method: getConfig
2026-07-20 15:40:35 [ERROR] [http-nio-8080-exec-4] c.m.exception.GlobalExceptionHandler : Internal Server Error: 
org.springframework.web.servlet.resource.NoResourceFoundException: No static resource api/config/ui-settings for request '/api/config/ui-settings'.
	at org.springframework.web.servlet.resource.ResourceHttpRequestHandler.handleRequest(ResourceHttpRequestHandler.java:527)
	at org.springframework.web.servlet.mvc.HttpRequestHandlerAdapter.handle(HttpRequestHandlerAdapter.java:50)
	at org.springframework.web.servlet.DispatcherServlet.doDispatch(DispatcherServlet.java:963)
	at org.springframework.web.servlet.DispatcherServlet.doService(DispatcherServlet.java:866)
	at org.springframework.web.servlet.FrameworkServlet.processRequest(FrameworkServlet.java:1000)
	at org.springframework.web.servlet.FrameworkServlet.doGet(FrameworkServlet.java:892)
	at jakarta.servlet.http.HttpServlet.service(HttpServlet.java:622)
	at org.springframework.web.servlet.FrameworkServlet.service(FrameworkServlet.java:874)
	at jakarta.servlet.http.HttpServlet.service(HttpServlet.java:710)
	at org.apache.catalina.core.ApplicationFilterChain.doFilter(ApplicationFilterChain.java:132)
	at org.apache.tomcat.websocket.server.WsFilter.doFilter(WsFilter.java:59)
	at org.apache.catalina.core.ApplicationFilterChain.doFilter(ApplicationFilterChain.java:111)
	at org.springframework.web.filter.RequestContextFilter.doFilterInternal(RequestContextFilter.java:100)
	at org.springframework.web.filter.OncePerRequestFilter.doFilter(OncePerRequestFilter.java:116)
	at org.apache.catalina.core.ApplicationFilterChain.doFilter(ApplicationFilterChain.java:111)
	at org.springframework.web.filter.FormContentFilter.doFilterInternal(FormContentFilter.java:93)
	at org.springframework.web.filter.OncePerRequestFilter.doFilter(OncePerRequestFilter.java:116)
	at org.apache.catalina.core.ApplicationFilterChain.doFilter(ApplicationFilterChain.java:111)
	at org.springframework.web.filter.CharacterEncodingFilter.doFilterInternal(CharacterEncodingFilter.java:199)
	at org.springframework.web.filter.OncePerRequestFilter.doFilter(OncePerRequestFilter.java:116)
	at org.apache.catalina.core.ApplicationFilterChain.doFilter(ApplicationFilterChain.java:111)
	at com.migrationreport.config.SecurityHeadersFilter.doFilter(SecurityHeadersFilter.java:37)
	at org.apache.catalina.core.ApplicationFilterChain.doFilter(ApplicationFilterChain.java:111)
	at org.apache.catalina.core.StandardWrapperValve.invoke(StandardWrapperValve.java:165)
	at org.apache.catalina.core.StandardContextValve.invoke(StandardContextValve.java:77)
	at org.apache.catalina.authenticator.AuthenticatorBase.invoke(AuthenticatorBase.java:535)
	at org.apache.catalina.core.StandardHostValve.invoke(StandardHostValve.java:115)
	at org.apache.catalina.valves.ErrorReportValve.invoke(ErrorReportValve.java:86)
	at org.apache.catalina.core.StandardEngineValve.invoke(StandardEngineValve.java:71)
	at org.apache.catalina.connector.CoyoteAdapter.service(CoyoteAdapter.java:347)
	at org.apache.coyote.http11.Http11Processor.service(Http11Processor.java:406)
	at org.apache.coyote.AbstractProcessorLight.process(AbstractProcessorLight.java:71)
	at org.apache.coyote.AbstractProtocol$ConnectionHandler.process(AbstractProtocol.java:1307)
	at org.apache.tomcat.util.net.NioEndpoint$SocketProcessor.doRun(NioEndpoint.java:2036)
	at org.apache.tomcat.util.net.SocketProcessorBase.run(SocketProcessorBase.java:74)
	at org.apache.tomcat.util.threads.ThreadPoolExecutor.runWorker(ThreadPoolExecutor.java:949)
	at org.apache.tomcat.util.threads.ThreadPoolExecutor$Worker.run(ThreadPoolExecutor.java:483)
	at org.apache.tomcat.util.threads.TaskThread$WrappingRunnable.run(TaskThread.java:74)
	at java.base/java.lang.Thread.run(Thread.java:1583)
2026-07-20 15:40:35 [INFO ] [http-nio-8080-exec-7] c.m.c.ConfigurationController : Starting method: getConfig
2026-07-20 15:40:35 [INFO ] [http-nio-8080-exec-7] c.m.c.ConfigurationController : [CONFIG] Fetching cached tenant configuration
2026-07-20 15:40:35 [INFO ] [http-nio-8080-exec-7] c.m.c.ConfigurationController : Ending method: getConfig
2026-07-20 15:40:35 [ERROR] [http-nio-8080-exec-6] c.m.exception.GlobalExceptionHandler : Internal Server Error: 
org.springframework.web.servlet.resource.NoResourceFoundException: No static resource api/config/ui-settings for request '/api/config/ui-settings'.
	at org.springframework.web.servlet.resource.ResourceHttpRequestHandler.handleRequest(ResourceHttpRequestHandler.java:527)
	at org.springframework.web.servlet.mvc.HttpRequestHandlerAdapter.handle(HttpRequestHandlerAdapter.java:50)
	at org.springframework.web.servlet.DispatcherServlet.doDispatch(DispatcherServlet.java:963)
	at org.springframework.web.servlet.DispatcherServlet.doService(DispatcherServlet.java:866)
	at org.springframework.web.servlet.FrameworkServlet.processRequest(FrameworkServlet.java:1000)
	at org.springframework.web.servlet.FrameworkServlet.doGet(FrameworkServlet.java:892)
	at jakarta.servlet.http.HttpServlet.service(HttpServlet.java:622)
	at org.springframework.web.servlet.FrameworkServlet.service(FrameworkServlet.java:874)
	at jakarta.servlet.http.HttpServlet.service(HttpServlet.java:710)
	at org.apache.catalina.core.ApplicationFilterChain.doFilter(ApplicationFilterChain.java:132)
	at org.apache.tomcat.websocket.server.WsFilter.doFilter(WsFilter.java:59)
	at org.apache.catalina.core.ApplicationFilterChain.doFilter(ApplicationFilterChain.java:111)
	at org.springframework.web.filter.RequestContextFilter.doFilterInternal(RequestContextFilter.java:100)
	at org.springframework.web.filter.OncePerRequestFilter.doFilter(OncePerRequestFilter.java:116)
	at org.apache.catalina.core.ApplicationFilterChain.doFilter(ApplicationFilterChain.java:111)
	at org.springframework.web.filter.FormContentFilter.doFilterInternal(FormContentFilter.java:93)
	at org.springframework.web.filter.OncePerRequestFilter.doFilter(OncePerRequestFilter.java:116)
	at org.apache.catalina.core.ApplicationFilterChain.doFilter(ApplicationFilterChain.java:111)
	at org.springframework.web.filter.CharacterEncodingFilter.doFilterInternal(CharacterEncodingFilter.java:199)
	at org.springframework.web.filter.OncePerRequestFilter.doFilter(OncePerRequestFilter.java:116)
	at org.apache.catalina.core.ApplicationFilterChain.doFilter(ApplicationFilterChain.java:111)
	at com.migrationreport.config.SecurityHeadersFilter.doFilter(SecurityHeadersFilter.java:37)
	at org.apache.catalina.core.ApplicationFilterChain.doFilter(ApplicationFilterChain.java:111)
	at org.apache.catalina.core.StandardWrapperValve.invoke(StandardWrapperValve.java:165)
	at org.apache.catalina.core.StandardContextValve.invoke(StandardContextValve.java:77)
	at org.apache.catalina.authenticator.AuthenticatorBase.invoke(AuthenticatorBase.java:535)
	at org.apache.catalina.core.StandardHostValve.invoke(StandardHostValve.java:115)
	at org.apache.catalina.valves.ErrorReportValve.invoke(ErrorReportValve.java:86)
	at org.apache.catalina.core.StandardEngineValve.invoke(StandardEngineValve.java:71)
	at org.apache.catalina.connector.CoyoteAdapter.service(CoyoteAdapter.java:347)
	at org.apache.coyote.http11.Http11Processor.service(Http11Processor.java:406)
	at org.apache.coyote.AbstractProcessorLight.process(AbstractProcessorLight.java:71)
	at org.apache.coyote.AbstractProtocol$ConnectionHandler.process(AbstractProtocol.java:1307)
	at org.apache.tomcat.util.net.NioEndpoint$SocketProcessor.doRun(NioEndpoint.java:2036)
	at org.apache.tomcat.util.net.SocketProcessorBase.run(SocketProcessorBase.java:74)
	at org.apache.tomcat.util.threads.ThreadPoolExecutor.runWorker(ThreadPoolExecutor.java:949)
	at org.apache.tomcat.util.threads.ThreadPoolExecutor$Worker.run(ThreadPoolExecutor.java:483)
	at org.apache.tomcat.util.threads.TaskThread$WrappingRunnable.run(TaskThread.java:74)
	at java.base/java.lang.Thread.run(Thread.java:1583)
2026-07-20 15:40:36 [INFO ] [http-nio-8080-exec-9] c.m.c.ConfigurationController : Starting method: getConfig
2026-07-20 15:40:36 [INFO ] [http-nio-8080-exec-9] c.m.c.ConfigurationController : [CONFIG] Fetching cached tenant configuration
2026-07-20 15:40:36 [INFO ] [http-nio-8080-exec-9] c.m.c.ConfigurationController : Ending method: getConfig
2026-07-20 15:40:36 [ERROR] [http-nio-8080-exec-8] c.m.exception.GlobalExceptionHandler : Internal Server Error: 
org.springframework.web.servlet.resource.NoResourceFoundException: No static resource api/config/ui-settings for request '/api/config/ui-settings'.
	at org.springframework.web.servlet.resource.ResourceHttpRequestHandler.handleRequest(ResourceHttpRequestHandler.java:527)
	at org.springframework.web.servlet.mvc.HttpRequestHandlerAdapter.handle(HttpRequestHandlerAdapter.java:50)
	at org.springframework.web.servlet.DispatcherServlet.doDispatch(DispatcherServlet.java:963)
	at org.springframework.web.servlet.DispatcherServlet.doService(DispatcherServlet.java:866)
	at org.springframework.web.servlet.FrameworkServlet.processRequest(FrameworkServlet.java:1000)
	at org.springframework.web.servlet.FrameworkServlet.doGet(FrameworkServlet.java:892)
	at jakarta.servlet.http.HttpServlet.service(HttpServlet.java:622)
	at org.springframework.web.servlet.FrameworkServlet.service(FrameworkServlet.java:874)
	at jakarta.servlet.http.HttpServlet.service(HttpServlet.java:710)
	at org.apache.catalina.core.ApplicationFilterChain.doFilter(ApplicationFilterChain.java:132)
	at org.apache.tomcat.websocket.server.WsFilter.doFilter(WsFilter.java:59)
	at org.apache.catalina.core.ApplicationFilterChain.doFilter(ApplicationFilterChain.java:111)
	at org.springframework.web.filter.RequestContextFilter.doFilterInternal(RequestContextFilter.java:100)
	at org.springframework.web.filter.OncePerRequestFilter.doFilter(OncePerRequestFilter.java:116)
	at org.apache.catalina.core.ApplicationFilterChain.doFilter(ApplicationFilterChain.java:111)
	at org.springframework.web.filter.FormContentFilter.doFilterInternal(FormContentFilter.java:93)
	at org.springframework.web.filter.OncePerRequestFilter.doFilter(OncePerRequestFilter.java:116)
	at org.apache.catalina.core.ApplicationFilterChain.doFilter(ApplicationFilterChain.java:111)
	at org.springframework.web.filter.CharacterEncodingFilter.doFilterInternal(CharacterEncodingFilter.java:199)
	at org.springframework.web.filter.OncePerRequestFilter.doFilter(OncePerRequestFilter.java:116)
	at org.apache.catalina.core.ApplicationFilterChain.doFilter(ApplicationFilterChain.java:111)
	at com.migrationreport.config.SecurityHeadersFilter.doFilter(SecurityHeadersFilter.java:37)
	at org.apache.catalina.core.ApplicationFilterChain.doFilter(ApplicationFilterChain.java:111)
	at org.apache.catalina.core.StandardWrapperValve.invoke(StandardWrapperValve.java:165)
	at org.apache.catalina.core.StandardContextValve.invoke(StandardContextValve.java:77)
	at org.apache.catalina.authenticator.AuthenticatorBase.invoke(AuthenticatorBase.java:535)
	at org.apache.catalina.core.StandardHostValve.invoke(StandardHostValve.java:115)
	at org.apache.catalina.valves.ErrorReportValve.invoke(ErrorReportValve.java:86)
	at org.apache.catalina.core.StandardEngineValve.invoke(StandardEngineValve.java:71)
	at org.apache.catalina.connector.CoyoteAdapter.service(CoyoteAdapter.java:347)
	at org.apache.coyote.http11.Http11Processor.service(Http11Processor.java:406)
	at org.apache.coyote.AbstractProcessorLight.process(AbstractProcessorLight.java:71)
	at org.apache.coyote.AbstractProtocol$ConnectionHandler.process(AbstractProtocol.java:1307)
	at org.apache.tomcat.util.net.NioEndpoint$SocketProcessor.doRun(NioEndpoint.java:2036)
	at org.apache.tomcat.util.net.SocketProcessorBase.run(SocketProcessorBase.java:74)
	at org.apache.tomcat.util.threads.ThreadPoolExecutor.runWorker(ThreadPoolExecutor.java:949)
	at org.apache.tomcat.util.threads.ThreadPoolExecutor$Worker.run(ThreadPoolExecutor.java:483)
	at org.apache.tomcat.util.threads.TaskThread$WrappingRunnable.run(TaskThread.java:74)
	at java.base/java.lang.Thread.run(Thread.java:1583)
2026-07-20 15:40:36 [INFO ] [http-nio-8080-exec-1] c.m.c.ConfigurationController : Starting method: getConfig
2026-07-20 15:40:36 [INFO ] [http-nio-8080-exec-1] c.m.c.ConfigurationController : [CONFIG] Fetching cached tenant configuration
2026-07-20 15:40:36 [INFO ] [http-nio-8080-exec-1] c.m.c.ConfigurationController : Ending method: getConfig
2026-07-20 15:40:36 [ERROR] [http-nio-8080-exec-10] c.m.exception.GlobalExceptionHandler : Internal Server Error: 
org.springframework.web.servlet.resource.NoResourceFoundException: No static resource api/config/ui-settings for request '/api/config/ui-settings'.
	at org.springframework.web.servlet.resource.ResourceHttpRequestHandler.handleRequest(ResourceHttpRequestHandler.java:527)
	at org.springframework.web.servlet.mvc.HttpRequestHandlerAdapter.handle(HttpRequestHandlerAdapter.java:50)
	at org.springframework.web.servlet.DispatcherServlet.doDispatch(DispatcherServlet.java:963)
	at org.springframework.web.servlet.DispatcherServlet.doService(DispatcherServlet.java:866)
	at org.springframework.web.servlet.FrameworkServlet.processRequest(FrameworkServlet.java:1000)
	at org.springframework.web.servlet.FrameworkServlet.doGet(FrameworkServlet.java:892)
	at jakarta.servlet.http.HttpServlet.service(HttpServlet.java:622)
	at org.springframework.web.servlet.FrameworkServlet.service(FrameworkServlet.java:874)
	at jakarta.servlet.http.HttpServlet.service(HttpServlet.java:710)
	at org.apache.catalina.core.ApplicationFilterChain.doFilter(ApplicationFilterChain.java:132)
	at org.apache.tomcat.websocket.server.WsFilter.doFilter(WsFilter.java:59)
	at org.apache.catalina.core.ApplicationFilterChain.doFilter(ApplicationFilterChain.java:111)
	at org.springframework.web.filter.RequestContextFilter.doFilterInternal(RequestContextFilter.java:100)
	at org.springframework.web.filter.OncePerRequestFilter.doFilter(OncePerRequestFilter.java:116)
	at org.apache.catalina.core.ApplicationFilterChain.doFilter(ApplicationFilterChain.java:111)
	at org.springframework.web.filter.FormContentFilter.doFilterInternal(FormContentFilter.java:93)
	at org.springframework.web.filter.OncePerRequestFilter.doFilter(OncePerRequestFilter.java:116)
	at org.apache.catalina.core.ApplicationFilterChain.doFilter(ApplicationFilterChain.java:111)
	at org.springframework.web.filter.CharacterEncodingFilter.doFilterInternal(CharacterEncodingFilter.java:199)
	at org.springframework.web.filter.OncePerRequestFilter.doFilter(OncePerRequestFilter.java:116)
	at org.apache.catalina.core.ApplicationFilterChain.doFilter(ApplicationFilterChain.java:111)
	at com.migrationreport.config.SecurityHeadersFilter.doFilter(SecurityHeadersFilter.java:37)
	at org.apache.catalina.core.ApplicationFilterChain.doFilter(ApplicationFilterChain.java:111)
	at org.apache.catalina.core.StandardWrapperValve.invoke(StandardWrapperValve.java:165)
	at org.apache.catalina.core.StandardContextValve.invoke(StandardContextValve.java:77)
	at org.apache.catalina.authenticator.AuthenticatorBase.invoke(AuthenticatorBase.java:535)
	at org.apache.catalina.core.StandardHostValve.invoke(StandardHostValve.java:115)
	at org.apache.catalina.valves.ErrorReportValve.invoke(ErrorReportValve.java:86)
	at org.apache.catalina.core.StandardEngineValve.invoke(StandardEngineValve.java:71)
	at org.apache.catalina.connector.CoyoteAdapter.service(CoyoteAdapter.java:347)
	at org.apache.coyote.http11.Http11Processor.service(Http11Processor.java:406)
	at org.apache.coyote.AbstractProcessorLight.process(AbstractProcessorLight.java:71)
	at org.apache.coyote.AbstractProtocol$ConnectionHandler.process(AbstractProtocol.java:1307)
	at org.apache.tomcat.util.net.NioEndpoint$SocketProcessor.doRun(NioEndpoint.java:2036)
	at org.apache.tomcat.util.net.SocketProcessorBase.run(SocketProcessorBase.java:74)
	at org.apache.tomcat.util.threads.ThreadPoolExecutor.runWorker(ThreadPoolExecutor.java:949)
	at org.apache.tomcat.util.threads.ThreadPoolExecutor$Worker.run(ThreadPoolExecutor.java:483)
	at org.apache.tomcat.util.threads.TaskThread$WrappingRunnable.run(TaskThread.java:74)
	at java.base/java.lang.Thread.run(Thread.java:1583)
2026-07-20 15:40:36 [INFO ] [http-nio-8080-exec-3] c.m.c.ConfigurationController : Starting method: getConfig
2026-07-20 15:40:36 [INFO ] [http-nio-8080-exec-3] c.m.c.ConfigurationController : [CONFIG] Fetching cached tenant configuration
2026-07-20 15:40:36 [INFO ] [http-nio-8080-exec-3] c.m.c.ConfigurationController : Ending method: getConfig
2026-07-20 15:40:36 [ERROR] [http-nio-8080-exec-2] c.m.exception.GlobalExceptionHandler : Internal Server Error: 
org.springframework.web.servlet.resource.NoResourceFoundException: No static resource api/config/ui-settings for request '/api/config/ui-settings'.
	at org.springframework.web.servlet.resource.ResourceHttpRequestHandler.handleRequest(ResourceHttpRequestHandler.java:527)
	at org.springframework.web.servlet.mvc.HttpRequestHandlerAdapter.handle(HttpRequestHandlerAdapter.java:50)
	at org.springframework.web.servlet.DispatcherServlet.doDispatch(DispatcherServlet.java:963)
	at org.springframework.web.servlet.DispatcherServlet.doService(DispatcherServlet.java:866)
	at org.springframework.web.servlet.FrameworkServlet.processRequest(FrameworkServlet.java:1000)
	at org.springframework.web.servlet.FrameworkServlet.doGet(FrameworkServlet.java:892)
	at jakarta.servlet.http.HttpServlet.service(HttpServlet.java:622)
	at org.springframework.web.servlet.FrameworkServlet.service(FrameworkServlet.java:874)
	at jakarta.servlet.http.HttpServlet.service(HttpServlet.java:710)
	at org.apache.catalina.core.ApplicationFilterChain.doFilter(ApplicationFilterChain.java:132)
	at org.apache.tomcat.websocket.server.WsFilter.doFilter(WsFilter.java:59)
	at org.apache.catalina.core.ApplicationFilterChain.doFilter(ApplicationFilterChain.java:111)
	at org.springframework.web.filter.RequestContextFilter.doFilterInternal(RequestContextFilter.java:100)
	at org.springframework.web.filter.OncePerRequestFilter.doFilter(OncePerRequestFilter.java:116)
	at org.apache.catalina.core.ApplicationFilterChain.doFilter(ApplicationFilterChain.java:111)
	at org.springframework.web.filter.FormContentFilter.doFilterInternal(FormContentFilter.java:93)
	at org.springframework.web.filter.OncePerRequestFilter.doFilter(OncePerRequestFilter.java:116)
	at org.apache.catalina.core.ApplicationFilterChain.doFilter(ApplicationFilterChain.java:111)
	at org.springframework.web.filter.CharacterEncodingFilter.doFilterInternal(CharacterEncodingFilter.java:199)
	at org.springframework.web.filter.OncePerRequestFilter.doFilter(OncePerRequestFilter.java:116)
	at org.apache.catalina.core.ApplicationFilterChain.doFilter(ApplicationFilterChain.java:111)
	at com.migrationreport.config.SecurityHeadersFilter.doFilter(SecurityHeadersFilter.java:37)
	at org.apache.catalina.core.ApplicationFilterChain.doFilter(ApplicationFilterChain.java:111)
	at org.apache.catalina.core.StandardWrapperValve.invoke(StandardWrapperValve.java:165)
	at org.apache.catalina.core.StandardContextValve.invoke(StandardContextValve.java:77)
	at org.apache.catalina.authenticator.AuthenticatorBase.invoke(AuthenticatorBase.java:535)
	at org.apache.catalina.core.StandardHostValve.invoke(StandardHostValve.java:115)
	at org.apache.catalina.valves.ErrorReportValve.invoke(ErrorReportValve.java:86)
	at org.apache.catalina.core.StandardEngineValve.invoke(StandardEngineValve.java:71)
	at org.apache.catalina.connector.CoyoteAdapter.service(CoyoteAdapter.java:347)
	at org.apache.coyote.http11.Http11Processor.service(Http11Processor.java:406)
	at org.apache.coyote.AbstractProcessorLight.process(AbstractProcessorLight.java:71)
	at org.apache.coyote.AbstractProtocol$ConnectionHandler.process(AbstractProtocol.java:1307)
	at org.apache.tomcat.util.net.NioEndpoint$SocketProcessor.doRun(NioEndpoint.java:2036)
	at org.apache.tomcat.util.net.SocketProcessorBase.run(SocketProcessorBase.java:74)
	at org.apache.tomcat.util.threads.ThreadPoolExecutor.runWorker(ThreadPoolExecutor.java:949)
	at org.apache.tomcat.util.threads.ThreadPoolExecutor$Worker.run(ThreadPoolExecutor.java:483)
	at org.apache.tomcat.util.threads.TaskThread$WrappingRunnable.run(TaskThread.java:74)
	at java.base/java.lang.Thread.run(Thread.java:1583)
2026-07-20 15:40:36 [INFO ] [http-nio-8080-exec-4] c.m.c.ConfigurationController : Starting method: getConfig
2026-07-20 15:40:36 [INFO ] [http-nio-8080-exec-4] c.m.c.ConfigurationController : [CONFIG] Fetching cached tenant configuration
2026-07-20 15:40:36 [INFO ] [http-nio-8080-exec-4] c.m.c.ConfigurationController : Ending method: getConfig
2026-07-20 15:40:36 [ERROR] [http-nio-8080-exec-5] c.m.exception.GlobalExceptionHandler : Internal Server Error: 
org.springframework.web.servlet.resource.NoResourceFoundException: No static resource api/config/ui-settings for request '/api/config/ui-settings'.
	at org.springframework.web.servlet.resource.ResourceHttpRequestHandler.handleRequest(ResourceHttpRequestHandler.java:527)
	at org.springframework.web.servlet.mvc.HttpRequestHandlerAdapter.handle(HttpRequestHandlerAdapter.java:50)
	at org.springframework.web.servlet.DispatcherServlet.doDispatch(DispatcherServlet.java:963)
	at org.springframework.web.servlet.DispatcherServlet.doService(DispatcherServlet.java:866)
	at org.springframework.web.servlet.FrameworkServlet.processRequest(FrameworkServlet.java:1000)
	at org.springframework.web.servlet.FrameworkServlet.doGet(FrameworkServlet.java:892)
	at jakarta.servlet.http.HttpServlet.service(HttpServlet.java:622)
	at org.springframework.web.servlet.FrameworkServlet.service(FrameworkServlet.java:874)
	at jakarta.servlet.http.HttpServlet.service(HttpServlet.java:710)
	at org.apache.catalina.core.ApplicationFilterChain.doFilter(ApplicationFilterChain.java:132)
	at org.apache.tomcat.websocket.server.WsFilter.doFilter(WsFilter.java:59)
	at org.apache.catalina.core.ApplicationFilterChain.doFilter(ApplicationFilterChain.java:111)
	at org.springframework.web.filter.RequestContextFilter.doFilterInternal(RequestContextFilter.java:100)
	at org.springframework.web.filter.OncePerRequestFilter.doFilter(OncePerRequestFilter.java:116)
	at org.apache.catalina.core.ApplicationFilterChain.doFilter(ApplicationFilterChain.java:111)
	at org.springframework.web.filter.FormContentFilter.doFilterInternal(FormContentFilter.java:93)
	at org.springframework.web.filter.OncePerRequestFilter.doFilter(OncePerRequestFilter.java:116)
	at org.apache.catalina.core.ApplicationFilterChain.doFilter(ApplicationFilterChain.java:111)
	at org.springframework.web.filter.CharacterEncodingFilter.doFilterInternal(CharacterEncodingFilter.java:199)
	at org.springframework.web.filter.OncePerRequestFilter.doFilter(OncePerRequestFilter.java:116)
	at org.apache.catalina.core.ApplicationFilterChain.doFilter(ApplicationFilterChain.java:111)
	at com.migrationreport.config.SecurityHeadersFilter.doFilter(SecurityHeadersFilter.java:37)
	at org.apache.catalina.core.ApplicationFilterChain.doFilter(ApplicationFilterChain.java:111)
	at org.apache.catalina.core.StandardWrapperValve.invoke(StandardWrapperValve.java:165)
	at org.apache.catalina.core.StandardContextValve.invoke(StandardContextValve.java:77)
	at org.apache.catalina.authenticator.AuthenticatorBase.invoke(AuthenticatorBase.java:535)
	at org.apache.catalina.core.StandardHostValve.invoke(StandardHostValve.java:115)
	at org.apache.catalina.valves.ErrorReportValve.invoke(ErrorReportValve.java:86)
	at org.apache.catalina.core.StandardEngineValve.invoke(StandardEngineValve.java:71)
	at org.apache.catalina.connector.CoyoteAdapter.service(CoyoteAdapter.java:347)
	at org.apache.coyote.http11.Http11Processor.service(Http11Processor.java:406)
	at org.apache.coyote.AbstractProcessorLight.process(AbstractProcessorLight.java:71)
	at org.apache.coyote.AbstractProtocol$ConnectionHandler.process(AbstractProtocol.java:1307)
	at org.apache.tomcat.util.net.NioEndpoint$SocketProcessor.doRun(NioEndpoint.java:2036)
	at org.apache.tomcat.util.net.SocketProcessorBase.run(SocketProcessorBase.java:74)
	at org.apache.tomcat.util.threads.ThreadPoolExecutor.runWorker(ThreadPoolExecutor.java:949)
	at org.apache.tomcat.util.threads.ThreadPoolExecutor$Worker.run(ThreadPoolExecutor.java:483)
	at org.apache.tomcat.util.threads.TaskThread$WrappingRunnable.run(TaskThread.java:74)
	at java.base/java.lang.Thread.run(Thread.java:1583)
2026-07-20 15:40:36 [INFO ] [http-nio-8080-exec-6] c.m.c.ConfigurationController : Starting method: getConfig
2026-07-20 15:40:36 [INFO ] [http-nio-8080-exec-6] c.m.c.ConfigurationController : [CONFIG] Fetching cached tenant configuration
2026-07-20 15:40:36 [INFO ] [http-nio-8080-exec-6] c.m.c.ConfigurationController : Ending method: getConfig
2026-07-20 15:40:36 [ERROR] [http-nio-8080-exec-7] c.m.exception.GlobalExceptionHandler : Internal Server Error: 
org.springframework.web.servlet.resource.NoResourceFoundException: No static resource api/config/ui-settings for request '/api/config/ui-settings'.
	at org.springframework.web.servlet.resource.ResourceHttpRequestHandler.handleRequest(ResourceHttpRequestHandler.java:527)
	at org.springframework.web.servlet.mvc.HttpRequestHandlerAdapter.handle(HttpRequestHandlerAdapter.java:50)
	at org.springframework.web.servlet.DispatcherServlet.doDispatch(DispatcherServlet.java:963)
	at org.springframework.web.servlet.DispatcherServlet.doService(DispatcherServlet.java:866)
	at org.springframework.web.servlet.FrameworkServlet.processRequest(FrameworkServlet.java:1000)
	at org.springframework.web.servlet.FrameworkServlet.doGet(FrameworkServlet.java:892)
	at jakarta.servlet.http.HttpServlet.service(HttpServlet.java:622)
	at org.springframework.web.servlet.FrameworkServlet.service(FrameworkServlet.java:874)
	at jakarta.servlet.http.HttpServlet.service(HttpServlet.java:710)
	at org.apache.catalina.core.ApplicationFilterChain.doFilter(ApplicationFilterChain.java:132)
	at org.apache.tomcat.websocket.server.WsFilter.doFilter(WsFilter.java:59)
	at org.apache.catalina.core.ApplicationFilterChain.doFilter(ApplicationFilterChain.java:111)
	at org.springframework.web.filter.RequestContextFilter.doFilterInternal(RequestContextFilter.java:100)
	at org.springframework.web.filter.OncePerRequestFilter.doFilter(OncePerRequestFilter.java:116)
	at org.apache.catalina.core.ApplicationFilterChain.doFilter(ApplicationFilterChain.java:111)
	at org.springframework.web.filter.FormContentFilter.doFilterInternal(FormContentFilter.java:93)
	at org.springframework.web.filter.OncePerRequestFilter.doFilter(OncePerRequestFilter.java:116)
	at org.apache.catalina.core.ApplicationFilterChain.doFilter(ApplicationFilterChain.java:111)
	at org.springframework.web.filter.CharacterEncodingFilter.doFilterInternal(CharacterEncodingFilter.java:199)
	at org.springframework.web.filter.OncePerRequestFilter.doFilter(OncePerRequestFilter.java:116)
	at org.apache.catalina.core.ApplicationFilterChain.doFilter(ApplicationFilterChain.java:111)
	at com.migrationreport.config.SecurityHeadersFilter.doFilter(SecurityHeadersFilter.java:37)
	at org.apache.catalina.core.ApplicationFilterChain.doFilter(ApplicationFilterChain.java:111)
	at org.apache.catalina.core.StandardWrapperValve.invoke(StandardWrapperValve.java:165)
	at org.apache.catalina.core.StandardContextValve.invoke(StandardContextValve.java:77)
	at org.apache.catalina.authenticator.AuthenticatorBase.invoke(AuthenticatorBase.java:535)
	at org.apache.catalina.core.StandardHostValve.invoke(StandardHostValve.java:115)
	at org.apache.catalina.valves.ErrorReportValve.invoke(ErrorReportValve.java:86)
	at org.apache.catalina.core.StandardEngineValve.invoke(StandardEngineValve.java:71)
	at org.apache.catalina.connector.CoyoteAdapter.service(CoyoteAdapter.java:347)
	at org.apache.coyote.http11.Http11Processor.service(Http11Processor.java:406)
	at org.apache.coyote.AbstractProcessorLight.process(AbstractProcessorLight.java:71)
	at org.apache.coyote.AbstractProtocol$ConnectionHandler.process(AbstractProtocol.java:1307)
	at org.apache.tomcat.util.net.NioEndpoint$SocketProcessor.doRun(NioEndpoint.java:2036)
	at org.apache.tomcat.util.net.SocketProcessorBase.run(SocketProcessorBase.java:74)
	at org.apache.tomcat.util.threads.ThreadPoolExecutor.runWorker(ThreadPoolExecutor.java:949)
	at org.apache.tomcat.util.threads.ThreadPoolExecutor$Worker.run(ThreadPoolExecutor.java:483)
	at org.apache.tomcat.util.threads.TaskThread$WrappingRunnable.run(TaskThread.java:74)
	at java.base/java.lang.Thread.run(Thread.java:1583)
2026-07-20 15:40:36 [INFO ] [http-nio-8080-exec-9] c.m.c.ConfigurationController : Starting method: getConfig
2026-07-20 15:40:36 [ERROR] [http-nio-8080-exec-8] c.m.exception.GlobalExceptionHandler : Internal Server Error: 
org.springframework.web.servlet.resource.NoResourceFoundException: No static resource api/config/ui-settings for request '/api/config/ui-settings'.
	at org.springframework.web.servlet.resource.ResourceHttpRequestHandler.handleRequest(ResourceHttpRequestHandler.java:527)
	at org.springframework.web.servlet.mvc.HttpRequestHandlerAdapter.handle(HttpRequestHandlerAdapter.java:50)
	at org.springframework.web.servlet.DispatcherServlet.doDispatch(DispatcherServlet.java:963)
	at org.springframework.web.servlet.DispatcherServlet.doService(DispatcherServlet.java:866)
	at org.springframework.web.servlet.FrameworkServlet.processRequest(FrameworkServlet.java:1000)
	at org.springframework.web.servlet.FrameworkServlet.doGet(FrameworkServlet.java:892)
	at jakarta.servlet.http.HttpServlet.service(HttpServlet.java:622)
	at org.springframework.web.servlet.FrameworkServlet.service(FrameworkServlet.java:874)
	at jakarta.servlet.http.HttpServlet.service(HttpServlet.java:710)
	at org.apache.catalina.core.ApplicationFilterChain.doFilter(ApplicationFilterChain.java:132)
	at org.apache.tomcat.websocket.server.WsFilter.doFilter(WsFilter.java:59)
	at org.apache.catalina.core.ApplicationFilterChain.doFilter(ApplicationFilterChain.java:111)
	at org.springframework.web.filter.RequestContextFilter.doFilterInternal(RequestContextFilter.java:100)
	at org.springframework.web.filter.OncePerRequestFilter.doFilter(OncePerRequestFilter.java:116)
	at org.apache.catalina.core.ApplicationFilterChain.doFilter(ApplicationFilterChain.java:111)
	at org.springframework.web.filter.FormContentFilter.doFilterInternal(FormContentFilter.java:93)
	at org.springframework.web.filter.OncePerRequestFilter.doFilter(OncePerRequestFilter.java:116)
	at org.apache.catalina.core.ApplicationFilterChain.doFilter(ApplicationFilterChain.java:111)
	at org.springframework.web.filter.CharacterEncodingFilter.doFilterInternal(CharacterEncodingFilter.java:199)
	at org.springframework.web.filter.OncePerRequestFilter.doFilter(OncePerRequestFilter.java:116)
	at org.apache.catalina.core.ApplicationFilterChain.doFilter(ApplicationFilterChain.java:111)
	at com.migrationreport.config.SecurityHeadersFilter.doFilter(SecurityHeadersFilter.java:37)
	at org.apache.catalina.core.ApplicationFilterChain.doFilter(ApplicationFilterChain.java:111)
	at org.apache.catalina.core.StandardWrapperValve.invoke(StandardWrapperValve.java:165)
	at org.apache.catalina.core.StandardContextValve.invoke(StandardContextValve.java:77)
	at org.apache.catalina.authenticator.AuthenticatorBase.invoke(AuthenticatorBase.java:535)
	at org.apache.catalina.core.StandardHostValve.invoke(StandardHostValve.java:115)
	at org.apache.catalina.valves.ErrorReportValve.invoke(ErrorReportValve.java:86)
	at org.apache.catalina.core.StandardEngineValve.invoke(StandardEngineValve.java:71)
	at org.apache.catalina.connector.CoyoteAdapter.service(CoyoteAdapter.java:347)
	at org.apache.coyote.http11.Http11Processor.service(Http11Processor.java:406)
	at org.apache.coyote.AbstractProcessorLight.process(AbstractProcessorLight.java:71)
	at org.apache.coyote.AbstractProtocol$ConnectionHandler.process(AbstractProtocol.java:1307)
	at org.apache.tomcat.util.net.NioEndpoint$SocketProcessor.doRun(NioEndpoint.java:2036)
	at org.apache.tomcat.util.net.SocketProcessorBase.run(SocketProcessorBase.java:74)
	at org.apache.tomcat.util.threads.ThreadPoolExecutor.runWorker(ThreadPoolExecutor.java:949)
	at org.apache.tomcat.util.threads.ThreadPoolExecutor$Worker.run(ThreadPoolExecutor.java:483)
	at org.apache.tomcat.util.threads.TaskThread$WrappingRunnable.run(TaskThread.java:74)
	at java.base/java.lang.Thread.run(Thread.java:1583)
2026-07-20 15:40:36 [INFO ] [http-nio-8080-exec-9] c.m.c.ConfigurationController : [CONFIG] Fetching cached tenant configuration
2026-07-20 15:40:36 [INFO ] [http-nio-8080-exec-9] c.m.c.ConfigurationController : Ending method: getConfig
2026-07-20 15:40:37 [INFO ] [http-nio-8080-exec-10] c.m.c.ConfigurationController : Starting method: getConfig
2026-07-20 15:40:37 [INFO ] [http-nio-8080-exec-10] c.m.c.ConfigurationController : [CONFIG] Fetching cached tenant configuration
2026-07-20 15:40:37 [ERROR] [http-nio-8080-exec-1] c.m.exception.GlobalExceptionHandler : Internal Server Error: 
org.springframework.web.servlet.resource.NoResourceFoundException: No static resource api/config/ui-settings for request '/api/config/ui-settings'.
	at org.springframework.web.servlet.resource.ResourceHttpRequestHandler.handleRequest(ResourceHttpRequestHandler.java:527)
	at org.springframework.web.servlet.mvc.HttpRequestHandlerAdapter.handle(HttpRequestHandlerAdapter.java:50)
	at org.springframework.web.servlet.DispatcherServlet.doDispatch(DispatcherServlet.java:963)
	at org.springframework.web.servlet.DispatcherServlet.doService(DispatcherServlet.java:866)
	at org.springframework.web.servlet.FrameworkServlet.processRequest(FrameworkServlet.java:1000)
	at org.springframework.web.servlet.FrameworkServlet.doGet(FrameworkServlet.java:892)
	at jakarta.servlet.http.HttpServlet.service(HttpServlet.java:622)
	at org.springframework.web.servlet.FrameworkServlet.service(FrameworkServlet.java:874)
	at jakarta.servlet.http.HttpServlet.service(HttpServlet.java:710)
	at org.apache.catalina.core.ApplicationFilterChain.doFilter(ApplicationFilterChain.java:132)
	at org.apache.tomcat.websocket.server.WsFilter.doFilter(WsFilter.java:59)
	at org.apache.catalina.core.ApplicationFilterChain.doFilter(ApplicationFilterChain.java:111)
	at org.springframework.web.filter.RequestContextFilter.doFilterInternal(RequestContextFilter.java:100)
	at org.springframework.web.filter.OncePerRequestFilter.doFilter(OncePerRequestFilter.java:116)
	at org.apache.catalina.core.ApplicationFilterChain.doFilter(ApplicationFilterChain.java:111)
	at org.springframework.web.filter.FormContentFilter.doFilterInternal(FormContentFilter.java:93)
	at org.springframework.web.filter.OncePerRequestFilter.doFilter(OncePerRequestFilter.java:116)
	at org.apache.catalina.core.ApplicationFilterChain.doFilter(ApplicationFilterChain.java:111)
	at org.springframework.web.filter.CharacterEncodingFilter.doFilterInternal(CharacterEncodingFilter.java:199)
	at org.springframework.web.filter.OncePerRequestFilter.doFilter(OncePerRequestFilter.java:116)
	at org.apache.catalina.core.ApplicationFilterChain.doFilter(ApplicationFilterChain.java:111)
	at com.migrationreport.config.SecurityHeadersFilter.doFilter(SecurityHeadersFilter.java:37)
	at org.apache.catalina.core.ApplicationFilterChain.doFilter(ApplicationFilterChain.java:111)
	at org.apache.catalina.core.StandardWrapperValve.invoke(StandardWrapperValve.java:165)
	at org.apache.catalina.core.StandardContextValve.invoke(StandardContextValve.java:77)
	at org.apache.catalina.authenticator.AuthenticatorBase.invoke(AuthenticatorBase.java:535)
	at org.apache.catalina.core.StandardHostValve.invoke(StandardHostValve.java:115)
	at org.apache.catalina.valves.ErrorReportValve.invoke(ErrorReportValve.java:86)
	at org.apache.catalina.core.StandardEngineValve.invoke(StandardEngineValve.java:71)
	at org.apache.catalina.connector.CoyoteAdapter.service(CoyoteAdapter.java:347)
	at org.apache.coyote.http11.Http11Processor.service(Http11Processor.java:406)
	at org.apache.coyote.AbstractProcessorLight.process(AbstractProcessorLight.java:71)
	at org.apache.coyote.AbstractProtocol$ConnectionHandler.process(AbstractProtocol.java:1307)
	at org.apache.tomcat.util.net.NioEndpoint$SocketProcessor.doRun(NioEndpoint.java:2036)
	at org.apache.tomcat.util.net.SocketProcessorBase.run(SocketProcessorBase.java:74)
	at org.apache.tomcat.util.threads.ThreadPoolExecutor.runWorker(ThreadPoolExecutor.java:949)
	at org.apache.tomcat.util.threads.ThreadPoolExecutor$Worker.run(ThreadPoolExecutor.java:483)
	at org.apache.tomcat.util.threads.TaskThread$WrappingRunnable.run(TaskThread.java:74)
	at java.base/java.lang.Thread.run(Thread.java:1583)
2026-07-20 15:40:37 [INFO ] [http-nio-8080-exec-10] c.m.c.ConfigurationController : Ending method: getConfig
2026-07-20 15:43:40 [INFO ] [RMI TCP Connection(7)-127.0.0.1] o.s.b.a.SpringApplicationAdminMXBeanRegistrar$SpringApplicationAdmin : Application shutdown requested.
2026-07-20 15:43:40 [INFO ] [RMI TCP Connection(7)-127.0.0.1] o.s.boot.tomcat.GracefulShutdown : Commencing graceful shutdown. Waiting for active requests to complete
2026-07-20 15:43:41 [INFO ] [tomcat-shutdown] o.s.boot.tomcat.GracefulShutdown : Graceful shutdown complete
2026-07-20 15:43:41 [INFO ] [RMI TCP Connection(7)-127.0.0.1] o.s.o.j.LocalContainerEntityManagerFactoryBean : Closing JPA EntityManagerFactory for persistence unit 'default'
2026-07-20 15:43:41 [INFO ] [RMI TCP Connection(7)-127.0.0.1] com.zaxxer.hikari.HikariDataSource : HikariPool-1 - Shutdown initiated...
2026-07-20 15:43:41 [INFO ] [RMI TCP Connection(7)-127.0.0.1] com.zaxxer.hikari.HikariDataSource : HikariPool-1 - Shutdown completed.
2026-07-20 15:43:43 [INFO ] [main] c.m.MigrationReportApplication : Starting MigrationReportApplication using Java 21.0.1 with PID 65348 (D:\MigrationReportTool\Backend\MigrationReport\target\classes started by Shaik Firoz in D:\MigrationReportTool\Backend\MigrationReport)
2026-07-20 15:43:43 [INFO ] [main] c.m.MigrationReportApplication : No active profile set, falling back to 1 default profile: "default"
2026-07-20 15:43:44 [INFO ] [main] o.s.d.r.c.RepositoryConfigurationDelegate : Bootstrapping Spring Data JPA repositories in DEFAULT mode.
2026-07-20 15:43:44 [INFO ] [main] o.s.d.r.c.RepositoryConfigurationDelegate : Finished Spring Data repository scanning in 42 ms. Found 1 JPA repository interface.
2026-07-20 15:43:44 [INFO ] [main] o.s.boot.tomcat.TomcatWebServer : Tomcat initialized with port 8080 (http)
2026-07-20 15:43:44 [INFO ] [main] o.a.catalina.core.StandardService : Starting service [Tomcat]
2026-07-20 15:43:44 [INFO ] [main] o.a.catalina.core.StandardEngine : Starting Servlet engine: [Apache Tomcat/11.0.24]
2026-07-20 15:43:44 [INFO ] [main] o.s.b.w.c.s.WebApplicationContextInitializer : Root WebApplicationContext: initialization completed in 922 ms
2026-07-20 15:43:44 [INFO ] [main] c.m.config.DataSourceConfig : [CONFIG] Loaded database configuration for active type postgres from D:\MigrationReportTool\Backend\MigrationReport\config\db-config.json
2026-07-20 15:43:44 [INFO ] [main] org.hibernate.orm.jpa : HHH008540: Processing PersistenceUnitInfo [name: default]
2026-07-20 15:43:44 [INFO ] [main] org.hibernate.orm.core : HHH000001: Hibernate ORM core version 7.4.1.Final
2026-07-20 15:43:45 [INFO ] [main] o.s.o.j.p.SpringPersistenceUnitInfo : No LoadTimeWeaver setup: ignoring JPA class transformer
2026-07-20 15:43:45 [INFO ] [main] com.zaxxer.hikari.HikariDataSource : HikariPool-1 - Starting...
2026-07-20 15:43:45 [INFO ] [main] com.zaxxer.hikari.pool.HikariPool : HikariPool-1 - Added connection org.postgresql.jdbc.PgConnection@13047d3d
2026-07-20 15:43:45 [INFO ] [main] com.zaxxer.hikari.HikariDataSource : HikariPool-1 - Start completed.
2026-07-20 15:43:45 [INFO ] [main] o.hibernate.orm.connections.pooling : HHH10001005: Database info:	Database JDBC URL [jdbc:postgresql://localhost:5432/Migration]	Database driver: PostgreSQL JDBC Driver	Database dialect: PostgreSQLDialect	Database version: 16.9	Default catalog/schema: Migration/public	Autocommit mode: undefined/unknown	Isolation level: READ_COMMITTED [default READ_COMMITTED]	JDBC fetch size: none	Pool: DataSourceConnectionProvider	Minimum pool size: undefined/unknown	Maximum pool size: undefined/unknown
2026-07-20 15:43:46 [INFO ] [main] org.hibernate.orm.core : HHH000489: No JTA platform available (set 'hibernate.transaction.jta.platform' to enable JTA platform integration)
2026-07-20 15:43:46 [INFO ] [main] o.s.o.j.LocalContainerEntityManagerFactoryBean : Initialized JPA EntityManagerFactory for persistence unit 'default'
2026-07-20 15:43:46 [INFO ] [main] o.s.d.j.r.q.QueryEnhancerFactories : Hibernate is in classpath; If applicable, HQL parser will be used.
2026-07-20 15:43:46 [INFO ] [main] c.m.service.ConfigurationService : [CONFIG] Loading tenant configuration from D:\MigrationReportTool\Backend\MigrationReport\config\tenant-mappings.json
2026-07-20 15:43:46 [INFO ] [main] c.m.service.ConfigurationService : [CONFIG] Loaded 1 applications from config.
2026-07-20 15:43:46 [INFO ] [main] c.m.dialect.DialectConfig : [DIALECT] Initializing PostgreSQL Dialect provider...
2026-07-20 15:43:46 [INFO ] [main] c.m.service.PropertyMappingService : [MAPPING] Loading property mapping templates from D:\MigrationReportTool\Backend\MigrationReport\config\property-mapping-templates.json
2026-07-20 15:43:46 [WARN ] [main] o.s.b.j.a.JpaBaseConfiguration$JpaWebConfiguration : spring.jpa.open-in-view is enabled by default. Therefore, database queries may be performed during view rendering. Explicitly configure spring.jpa.open-in-view to disable this warning
2026-07-20 15:43:46 [INFO ] [main] o.s.boot.tomcat.TomcatWebServer : Tomcat started on port 8080 (http) with context path '/'
2026-07-20 15:43:46 [INFO ] [main] c.m.MigrationReportApplication : Started MigrationReportApplication in 3.468 seconds (process running for 4.177)
2026-07-20 15:43:50 [INFO ] [http-nio-8080-exec-1] o.a.c.c.C.[Tomcat].[localhost].[/] : Initializing Spring DispatcherServlet 'dispatcherServlet'
2026-07-20 15:43:50 [INFO ] [http-nio-8080-exec-1] o.s.web.servlet.DispatcherServlet : Initializing Servlet 'dispatcherServlet'
2026-07-20 15:43:50 [INFO ] [http-nio-8080-exec-1] o.s.web.servlet.DispatcherServlet : Completed initialization in 5 ms
2026-07-20 15:43:50 [INFO ] [http-nio-8080-exec-1] c.m.c.ConfigurationController : Starting method: getUiSettings
2026-07-20 15:43:50 [INFO ] [http-nio-8080-exec-3] c.m.c.ConfigurationController : Starting method: getConfig
2026-07-20 15:43:50 [INFO ] [http-nio-8080-exec-1] c.m.c.ConfigurationController : Ending method: getUiSettings with settings={fixedFilenetMapping=true}
2026-07-20 15:43:50 [INFO ] [http-nio-8080-exec-3] c.m.c.ConfigurationController : [CONFIG] Fetching cached tenant configuration
2026-07-20 15:43:50 [INFO ] [http-nio-8080-exec-3] c.m.c.ConfigurationController : Ending method: getConfig
2026-07-20 15:43:52 [INFO ] [http-nio-8080-exec-2] c.m.controller.DiscoveryController : Starting method: getDocumentClasses with arguments: appId=ccol, type=source
2026-07-20 15:43:52 [INFO ] [http-nio-8080-exec-2] c.m.controller.DiscoveryController : Ending method: getDocumentClasses
2026-07-20 15:43:54 [INFO ] [http-nio-8080-exec-4] c.m.controller.ExceptionController : Starting method: getMetadataFields with arguments: appId=ccol, documentClass=BankAccount
2026-07-20 15:43:54 [INFO ] [http-nio-8080-exec-4] c.m.controller.ExceptionController : Ending method: getMetadataFields
2026-07-20 15:44:03 [INFO ] [http-nio-8080-exec-5] c.m.controller.ExceptionController : Starting method: checkExceptions with arguments: criteria=com.migrationreport.dto.ExceptionCriteria@2cd95305
2026-07-20 15:44:03 [INFO ] [http-nio-8080-exec-5] c.m.controller.ExceptionController : [EXCEPTIONS] Checking exceptions for Application: 'ccol'
2026-07-20 15:44:03 [INFO ] [http-nio-8080-exec-5] c.m.service.ExceptionService : [EXCEPTIONS] Executing lookup SQL: select dv.object_id from public.docversion_source dv inner join public.classdef cd on dv.object_class_id = cd.object_id where 1=1 and cd.symbolic_name in (?) and (dv.u3a18_accno = ?) | Params: [BankAccount, ACC0B0EFA]
2026-07-20 15:44:03 [INFO ] [http-nio-8080-exec-5] c.m.service.ExceptionService : [EXCEPTIONS] Found 1 target IDs in 16ms
2026-07-20 15:44:03 [INFO ] [http-nio-8080-exec-5] c.m.service.ExceptionService : [EXCEPTIONS] Querying Source, Staging, Target tables for 1 object IDs
2026-07-20 15:44:03 [INFO ] [http-nio-8080-exec-5] c.m.service.ExceptionService : [EXCEPTIONS] Data retrieval completed in 32ms. Source: 1, Staging: 1, Target: 1
2026-07-20 15:44:03 [INFO ] [http-nio-8080-exec-5] c.m.controller.ExceptionController : [EXCEPTIONS] Exception check completed in 84ms.
2026-07-20 15:44:03 [INFO ] [http-nio-8080-exec-5] c.m.controller.ExceptionController : Ending method: checkExceptions
2026-07-20 15:49:18 [INFO ] [http-nio-8080-exec-8] c.m.c.ConfigurationController : Starting method: getDatabaseMetadata with arguments: schema=public
2026-07-20 15:49:18 [INFO ] [http-nio-8080-exec-8] c.m.service.ConfigurationService : [CONFIG] Successfully fetched database metadata from configured dynamic database for schema: public
2026-07-20 15:49:18 [INFO ] [http-nio-8080-exec-8] c.m.c.ConfigurationController : Ending method: getDatabaseMetadata
2026-07-20 15:53:42 [INFO ] [RMI TCP Connection(14)-127.0.0.1] o.s.b.a.SpringApplicationAdminMXBeanRegistrar$SpringApplicationAdmin : Application shutdown requested.
2026-07-20 15:53:42 [INFO ] [RMI TCP Connection(14)-127.0.0.1] o.s.boot.tomcat.GracefulShutdown : Commencing graceful shutdown. Waiting for active requests to complete
2026-07-20 15:53:42 [INFO ] [tomcat-shutdown] o.s.boot.tomcat.GracefulShutdown : Graceful shutdown complete
2026-07-20 15:53:42 [INFO ] [RMI TCP Connection(14)-127.0.0.1] o.s.o.j.LocalContainerEntityManagerFactoryBean : Closing JPA EntityManagerFactory for persistence unit 'default'
2026-07-20 15:53:42 [INFO ] [RMI TCP Connection(14)-127.0.0.1] com.zaxxer.hikari.HikariDataSource : HikariPool-1 - Shutdown initiated...
2026-07-20 15:53:42 [INFO ] [RMI TCP Connection(14)-127.0.0.1] com.zaxxer.hikari.HikariDataSource : HikariPool-1 - Shutdown completed.
2026-07-20 15:53:45 [INFO ] [main] c.m.MigrationReportApplication : Starting MigrationReportApplication using Java 21.0.1 with PID 39420 (D:\MigrationReportTool\Backend\MigrationReport\target\classes started by Shaik Firoz in D:\MigrationReportTool\Backend\MigrationReport)
2026-07-20 15:53:45 [INFO ] [main] c.m.MigrationReportApplication : No active profile set, falling back to 1 default profile: "default"
2026-07-20 15:53:45 [INFO ] [main] o.s.d.r.c.RepositoryConfigurationDelegate : Bootstrapping Spring Data JPA repositories in DEFAULT mode.
2026-07-20 15:53:45 [INFO ] [main] o.s.d.r.c.RepositoryConfigurationDelegate : Finished Spring Data repository scanning in 49 ms. Found 1 JPA repository interface.
2026-07-20 15:53:46 [INFO ] [main] o.s.boot.tomcat.TomcatWebServer : Tomcat initialized with port 8080 (http)
2026-07-20 15:53:46 [INFO ] [main] o.a.catalina.core.StandardService : Starting service [Tomcat]
2026-07-20 15:53:46 [INFO ] [main] o.a.catalina.core.StandardEngine : Starting Servlet engine: [Apache Tomcat/11.0.24]
2026-07-20 15:53:46 [INFO ] [main] o.s.b.w.c.s.WebApplicationContextInitializer : Root WebApplicationContext: initialization completed in 991 ms
2026-07-20 15:53:46 [INFO ] [main] c.m.config.DataSourceConfig : [CONFIG] Loaded database configuration for active type postgres from D:\MigrationReportTool\Backend\MigrationReport\config\db-config.json
2026-07-20 15:53:46 [INFO ] [main] org.hibernate.orm.jpa : HHH008540: Processing PersistenceUnitInfo [name: default]
2026-07-20 15:53:46 [INFO ] [main] org.hibernate.orm.core : HHH000001: Hibernate ORM core version 7.4.1.Final
2026-07-20 15:53:46 [INFO ] [main] o.s.o.j.p.SpringPersistenceUnitInfo : No LoadTimeWeaver setup: ignoring JPA class transformer
2026-07-20 15:53:46 [INFO ] [main] com.zaxxer.hikari.HikariDataSource : HikariPool-1 - Starting...
2026-07-20 15:53:46 [INFO ] [main] com.zaxxer.hikari.pool.HikariPool : HikariPool-1 - Added connection org.postgresql.jdbc.PgConnection@43b45ce4
2026-07-20 15:53:46 [INFO ] [main] com.zaxxer.hikari.HikariDataSource : HikariPool-1 - Start completed.
2026-07-20 15:53:47 [INFO ] [main] o.hibernate.orm.connections.pooling : HHH10001005: Database info:	Database JDBC URL [jdbc:postgresql://localhost:5432/Migration]	Database driver: PostgreSQL JDBC Driver	Database dialect: PostgreSQLDialect	Database version: 16.9	Default catalog/schema: Migration/public	Autocommit mode: undefined/unknown	Isolation level: READ_COMMITTED [default READ_COMMITTED]	JDBC fetch size: none	Pool: DataSourceConnectionProvider	Minimum pool size: undefined/unknown	Maximum pool size: undefined/unknown
2026-07-20 15:53:47 [INFO ] [main] org.hibernate.orm.core : HHH000489: No JTA platform available (set 'hibernate.transaction.jta.platform' to enable JTA platform integration)
2026-07-20 15:53:47 [INFO ] [main] o.s.o.j.LocalContainerEntityManagerFactoryBean : Initialized JPA EntityManagerFactory for persistence unit 'default'
2026-07-20 15:53:47 [INFO ] [main] o.s.d.j.r.q.QueryEnhancerFactories : Hibernate is in classpath; If applicable, HQL parser will be used.
2026-07-20 15:53:47 [INFO ] [main] c.m.service.ConfigurationService : [CONFIG] Loading tenant configuration from D:\MigrationReportTool\Backend\MigrationReport\config\tenant-mappings.json
2026-07-20 15:53:47 [INFO ] [main] c.m.service.ConfigurationService : [CONFIG] Loaded 1 applications from config.
2026-07-20 15:53:47 [INFO ] [main] c.m.dialect.DialectConfig : [DIALECT] Initializing PostgreSQL Dialect provider...
2026-07-20 15:53:47 [INFO ] [main] c.m.service.PropertyMappingService : [MAPPING] Loading property mapping templates from D:\MigrationReportTool\Backend\MigrationReport\config\property-mapping-templates.json
2026-07-20 15:53:47 [WARN ] [main] o.s.b.j.a.JpaBaseConfiguration$JpaWebConfiguration : spring.jpa.open-in-view is enabled by default. Therefore, database queries may be performed during view rendering. Explicitly configure spring.jpa.open-in-view to disable this warning
2026-07-20 15:53:48 [INFO ] [main] o.s.boot.tomcat.TomcatWebServer : Tomcat started on port 8080 (http) with context path '/'
2026-07-20 15:53:48 [INFO ] [main] c.m.MigrationReportApplication : Started MigrationReportApplication in 3.562 seconds (process running for 4.251)
2026-07-20 15:53:56 [INFO ] [http-nio-8080-exec-1] o.a.c.c.C.[Tomcat].[localhost].[/] : Initializing Spring DispatcherServlet 'dispatcherServlet'
2026-07-20 15:53:56 [INFO ] [http-nio-8080-exec-1] o.s.web.servlet.DispatcherServlet : Initializing Servlet 'dispatcherServlet'
2026-07-20 15:53:56 [INFO ] [http-nio-8080-exec-1] o.s.web.servlet.DispatcherServlet : Completed initialization in 0 ms
2026-07-20 15:53:56 [INFO ] [http-nio-8080-exec-1] c.m.controller.ExceptionController : Starting method: checkExceptions with arguments: criteria=com.migrationreport.dto.ExceptionCriteria@172905c7
2026-07-20 15:53:56 [INFO ] [http-nio-8080-exec-1] c.m.controller.ExceptionController : [EXCEPTIONS] Checking exceptions for Application: 'ccol'
2026-07-20 15:53:56 [INFO ] [http-nio-8080-exec-1] c.m.service.ExceptionService : [EXCEPTIONS] Executing lookup SQL: select dv.object_id from public.docversion_source dv inner join public.classdef cd on dv.object_class_id = cd.object_id where 1=1 and cd.symbolic_name in (?) and (dv.u3a18_accno = ?) | Params: [BankAccount, ACC0B0EFA]
2026-07-20 15:53:56 [INFO ] [http-nio-8080-exec-1] c.m.service.ExceptionService : [EXCEPTIONS] Found 1 target IDs in 17ms
2026-07-20 15:53:56 [INFO ] [http-nio-8080-exec-1] c.m.service.ExceptionService : [EXCEPTIONS] Querying Source, Staging, Target tables for 1 object IDs
2026-07-20 15:53:56 [INFO ] [http-nio-8080-exec-1] c.m.service.ExceptionService : [EXCEPTIONS] Data retrieval completed in 48ms. Source: 1, Staging: 1, Target: 1
2026-07-20 15:53:56 [INFO ] [http-nio-8080-exec-1] c.m.controller.ExceptionController : [EXCEPTIONS] Exception check completed in 115ms.
2026-07-20 15:53:56 [INFO ] [http-nio-8080-exec-1] c.m.controller.ExceptionController : Ending method: checkExceptions
2026-07-20 15:54:12 [INFO ] [RMI TCP Connection(2)-127.0.0.1] o.s.b.a.SpringApplicationAdminMXBeanRegistrar$SpringApplicationAdmin : Application shutdown requested.
2026-07-20 15:54:12 [INFO ] [RMI TCP Connection(2)-127.0.0.1] o.s.boot.tomcat.GracefulShutdown : Commencing graceful shutdown. Waiting for active requests to complete
2026-07-20 15:54:12 [INFO ] [tomcat-shutdown] o.s.boot.tomcat.GracefulShutdown : Graceful shutdown complete
2026-07-20 15:54:12 [INFO ] [RMI TCP Connection(2)-127.0.0.1] o.s.o.j.LocalContainerEntityManagerFactoryBean : Closing JPA EntityManagerFactory for persistence unit 'default'
2026-07-20 15:54:12 [INFO ] [RMI TCP Connection(2)-127.0.0.1] com.zaxxer.hikari.HikariDataSource : HikariPool-1 - Shutdown initiated...
2026-07-20 15:54:12 [INFO ] [RMI TCP Connection(2)-127.0.0.1] com.zaxxer.hikari.HikariDataSource : HikariPool-1 - Shutdown completed.
2026-07-20 16:42:28 [INFO ] [main] c.m.MigrationReportApplicationTests : Starting MigrationReportApplicationTests using Java 21.0.1 with PID 26532 (started by Shaik Firoz in D:\MigrationReportTool\Backend\MigrationReport)
2026-07-20 16:42:28 [INFO ] [main] c.m.MigrationReportApplicationTests : No active profile set, falling back to 1 default profile: "default"
2026-07-20 16:42:29 [INFO ] [main] o.s.d.r.c.RepositoryConfigurationDelegate : Bootstrapping Spring Data JPA repositories in DEFAULT mode.
2026-07-20 16:42:29 [INFO ] [main] o.s.d.r.c.RepositoryConfigurationDelegate : Finished Spring Data repository scanning in 72 ms. Found 1 JPA repository interface.
2026-07-20 16:42:30 [INFO ] [main] c.m.config.DataSourceConfig : [CONFIG] Loaded database configuration for active type postgres from D:\MigrationReportTool\Backend\MigrationReport\config\db-config.json
2026-07-20 16:42:30 [INFO ] [main] org.hibernate.orm.jpa : HHH008540: Processing PersistenceUnitInfo [name: default]
2026-07-20 16:42:30 [INFO ] [main] org.hibernate.orm.core : HHH000001: Hibernate ORM core version 7.4.1.Final
2026-07-20 16:42:31 [INFO ] [main] o.s.o.j.p.SpringPersistenceUnitInfo : No LoadTimeWeaver setup: ignoring JPA class transformer
2026-07-20 16:42:31 [INFO ] [main] com.zaxxer.hikari.HikariDataSource : HikariPool-1 - Starting...
2026-07-20 16:42:31 [INFO ] [main] com.zaxxer.hikari.pool.HikariPool : HikariPool-1 - Added connection org.postgresql.jdbc.PgConnection@4f65af91
2026-07-20 16:42:31 [INFO ] [main] com.zaxxer.hikari.HikariDataSource : HikariPool-1 - Start completed.
2026-07-20 16:42:32 [INFO ] [main] o.hibernate.orm.connections.pooling : HHH10001005: Database info:	Database JDBC URL [jdbc:postgresql://localhost:5432/Migration]	Database driver: PostgreSQL JDBC Driver	Database dialect: PostgreSQLDialect	Database version: 16.9	Default catalog/schema: Migration/public	Autocommit mode: undefined/unknown	Isolation level: READ_COMMITTED [default READ_COMMITTED]	JDBC fetch size: none	Pool: DataSourceConnectionProvider	Minimum pool size: undefined/unknown	Maximum pool size: undefined/unknown
2026-07-20 16:42:33 [INFO ] [main] org.hibernate.orm.core : HHH000489: No JTA platform available (set 'hibernate.transaction.jta.platform' to enable JTA platform integration)
2026-07-20 16:42:33 [INFO ] [main] o.s.o.j.LocalContainerEntityManagerFactoryBean : Initialized JPA EntityManagerFactory for persistence unit 'default'
2026-07-20 16:42:33 [INFO ] [main] o.s.d.j.r.q.QueryEnhancerFactories : Hibernate is in classpath; If applicable, HQL parser will be used.
2026-07-20 16:42:33 [INFO ] [main] c.m.service.ConfigurationService : [CONFIG] Loading tenant configuration from D:\MigrationReportTool\Backend\MigrationReport\config\tenant-mappings.json
2026-07-20 16:42:33 [INFO ] [main] c.m.service.ConfigurationService : [CONFIG] Loaded 1 applications from config.
2026-07-20 16:42:33 [INFO ] [main] c.m.dialect.DialectConfig : [DIALECT] Initializing PostgreSQL Dialect provider...
2026-07-20 16:42:33 [INFO ] [main] c.m.service.PropertyMappingService : [MAPPING] Loading property mapping templates from D:\MigrationReportTool\Backend\MigrationReport\config\property-mapping-templates.json
2026-07-20 16:42:34 [WARN ] [main] o.s.b.j.a.JpaBaseConfiguration$JpaWebConfiguration : spring.jpa.open-in-view is enabled by default. Therefore, database queries may be performed during view rendering. Explicitly configure spring.jpa.open-in-view to disable this warning
2026-07-20 16:42:34 [INFO ] [main] c.m.MigrationReportApplicationTests : Started MigrationReportApplicationTests in 6.399 seconds (process running for 7.668)
2026-07-20 16:42:35 [INFO ] [SpringApplicationShutdownHook] o.s.o.j.LocalContainerEntityManagerFactoryBean : Closing JPA EntityManagerFactory for persistence unit 'default'
2026-07-20 16:42:35 [INFO ] [SpringApplicationShutdownHook] com.zaxxer.hikari.HikariDataSource : HikariPool-1 - Shutdown initiated...
2026-07-20 16:42:35 [INFO ] [SpringApplicationShutdownHook] com.zaxxer.hikari.HikariDataSource : HikariPool-1 - Shutdown completed.
2026-07-20 16:42:48 [INFO ] [main] c.m.MigrationReportApplication : Starting MigrationReportApplication using Java 21.0.1 with PID 20540 (D:\MigrationReportTool\Backend\MigrationReport\target\classes started by Shaik Firoz in D:\MigrationReportTool\Backend\MigrationReport)
2026-07-20 16:42:48 [INFO ] [main] c.m.MigrationReportApplication : No active profile set, falling back to 1 default profile: "default"
2026-07-20 16:42:49 [INFO ] [main] o.s.d.r.c.RepositoryConfigurationDelegate : Bootstrapping Spring Data JPA repositories in DEFAULT mode.
2026-07-20 16:42:49 [INFO ] [main] o.s.d.r.c.RepositoryConfigurationDelegate : Finished Spring Data repository scanning in 36 ms. Found 1 JPA repository interface.
2026-07-20 16:42:49 [INFO ] [main] o.s.boot.tomcat.TomcatWebServer : Tomcat initialized with port 8080 (http)
2026-07-20 16:42:49 [INFO ] [main] o.a.catalina.core.StandardService : Starting service [Tomcat]
2026-07-20 16:42:49 [INFO ] [main] o.a.catalina.core.StandardEngine : Starting Servlet engine: [Apache Tomcat/11.0.24]
2026-07-20 16:42:49 [INFO ] [main] o.s.b.w.c.s.WebApplicationContextInitializer : Root WebApplicationContext: initialization completed in 847 ms
2026-07-20 16:42:49 [INFO ] [main] c.m.config.DataSourceConfig : [CONFIG] Loaded database configuration for active type postgres from D:\MigrationReportTool\Backend\MigrationReport\config\db-config.json
2026-07-20 16:42:50 [INFO ] [main] org.hibernate.orm.jpa : HHH008540: Processing PersistenceUnitInfo [name: default]
2026-07-20 16:42:50 [INFO ] [main] org.hibernate.orm.core : HHH000001: Hibernate ORM core version 7.4.1.Final
2026-07-20 16:42:50 [INFO ] [main] o.s.o.j.p.SpringPersistenceUnitInfo : No LoadTimeWeaver setup: ignoring JPA class transformer
2026-07-20 16:42:50 [INFO ] [main] com.zaxxer.hikari.HikariDataSource : HikariPool-1 - Starting...
2026-07-20 16:42:50 [INFO ] [main] com.zaxxer.hikari.pool.HikariPool : HikariPool-1 - Added connection org.postgresql.jdbc.PgConnection@2459333a
2026-07-20 16:42:50 [INFO ] [main] com.zaxxer.hikari.HikariDataSource : HikariPool-1 - Start completed.
2026-07-20 16:42:50 [INFO ] [main] o.hibernate.orm.connections.pooling : HHH10001005: Database info:	Database JDBC URL [jdbc:postgresql://localhost:5432/Migration]	Database driver: PostgreSQL JDBC Driver	Database dialect: PostgreSQLDialect	Database version: 16.9	Default catalog/schema: Migration/public	Autocommit mode: undefined/unknown	Isolation level: READ_COMMITTED [default READ_COMMITTED]	JDBC fetch size: none	Pool: DataSourceConnectionProvider	Minimum pool size: undefined/unknown	Maximum pool size: undefined/unknown
2026-07-20 16:42:51 [INFO ] [main] org.hibernate.orm.core : HHH000489: No JTA platform available (set 'hibernate.transaction.jta.platform' to enable JTA platform integration)
2026-07-20 16:42:51 [INFO ] [main] o.s.o.j.LocalContainerEntityManagerFactoryBean : Initialized JPA EntityManagerFactory for persistence unit 'default'
2026-07-20 16:42:51 [INFO ] [main] o.s.d.j.r.q.QueryEnhancerFactories : Hibernate is in classpath; If applicable, HQL parser will be used.
2026-07-20 16:42:51 [INFO ] [main] c.m.service.ConfigurationService : [CONFIG] Loading tenant configuration from D:\MigrationReportTool\Backend\MigrationReport\config\tenant-mappings.json
2026-07-20 16:42:51 [INFO ] [main] c.m.service.ConfigurationService : [CONFIG] Loaded 1 applications from config.
2026-07-20 16:42:51 [INFO ] [main] c.m.dialect.DialectConfig : [DIALECT] Initializing PostgreSQL Dialect provider...
2026-07-20 16:42:51 [INFO ] [main] c.m.service.PropertyMappingService : [MAPPING] Loading property mapping templates from D:\MigrationReportTool\Backend\MigrationReport\config\property-mapping-templates.json
2026-07-20 16:42:51 [WARN ] [main] o.s.b.j.a.JpaBaseConfiguration$JpaWebConfiguration : spring.jpa.open-in-view is enabled by default. Therefore, database queries may be performed during view rendering. Explicitly configure spring.jpa.open-in-view to disable this warning
2026-07-20 16:42:51 [INFO ] [main] o.s.boot.tomcat.TomcatWebServer : Tomcat started on port 8080 (http) with context path '/'
2026-07-20 16:42:51 [INFO ] [main] c.m.MigrationReportApplication : Started MigrationReportApplication in 3.244 seconds (process running for 3.863)
2026-07-20 16:43:15 [INFO ] [http-nio-8080-exec-1] o.a.c.c.C.[Tomcat].[localhost].[/] : Initializing Spring DispatcherServlet 'dispatcherServlet'
2026-07-20 16:43:15 [INFO ] [http-nio-8080-exec-1] o.s.web.servlet.DispatcherServlet : Initializing Servlet 'dispatcherServlet'
2026-07-20 16:43:15 [INFO ] [http-nio-8080-exec-1] o.s.web.servlet.DispatcherServlet : Completed initialization in 4 ms
2026-07-20 16:43:15 [ERROR] [http-nio-8080-exec-3] c.m.exception.GlobalExceptionHandler : Internal Server Error: 
org.springframework.web.servlet.resource.NoResourceFoundException: No static resource api/config/ui-settings for request '/api/config/ui-settings'.
	at org.springframework.web.servlet.resource.ResourceHttpRequestHandler.handleRequest(ResourceHttpRequestHandler.java:527)
	at org.springframework.web.servlet.mvc.HttpRequestHandlerAdapter.handle(HttpRequestHandlerAdapter.java:50)
	at org.springframework.web.servlet.DispatcherServlet.doDispatch(DispatcherServlet.java:963)
	at org.springframework.web.servlet.DispatcherServlet.doService(DispatcherServlet.java:866)
	at org.springframework.web.servlet.FrameworkServlet.processRequest(FrameworkServlet.java:1000)
	at org.springframework.web.servlet.FrameworkServlet.doGet(FrameworkServlet.java:892)
	at jakarta.servlet.http.HttpServlet.service(HttpServlet.java:622)
	at org.springframework.web.servlet.FrameworkServlet.service(FrameworkServlet.java:874)
	at jakarta.servlet.http.HttpServlet.service(HttpServlet.java:710)
	at org.apache.catalina.core.ApplicationFilterChain.doFilter(ApplicationFilterChain.java:132)
	at org.apache.tomcat.websocket.server.WsFilter.doFilter(WsFilter.java:59)
	at org.apache.catalina.core.ApplicationFilterChain.doFilter(ApplicationFilterChain.java:111)
	at org.springframework.web.filter.RequestContextFilter.doFilterInternal(RequestContextFilter.java:100)
	at org.springframework.web.filter.OncePerRequestFilter.doFilter(OncePerRequestFilter.java:116)
	at org.apache.catalina.core.ApplicationFilterChain.doFilter(ApplicationFilterChain.java:111)
	at org.springframework.web.filter.FormContentFilter.doFilterInternal(FormContentFilter.java:93)
	at org.springframework.web.filter.OncePerRequestFilter.doFilter(OncePerRequestFilter.java:116)
	at org.apache.catalina.core.ApplicationFilterChain.doFilter(ApplicationFilterChain.java:111)
	at org.springframework.web.filter.CharacterEncodingFilter.doFilterInternal(CharacterEncodingFilter.java:199)
	at org.springframework.web.filter.OncePerRequestFilter.doFilter(OncePerRequestFilter.java:116)
	at org.apache.catalina.core.ApplicationFilterChain.doFilter(ApplicationFilterChain.java:111)
	at com.migrationreport.config.SecurityHeadersFilter.doFilter(SecurityHeadersFilter.java:37)
	at org.apache.catalina.core.ApplicationFilterChain.doFilter(ApplicationFilterChain.java:111)
	at org.apache.catalina.core.StandardWrapperValve.invoke(StandardWrapperValve.java:165)
	at org.apache.catalina.core.StandardContextValve.invoke(StandardContextValve.java:77)
	at org.apache.catalina.authenticator.AuthenticatorBase.invoke(AuthenticatorBase.java:535)
	at org.apache.catalina.core.StandardHostValve.invoke(StandardHostValve.java:115)
	at org.apache.catalina.valves.ErrorReportValve.invoke(ErrorReportValve.java:86)
	at org.apache.catalina.core.StandardEngineValve.invoke(StandardEngineValve.java:71)
	at org.apache.catalina.connector.CoyoteAdapter.service(CoyoteAdapter.java:347)
	at org.apache.coyote.http11.Http11Processor.service(Http11Processor.java:406)
	at org.apache.coyote.AbstractProcessorLight.process(AbstractProcessorLight.java:71)
	at org.apache.coyote.AbstractProtocol$ConnectionHandler.process(AbstractProtocol.java:1307)
	at org.apache.tomcat.util.net.NioEndpoint$SocketProcessor.doRun(NioEndpoint.java:2036)
	at org.apache.tomcat.util.net.SocketProcessorBase.run(SocketProcessorBase.java:74)
	at org.apache.tomcat.util.threads.ThreadPoolExecutor.runWorker(ThreadPoolExecutor.java:949)
	at org.apache.tomcat.util.threads.ThreadPoolExecutor$Worker.run(ThreadPoolExecutor.java:483)
	at org.apache.tomcat.util.threads.TaskThread$WrappingRunnable.run(TaskThread.java:74)
	at java.base/java.lang.Thread.run(Thread.java:1583)
2026-07-20 16:43:15 [INFO ] [http-nio-8080-exec-2] c.m.c.ConfigurationController : Starting method: getConfig
2026-07-20 16:43:15 [INFO ] [http-nio-8080-exec-2] c.m.c.ConfigurationController : [CONFIG] Fetching cached tenant configuration
2026-07-20 16:43:15 [INFO ] [http-nio-8080-exec-2] c.m.c.ConfigurationController : Ending method: getConfig
2026-07-20 16:43:18 [INFO ] [http-nio-8080-exec-4] c.m.controller.DiscoveryController : Starting method: getDocumentClasses with arguments: appId=ccol, type=source
2026-07-20 16:43:18 [INFO ] [http-nio-8080-exec-4] c.m.controller.DiscoveryController : Ending method: getDocumentClasses
2026-07-20 16:43:22 [INFO ] [http-nio-8080-exec-5] c.m.controller.DiscoveryController : Starting method: getDocumentClasses with arguments: appId=ccol, type=all
2026-07-20 16:43:22 [WARN ] [http-nio-8080-exec-5] c.m.service.DiscoveryService : Failed to fetch classes from tables. Falling back to classdef. Error: StatementCallback; bad SQL grammar [SELECT DISTINCT cd.symbolic_name FROM public.docversion_source dv JOIN public.classdef cd ON dv.object_class_id = cd.object_id WHERE cd.symbolic_name IS NOT NULL AND CAST(cd.sys_owned_bool AS VARCHAR) IN ('0', 'false', 'FALSE') UNION SELECT DISTINCT cd.symbolic_name FROM public.docversion_stagging dv JOIN public.classdef cd ON dv.object_class_id = cd.object_id WHERE cd.symbolic_name IS NOT NULL AND CAST(cd.sys_owned_bool AS VARCHAR) IN ('0', 'false', 'FALSE') UNION SELECT DISTINCT cd.symbolic_name FROM public.docversion_target dv JOIN public.classdef cd ON dv.object_class_id = cd.object_id WHERE cd.symbolic_name IS NOT NULL AND CAST(cd.sys_owned_bool AS VARCHAR) IN ('0', 'false', 'FALSE') UNION SELECT DISTINCT cd.symbolic_name FROM public.classdef dv JOIN public.classdef cd ON dv.object_class_id = cd.object_id WHERE cd.symbolic_name IS NOT NULL AND CAST(cd.sys_owned_bool AS VARCHAR) IN ('0', 'false', 'FALSE') UNION SELECT DISTINCT cd.symbolic_name FROM public.annotation dv JOIN public.classdef cd ON dv.object_class_id = cd.object_id WHERE cd.symbolic_name IS NOT NULL AND CAST(cd.sys_owned_bool AS VARCHAR) IN ('0', 'false', 'FALSE') UNION SELECT DISTINCT cd.symbolic_name FROM public.content dv JOIN public.classdef cd ON dv.object_class_id = cd.object_id WHERE cd.symbolic_name IS NOT NULL AND CAST(cd.sys_owned_bool AS VARCHAR) IN ('0', 'false', 'FALSE') UNION SELECT DISTINCT cd.symbolic_name FROM public.generic dv JOIN public.classdef cd ON dv.object_class_id = cd.object_id WHERE cd.symbolic_name IS NOT NULL AND CAST(cd.sys_owned_bool AS VARCHAR) IN ('0', 'false', 'FALSE') UNION SELECT DISTINCT cd.symbolic_name FROM public.checksum dv JOIN public.classdef cd ON dv.object_class_id = cd.object_id WHERE cd.symbolic_name IS NOT NULL AND CAST(cd.sys_owned_bool AS VARCHAR) IN ('0', 'false', 'FALSE') UNION SELECT DISTINCT cd.symbolic_name FROM public.columndef dv JOIN public.classdef cd ON dv.object_class_id = cd.object_id WHERE cd.symbolic_name IS NOT NULL AND CAST(cd.sys_owned_bool AS VARCHAR) IN ('0', 'false', 'FALSE') UNION SELECT DISTINCT cd.symbolic_name FROM public.propertydef dv JOIN public.classdef cd ON dv.object_class_id = cd.object_id WHERE cd.symbolic_name IS NOT NULL AND CAST(cd.sys_owned_bool AS VARCHAR) IN ('0', 'false', 'FALSE') UNION SELECT DISTINCT cd.symbolic_name FROM public.globalpropertydef dv JOIN public.classdef cd ON dv.object_class_id = cd.object_id WHERE cd.symbolic_name IS NOT NULL AND CAST(cd.sys_owned_bool AS VARCHAR) IN ('0', 'false', 'FALSE')]
2026-07-20 16:43:22 [INFO ] [http-nio-8080-exec-5] c.m.controller.DiscoveryController : Ending method: getDocumentClasses
2026-07-20 16:43:27 [INFO ] [http-nio-8080-exec-7] c.m.controller.DiscoveryController : Starting method: generateReport with arguments: endpoint=doc-count, criteria=com.migrationreport.dto.DiscoveryCriteria@2fc1785f
2026-07-20 16:43:27 [INFO ] [http-nio-8080-exec-7] c.m.controller.DiscoveryController : [DISCOVERY] Generating 'doc-count' report for App: 'ccol'
2026-07-20 16:43:27 [INFO ] [http-nio-8080-exec-7] c.m.service.DiscoveryService : [DISCOVERY] Executing Report Endpoint: 'doc-count' | SQL: select cd.symbolic_name as class_name, min(dv.create_date) as earliest_created, max(dv.create_date) as latest_created, count(dv.object_id) as total_documents, coalesce(sum(cast(dv.content_size as numeric)), 0) as total_size_bytes, coalesce(min(cast(dv.content_size as numeric)), 0) as min_size_bytes, coalesce(max(cast(dv.content_size as numeric)), 0) as max_size_bytes, cast(coalesce(sum(cast(dv.content_size as numeric)), 0) / 1073741824.0 as numeric(15, 6)) as total_size_gb  from public.docversion_source dv inner join public.classdef cd on dv.object_class_id = cd.object_id  where 1=1 and cd.symbolic_name in (?) and cast(cd.sys_owned_bool as varchar) in ('0', 'false', 'false')  and cd.symbolic_name not like 'cmacm%'  and cd.symbolic_name not like 'cmxt%'  and cd.symbolic_name not like 'cm%'  and cd.symbolic_name not like 'preferences%'  and cd.symbolic_name not in ('entrytemplate', 'storedsearch', 'recordstemplate', 'webcontenttemplate', 'relateditems', 'p8aelink')  and dv.create_date is not null group by cd.symbolic_name order by class_name | Params: [BankAccount]
2026-07-20 16:43:27 [INFO ] [http-nio-8080-exec-7] c.m.service.DiscoveryService : [DISCOVERY] Report executed in 24ms. Found 1 records.
2026-07-20 16:43:27 [INFO ] [http-nio-8080-exec-7] c.m.controller.DiscoveryController : [DISCOVERY] 'doc-count' report generated in 33ms. Found 1 records.
2026-07-20 16:43:27 [INFO ] [http-nio-8080-exec-7] c.m.controller.DiscoveryController : Ending method: generateReport
2026-07-20 16:43:30 [INFO ] [http-nio-8080-exec-10] c.m.controller.DiscoveryController : Starting method: generateReport with arguments: endpoint=doc-mime, criteria=com.migrationreport.dto.DiscoveryCriteria@5cd192b8
2026-07-20 16:43:30 [INFO ] [http-nio-8080-exec-10] c.m.controller.DiscoveryController : [DISCOVERY] Generating 'doc-mime' report for App: 'ccol'
2026-07-20 16:43:30 [INFO ] [http-nio-8080-exec-10] c.m.service.DiscoveryService : [DISCOVERY] Executing Report Endpoint: 'doc-mime' | SQL: select coalesce(dv.mime_type, 'no mime type') as mime_type, count(*) as doc_count from public.docversion_source dv left join public.classdef cd on dv.object_class_id = cd.object_id  where 1=1 and cd.symbolic_name in (?) and cast(cd.sys_owned_bool as varchar) in ('0', 'false', 'false')  and cd.symbolic_name not like 'cmacm%'  and cd.symbolic_name not like 'cmxt%'  and cd.symbolic_name not like 'cm%'  and cd.symbolic_name not like 'preferences%'  and cd.symbolic_name not in ('entrytemplate', 'storedsearch', 'recordstemplate', 'webcontenttemplate', 'relateditems', 'p8aelink')  group by coalesce(dv.mime_type, 'no mime type') order by doc_count desc | Params: [BankAccount]
2026-07-20 16:43:30 [INFO ] [http-nio-8080-exec-10] c.m.service.DiscoveryService : [DISCOVERY] Report executed in 7ms. Found 6 records.
2026-07-20 16:43:30 [INFO ] [http-nio-8080-exec-10] c.m.controller.DiscoveryController : [DISCOVERY] 'doc-mime' report generated in 9ms. Found 6 records.
2026-07-20 16:43:30 [INFO ] [http-nio-8080-exec-10] c.m.controller.DiscoveryController : Ending method: generateReport
2026-07-20 16:43:35 [INFO ] [http-nio-8080-exec-1] c.m.controller.DiscoveryController : Starting method: generateReport with arguments: endpoint=size-bucket, criteria=com.migrationreport.dto.DiscoveryCriteria@6d200b2c
2026-07-20 16:43:35 [INFO ] [http-nio-8080-exec-1] c.m.controller.DiscoveryController : [DISCOVERY] Generating 'size-bucket' report for App: 'ccol'
2026-07-20 16:43:35 [INFO ] [http-nio-8080-exec-1] c.m.service.DiscoveryService : [DISCOVERY] Executing Report Endpoint: 'size-bucket' | SQL: select case when cast(dv.content_size as numeric) is null then '0. no content' when cast(dv.content_size as numeric) = 0 then '1. zero bytes' when cast(dv.content_size as numeric) between 1 and 102399 then '2. under 100 kb' when cast(dv.content_size as numeric) between 102400 and 511999 then '3. 100 kb - 500 kb' when cast(dv.content_size as numeric) between 512000 and 1048575 then '4. 500 kb - 1 mb' when cast(dv.content_size as numeric) between 1048576 and 5242879 then '5. 1 mb - 5 mb' when cast(dv.content_size as numeric) between 5242880 and 10485759 then '6. 5 mb - 10 mb' when cast(dv.content_size as numeric) between 10485760 and 26214399 then '7. 10 mb - 25 mb' when cast(dv.content_size as numeric) between 26214400 and 52428799 then '8. 25 mb - 50 mb' when cast(dv.content_size as numeric) between 52428800 and 104857599 then '9. 50 mb - 100 mb' else '10. over 100 mb' end as size_range, count(dv.object_id) as total_documents, coalesce(sum(cast(dv.content_size as numeric)), 0) as total_size_bytes, cast(coalesce(sum(cast(dv.content_size as numeric)), 0) / 1048576.0 as numeric(15, 6)) as total_size_mb, cast(coalesce(sum(cast(dv.content_size as numeric)), 0) / 1073741824.0 as numeric(15, 6)) as total_size_gb  from public.docversion_source dv left join public.classdef cd on dv.object_class_id = cd.object_id  where 1=1 and cd.symbolic_name in (?) and cast(cd.sys_owned_bool as varchar) in ('0', 'false', 'false')  and cd.symbolic_name not like 'cmacm%'  and cd.symbolic_name not like 'cmxt%'  and cd.symbolic_name not like 'cm%'  and cd.symbolic_name not like 'preferences%'  and cd.symbolic_name not in ('entrytemplate', 'storedsearch', 'recordstemplate', 'webcontenttemplate', 'relateditems', 'p8aelink')  group by size_range order by size_range | Params: [BankAccount]
2026-07-20 16:43:35 [INFO ] [http-nio-8080-exec-1] c.m.service.DiscoveryService : [DISCOVERY] Report executed in 16ms. Found 4 records.
2026-07-20 16:43:35 [INFO ] [http-nio-8080-exec-1] c.m.controller.DiscoveryController : [DISCOVERY] 'size-bucket' report generated in 34ms. Found 4 records.
2026-07-20 16:43:35 [INFO ] [http-nio-8080-exec-1] c.m.controller.DiscoveryController : Ending method: generateReport
2026-07-20 16:43:38 [INFO ] [http-nio-8080-exec-2] c.m.controller.DiscoveryController : Starting method: generateReport with arguments: endpoint=doc-year-wise, criteria=com.migrationreport.dto.DiscoveryCriteria@12be0f11
2026-07-20 16:43:38 [INFO ] [http-nio-8080-exec-2] c.m.controller.DiscoveryController : [DISCOVERY] Generating 'doc-year-wise' report for App: 'ccol'
2026-07-20 16:43:38 [INFO ] [http-nio-8080-exec-2] c.m.service.DiscoveryService : [DISCOVERY] Executing Report Endpoint: 'doc-year-wise' | SQL: select cd.symbolic_name as class_name, extract(year from cast(dv.create_date as timestamp)) as creation_year, count(dv.object_id) as total_documents from public.docversion_source dv inner join public.classdef cd on dv.object_class_id = cd.object_id  where 1=1 and cd.symbolic_name in (?) and cast(cd.sys_owned_bool as varchar) in ('0', 'false', 'false')  and cd.symbolic_name not like 'cmacm%'  and cd.symbolic_name not like 'cmxt%'  and cd.symbolic_name not like 'cm%'  and cd.symbolic_name not like 'preferences%'  and cd.symbolic_name not in ('entrytemplate', 'storedsearch', 'recordstemplate', 'webcontenttemplate', 'relateditems', 'p8aelink')  and dv.create_date is not null group by cd.symbolic_name, extract(year from cast(dv.create_date as timestamp)) order by cd.symbolic_name, creation_year | Params: [BankAccount]
2026-07-20 16:43:38 [INFO ] [http-nio-8080-exec-2] c.m.service.DiscoveryService : [DISCOVERY] Report executed in 10ms. Found 1 records.
2026-07-20 16:43:38 [INFO ] [http-nio-8080-exec-2] c.m.controller.DiscoveryController : [DISCOVERY] 'doc-year-wise' report generated in 13ms. Found 1 records.
2026-07-20 16:43:38 [INFO ] [http-nio-8080-exec-2] c.m.controller.DiscoveryController : Ending method: generateReport
2026-07-20 16:43:40 [INFO ] [http-nio-8080-exec-5] c.m.controller.DiscoveryController : Starting method: generateReport with arguments: endpoint=doc-year-month, criteria=com.migrationreport.dto.DiscoveryCriteria@52ca2f7f
2026-07-20 16:43:40 [INFO ] [http-nio-8080-exec-5] c.m.controller.DiscoveryController : [DISCOVERY] Generating 'doc-year-month' report for App: 'ccol'
2026-07-20 16:43:40 [INFO ] [http-nio-8080-exec-5] c.m.service.DiscoveryService : [DISCOVERY] Executing Report Endpoint: 'doc-year-month' | SQL: select cd.symbolic_name as class_name, extract(year from cast(dv.create_date as timestamp)) as creation_year, extract(month from cast(dv.create_date as timestamp)) as creation_month, count(dv.object_id) as total_documents  from public.docversion_source dv inner join public.classdef cd on dv.object_class_id = cd.object_id  where 1=1 and cd.symbolic_name in (?) and cast(cd.sys_owned_bool as varchar) in ('0', 'false', 'false')  and cd.symbolic_name not like 'cmacm%'  and cd.symbolic_name not like 'cmxt%'  and cd.symbolic_name not like 'cm%'  and cd.symbolic_name not like 'preferences%'  and cd.symbolic_name not in ('entrytemplate', 'storedsearch', 'recordstemplate', 'webcontenttemplate', 'relateditems', 'p8aelink')  and dv.create_date is not null group by cd.symbolic_name, extract(year from cast(dv.create_date as timestamp)), extract(month from cast(dv.create_date as timestamp)) order by cd.symbolic_name, creation_year, creation_month | Params: [BankAccount]
2026-07-20 16:43:40 [INFO ] [http-nio-8080-exec-5] c.m.service.DiscoveryService : [DISCOVERY] Report executed in 36ms. Found 1 records.
2026-07-20 16:43:40 [INFO ] [http-nio-8080-exec-5] c.m.controller.DiscoveryController : [DISCOVERY] 'doc-year-month' report generated in 48ms. Found 1 records.
2026-07-20 16:43:40 [INFO ] [http-nio-8080-exec-5] c.m.controller.DiscoveryController : Ending method: generateReport
2026-07-20 16:43:44 [INFO ] [http-nio-8080-exec-6] c.m.controller.DiscoveryController : Starting method: generateReport with arguments: endpoint=doc-year-month, criteria=com.migrationreport.dto.DiscoveryCriteria@3086e8d0
2026-07-20 16:43:44 [INFO ] [http-nio-8080-exec-6] c.m.controller.DiscoveryController : [DISCOVERY] Generating 'doc-year-month' report for App: 'ccol'
2026-07-20 16:43:44 [INFO ] [http-nio-8080-exec-6] c.m.service.DiscoveryService : [DISCOVERY] Executing Report Endpoint: 'doc-year-month' | SQL: select cd.symbolic_name as class_name, extract(year from cast(dv.create_date as timestamp)) as creation_year, extract(month from cast(dv.create_date as timestamp)) as creation_month, count(dv.object_id) as total_documents  from public.docversion_source dv inner join public.classdef cd on dv.object_class_id = cd.object_id  where 1=1 and cast(cd.sys_owned_bool as varchar) in ('0', 'false', 'false')  and cd.symbolic_name not like 'cmacm%'  and cd.symbolic_name not like 'cmxt%'  and cd.symbolic_name not like 'cm%'  and cd.symbolic_name not like 'preferences%'  and cd.symbolic_name not in ('entrytemplate', 'storedsearch', 'recordstemplate', 'webcontenttemplate', 'relateditems', 'p8aelink')  and dv.create_date is not null group by cd.symbolic_name, extract(year from cast(dv.create_date as timestamp)), extract(month from cast(dv.create_date as timestamp)) order by cd.symbolic_name, creation_year, creation_month | Params: []
2026-07-20 16:43:44 [INFO ] [http-nio-8080-exec-6] c.m.service.DiscoveryService : [DISCOVERY] Report executed in 31ms. Found 3 records.
2026-07-20 16:43:44 [INFO ] [http-nio-8080-exec-6] c.m.controller.DiscoveryController : [DISCOVERY] 'doc-year-month' report generated in 31ms. Found 3 records.
2026-07-20 16:43:44 [INFO ] [http-nio-8080-exec-6] c.m.controller.DiscoveryController : Ending method: generateReport
2026-07-20 16:43:49 [INFO ] [http-nio-8080-exec-7] c.m.controller.DiscoveryController : Starting method: getDocumentClasses with arguments: appId=ccol, type=source
2026-07-20 16:43:49 [INFO ] [http-nio-8080-exec-8] c.m.controller.ExceptionController : Starting method: getMetadataFields with arguments: appId=ccol, documentClass=null
2026-07-20 16:43:49 [INFO ] [http-nio-8080-exec-7] c.m.controller.DiscoveryController : Ending method: getDocumentClasses
2026-07-20 16:43:49 [INFO ] [http-nio-8080-exec-8] c.m.controller.ExceptionController : Ending method: getMetadataFields
2026-07-20 16:43:51 [INFO ] [http-nio-8080-exec-10] c.m.controller.ExceptionController : Starting method: getMetadataFields with arguments: appId=ccol, documentClass=BankAccount
2026-07-20 16:43:51 [INFO ] [http-nio-8080-exec-10] c.m.controller.ExceptionController : Ending method: getMetadataFields
2026-07-20 16:43:53 [INFO ] [http-nio-8080-exec-1] c.m.controller.DeliverableController : Starting method: getMigrationReport with arguments: DeliverableRequest(applicationName=Ccol, documentClass=BankAccount, createdDate=null, startDate=null, endDate=null, migrationStatus=null)
2026-07-20 16:43:53 [INFO ] [http-nio-8080-exec-1] c.m.controller.DeliverableController : [DELIVERABLES] Generating migration report for application: Ccol
2026-07-20 16:43:53 [INFO ] [http-nio-8080-exec-1] c.m.service.DeliverableService : [DELIVERABLE] Executing Aggregated Query | SQL: select object_class_id as documentclass, count(*) as totaldocuments, coalesce(sum(coalesce(cast(nullif(content_size, '') as numeric),0))/1073741824.0,0) as totalfilesizegb, count(case when lower(migration_status) in ('success','migrated') then 1 end) as extractedfilenet, count(case when lower(migration_status) = 'failed' then 1 end) as extractionfailed, count(case when lower(migration_status) not in ('success','migrated','failed') then 1 end) as remaining, coalesce(sum(case when lower(migration_status) in ('success','migrated') then coalesce(cast(nullif(content_size, '') as numeric),0) else 0 end)/1073741824.0,0) as extractedfilesizegb, case when count(*)>0 then round(count(case when lower(migration_status) in ('success','migrated') then 1 end)*100.0/count(*),2) else 0 end as percentcompletion, case when count(*)>0 then round(count(case when lower(migration_status) = 'failed' then 1 end)*100.0/count(*),2) else 0 end as percentfailed, 0.0 as migrationruntimedays from public.docversion_stagging where 1=1 and object_class_id in (select object_id from public.classdef where lower(symbolic_name) = lower(?)) group by object_class_id order by object_class_id | Params: [BankAccount]
2026-07-20 16:43:53 [INFO ] [http-nio-8080-exec-1] c.m.controller.DeliverableController : [DELIVERABLES] Migration report generated in 44ms. Rows: 1
2026-07-20 16:43:53 [INFO ] [http-nio-8080-exec-1] c.m.controller.DeliverableController : Ending method: getMigrationReport
2026-07-20 16:43:56 [INFO ] [http-nio-8080-exec-3] c.m.controller.DeliverableController : Starting method: getMigrationReport with arguments: DeliverableRequest(applicationName=Ccol, documentClass=BankAccount, createdDate=null, startDate=null, endDate=null, migrationStatus=Success)
2026-07-20 16:43:56 [INFO ] [http-nio-8080-exec-3] c.m.controller.DeliverableController : [DELIVERABLES] Generating migration report for application: Ccol
2026-07-20 16:43:56 [INFO ] [http-nio-8080-exec-3] c.m.service.DeliverableService : [DELIVERABLE] Executing Detailed Query | SQL: select object_id, mime_type, content_size, u0448_cmacmmashupserveruri, u0528_cmacmdeploymentversionnu, u0cb8_bpayref, u1058_payeename, u12a8_targetobjectstorename, u1708_documenttitle, u1aa2_ignoreredirect, u1b08_layoutversionseriesid, u1bb6_loanterm, u1ce8_layoutid, u2672_cmacmregistered, u2918_entrytemplatedescription, u2a76_cmsearchschemaversion, u2d52_icnautorun, u2e28_componentbindinglabel, u3018_brokername, u3026_cmacmruletype, u3478_cmacmversionnumber, u3975_targetobjectclassid, u3a18_accno, u4176_cmacmvcscommitstatus, u46a8_accttype, u4ed4_txnamount, u5058_acctstatus, u5163_settledate, u5948_entrytemplatelaunchedwor, u5ce8_entrytemplateobjectstore, u6116_cmacmtype, u6173_cmacmvcsheartbeatdate, u6326_cmacmintegrationtype, u63a4_currentbalance, u63a8_preferencetype, u63b4_runbalance, u65d4_loanamount, u76f8_targetobjecttype, u7908_bsbnumber, u7ec8_applname, u8bd6_searchingobjecttype, u8ee3_txndate, u90b8_applno, u9528_txntype, u95a4_intrate, u9855_entrytemplateid, u9af8_propaddress, u9b28_txndesc, u9ba8_branchname, u9c18_txnstatus, ua0c2_icnshowintree, ua0d8_txnid, ua3a3_opendate, ua598_accholdername, uaa76_cmacmtargetenvironmentty, uaf94_availbalance, ub168_searchingobjectstores, ub376_cmacmworkflowconvertstat, ube06_searchtype, uc112_cmacmincludeswebapplicat, ud578_customobjecttype, ud818_applicationname, udf76_cmacmvcsdeliverstatus, ue148_applstatus, ue148_targetsiteid, ue4b8_description, uf8f8_custid from public.docversion_stagging where 1=1 and object_class_id in (select object_id from public.classdef where lower(symbolic_name) = lower(?)) and lower(migration_status) in ('success', 'migrated') limit 5000 | Params: [BankAccount]
2026-07-20 16:43:56 [INFO ] [http-nio-8080-exec-3] c.m.controller.DeliverableController : [DELIVERABLES] Migration report generated in 354ms. Rows: 3062
2026-07-20 16:43:56 [INFO ] [http-nio-8080-exec-3] c.m.controller.DeliverableController : Ending method: getMigrationReport
2026-07-20 16:44:20 [INFO ] [http-nio-8080-exec-2] c.m.controller.DeliverableController : Starting method: getMigrationReport with arguments: DeliverableRequest(applicationName=Ccol, documentClass=BankAccount, createdDate=null, startDate=null, endDate=null, migrationStatus=Failed)
2026-07-20 16:44:20 [INFO ] [http-nio-8080-exec-2] c.m.controller.DeliverableController : [DELIVERABLES] Generating migration report for application: Ccol
2026-07-20 16:44:20 [INFO ] [http-nio-8080-exec-2] c.m.service.DeliverableService : [DELIVERABLE] Executing Detailed Query | SQL: select object_id, mime_type, content_size, u0448_cmacmmashupserveruri, u0528_cmacmdeploymentversionnu, u0cb8_bpayref, u1058_payeename, u12a8_targetobjectstorename, u1708_documenttitle, u1aa2_ignoreredirect, u1b08_layoutversionseriesid, u1bb6_loanterm, u1ce8_layoutid, u2672_cmacmregistered, u2918_entrytemplatedescription, u2a76_cmsearchschemaversion, u2d52_icnautorun, u2e28_componentbindinglabel, u3018_brokername, u3026_cmacmruletype, u3478_cmacmversionnumber, u3975_targetobjectclassid, u3a18_accno, u4176_cmacmvcscommitstatus, u46a8_accttype, u4ed4_txnamount, u5058_acctstatus, u5163_settledate, u5948_entrytemplatelaunchedwor, u5ce8_entrytemplateobjectstore, u6116_cmacmtype, u6173_cmacmvcsheartbeatdate, u6326_cmacmintegrationtype, u63a4_currentbalance, u63a8_preferencetype, u63b4_runbalance, u65d4_loanamount, u76f8_targetobjecttype, u7908_bsbnumber, u7ec8_applname, u8bd6_searchingobjecttype, u8ee3_txndate, u90b8_applno, u9528_txntype, u95a4_intrate, u9855_entrytemplateid, u9af8_propaddress, u9b28_txndesc, u9ba8_branchname, u9c18_txnstatus, ua0c2_icnshowintree, ua0d8_txnid, ua3a3_opendate, ua598_accholdername, uaa76_cmacmtargetenvironmentty, uaf94_availbalance, ub168_searchingobjectstores, ub376_cmacmworkflowconvertstat, ube06_searchtype, uc112_cmacmincludeswebapplicat, ud578_customobjecttype, ud818_applicationname, udf76_cmacmvcsdeliverstatus, ue148_applstatus, ue148_targetsiteid, ue4b8_description, uf8f8_custid from public.docversion_stagging where 1=1 and object_class_id in (select object_id from public.classdef where lower(symbolic_name) = lower(?)) and lower(migration_status) = 'failed' limit 5000 | Params: [BankAccount]
2026-07-20 16:44:20 [INFO ] [http-nio-8080-exec-2] c.m.controller.DeliverableController : [DELIVERABLES] Migration report generated in 33ms. Rows: 10
2026-07-20 16:44:20 [INFO ] [http-nio-8080-exec-2] c.m.controller.DeliverableController : Ending method: getMigrationReport
2026-07-20 16:44:31 [INFO ] [http-nio-8080-exec-4] c.m.controller.DiscoveryController : Starting method: getDocumentClasses with arguments: appId=ccol, type=source
2026-07-20 16:44:31 [INFO ] [http-nio-8080-exec-4] c.m.controller.DiscoveryController : Ending method: getDocumentClasses
2026-07-20 16:44:34 [INFO ] [http-nio-8080-exec-6] c.m.controller.ChecksumController : Starting method: getReport with arguments: ChecksumReportRequest(appId=ccol, documentClass=BankAccount, fromDate=null, toDate=null, migrationStatus=Success)
2026-07-20 16:44:34 [INFO ] [http-nio-8080-exec-6] c.m.controller.ChecksumController : [CHECKSUM] Generating checksum report for Application: 'ccol'
2026-07-20 16:44:34 [INFO ] [http-nio-8080-exec-6] c.m.service.ChecksumService : [CHECKSUM] Executing SQL: select c.documentid, c.checksumbefore, c.checksumafter, c.filename, c.checksum_status, s.* from public.checksum c inner join public.docversion_stagging s on c.documentid = s.object_id where 1=1 and lower(s.migration_status) in ('success', 'migrated') and s.object_class_id in (select object_id from public.classdef where lower(symbolic_name) = lower(?)) | Params: [BankAccount]
2026-07-20 16:44:34 [INFO ] [http-nio-8080-exec-6] c.m.service.ChecksumService : [CHECKSUM] Query executed in 315ms. Found 2200 records.
2026-07-20 16:44:34 [INFO ] [http-nio-8080-exec-6] c.m.controller.ChecksumController : [CHECKSUM] Checksum report generated in 415ms. Total Records Analyzed: 2200
2026-07-20 16:44:34 [INFO ] [http-nio-8080-exec-6] c.m.controller.ChecksumController : Ending method: getReport
2026-07-20 16:44:41 [ERROR] [http-nio-8080-exec-7] c.m.exception.GlobalExceptionHandler : Internal Server Error: 
org.springframework.web.servlet.resource.NoResourceFoundException: No static resource api/config/ui-settings for request '/api/config/ui-settings'.
	at org.springframework.web.servlet.resource.ResourceHttpRequestHandler.handleRequest(ResourceHttpRequestHandler.java:527)
	at org.springframework.web.servlet.mvc.HttpRequestHandlerAdapter.handle(HttpRequestHandlerAdapter.java:50)
	at org.springframework.web.servlet.DispatcherServlet.doDispatch(DispatcherServlet.java:963)
	at org.springframework.web.servlet.DispatcherServlet.doService(DispatcherServlet.java:866)
	at org.springframework.web.servlet.FrameworkServlet.processRequest(FrameworkServlet.java:1000)
	at org.springframework.web.servlet.FrameworkServlet.doGet(FrameworkServlet.java:892)
	at jakarta.servlet.http.HttpServlet.service(HttpServlet.java:622)
	at org.springframework.web.servlet.FrameworkServlet.service(FrameworkServlet.java:874)
	at jakarta.servlet.http.HttpServlet.service(HttpServlet.java:710)
	at org.apache.catalina.core.ApplicationFilterChain.doFilter(ApplicationFilterChain.java:132)
	at org.apache.tomcat.websocket.server.WsFilter.doFilter(WsFilter.java:59)
	at org.apache.catalina.core.ApplicationFilterChain.doFilter(ApplicationFilterChain.java:111)
	at org.springframework.web.filter.RequestContextFilter.doFilterInternal(RequestContextFilter.java:100)
	at org.springframework.web.filter.OncePerRequestFilter.doFilter(OncePerRequestFilter.java:116)
	at org.apache.catalina.core.ApplicationFilterChain.doFilter(ApplicationFilterChain.java:111)
	at org.springframework.web.filter.FormContentFilter.doFilterInternal(FormContentFilter.java:93)
	at org.springframework.web.filter.OncePerRequestFilter.doFilter(OncePerRequestFilter.java:116)
	at org.apache.catalina.core.ApplicationFilterChain.doFilter(ApplicationFilterChain.java:111)
	at org.springframework.web.filter.CharacterEncodingFilter.doFilterInternal(CharacterEncodingFilter.java:199)
	at org.springframework.web.filter.OncePerRequestFilter.doFilter(OncePerRequestFilter.java:116)
	at org.apache.catalina.core.ApplicationFilterChain.doFilter(ApplicationFilterChain.java:111)
	at com.migrationreport.config.SecurityHeadersFilter.doFilter(SecurityHeadersFilter.java:37)
	at org.apache.catalina.core.ApplicationFilterChain.doFilter(ApplicationFilterChain.java:111)
	at org.apache.catalina.core.StandardWrapperValve.invoke(StandardWrapperValve.java:165)
	at org.apache.catalina.core.StandardContextValve.invoke(StandardContextValve.java:77)
	at org.apache.catalina.authenticator.AuthenticatorBase.invoke(AuthenticatorBase.java:535)
	at org.apache.catalina.core.StandardHostValve.invoke(StandardHostValve.java:115)
	at org.apache.catalina.valves.ErrorReportValve.invoke(ErrorReportValve.java:86)
	at org.apache.catalina.core.StandardEngineValve.invoke(StandardEngineValve.java:71)
	at org.apache.catalina.connector.CoyoteAdapter.service(CoyoteAdapter.java:347)
	at org.apache.coyote.http11.Http11Processor.service(Http11Processor.java:406)
	at org.apache.coyote.AbstractProcessorLight.process(AbstractProcessorLight.java:71)
	at org.apache.coyote.AbstractProtocol$ConnectionHandler.process(AbstractProtocol.java:1307)
	at org.apache.tomcat.util.net.NioEndpoint$SocketProcessor.doRun(NioEndpoint.java:2036)
	at org.apache.tomcat.util.net.SocketProcessorBase.run(SocketProcessorBase.java:74)
	at org.apache.tomcat.util.threads.ThreadPoolExecutor.runWorker(ThreadPoolExecutor.java:949)
	at org.apache.tomcat.util.threads.ThreadPoolExecutor$Worker.run(ThreadPoolExecutor.java:483)
	at org.apache.tomcat.util.threads.TaskThread$WrappingRunnable.run(TaskThread.java:74)
	at java.base/java.lang.Thread.run(Thread.java:1583)
2026-07-20 16:44:48 [INFO ] [http-nio-8080-exec-3] c.m.controller.DiscoveryController : Starting method: getDocumentClasses with arguments: appId=ccol, type=source
2026-07-20 16:44:48 [INFO ] [http-nio-8080-exec-2] c.m.controller.DiscoveryController : Starting method: getDocumentClasses with arguments: appId=ccol, type=target
2026-07-20 16:44:48 [INFO ] [http-nio-8080-exec-3] c.m.controller.DiscoveryController : Ending method: getDocumentClasses
2026-07-20 16:44:48 [INFO ] [http-nio-8080-exec-2] c.m.controller.DiscoveryController : Ending method: getDocumentClasses
2026-07-20 16:44:50 [INFO ] [http-nio-8080-exec-5] c.m.controller.DiscoveryController : Starting method: getClassProperties with arguments: appId=ccol, docClass=BankAccount
2026-07-20 16:44:50 [INFO ] [http-nio-8080-exec-5] c.m.controller.DiscoveryController : Ending method: getClassProperties
2026-07-20 16:44:53 [INFO ] [http-nio-8080-exec-7] c.m.controller.DiscoveryController : Starting method: getClassProperties with arguments: appId=ccol, docClass=BankAccount
2026-07-20 16:44:53 [INFO ] [http-nio-8080-exec-7] c.m.controller.DiscoveryController : Ending method: getClassProperties
2026-07-20 16:45:05 [INFO ] [http-nio-8080-exec-8] c.m.controller.MonitorController : Starting method: getConfig
2026-07-20 16:45:05 [INFO ] [http-nio-8080-exec-8] c.m.controller.MonitorController : Ending method: getConfig
2026-07-20 16:45:07 [INFO ] [http-nio-8080-exec-1] c.m.c.ConfigurationController : Starting method: getDbConfig
2026-07-20 16:45:07 [INFO ] [http-nio-8080-exec-1] c.m.c.ConfigurationController : [CONFIG] Fetching Database Configuration
2026-07-20 16:45:07 [INFO ] [http-nio-8080-exec-1] c.m.c.ConfigurationController : Ending method: getDbConfig
2026-07-20 16:45:09 [ERROR] [http-nio-8080-exec-3] c.m.exception.GlobalExceptionHandler : Internal Server Error: 
org.springframework.web.servlet.resource.NoResourceFoundException: No static resource api/config/ui-settings for request '/api/config/ui-settings'.
	at org.springframework.web.servlet.resource.ResourceHttpRequestHandler.handleRequest(ResourceHttpRequestHandler.java:527)
	at org.springframework.web.servlet.mvc.HttpRequestHandlerAdapter.handle(HttpRequestHandlerAdapter.java:50)
	at org.springframework.web.servlet.DispatcherServlet.doDispatch(DispatcherServlet.java:963)
	at org.springframework.web.servlet.DispatcherServlet.doService(DispatcherServlet.java:866)
	at org.springframework.web.servlet.FrameworkServlet.processRequest(FrameworkServlet.java:1000)
	at org.springframework.web.servlet.FrameworkServlet.doGet(FrameworkServlet.java:892)
	at jakarta.servlet.http.HttpServlet.service(HttpServlet.java:622)
	at org.springframework.web.servlet.FrameworkServlet.service(FrameworkServlet.java:874)
	at jakarta.servlet.http.HttpServlet.service(HttpServlet.java:710)
	at org.apache.catalina.core.ApplicationFilterChain.doFilter(ApplicationFilterChain.java:132)
	at org.apache.tomcat.websocket.server.WsFilter.doFilter(WsFilter.java:59)
	at org.apache.catalina.core.ApplicationFilterChain.doFilter(ApplicationFilterChain.java:111)
	at org.springframework.web.filter.RequestContextFilter.doFilterInternal(RequestContextFilter.java:100)
	at org.springframework.web.filter.OncePerRequestFilter.doFilter(OncePerRequestFilter.java:116)
	at org.apache.catalina.core.ApplicationFilterChain.doFilter(ApplicationFilterChain.java:111)
	at org.springframework.web.filter.FormContentFilter.doFilterInternal(FormContentFilter.java:93)
	at org.springframework.web.filter.OncePerRequestFilter.doFilter(OncePerRequestFilter.java:116)
	at org.apache.catalina.core.ApplicationFilterChain.doFilter(ApplicationFilterChain.java:111)
	at org.springframework.web.filter.CharacterEncodingFilter.doFilterInternal(CharacterEncodingFilter.java:199)
	at org.springframework.web.filter.OncePerRequestFilter.doFilter(OncePerRequestFilter.java:116)
	at org.apache.catalina.core.ApplicationFilterChain.doFilter(ApplicationFilterChain.java:111)
	at com.migrationreport.config.SecurityHeadersFilter.doFilter(SecurityHeadersFilter.java:37)
	at org.apache.catalina.core.ApplicationFilterChain.doFilter(ApplicationFilterChain.java:111)
	at org.apache.catalina.core.StandardWrapperValve.invoke(StandardWrapperValve.java:165)
	at org.apache.catalina.core.StandardContextValve.invoke(StandardContextValve.java:77)
	at org.apache.catalina.authenticator.AuthenticatorBase.invoke(AuthenticatorBase.java:535)
	at org.apache.catalina.core.StandardHostValve.invoke(StandardHostValve.java:115)
	at org.apache.catalina.valves.ErrorReportValve.invoke(ErrorReportValve.java:86)
	at org.apache.catalina.core.StandardEngineValve.invoke(StandardEngineValve.java:71)
	at org.apache.catalina.connector.CoyoteAdapter.service(CoyoteAdapter.java:347)
	at org.apache.coyote.http11.Http11Processor.service(Http11Processor.java:406)
	at org.apache.coyote.AbstractProcessorLight.process(AbstractProcessorLight.java:71)
	at org.apache.coyote.AbstractProtocol$ConnectionHandler.process(AbstractProtocol.java:1307)
	at org.apache.tomcat.util.net.NioEndpoint$SocketProcessor.doRun(NioEndpoint.java:2036)
	at org.apache.tomcat.util.net.SocketProcessorBase.run(SocketProcessorBase.java:74)
	at org.apache.tomcat.util.threads.ThreadPoolExecutor.runWorker(ThreadPoolExecutor.java:949)
	at org.apache.tomcat.util.threads.ThreadPoolExecutor$Worker.run(ThreadPoolExecutor.java:483)
	at org.apache.tomcat.util.threads.TaskThread$WrappingRunnable.run(TaskThread.java:74)
	at java.base/java.lang.Thread.run(Thread.java:1583)
2026-07-20 16:45:11 [INFO ] [http-nio-8080-exec-2] c.m.controller.DiscoveryController : Starting method: getDocumentClasses with arguments: appId=ccol, type=source
2026-07-20 16:45:11 [INFO ] [http-nio-8080-exec-2] c.m.controller.DiscoveryController : Ending method: getDocumentClasses
2026-07-20 16:45:14 [INFO ] [http-nio-8080-exec-4] c.m.controller.ExceptionController : Starting method: getMetadataFields with arguments: appId=ccol, documentClass=BankAccount
2026-07-20 16:45:14 [INFO ] [http-nio-8080-exec-4] c.m.controller.ExceptionController : Ending method: getMetadataFields
2026-07-20 16:58:29 [INFO ] [http-nio-8080-exec-8] c.m.c.ConfigurationController : Starting method: getConfig
2026-07-20 16:58:29 [INFO ] [http-nio-8080-exec-8] c.m.c.ConfigurationController : [CONFIG] Fetching cached tenant configuration
2026-07-20 16:58:29 [INFO ] [http-nio-8080-exec-8] c.m.c.ConfigurationController : Ending method: getConfig
2026-07-20 16:58:29 [ERROR] [http-nio-8080-exec-7] c.m.exception.GlobalExceptionHandler : Internal Server Error: 
org.springframework.web.servlet.resource.NoResourceFoundException: No static resource api/config/ui-settings for request '/api/config/ui-settings'.
	at org.springframework.web.servlet.resource.ResourceHttpRequestHandler.handleRequest(ResourceHttpRequestHandler.java:527)
	at org.springframework.web.servlet.mvc.HttpRequestHandlerAdapter.handle(HttpRequestHandlerAdapter.java:50)
	at org.springframework.web.servlet.DispatcherServlet.doDispatch(DispatcherServlet.java:963)
	at org.springframework.web.servlet.DispatcherServlet.doService(DispatcherServlet.java:866)
	at org.springframework.web.servlet.FrameworkServlet.processRequest(FrameworkServlet.java:1000)
	at org.springframework.web.servlet.FrameworkServlet.doGet(FrameworkServlet.java:892)
	at jakarta.servlet.http.HttpServlet.service(HttpServlet.java:622)
	at org.springframework.web.servlet.FrameworkServlet.service(FrameworkServlet.java:874)
	at jakarta.servlet.http.HttpServlet.service(HttpServlet.java:710)
	at org.apache.catalina.core.ApplicationFilterChain.doFilter(ApplicationFilterChain.java:132)
	at org.apache.tomcat.websocket.server.WsFilter.doFilter(WsFilter.java:59)
	at org.apache.catalina.core.ApplicationFilterChain.doFilter(ApplicationFilterChain.java:111)
	at org.springframework.web.filter.RequestContextFilter.doFilterInternal(RequestContextFilter.java:100)
	at org.springframework.web.filter.OncePerRequestFilter.doFilter(OncePerRequestFilter.java:116)
	at org.apache.catalina.core.ApplicationFilterChain.doFilter(ApplicationFilterChain.java:111)
	at org.springframework.web.filter.FormContentFilter.doFilterInternal(FormContentFilter.java:93)
	at org.springframework.web.filter.OncePerRequestFilter.doFilter(OncePerRequestFilter.java:116)
	at org.apache.catalina.core.ApplicationFilterChain.doFilter(ApplicationFilterChain.java:111)
	at org.springframework.web.filter.CharacterEncodingFilter.doFilterInternal(CharacterEncodingFilter.java:199)
	at org.springframework.web.filter.OncePerRequestFilter.doFilter(OncePerRequestFilter.java:116)
	at org.apache.catalina.core.ApplicationFilterChain.doFilter(ApplicationFilterChain.java:111)
	at com.migrationreport.config.SecurityHeadersFilter.doFilter(SecurityHeadersFilter.java:37)
	at org.apache.catalina.core.ApplicationFilterChain.doFilter(ApplicationFilterChain.java:111)
	at org.apache.catalina.core.StandardWrapperValve.invoke(StandardWrapperValve.java:165)
	at org.apache.catalina.core.StandardContextValve.invoke(StandardContextValve.java:77)
	at org.apache.catalina.authenticator.AuthenticatorBase.invoke(AuthenticatorBase.java:535)
	at org.apache.catalina.core.StandardHostValve.invoke(StandardHostValve.java:115)
	at org.apache.catalina.valves.ErrorReportValve.invoke(ErrorReportValve.java:86)
	at org.apache.catalina.core.StandardEngineValve.invoke(StandardEngineValve.java:71)
	at org.apache.catalina.connector.CoyoteAdapter.service(CoyoteAdapter.java:347)
	at org.apache.coyote.http11.Http11Processor.service(Http11Processor.java:406)
	at org.apache.coyote.AbstractProcessorLight.process(AbstractProcessorLight.java:71)
	at org.apache.coyote.AbstractProtocol$ConnectionHandler.process(AbstractProtocol.java:1307)
	at org.apache.tomcat.util.net.NioEndpoint$SocketProcessor.doRun(NioEndpoint.java:2036)
	at org.apache.tomcat.util.net.SocketProcessorBase.run(SocketProcessorBase.java:74)
	at org.apache.tomcat.util.threads.ThreadPoolExecutor.runWorker(ThreadPoolExecutor.java:949)
	at org.apache.tomcat.util.threads.ThreadPoolExecutor$Worker.run(ThreadPoolExecutor.java:483)
	at org.apache.tomcat.util.threads.TaskThread$WrappingRunnable.run(TaskThread.java:74)
	at java.base/java.lang.Thread.run(Thread.java:1583)
2026-07-20 16:58:33 [INFO ] [http-nio-8080-exec-10] c.m.controller.DiscoveryController : Starting method: getDocumentClasses with arguments: appId=ccol, type=source
2026-07-20 16:58:33 [INFO ] [http-nio-8080-exec-10] c.m.controller.DiscoveryController : Ending method: getDocumentClasses
2026-07-20 16:58:34 [INFO ] [http-nio-8080-exec-9] c.m.controller.ExceptionController : Starting method: getMetadataFields with arguments: appId=ccol, documentClass=BankAccount
2026-07-20 16:58:34 [INFO ] [http-nio-8080-exec-9] c.m.controller.ExceptionController : Ending method: getMetadataFields
2026-07-20 17:02:35 [INFO ] [RMI TCP Connection(23)-127.0.0.1] o.s.b.a.SpringApplicationAdminMXBeanRegistrar$SpringApplicationAdmin : Application shutdown requested.
2026-07-20 17:02:35 [INFO ] [RMI TCP Connection(23)-127.0.0.1] o.s.boot.tomcat.GracefulShutdown : Commencing graceful shutdown. Waiting for active requests to complete
2026-07-20 17:02:35 [INFO ] [tomcat-shutdown] o.s.boot.tomcat.GracefulShutdown : Graceful shutdown complete
2026-07-20 17:02:35 [INFO ] [RMI TCP Connection(23)-127.0.0.1] o.s.o.j.LocalContainerEntityManagerFactoryBean : Closing JPA EntityManagerFactory for persistence unit 'default'
2026-07-20 17:02:35 [INFO ] [RMI TCP Connection(23)-127.0.0.1] com.zaxxer.hikari.HikariDataSource : HikariPool-1 - Shutdown initiated...
2026-07-20 17:02:35 [INFO ] [RMI TCP Connection(23)-127.0.0.1] com.zaxxer.hikari.HikariDataSource : HikariPool-1 - Shutdown completed.
2026-07-20 17:02:37 [INFO ] [main] c.m.MigrationReportApplication : Starting MigrationReportApplication using Java 21.0.1 with PID 2516 (D:\MigrationReportTool\Backend\MigrationReport\target\classes started by Shaik Firoz in D:\MigrationReportTool\Backend\MigrationReport)
2026-07-20 17:02:37 [INFO ] [main] c.m.MigrationReportApplication : No active profile set, falling back to 1 default profile: "default"
2026-07-20 17:02:38 [INFO ] [main] o.s.d.r.c.RepositoryConfigurationDelegate : Bootstrapping Spring Data JPA repositories in DEFAULT mode.
2026-07-20 17:02:38 [INFO ] [main] o.s.d.r.c.RepositoryConfigurationDelegate : Finished Spring Data repository scanning in 38 ms. Found 1 JPA repository interface.
2026-07-20 17:02:38 [INFO ] [main] o.s.boot.tomcat.TomcatWebServer : Tomcat initialized with port 8080 (http)
2026-07-20 17:02:38 [INFO ] [main] o.a.catalina.core.StandardService : Starting service [Tomcat]
2026-07-20 17:02:38 [INFO ] [main] o.a.catalina.core.StandardEngine : Starting Servlet engine: [Apache Tomcat/11.0.24]
2026-07-20 17:02:38 [INFO ] [main] o.s.b.w.c.s.WebApplicationContextInitializer : Root WebApplicationContext: initialization completed in 1013 ms
2026-07-20 17:02:38 [INFO ] [main] c.m.config.DataSourceConfig : [CONFIG] Loaded database configuration for active type postgres from D:\MigrationReportTool\Backend\MigrationReport\config\db-config.json
2026-07-20 17:02:38 [INFO ] [main] org.hibernate.orm.jpa : HHH008540: Processing PersistenceUnitInfo [name: default]
2026-07-20 17:02:38 [INFO ] [main] org.hibernate.orm.core : HHH000001: Hibernate ORM core version 7.4.1.Final
2026-07-20 17:02:39 [INFO ] [main] o.s.o.j.p.SpringPersistenceUnitInfo : No LoadTimeWeaver setup: ignoring JPA class transformer
2026-07-20 17:02:39 [INFO ] [main] com.zaxxer.hikari.HikariDataSource : HikariPool-1 - Starting...
2026-07-20 17:02:39 [INFO ] [main] com.zaxxer.hikari.pool.HikariPool : HikariPool-1 - Added connection org.postgresql.jdbc.PgConnection@2bd7f686
2026-07-20 17:02:39 [INFO ] [main] com.zaxxer.hikari.HikariDataSource : HikariPool-1 - Start completed.
2026-07-20 17:02:39 [INFO ] [main] o.hibernate.orm.connections.pooling : HHH10001005: Database info:	Database JDBC URL [jdbc:postgresql://localhost:5432/Migration]	Database driver: PostgreSQL JDBC Driver	Database dialect: PostgreSQLDialect	Database version: 16.9	Default catalog/schema: Migration/public	Autocommit mode: undefined/unknown	Isolation level: READ_COMMITTED [default READ_COMMITTED]	JDBC fetch size: none	Pool: DataSourceConnectionProvider	Minimum pool size: undefined/unknown	Maximum pool size: undefined/unknown
2026-07-20 17:02:40 [INFO ] [main] org.hibernate.orm.core : HHH000489: No JTA platform available (set 'hibernate.transaction.jta.platform' to enable JTA platform integration)
2026-07-20 17:02:40 [INFO ] [main] o.s.o.j.LocalContainerEntityManagerFactoryBean : Initialized JPA EntityManagerFactory for persistence unit 'default'
2026-07-20 17:02:40 [INFO ] [main] o.s.d.j.r.q.QueryEnhancerFactories : Hibernate is in classpath; If applicable, HQL parser will be used.
2026-07-20 17:02:40 [INFO ] [main] c.m.service.ConfigurationService : [CONFIG] Loading tenant configuration from D:\MigrationReportTool\Backend\MigrationReport\config\tenant-mappings.json
2026-07-20 17:02:40 [INFO ] [main] c.m.service.ConfigurationService : [CONFIG] Loaded 1 applications from config.
2026-07-20 17:02:40 [INFO ] [main] c.m.dialect.DialectConfig : [DIALECT] Initializing PostgreSQL Dialect provider...
2026-07-20 17:02:40 [INFO ] [main] c.m.service.PropertyMappingService : [MAPPING] Loading property mapping templates from D:\MigrationReportTool\Backend\MigrationReport\config\property-mapping-templates.json
2026-07-20 17:02:40 [WARN ] [main] o.s.b.j.a.JpaBaseConfiguration$JpaWebConfiguration : spring.jpa.open-in-view is enabled by default. Therefore, database queries may be performed during view rendering. Explicitly configure spring.jpa.open-in-view to disable this warning
2026-07-20 17:02:40 [INFO ] [main] o.s.boot.tomcat.TomcatWebServer : Tomcat started on port 8080 (http) with context path '/'
2026-07-20 17:02:40 [INFO ] [main] c.m.MigrationReportApplication : Started MigrationReportApplication in 3.734 seconds (process running for 4.364)
2026-07-20 17:02:47 [INFO ] [http-nio-8080-exec-3] o.a.c.c.C.[Tomcat].[localhost].[/] : Initializing Spring DispatcherServlet 'dispatcherServlet'
2026-07-20 17:02:47 [INFO ] [http-nio-8080-exec-3] o.s.web.servlet.DispatcherServlet : Initializing Servlet 'dispatcherServlet'
2026-07-20 17:02:47 [INFO ] [http-nio-8080-exec-3] o.s.web.servlet.DispatcherServlet : Completed initialization in 2 ms
2026-07-20 17:02:47 [INFO ] [http-nio-8080-exec-3] c.m.c.ConfigurationController : Starting method: getConfig
2026-07-20 17:02:47 [INFO ] [http-nio-8080-exec-3] c.m.c.ConfigurationController : [CONFIG] Fetching cached tenant configuration
2026-07-20 17:02:47 [INFO ] [http-nio-8080-exec-3] c.m.c.ConfigurationController : Ending method: getConfig
2026-07-20 17:02:47 [ERROR] [http-nio-8080-exec-1] c.m.exception.GlobalExceptionHandler : Internal Server Error: 
org.springframework.web.servlet.resource.NoResourceFoundException: No static resource api/config/ui-settings for request '/api/config/ui-settings'.
	at org.springframework.web.servlet.resource.ResourceHttpRequestHandler.handleRequest(ResourceHttpRequestHandler.java:527)
	at org.springframework.web.servlet.mvc.HttpRequestHandlerAdapter.handle(HttpRequestHandlerAdapter.java:50)
	at org.springframework.web.servlet.DispatcherServlet.doDispatch(DispatcherServlet.java:963)
	at org.springframework.web.servlet.DispatcherServlet.doService(DispatcherServlet.java:866)
	at org.springframework.web.servlet.FrameworkServlet.processRequest(FrameworkServlet.java:1000)
	at org.springframework.web.servlet.FrameworkServlet.doGet(FrameworkServlet.java:892)
	at jakarta.servlet.http.HttpServlet.service(HttpServlet.java:622)
	at org.springframework.web.servlet.FrameworkServlet.service(FrameworkServlet.java:874)
	at jakarta.servlet.http.HttpServlet.service(HttpServlet.java:710)
	at org.apache.catalina.core.ApplicationFilterChain.doFilter(ApplicationFilterChain.java:132)
	at org.apache.tomcat.websocket.server.WsFilter.doFilter(WsFilter.java:59)
	at org.apache.catalina.core.ApplicationFilterChain.doFilter(ApplicationFilterChain.java:111)
	at org.springframework.web.filter.RequestContextFilter.doFilterInternal(RequestContextFilter.java:100)
	at org.springframework.web.filter.OncePerRequestFilter.doFilter(OncePerRequestFilter.java:116)
	at org.apache.catalina.core.ApplicationFilterChain.doFilter(ApplicationFilterChain.java:111)
	at org.springframework.web.filter.FormContentFilter.doFilterInternal(FormContentFilter.java:93)
	at org.springframework.web.filter.OncePerRequestFilter.doFilter(OncePerRequestFilter.java:116)
	at org.apache.catalina.core.ApplicationFilterChain.doFilter(ApplicationFilterChain.java:111)
	at org.springframework.web.filter.CharacterEncodingFilter.doFilterInternal(CharacterEncodingFilter.java:199)
	at org.springframework.web.filter.OncePerRequestFilter.doFilter(OncePerRequestFilter.java:116)
	at org.apache.catalina.core.ApplicationFilterChain.doFilter(ApplicationFilterChain.java:111)
	at com.migrationreport.config.SecurityHeadersFilter.doFilter(SecurityHeadersFilter.java:37)
	at org.apache.catalina.core.ApplicationFilterChain.doFilter(ApplicationFilterChain.java:111)
	at org.apache.catalina.core.StandardWrapperValve.invoke(StandardWrapperValve.java:165)
	at org.apache.catalina.core.StandardContextValve.invoke(StandardContextValve.java:77)
	at org.apache.catalina.authenticator.AuthenticatorBase.invoke(AuthenticatorBase.java:535)
	at org.apache.catalina.core.StandardHostValve.invoke(StandardHostValve.java:115)
	at org.apache.catalina.valves.ErrorReportValve.invoke(ErrorReportValve.java:86)
	at org.apache.catalina.core.StandardEngineValve.invoke(StandardEngineValve.java:71)
	at org.apache.catalina.connector.CoyoteAdapter.service(CoyoteAdapter.java:347)
	at org.apache.coyote.http11.Http11Processor.service(Http11Processor.java:406)
	at org.apache.coyote.AbstractProcessorLight.process(AbstractProcessorLight.java:71)
	at org.apache.coyote.AbstractProtocol$ConnectionHandler.process(AbstractProtocol.java:1307)
	at org.apache.tomcat.util.net.NioEndpoint$SocketProcessor.doRun(NioEndpoint.java:2036)
	at org.apache.tomcat.util.net.SocketProcessorBase.run(SocketProcessorBase.java:74)
	at org.apache.tomcat.util.threads.ThreadPoolExecutor.runWorker(ThreadPoolExecutor.java:949)
	at org.apache.tomcat.util.threads.ThreadPoolExecutor$Worker.run(ThreadPoolExecutor.java:483)
	at org.apache.tomcat.util.threads.TaskThread$WrappingRunnable.run(TaskThread.java:74)
	at java.base/java.lang.Thread.run(Thread.java:1583)
2026-07-20 17:12:06 [INFO ] [RMI TCP Connection(14)-127.0.0.1] o.s.b.a.SpringApplicationAdminMXBeanRegistrar$SpringApplicationAdmin : Application shutdown requested.
2026-07-20 17:12:06 [INFO ] [RMI TCP Connection(14)-127.0.0.1] o.s.boot.tomcat.GracefulShutdown : Commencing graceful shutdown. Waiting for active requests to complete
2026-07-20 17:12:06 [INFO ] [tomcat-shutdown] o.s.boot.tomcat.GracefulShutdown : Graceful shutdown complete
2026-07-20 17:12:06 [INFO ] [RMI TCP Connection(14)-127.0.0.1] o.s.o.j.LocalContainerEntityManagerFactoryBean : Closing JPA EntityManagerFactory for persistence unit 'default'
2026-07-20 17:12:06 [INFO ] [RMI TCP Connection(14)-127.0.0.1] com.zaxxer.hikari.HikariDataSource : HikariPool-1 - Shutdown initiated...
2026-07-20 17:12:06 [INFO ] [RMI TCP Connection(14)-127.0.0.1] com.zaxxer.hikari.HikariDataSource : HikariPool-1 - Shutdown completed.
2026-07-20 17:12:08 [INFO ] [main] c.m.MigrationReportApplication : Starting MigrationReportApplication using Java 21.0.1 with PID 21028 (D:\MigrationReportTool\Backend\MigrationReport\target\classes started by Shaik Firoz in D:\MigrationReportTool\Backend\MigrationReport)
2026-07-20 17:12:08 [INFO ] [main] c.m.MigrationReportApplication : No active profile set, falling back to 1 default profile: "default"
2026-07-20 17:12:09 [INFO ] [main] o.s.d.r.c.RepositoryConfigurationDelegate : Bootstrapping Spring Data JPA repositories in DEFAULT mode.
2026-07-20 17:12:09 [INFO ] [main] o.s.d.r.c.RepositoryConfigurationDelegate : Finished Spring Data repository scanning in 36 ms. Found 1 JPA repository interface.
2026-07-20 17:12:09 [INFO ] [main] o.s.boot.tomcat.TomcatWebServer : Tomcat initialized with port 8080 (http)
2026-07-20 17:12:09 [INFO ] [main] o.a.catalina.core.StandardService : Starting service [Tomcat]
2026-07-20 17:12:09 [INFO ] [main] o.a.catalina.core.StandardEngine : Starting Servlet engine: [Apache Tomcat/11.0.24]
2026-07-20 17:12:09 [INFO ] [main] o.s.b.w.c.s.WebApplicationContextInitializer : Root WebApplicationContext: initialization completed in 866 ms
2026-07-20 17:12:09 [INFO ] [main] c.m.config.DataSourceConfig : [CONFIG] Loaded database configuration for active type postgres from D:\MigrationReportTool\Backend\MigrationReport\config\db-config.json
2026-07-20 17:12:09 [INFO ] [main] org.hibernate.orm.jpa : HHH008540: Processing PersistenceUnitInfo [name: default]
2026-07-20 17:12:09 [INFO ] [main] org.hibernate.orm.core : HHH000001: Hibernate ORM core version 7.4.1.Final
2026-07-20 17:12:10 [INFO ] [main] o.s.o.j.p.SpringPersistenceUnitInfo : No LoadTimeWeaver setup: ignoring JPA class transformer
2026-07-20 17:12:10 [INFO ] [main] com.zaxxer.hikari.HikariDataSource : HikariPool-1 - Starting...
2026-07-20 17:12:10 [INFO ] [main] com.zaxxer.hikari.pool.HikariPool : HikariPool-1 - Added connection org.postgresql.jdbc.PgConnection@512dc0e0
2026-07-20 17:12:10 [INFO ] [main] com.zaxxer.hikari.HikariDataSource : HikariPool-1 - Start completed.
2026-07-20 17:12:10 [INFO ] [main] o.hibernate.orm.connections.pooling : HHH10001005: Database info:	Database JDBC URL [jdbc:postgresql://localhost:5432/Migration]	Database driver: PostgreSQL JDBC Driver	Database dialect: PostgreSQLDialect	Database version: 16.9	Default catalog/schema: Migration/public	Autocommit mode: undefined/unknown	Isolation level: READ_COMMITTED [default READ_COMMITTED]	JDBC fetch size: none	Pool: DataSourceConnectionProvider	Minimum pool size: undefined/unknown	Maximum pool size: undefined/unknown
2026-07-20 17:12:10 [INFO ] [main] org.hibernate.orm.core : HHH000489: No JTA platform available (set 'hibernate.transaction.jta.platform' to enable JTA platform integration)
2026-07-20 17:12:11 [INFO ] [main] o.s.o.j.LocalContainerEntityManagerFactoryBean : Initialized JPA EntityManagerFactory for persistence unit 'default'
2026-07-20 17:12:11 [INFO ] [main] o.s.d.j.r.q.QueryEnhancerFactories : Hibernate is in classpath; If applicable, HQL parser will be used.
2026-07-20 17:12:11 [INFO ] [main] c.m.service.ConfigurationService : [CONFIG] Loading tenant configuration from D:\MigrationReportTool\Backend\MigrationReport\config\tenant-mappings.json
2026-07-20 17:12:11 [INFO ] [main] c.m.service.ConfigurationService : [CONFIG] Loaded 1 applications from config.
2026-07-20 17:12:11 [INFO ] [main] c.m.dialect.DialectConfig : [DIALECT] Initializing PostgreSQL Dialect provider...
2026-07-20 17:12:11 [INFO ] [main] c.m.service.PropertyMappingService : [MAPPING] Loading property mapping templates from D:\MigrationReportTool\Backend\MigrationReport\config\property-mapping-templates.json
2026-07-20 17:12:11 [WARN ] [main] o.s.b.j.a.JpaBaseConfiguration$JpaWebConfiguration : spring.jpa.open-in-view is enabled by default. Therefore, database queries may be performed during view rendering. Explicitly configure spring.jpa.open-in-view to disable this warning
2026-07-20 17:12:11 [INFO ] [main] o.s.boot.tomcat.TomcatWebServer : Tomcat started on port 8080 (http) with context path '/'
2026-07-20 17:12:11 [INFO ] [main] c.m.MigrationReportApplication : Started MigrationReportApplication in 3.315 seconds (process running for 4.175)
2026-07-20 17:12:20 [INFO ] [http-nio-8080-exec-2] o.a.c.c.C.[Tomcat].[localhost].[/] : Initializing Spring DispatcherServlet 'dispatcherServlet'
2026-07-20 17:12:20 [INFO ] [http-nio-8080-exec-2] o.s.web.servlet.DispatcherServlet : Initializing Servlet 'dispatcherServlet'
2026-07-20 17:12:20 [INFO ] [http-nio-8080-exec-2] o.s.web.servlet.DispatcherServlet : Completed initialization in 4 ms
2026-07-20 17:12:20 [INFO ] [http-nio-8080-exec-2] c.m.c.ConfigurationController : Starting method: getUiSettings
2026-07-20 17:12:20 [INFO ] [http-nio-8080-exec-2] c.m.c.ConfigurationController : Ending method: getUiSettings
2026-07-20 17:12:20 [INFO ] [http-nio-8080-exec-1] c.m.c.ConfigurationController : Starting method: getConfig
2026-07-20 17:12:20 [INFO ] [http-nio-8080-exec-1] c.m.c.ConfigurationController : [CONFIG] Fetching cached tenant configuration
2026-07-20 17:12:20 [INFO ] [http-nio-8080-exec-1] c.m.c.ConfigurationController : Ending method: getConfig
2026-07-20 17:12:22 [INFO ] [http-nio-8080-exec-4] c.m.controller.DiscoveryController : Starting method: getDocumentClasses with arguments: appId=ccol, type=source
2026-07-20 17:12:22 [INFO ] [http-nio-8080-exec-4] c.m.controller.DiscoveryController : Ending method: getDocumentClasses
2026-07-20 17:12:25 [INFO ] [http-nio-8080-exec-6] c.m.controller.ExceptionController : Starting method: getMetadataFields with arguments: appId=ccol, documentClass=BankAccount
2026-07-20 17:12:25 [INFO ] [http-nio-8080-exec-6] c.m.controller.ExceptionController : Ending method: getMetadataFields
2026-07-20 17:12:57 [INFO ] [http-nio-8080-exec-3] c.m.controller.ExceptionController : Starting method: getMetadataFields with arguments: appId=ccol, documentClass=HomeLoanApplication
2026-07-20 17:12:57 [INFO ] [http-nio-8080-exec-3] c.m.controller.ExceptionController : Ending method: getMetadataFields
2026-07-20 17:13:02 [INFO ] [http-nio-8080-exec-5] c.m.controller.ExceptionController : Starting method: getMetadataFields with arguments: appId=ccol, documentClass=BankAccount
2026-07-20 17:13:02 [INFO ] [http-nio-8080-exec-5] c.m.controller.ExceptionController : Ending method: getMetadataFields
2026-07-20 17:13:20 [INFO ] [http-nio-8080-exec-10] c.m.controller.ExceptionController : Starting method: checkExceptions with arguments: criteria=com.migrationreport.dto.ExceptionCriteria@7abfdb8f
2026-07-20 17:13:20 [INFO ] [http-nio-8080-exec-10] c.m.controller.ExceptionController : [EXCEPTIONS] Checking exceptions for Application: 'ccol'
2026-07-20 17:13:20 [INFO ] [http-nio-8080-exec-10] c.m.service.ExceptionService : [EXCEPTIONS] Executing lookup SQL: select dv.object_id from public.docversion_source dv inner join public.classdef cd on dv.object_class_id = cd.object_id where 1=1 and cd.symbolic_name in (?) and (dv.u3a18_accno = ?) | Params: [BankAccount, ACC0B0EFA]
2026-07-20 17:13:20 [INFO ] [http-nio-8080-exec-10] c.m.service.ExceptionService : [EXCEPTIONS] Found 1 target IDs in 0ms
2026-07-20 17:13:20 [INFO ] [http-nio-8080-exec-10] c.m.service.ExceptionService : [EXCEPTIONS] Querying Source, Staging, Target tables for 1 object IDs
2026-07-20 17:13:20 [INFO ] [http-nio-8080-exec-10] c.m.service.ExceptionService : [EXCEPTIONS] Data retrieval completed in 83ms. Source: 1, Staging: 1, Target: 1
2026-07-20 17:13:20 [INFO ] [http-nio-8080-exec-10] c.m.controller.ExceptionController : [EXCEPTIONS] Exception check completed in 133ms.
2026-07-20 17:13:20 [INFO ] [http-nio-8080-exec-10] c.m.controller.ExceptionController : Ending method: checkExceptions
2026-07-20 17:19:52 [INFO ] [http-nio-8080-exec-1] c.m.c.ConfigurationController : Starting method: getUiSettings
2026-07-20 17:19:52 [INFO ] [http-nio-8080-exec-1] c.m.c.ConfigurationController : Ending method: getUiSettings
2026-07-20 17:19:52 [INFO ] [http-nio-8080-exec-4] c.m.controller.DiscoveryController : Starting method: getDocumentClasses with arguments: appId=ccol, type=source
2026-07-20 17:19:52 [INFO ] [http-nio-8080-exec-6] c.m.controller.ExceptionController : Starting method: getMetadataFields with arguments: appId=ccol, documentClass=BankAccount
2026-07-20 17:19:52 [INFO ] [http-nio-8080-exec-4] c.m.controller.DiscoveryController : Ending method: getDocumentClasses
2026-07-20 17:19:52 [INFO ] [http-nio-8080-exec-6] c.m.controller.ExceptionController : Ending method: getMetadataFields
2026-07-20 17:20:47 [INFO ] [RMI TCP Connection(12)-127.0.0.1] o.s.b.a.SpringApplicationAdminMXBeanRegistrar$SpringApplicationAdmin : Application shutdown requested.
2026-07-20 17:20:47 [INFO ] [RMI TCP Connection(12)-127.0.0.1] o.s.boot.tomcat.GracefulShutdown : Commencing graceful shutdown. Waiting for active requests to complete
2026-07-20 17:20:47 [INFO ] [tomcat-shutdown] o.s.boot.tomcat.GracefulShutdown : Graceful shutdown complete
2026-07-20 17:20:47 [INFO ] [RMI TCP Connection(12)-127.0.0.1] o.s.o.j.LocalContainerEntityManagerFactoryBean : Closing JPA EntityManagerFactory for persistence unit 'default'
2026-07-20 17:20:47 [INFO ] [RMI TCP Connection(12)-127.0.0.1] com.zaxxer.hikari.HikariDataSource : HikariPool-1 - Shutdown initiated...
2026-07-20 17:20:47 [INFO ] [RMI TCP Connection(12)-127.0.0.1] com.zaxxer.hikari.HikariDataSource : HikariPool-1 - Shutdown completed.
2026-07-20 17:20:49 [INFO ] [main] c.m.MigrationReportApplication : Starting MigrationReportApplication using Java 21.0.1 with PID 2672 (D:\MigrationReportTool\Backend\MigrationReport\target\classes started by Shaik Firoz in D:\MigrationReportTool\Backend\MigrationReport)
2026-07-20 17:20:49 [INFO ] [main] c.m.MigrationReportApplication : No active profile set, falling back to 1 default profile: "default"
2026-07-20 17:20:49 [INFO ] [main] o.s.d.r.c.RepositoryConfigurationDelegate : Bootstrapping Spring Data JPA repositories in DEFAULT mode.
2026-07-20 17:20:50 [INFO ] [main] o.s.d.r.c.RepositoryConfigurationDelegate : Finished Spring Data repository scanning in 34 ms. Found 1 JPA repository interface.
2026-07-20 17:20:50 [INFO ] [main] o.s.boot.tomcat.TomcatWebServer : Tomcat initialized with port 8080 (http)
2026-07-20 17:20:50 [INFO ] [main] o.a.catalina.core.StandardService : Starting service [Tomcat]
2026-07-20 17:20:50 [INFO ] [main] o.a.catalina.core.StandardEngine : Starting Servlet engine: [Apache Tomcat/11.0.24]
2026-07-20 17:20:50 [INFO ] [main] o.s.b.w.c.s.WebApplicationContextInitializer : Root WebApplicationContext: initialization completed in 882 ms
2026-07-20 17:20:50 [INFO ] [main] c.m.config.DataSourceConfig : [CONFIG] Loaded database configuration for active type postgres from D:\MigrationReportTool\Backend\MigrationReport\config\db-config.json
2026-07-20 17:20:50 [INFO ] [main] org.hibernate.orm.jpa : HHH008540: Processing PersistenceUnitInfo [name: default]
2026-07-20 17:20:50 [INFO ] [main] org.hibernate.orm.core : HHH000001: Hibernate ORM core version 7.4.1.Final
2026-07-20 17:20:51 [INFO ] [main] o.s.o.j.p.SpringPersistenceUnitInfo : No LoadTimeWeaver setup: ignoring JPA class transformer
2026-07-20 17:20:51 [INFO ] [main] com.zaxxer.hikari.HikariDataSource : HikariPool-1 - Starting...
2026-07-20 17:20:51 [INFO ] [main] com.zaxxer.hikari.pool.HikariPool : HikariPool-1 - Added connection org.postgresql.jdbc.PgConnection@7ae0a26
2026-07-20 17:20:51 [INFO ] [main] com.zaxxer.hikari.HikariDataSource : HikariPool-1 - Start completed.
2026-07-20 17:20:51 [INFO ] [main] o.hibernate.orm.connections.pooling : HHH10001005: Database info:	Database JDBC URL [jdbc:postgresql://localhost:5432/Migration]	Database driver: PostgreSQL JDBC Driver	Database dialect: PostgreSQLDialect	Database version: 16.9	Default catalog/schema: Migration/public	Autocommit mode: undefined/unknown	Isolation level: READ_COMMITTED [default READ_COMMITTED]	JDBC fetch size: none	Pool: DataSourceConnectionProvider	Minimum pool size: undefined/unknown	Maximum pool size: undefined/unknown
2026-07-20 17:20:52 [INFO ] [main] org.hibernate.orm.core : HHH000489: No JTA platform available (set 'hibernate.transaction.jta.platform' to enable JTA platform integration)
2026-07-20 17:20:52 [INFO ] [main] o.s.o.j.LocalContainerEntityManagerFactoryBean : Initialized JPA EntityManagerFactory for persistence unit 'default'
2026-07-20 17:20:52 [INFO ] [main] o.s.d.j.r.q.QueryEnhancerFactories : Hibernate is in classpath; If applicable, HQL parser will be used.
2026-07-20 17:20:52 [INFO ] [main] c.m.service.ConfigurationService : [CONFIG] Loading tenant configuration from D:\MigrationReportTool\Backend\MigrationReport\config\tenant-mappings.json
2026-07-20 17:20:52 [INFO ] [main] c.m.service.ConfigurationService : [CONFIG] Loaded 1 applications from config.
2026-07-20 17:20:52 [INFO ] [main] c.m.dialect.DialectConfig : [DIALECT] Initializing PostgreSQL Dialect provider...
2026-07-20 17:20:52 [INFO ] [main] c.m.service.PropertyMappingService : [MAPPING] Loading property mapping templates from D:\MigrationReportTool\Backend\MigrationReport\config\property-mapping-templates.json
2026-07-20 17:20:52 [WARN ] [main] o.s.b.j.a.JpaBaseConfiguration$JpaWebConfiguration : spring.jpa.open-in-view is enabled by default. Therefore, database queries may be performed during view rendering. Explicitly configure spring.jpa.open-in-view to disable this warning
2026-07-20 17:20:52 [INFO ] [main] o.s.boot.tomcat.TomcatWebServer : Tomcat started on port 8080 (http) with context path '/'
2026-07-20 17:20:52 [INFO ] [main] c.m.MigrationReportApplication : Started MigrationReportApplication in 3.435 seconds (process running for 4.055)
2026-07-20 17:20:59 [INFO ] [http-nio-8080-exec-3] o.a.c.c.C.[Tomcat].[localhost].[/] : Initializing Spring DispatcherServlet 'dispatcherServlet'
2026-07-20 17:20:59 [INFO ] [http-nio-8080-exec-3] o.s.web.servlet.DispatcherServlet : Initializing Servlet 'dispatcherServlet'
2026-07-20 17:20:59 [INFO ] [http-nio-8080-exec-3] o.s.web.servlet.DispatcherServlet : Completed initialization in 0 ms
2026-07-20 17:20:59 [INFO ] [http-nio-8080-exec-2] c.m.c.ConfigurationController : Starting method: getConfig
2026-07-20 17:20:59 [INFO ] [http-nio-8080-exec-1] c.m.c.ConfigurationController : Starting method: getUiSettings
2026-07-20 17:20:59 [INFO ] [http-nio-8080-exec-2] c.m.c.ConfigurationController : [CONFIG] Fetching cached tenant configuration
2026-07-20 17:20:59 [INFO ] [http-nio-8080-exec-1] c.m.c.ConfigurationController : Ending method: getUiSettings
2026-07-20 17:20:59 [INFO ] [http-nio-8080-exec-2] c.m.c.ConfigurationController : Ending method: getConfig
2026-07-20 17:21:02 [INFO ] [http-nio-8080-exec-5] c.m.controller.DiscoveryController : Starting method: getDocumentClasses with arguments: appId=ccol, type=source
2026-07-20 17:21:02 [INFO ] [http-nio-8080-exec-5] c.m.controller.DiscoveryController : Ending method: getDocumentClasses
2026-07-20 17:21:03 [INFO ] [http-nio-8080-exec-6] c.m.controller.ExceptionController : Starting method: getMetadataFields with arguments: appId=ccol, documentClass=BankAccount
2026-07-20 17:21:03 [INFO ] [http-nio-8080-exec-6] c.m.controller.ExceptionController : Ending method: getMetadataFields
2026-07-20 17:21:12 [INFO ] [http-nio-8080-exec-4] c.m.controller.ExceptionController : Starting method: checkExceptions with arguments: criteria=com.migrationreport.dto.ExceptionCriteria@52d43f39
2026-07-20 17:21:12 [INFO ] [http-nio-8080-exec-4] c.m.controller.ExceptionController : [EXCEPTIONS] Checking exceptions for Application: 'ccol'
2026-07-20 17:21:12 [INFO ] [http-nio-8080-exec-4] c.m.service.ExceptionService : [EXCEPTIONS] Executing lookup SQL: select dv.object_id from public.docversion_source dv inner join public.classdef cd on dv.object_class_id = cd.object_id where 1=1 and cd.symbolic_name in (?) and (dv.u3a18_accno = ?) | Params: [BankAccount, ACC0B0EFA]
2026-07-20 17:21:12 [INFO ] [http-nio-8080-exec-4] c.m.service.ExceptionService : [EXCEPTIONS] Found 1 target IDs in 9ms
2026-07-20 17:21:12 [INFO ] [http-nio-8080-exec-4] c.m.service.ExceptionService : [EXCEPTIONS] Querying Source, Staging, Target tables for 1 object IDs
2026-07-20 17:21:12 [INFO ] [http-nio-8080-exec-4] c.m.service.ExceptionService : [EXCEPTIONS] Data retrieval completed in 25ms. Source: 1, Staging: 1, Target: 1
2026-07-20 17:21:12 [INFO ] [http-nio-8080-exec-4] c.m.controller.ExceptionController : [EXCEPTIONS] Exception check completed in 71ms.
2026-07-20 17:21:12 [INFO ] [http-nio-8080-exec-4] c.m.controller.ExceptionController : Ending method: checkExceptions
2026-07-20 17:21:37 [INFO ] [http-nio-8080-exec-7] c.m.c.ConfigurationController : Starting method: getUiSettings
2026-07-20 17:21:37 [INFO ] [http-nio-8080-exec-7] c.m.c.ConfigurationController : Ending method: getUiSettings
2026-07-20 17:21:37 [INFO ] [http-nio-8080-exec-8] c.m.c.ConfigurationController : Starting method: getConfig
2026-07-20 17:21:37 [INFO ] [http-nio-8080-exec-8] c.m.c.ConfigurationController : [CONFIG] Fetching cached tenant configuration
2026-07-20 17:21:37 [INFO ] [http-nio-8080-exec-8] c.m.c.ConfigurationController : Ending method: getConfig
2026-07-20 17:21:37 [INFO ] [http-nio-8080-exec-9] c.m.c.ConfigurationController : Starting method: getUiSettings
2026-07-20 17:21:37 [INFO ] [http-nio-8080-exec-10] c.m.c.ConfigurationController : Starting method: getConfig
2026-07-20 17:21:37 [INFO ] [http-nio-8080-exec-9] c.m.c.ConfigurationController : Ending method: getUiSettings
2026-07-20 17:21:37 [INFO ] [http-nio-8080-exec-10] c.m.c.ConfigurationController : [CONFIG] Fetching cached tenant configuration
2026-07-20 17:21:37 [INFO ] [http-nio-8080-exec-10] c.m.c.ConfigurationController : Ending method: getConfig
2026-07-20 17:21:38 [INFO ] [http-nio-8080-exec-3] c.m.c.ConfigurationController : Starting method: getUiSettings
2026-07-20 17:21:38 [INFO ] [http-nio-8080-exec-3] c.m.c.ConfigurationController : Ending method: getUiSettings
2026-07-20 17:21:38 [INFO ] [http-nio-8080-exec-1] c.m.c.ConfigurationController : Starting method: getConfig
2026-07-20 17:21:38 [INFO ] [http-nio-8080-exec-1] c.m.c.ConfigurationController : [CONFIG] Fetching cached tenant configuration
2026-07-20 17:21:38 [INFO ] [http-nio-8080-exec-1] c.m.c.ConfigurationController : Ending method: getConfig
2026-07-20 17:21:38 [INFO ] [http-nio-8080-exec-5] c.m.c.ConfigurationController : Starting method: getConfig
2026-07-20 17:21:38 [INFO ] [http-nio-8080-exec-2] c.m.c.ConfigurationController : Starting method: getUiSettings
2026-07-20 17:21:38 [INFO ] [http-nio-8080-exec-5] c.m.c.ConfigurationController : [CONFIG] Fetching cached tenant configuration
2026-07-20 17:21:38 [INFO ] [http-nio-8080-exec-2] c.m.c.ConfigurationController : Ending method: getUiSettings
2026-07-20 17:21:38 [INFO ] [http-nio-8080-exec-5] c.m.c.ConfigurationController : Ending method: getConfig
2026-07-20 17:21:38 [INFO ] [http-nio-8080-exec-6] c.m.c.ConfigurationController : Starting method: getUiSettings
2026-07-20 17:21:38 [INFO ] [http-nio-8080-exec-6] c.m.c.ConfigurationController : Ending method: getUiSettings
2026-07-20 17:21:38 [INFO ] [http-nio-8080-exec-4] c.m.c.ConfigurationController : Starting method: getConfig
2026-07-20 17:21:38 [INFO ] [http-nio-8080-exec-4] c.m.c.ConfigurationController : [CONFIG] Fetching cached tenant configuration
2026-07-20 17:21:38 [INFO ] [http-nio-8080-exec-4] c.m.c.ConfigurationController : Ending method: getConfig
2026-07-20 17:21:38 [INFO ] [http-nio-8080-exec-8] c.m.c.ConfigurationController : Starting method: getConfig
2026-07-20 17:21:38 [INFO ] [http-nio-8080-exec-7] c.m.c.ConfigurationController : Starting method: getUiSettings
2026-07-20 17:21:38 [INFO ] [http-nio-8080-exec-8] c.m.c.ConfigurationController : [CONFIG] Fetching cached tenant configuration
2026-07-20 17:21:38 [INFO ] [http-nio-8080-exec-7] c.m.c.ConfigurationController : Ending method: getUiSettings
2026-07-20 17:21:38 [INFO ] [http-nio-8080-exec-8] c.m.c.ConfigurationController : Ending method: getConfig
2026-07-20 17:21:41 [INFO ] [http-nio-8080-exec-9] c.m.controller.DiscoveryController : Starting method: getDocumentClasses with arguments: appId=ccol, type=source
2026-07-20 17:21:41 [INFO ] [http-nio-8080-exec-9] c.m.controller.DiscoveryController : Ending method: getDocumentClasses
2026-07-20 17:21:42 [INFO ] [http-nio-8080-exec-10] c.m.controller.ExceptionController : Starting method: getMetadataFields with arguments: appId=ccol, documentClass=BankAccount
2026-07-20 17:21:42 [INFO ] [http-nio-8080-exec-10] c.m.controller.ExceptionController : Ending method: getMetadataFields
2026-07-20 17:21:49 [INFO ] [http-nio-8080-exec-3] c.m.controller.ExceptionController : Starting method: checkExceptions with arguments: criteria=com.migrationreport.dto.ExceptionCriteria@73634a51
2026-07-20 17:21:49 [INFO ] [http-nio-8080-exec-3] c.m.controller.ExceptionController : [EXCEPTIONS] Checking exceptions for Application: 'ccol'
2026-07-20 17:21:49 [INFO ] [http-nio-8080-exec-3] c.m.service.ExceptionService : [EXCEPTIONS] Executing lookup SQL: select dv.object_id from public.docversion_source dv inner join public.classdef cd on dv.object_class_id = cd.object_id where 1=1 and cd.symbolic_name in (?) and (dv.u3a18_accno = ?) | Params: [BankAccount, ACC0B0EFA]
2026-07-20 17:21:49 [INFO ] [http-nio-8080-exec-3] c.m.service.ExceptionService : [EXCEPTIONS] Found 1 target IDs in 18ms
2026-07-20 17:21:49 [INFO ] [http-nio-8080-exec-3] c.m.service.ExceptionService : [EXCEPTIONS] Querying Source, Staging, Target tables for 1 object IDs
2026-07-20 17:21:49 [INFO ] [http-nio-8080-exec-3] c.m.service.ExceptionService : [EXCEPTIONS] Data retrieval completed in 16ms. Source: 1, Staging: 1, Target: 1
2026-07-20 17:21:49 [INFO ] [http-nio-8080-exec-3] c.m.controller.ExceptionController : [EXCEPTIONS] Exception check completed in 36ms.
2026-07-20 17:21:49 [INFO ] [http-nio-8080-exec-3] c.m.controller.ExceptionController : Ending method: checkExceptions
2026-07-20 17:28:49 [INFO ] [RMI TCP Connection(10)-127.0.0.1] o.s.b.a.SpringApplicationAdminMXBeanRegistrar$SpringApplicationAdmin : Application shutdown requested.
2026-07-20 17:28:49 [INFO ] [RMI TCP Connection(10)-127.0.0.1] o.s.boot.tomcat.GracefulShutdown : Commencing graceful shutdown. Waiting for active requests to complete
2026-07-20 17:28:49 [INFO ] [tomcat-shutdown] o.s.boot.tomcat.GracefulShutdown : Graceful shutdown complete
2026-07-20 17:28:49 [INFO ] [RMI TCP Connection(10)-127.0.0.1] o.s.o.j.LocalContainerEntityManagerFactoryBean : Closing JPA EntityManagerFactory for persistence unit 'default'
2026-07-20 17:28:49 [INFO ] [RMI TCP Connection(10)-127.0.0.1] com.zaxxer.hikari.HikariDataSource : HikariPool-1 - Shutdown initiated...
2026-07-20 17:28:49 [INFO ] [RMI TCP Connection(10)-127.0.0.1] com.zaxxer.hikari.HikariDataSource : HikariPool-1 - Shutdown completed.
2026-07-20 17:28:51 [INFO ] [main] c.m.MigrationReportApplication : Starting MigrationReportApplication using Java 21.0.1 with PID 26704 (D:\MigrationReportTool\Backend\MigrationReport\target\classes started by Shaik Firoz in D:\MigrationReportTool\Backend\MigrationReport)
2026-07-20 17:28:51 [INFO ] [main] c.m.MigrationReportApplication : No active profile set, falling back to 1 default profile: "default"
2026-07-20 17:28:52 [INFO ] [main] o.s.d.r.c.RepositoryConfigurationDelegate : Bootstrapping Spring Data JPA repositories in DEFAULT mode.
2026-07-20 17:28:52 [INFO ] [main] o.s.d.r.c.RepositoryConfigurationDelegate : Finished Spring Data repository scanning in 36 ms. Found 1 JPA repository interface.
2026-07-20 17:28:52 [INFO ] [main] o.s.boot.tomcat.TomcatWebServer : Tomcat initialized with port 8080 (http)
2026-07-20 17:28:52 [INFO ] [main] o.a.catalina.core.StandardService : Starting service [Tomcat]
2026-07-20 17:28:52 [INFO ] [main] o.a.catalina.core.StandardEngine : Starting Servlet engine: [Apache Tomcat/11.0.24]
2026-07-20 17:28:52 [INFO ] [main] o.s.b.w.c.s.WebApplicationContextInitializer : Root WebApplicationContext: initialization completed in 802 ms
2026-07-20 17:28:52 [INFO ] [main] c.m.config.DataSourceConfig : [CONFIG] Loaded database configuration for active type postgres from D:\MigrationReportTool\Backend\MigrationReport\config\db-config.json
2026-07-20 17:28:52 [INFO ] [main] org.hibernate.orm.jpa : HHH008540: Processing PersistenceUnitInfo [name: default]
2026-07-20 17:28:52 [INFO ] [main] org.hibernate.orm.core : HHH000001: Hibernate ORM core version 7.4.1.Final
2026-07-20 17:28:53 [INFO ] [main] o.s.o.j.p.SpringPersistenceUnitInfo : No LoadTimeWeaver setup: ignoring JPA class transformer
2026-07-20 17:28:53 [INFO ] [main] com.zaxxer.hikari.HikariDataSource : HikariPool-1 - Starting...
2026-07-20 17:28:53 [INFO ] [main] com.zaxxer.hikari.pool.HikariPool : HikariPool-1 - Added connection org.postgresql.jdbc.PgConnection@3601549f
2026-07-20 17:28:53 [INFO ] [main] com.zaxxer.hikari.HikariDataSource : HikariPool-1 - Start completed.
2026-07-20 17:28:53 [INFO ] [main] o.hibernate.orm.connections.pooling : HHH10001005: Database info:	Database JDBC URL [jdbc:postgresql://localhost:5432/Migration]	Database driver: PostgreSQL JDBC Driver	Database dialect: PostgreSQLDialect	Database version: 16.9	Default catalog/schema: Migration/public	Autocommit mode: undefined/unknown	Isolation level: READ_COMMITTED [default READ_COMMITTED]	JDBC fetch size: none	Pool: DataSourceConnectionProvider	Minimum pool size: undefined/unknown	Maximum pool size: undefined/unknown
2026-07-20 17:28:53 [INFO ] [main] org.hibernate.orm.core : HHH000489: No JTA platform available (set 'hibernate.transaction.jta.platform' to enable JTA platform integration)
2026-07-20 17:28:53 [INFO ] [main] o.s.o.j.LocalContainerEntityManagerFactoryBean : Initialized JPA EntityManagerFactory for persistence unit 'default'
2026-07-20 17:28:53 [INFO ] [main] o.s.d.j.r.q.QueryEnhancerFactories : Hibernate is in classpath; If applicable, HQL parser will be used.
2026-07-20 17:28:54 [INFO ] [main] c.m.service.ConfigurationService : [CONFIG] Loading tenant configuration from D:\MigrationReportTool\Backend\MigrationReport\config\tenant-mappings.json
2026-07-20 17:28:54 [INFO ] [main] c.m.service.ConfigurationService : [CONFIG] Loaded 1 applications from config.
2026-07-20 17:28:54 [INFO ] [main] c.m.dialect.DialectConfig : [DIALECT] Initializing PostgreSQL Dialect provider...
2026-07-20 17:28:54 [INFO ] [main] c.m.service.PropertyMappingService : [MAPPING] Loading property mapping templates from D:\MigrationReportTool\Backend\MigrationReport\config\property-mapping-templates.json
2026-07-20 17:28:54 [WARN ] [main] o.s.b.j.a.JpaBaseConfiguration$JpaWebConfiguration : spring.jpa.open-in-view is enabled by default. Therefore, database queries may be performed during view rendering. Explicitly configure spring.jpa.open-in-view to disable this warning
2026-07-20 17:28:54 [INFO ] [main] o.s.boot.tomcat.TomcatWebServer : Tomcat started on port 8080 (http) with context path '/'
2026-07-20 17:28:54 [INFO ] [main] c.m.MigrationReportApplication : Started MigrationReportApplication in 3.046 seconds (process running for 3.657)
2026-07-20 17:29:06 [INFO ] [http-nio-8080-exec-1] o.a.c.c.C.[Tomcat].[localhost].[/] : Initializing Spring DispatcherServlet 'dispatcherServlet'
2026-07-20 17:29:06 [INFO ] [http-nio-8080-exec-1] o.s.web.servlet.DispatcherServlet : Initializing Servlet 'dispatcherServlet'
2026-07-20 17:29:06 [INFO ] [http-nio-8080-exec-1] o.s.web.servlet.DispatcherServlet : Completed initialization in 3 ms
2026-07-20 17:29:07 [INFO ] [http-nio-8080-exec-1] c.m.c.ConfigurationController : Starting method: getUiSettings
2026-07-20 17:29:07 [INFO ] [http-nio-8080-exec-2] c.m.c.ConfigurationController : Starting method: getConfig
2026-07-20 17:29:07 [INFO ] [http-nio-8080-exec-1] c.m.c.ConfigurationController : Ending method: getUiSettings
2026-07-20 17:29:07 [INFO ] [http-nio-8080-exec-2] c.m.c.ConfigurationController : [CONFIG] Fetching cached tenant configuration
2026-07-20 17:29:07 [INFO ] [http-nio-8080-exec-2] c.m.c.ConfigurationController : Ending method: getConfig
2026-07-20 17:29:09 [INFO ] [http-nio-8080-exec-4] c.m.controller.DiscoveryController : Starting method: getDocumentClasses with arguments: appId=ccol, type=source
2026-07-20 17:29:09 [INFO ] [http-nio-8080-exec-4] c.m.controller.DiscoveryController : Ending method: getDocumentClasses
2026-07-20 17:29:12 [INFO ] [http-nio-8080-exec-3] c.m.controller.ExceptionController : Starting method: getMetadataFields with arguments: appId=ccol, documentClass=BankAccount
2026-07-20 17:29:12 [INFO ] [http-nio-8080-exec-3] c.m.controller.ExceptionController : Ending method: getMetadataFields
2026-07-20 17:29:18 [INFO ] [http-nio-8080-exec-5] c.m.controller.ExceptionController : Starting method: checkExceptions with arguments: criteria=com.migrationreport.dto.ExceptionCriteria@1e2485d7
2026-07-20 17:29:18 [INFO ] [http-nio-8080-exec-5] c.m.controller.ExceptionController : [EXCEPTIONS] Checking exceptions for Application: 'ccol'
2026-07-20 17:29:18 [INFO ] [http-nio-8080-exec-5] c.m.service.ExceptionService : [EXCEPTIONS] Executing lookup SQL: select dv.object_id from public.docversion_source dv inner join public.classdef cd on dv.object_class_id = cd.object_id where 1=1 and cd.symbolic_name in (?) and (dv.u3a18_accno = ?) | Params: [BankAccount, ACC0B0EFA]
2026-07-20 17:29:18 [INFO ] [http-nio-8080-exec-5] c.m.service.ExceptionService : [EXCEPTIONS] Found 1 target IDs in 17ms
2026-07-20 17:29:18 [INFO ] [http-nio-8080-exec-5] c.m.service.ExceptionService : [EXCEPTIONS] Querying Source, Staging, Target tables for 1 object IDs
2026-07-20 17:29:18 [INFO ] [http-nio-8080-exec-5] c.m.service.ExceptionService : [EXCEPTIONS] Data retrieval completed in 17ms. Source: 1, Staging: 1, Target: 1
2026-07-20 17:29:18 [INFO ] [http-nio-8080-exec-5] c.m.controller.ExceptionController : [EXCEPTIONS] Exception check completed in 50ms.
2026-07-20 17:29:18 [INFO ] [http-nio-8080-exec-5] c.m.controller.ExceptionController : Ending method: checkExceptions
2026-07-20 17:34:33 [INFO ] [http-nio-8080-exec-8] c.m.c.ConfigurationController : Starting method: getUiSettings
2026-07-20 17:34:33 [INFO ] [http-nio-8080-exec-8] c.m.c.ConfigurationController : Ending method: getUiSettings
2026-07-20 17:34:33 [INFO ] [http-nio-8080-exec-9] c.m.controller.DiscoveryController : Starting method: getDocumentClasses with arguments: appId=ccol, type=source
2026-07-20 17:34:33 [INFO ] [http-nio-8080-exec-10] c.m.controller.ExceptionController : Starting method: getMetadataFields with arguments: appId=ccol, documentClass=BankAccount
2026-07-20 17:34:33 [INFO ] [http-nio-8080-exec-10] c.m.controller.ExceptionController : Ending method: getMetadataFields
2026-07-20 17:34:33 [INFO ] [http-nio-8080-exec-9] c.m.controller.DiscoveryController : Ending method: getDocumentClasses
2026-07-20 17:36:16 [INFO ] [RMI TCP Connection(11)-127.0.0.1] o.s.b.a.SpringApplicationAdminMXBeanRegistrar$SpringApplicationAdmin : Application shutdown requested.
2026-07-20 17:36:16 [INFO ] [RMI TCP Connection(11)-127.0.0.1] o.s.boot.tomcat.GracefulShutdown : Commencing graceful shutdown. Waiting for active requests to complete
2026-07-20 17:36:16 [INFO ] [tomcat-shutdown] o.s.boot.tomcat.GracefulShutdown : Graceful shutdown complete
2026-07-20 17:36:16 [INFO ] [RMI TCP Connection(11)-127.0.0.1] o.s.o.j.LocalContainerEntityManagerFactoryBean : Closing JPA EntityManagerFactory for persistence unit 'default'
2026-07-20 17:36:16 [INFO ] [RMI TCP Connection(11)-127.0.0.1] com.zaxxer.hikari.HikariDataSource : HikariPool-1 - Shutdown initiated...
2026-07-20 17:36:16 [INFO ] [RMI TCP Connection(11)-127.0.0.1] com.zaxxer.hikari.HikariDataSource : HikariPool-1 - Shutdown completed.
2026-07-20 17:36:19 [INFO ] [main] c.m.MigrationReportApplication : Starting MigrationReportApplication using Java 21.0.1 with PID 14352 (D:\MigrationReportTool\Backend\MigrationReport\target\classes started by Shaik Firoz in D:\MigrationReportTool\Backend\MigrationReport)
2026-07-20 17:36:19 [INFO ] [main] c.m.MigrationReportApplication : No active profile set, falling back to 1 default profile: "default"
2026-07-20 17:36:20 [INFO ] [main] o.s.d.r.c.RepositoryConfigurationDelegate : Bootstrapping Spring Data JPA repositories in DEFAULT mode.
2026-07-20 17:36:20 [INFO ] [main] o.s.d.r.c.RepositoryConfigurationDelegate : Finished Spring Data repository scanning in 42 ms. Found 1 JPA repository interface.
2026-07-20 17:36:20 [INFO ] [main] o.s.boot.tomcat.TomcatWebServer : Tomcat initialized with port 8080 (http)
2026-07-20 17:36:20 [INFO ] [main] o.a.catalina.core.StandardService : Starting service [Tomcat]
2026-07-20 17:36:20 [INFO ] [main] o.a.catalina.core.StandardEngine : Starting Servlet engine: [Apache Tomcat/11.0.24]
2026-07-20 17:36:20 [INFO ] [main] o.s.b.w.c.s.WebApplicationContextInitializer : Root WebApplicationContext: initialization completed in 1162 ms
2026-07-20 17:36:21 [INFO ] [main] c.m.config.DataSourceConfig : [CONFIG] Loaded database configuration for active type postgres from D:\MigrationReportTool\Backend\MigrationReport\config\db-config.json
2026-07-20 17:36:21 [INFO ] [main] org.hibernate.orm.jpa : HHH008540: Processing PersistenceUnitInfo [name: default]
2026-07-20 17:36:21 [INFO ] [main] org.hibernate.orm.core : HHH000001: Hibernate ORM core version 7.4.1.Final
2026-07-20 17:36:21 [INFO ] [main] o.s.o.j.p.SpringPersistenceUnitInfo : No LoadTimeWeaver setup: ignoring JPA class transformer
2026-07-20 17:36:21 [INFO ] [main] com.zaxxer.hikari.HikariDataSource : HikariPool-1 - Starting...
2026-07-20 17:36:21 [INFO ] [main] com.zaxxer.hikari.pool.HikariPool : HikariPool-1 - Added connection org.postgresql.jdbc.PgConnection@512dc0e0
2026-07-20 17:36:21 [INFO ] [main] com.zaxxer.hikari.HikariDataSource : HikariPool-1 - Start completed.
2026-07-20 17:36:21 [INFO ] [main] o.hibernate.orm.connections.pooling : HHH10001005: Database info:	Database JDBC URL [jdbc:postgresql://localhost:5432/Migration]	Database driver: PostgreSQL JDBC Driver	Database dialect: PostgreSQLDialect	Database version: 16.9	Default catalog/schema: Migration/public	Autocommit mode: undefined/unknown	Isolation level: READ_COMMITTED [default READ_COMMITTED]	JDBC fetch size: none	Pool: DataSourceConnectionProvider	Minimum pool size: undefined/unknown	Maximum pool size: undefined/unknown
2026-07-20 17:36:22 [INFO ] [main] org.hibernate.orm.core : HHH000489: No JTA platform available (set 'hibernate.transaction.jta.platform' to enable JTA platform integration)
2026-07-20 17:36:22 [INFO ] [main] o.s.o.j.LocalContainerEntityManagerFactoryBean : Initialized JPA EntityManagerFactory for persistence unit 'default'
2026-07-20 17:36:22 [INFO ] [main] o.s.d.j.r.q.QueryEnhancerFactories : Hibernate is in classpath; If applicable, HQL parser will be used.
2026-07-20 17:36:23 [INFO ] [main] c.m.service.ConfigurationService : [CONFIG] Loading tenant configuration from D:\MigrationReportTool\Backend\MigrationReport\config\tenant-mappings.json
2026-07-20 17:36:23 [INFO ] [main] c.m.service.ConfigurationService : [CONFIG] Loaded 1 applications from config.
2026-07-20 17:36:23 [INFO ] [main] c.m.dialect.DialectConfig : [DIALECT] Initializing PostgreSQL Dialect provider...
2026-07-20 17:36:23 [INFO ] [main] c.m.service.PropertyMappingService : [MAPPING] Loading property mapping templates from D:\MigrationReportTool\Backend\MigrationReport\config\property-mapping-templates.json
2026-07-20 17:36:23 [WARN ] [main] o.s.b.j.a.JpaBaseConfiguration$JpaWebConfiguration : spring.jpa.open-in-view is enabled by default. Therefore, database queries may be performed during view rendering. Explicitly configure spring.jpa.open-in-view to disable this warning
2026-07-20 17:36:23 [INFO ] [main] o.s.boot.tomcat.TomcatWebServer : Tomcat started on port 8080 (http) with context path '/'
2026-07-20 17:36:23 [INFO ] [main] c.m.MigrationReportApplication : Started MigrationReportApplication in 4.301 seconds (process running for 5.099)
2026-07-20 17:36:52 [INFO ] [http-nio-8080-exec-1] o.a.c.c.C.[Tomcat].[localhost].[/] : Initializing Spring DispatcherServlet 'dispatcherServlet'
2026-07-20 17:36:52 [INFO ] [http-nio-8080-exec-1] o.s.web.servlet.DispatcherServlet : Initializing Servlet 'dispatcherServlet'
2026-07-20 17:36:52 [INFO ] [http-nio-8080-exec-1] o.s.web.servlet.DispatcherServlet : Completed initialization in 3 ms
2026-07-20 17:36:53 [INFO ] [http-nio-8080-exec-1] c.m.controller.ExceptionController : Starting method: getMetadataFields with arguments: appId=ccol, documentClass=BankAccount
2026-07-20 17:36:53 [INFO ] [http-nio-8080-exec-1] c.m.controller.ExceptionController : Ending method: getMetadataFields
2026-07-20 17:37:07 [INFO ] [http-nio-8080-exec-2] c.m.controller.ExceptionController : Starting method: checkExceptions with arguments: criteria=com.migrationreport.dto.ExceptionCriteria@33d039a3
2026-07-20 17:37:07 [INFO ] [http-nio-8080-exec-2] c.m.controller.ExceptionController : [EXCEPTIONS] Checking exceptions for Application: 'ccol'
2026-07-20 17:37:07 [INFO ] [http-nio-8080-exec-2] c.m.service.ExceptionService : [EXCEPTIONS] Executing lookup SQL: select dv.object_id from public.docversion_source dv inner join public.classdef cd on dv.object_class_id = cd.object_id where 1=1 and cd.symbolic_name in (?) and (dv.u3a18_accno = ?) | Params: [BankAccount, ACC0B0EFA]
2026-07-20 17:37:07 [INFO ] [http-nio-8080-exec-2] c.m.service.ExceptionService : [EXCEPTIONS] Found 1 target IDs in 14ms
2026-07-20 17:37:07 [INFO ] [http-nio-8080-exec-2] c.m.service.ExceptionService : [EXCEPTIONS] Querying Source, Staging, Target tables for 1 object IDs
2026-07-20 17:37:07 [INFO ] [http-nio-8080-exec-2] c.m.service.ExceptionService : [EXCEPTIONS] Data retrieval completed in 49ms. Source: 1, Staging: 1, Target: 1
2026-07-20 17:37:07 [INFO ] [http-nio-8080-exec-2] c.m.controller.ExceptionController : [EXCEPTIONS] Exception check completed in 94ms.
2026-07-20 17:37:07 [INFO ] [http-nio-8080-exec-2] c.m.controller.ExceptionController : Ending method: checkExceptions
2026-07-20 17:37:53 [INFO ] [RMI TCP Connection(5)-127.0.0.1] o.s.b.a.SpringApplicationAdminMXBeanRegistrar$SpringApplicationAdmin : Application shutdown requested.
2026-07-20 17:37:53 [INFO ] [RMI TCP Connection(5)-127.0.0.1] o.s.boot.tomcat.GracefulShutdown : Commencing graceful shutdown. Waiting for active requests to complete
2026-07-20 17:37:53 [INFO ] [tomcat-shutdown] o.s.boot.tomcat.GracefulShutdown : Graceful shutdown complete
2026-07-20 17:37:53 [INFO ] [RMI TCP Connection(5)-127.0.0.1] o.s.o.j.LocalContainerEntityManagerFactoryBean : Closing JPA EntityManagerFactory for persistence unit 'default'
2026-07-20 17:37:53 [INFO ] [RMI TCP Connection(5)-127.0.0.1] com.zaxxer.hikari.HikariDataSource : HikariPool-1 - Shutdown initiated...
2026-07-20 17:37:53 [INFO ] [RMI TCP Connection(5)-127.0.0.1] com.zaxxer.hikari.HikariDataSource : HikariPool-1 - Shutdown completed.
2026-07-20 17:38:02 [INFO ] [main] c.m.MigrationReportApplication : Starting MigrationReportApplication using Java 21.0.1 with PID 3756 (D:\MigrationReportTool\Backend\MigrationReport\target\classes started by Shaik Firoz in D:\MigrationReportTool\Backend\MigrationReport)
2026-07-20 17:38:02 [INFO ] [main] c.m.MigrationReportApplication : No active profile set, falling back to 1 default profile: "default"
2026-07-20 17:38:02 [INFO ] [main] o.s.d.r.c.RepositoryConfigurationDelegate : Bootstrapping Spring Data JPA repositories in DEFAULT mode.
2026-07-20 17:38:02 [INFO ] [main] o.s.d.r.c.RepositoryConfigurationDelegate : Finished Spring Data repository scanning in 52 ms. Found 1 JPA repository interface.
2026-07-20 17:38:03 [INFO ] [main] o.s.boot.tomcat.TomcatWebServer : Tomcat initialized with port 8080 (http)
2026-07-20 17:38:03 [INFO ] [main] o.a.catalina.core.StandardService : Starting service [Tomcat]
2026-07-20 17:38:03 [INFO ] [main] o.a.catalina.core.StandardEngine : Starting Servlet engine: [Apache Tomcat/11.0.24]
2026-07-20 17:38:03 [INFO ] [main] o.s.b.w.c.s.WebApplicationContextInitializer : Root WebApplicationContext: initialization completed in 1101 ms
2026-07-20 17:38:03 [INFO ] [main] c.m.config.DataSourceConfig : [CONFIG] Loaded database configuration for active type postgres from D:\MigrationReportTool\Backend\MigrationReport\config\db-config.json
2026-07-20 17:38:03 [INFO ] [main] org.hibernate.orm.jpa : HHH008540: Processing PersistenceUnitInfo [name: default]
2026-07-20 17:38:03 [INFO ] [main] org.hibernate.orm.core : HHH000001: Hibernate ORM core version 7.4.1.Final
2026-07-20 17:38:04 [INFO ] [main] o.s.o.j.p.SpringPersistenceUnitInfo : No LoadTimeWeaver setup: ignoring JPA class transformer
2026-07-20 17:38:04 [INFO ] [main] com.zaxxer.hikari.HikariDataSource : HikariPool-1 - Starting...
2026-07-20 17:38:04 [INFO ] [main] com.zaxxer.hikari.pool.HikariPool : HikariPool-1 - Added connection org.postgresql.jdbc.PgConnection@73852720
2026-07-20 17:38:04 [INFO ] [main] com.zaxxer.hikari.HikariDataSource : HikariPool-1 - Start completed.
2026-07-20 17:38:04 [INFO ] [main] o.hibernate.orm.connections.pooling : HHH10001005: Database info:	Database JDBC URL [jdbc:postgresql://localhost:5432/Migration]	Database driver: PostgreSQL JDBC Driver	Database dialect: PostgreSQLDialect	Database version: 16.9	Default catalog/schema: Migration/public	Autocommit mode: undefined/unknown	Isolation level: READ_COMMITTED [default READ_COMMITTED]	JDBC fetch size: none	Pool: DataSourceConnectionProvider	Minimum pool size: undefined/unknown	Maximum pool size: undefined/unknown
2026-07-20 17:38:05 [INFO ] [main] org.hibernate.orm.core : HHH000489: No JTA platform available (set 'hibernate.transaction.jta.platform' to enable JTA platform integration)
2026-07-20 17:38:05 [INFO ] [main] o.s.o.j.LocalContainerEntityManagerFactoryBean : Initialized JPA EntityManagerFactory for persistence unit 'default'
2026-07-20 17:38:05 [INFO ] [main] o.s.d.j.r.q.QueryEnhancerFactories : Hibernate is in classpath; If applicable, HQL parser will be used.
2026-07-20 17:38:05 [INFO ] [main] c.m.service.ConfigurationService : [CONFIG] Loading tenant configuration from D:\MigrationReportTool\Backend\MigrationReport\config\tenant-mappings.json
2026-07-20 17:38:05 [INFO ] [main] c.m.service.ConfigurationService : [CONFIG] Loaded 1 applications from config.
2026-07-20 17:38:05 [INFO ] [main] c.m.dialect.DialectConfig : [DIALECT] Initializing PostgreSQL Dialect provider...
2026-07-20 17:38:05 [INFO ] [main] c.m.service.PropertyMappingService : [MAPPING] Loading property mapping templates from D:\MigrationReportTool\Backend\MigrationReport\config\property-mapping-templates.json
2026-07-20 17:38:05 [WARN ] [main] o.s.b.j.a.JpaBaseConfiguration$JpaWebConfiguration : spring.jpa.open-in-view is enabled by default. Therefore, database queries may be performed during view rendering. Explicitly configure spring.jpa.open-in-view to disable this warning
2026-07-20 17:38:06 [INFO ] [main] o.s.boot.tomcat.TomcatWebServer : Tomcat started on port 8080 (http) with context path '/'
2026-07-20 17:38:06 [INFO ] [main] c.m.MigrationReportApplication : Started MigrationReportApplication in 4.277 seconds (process running for 5.121)
2026-07-20 17:38:25 [INFO ] [http-nio-8080-exec-1] o.a.c.c.C.[Tomcat].[localhost].[/] : Initializing Spring DispatcherServlet 'dispatcherServlet'
2026-07-20 17:38:25 [INFO ] [http-nio-8080-exec-1] o.s.web.servlet.DispatcherServlet : Initializing Servlet 'dispatcherServlet'
2026-07-20 17:38:25 [INFO ] [http-nio-8080-exec-1] o.s.web.servlet.DispatcherServlet : Completed initialization in 0 ms
2026-07-20 17:38:25 [INFO ] [http-nio-8080-exec-1] c.m.controller.ExceptionController : Starting method: checkExceptions with arguments: criteria=com.migrationreport.dto.ExceptionCriteria@296c76e1
2026-07-20 17:38:25 [INFO ] [http-nio-8080-exec-1] c.m.controller.ExceptionController : [EXCEPTIONS] Checking exceptions for Application: 'ccol'
2026-07-20 17:38:26 [INFO ] [http-nio-8080-exec-1] c.m.service.ExceptionService : [EXCEPTIONS] Executing lookup SQL: select dv.object_id from public.docversion_source dv inner join public.classdef cd on dv.object_class_id = cd.object_id where 1=1 and cd.symbolic_name in (?) and (dv.u3a18_accno = ?) | Params: [BankAccount, ACC0B0EFA]
2026-07-20 17:38:26 [INFO ] [http-nio-8080-exec-1] c.m.service.ExceptionService : [EXCEPTIONS] Found 1 target IDs in 8ms
2026-07-20 17:38:26 [INFO ] [http-nio-8080-exec-1] c.m.service.ExceptionService : [EXCEPTIONS] Querying Source, Staging, Target tables for 1 object IDs
2026-07-20 17:38:26 [INFO ] [http-nio-8080-exec-1] c.m.service.ExceptionService : [EXCEPTIONS] Data retrieval completed in 33ms. Source: 1, Staging: 1, Target: 1
2026-07-20 17:38:26 [INFO ] [http-nio-8080-exec-1] c.m.controller.ExceptionController : [EXCEPTIONS] Exception check completed in 103ms.
2026-07-20 17:38:26 [INFO ] [http-nio-8080-exec-1] c.m.controller.ExceptionController : Ending method: checkExceptions
2026-07-20 17:41:29 [INFO ] [RMI TCP Connection(7)-127.0.0.1] o.s.b.a.SpringApplicationAdminMXBeanRegistrar$SpringApplicationAdmin : Application shutdown requested.
2026-07-20 17:41:29 [INFO ] [RMI TCP Connection(7)-127.0.0.1] o.s.boot.tomcat.GracefulShutdown : Commencing graceful shutdown. Waiting for active requests to complete
2026-07-20 17:41:29 [INFO ] [tomcat-shutdown] o.s.boot.tomcat.GracefulShutdown : Graceful shutdown complete
2026-07-20 17:41:29 [INFO ] [RMI TCP Connection(7)-127.0.0.1] o.s.o.j.LocalContainerEntityManagerFactoryBean : Closing JPA EntityManagerFactory for persistence unit 'default'
2026-07-20 17:41:29 [INFO ] [RMI TCP Connection(7)-127.0.0.1] com.zaxxer.hikari.HikariDataSource : HikariPool-1 - Shutdown initiated...
2026-07-20 17:41:29 [INFO ] [RMI TCP Connection(7)-127.0.0.1] com.zaxxer.hikari.HikariDataSource : HikariPool-1 - Shutdown completed.
2026-07-20 17:41:31 [INFO ] [main] c.m.MigrationReportApplication : Starting MigrationReportApplication using Java 21.0.1 with PID 14760 (D:\MigrationReportTool\Backend\MigrationReport\target\classes started by Shaik Firoz in D:\MigrationReportTool\Backend\MigrationReport)
2026-07-20 17:41:31 [INFO ] [main] c.m.MigrationReportApplication : No active profile set, falling back to 1 default profile: "default"
2026-07-20 17:41:32 [INFO ] [main] o.s.d.r.c.RepositoryConfigurationDelegate : Bootstrapping Spring Data JPA repositories in DEFAULT mode.
2026-07-20 17:41:32 [INFO ] [main] o.s.d.r.c.RepositoryConfigurationDelegate : Finished Spring Data repository scanning in 46 ms. Found 1 JPA repository interface.
2026-07-20 17:41:32 [INFO ] [main] o.s.boot.tomcat.TomcatWebServer : Tomcat initialized with port 8080 (http)
2026-07-20 17:41:32 [INFO ] [main] o.a.catalina.core.StandardService : Starting service [Tomcat]
2026-07-20 17:41:32 [INFO ] [main] o.a.catalina.core.StandardEngine : Starting Servlet engine: [Apache Tomcat/11.0.24]
2026-07-20 17:41:32 [INFO ] [main] o.s.b.w.c.s.WebApplicationContextInitializer : Root WebApplicationContext: initialization completed in 1077 ms
2026-07-20 17:41:33 [INFO ] [main] c.m.config.DataSourceConfig : [CONFIG] Loaded database configuration for active type postgres from D:\MigrationReportTool\Backend\MigrationReport\config\db-config.json
2026-07-20 17:41:33 [INFO ] [main] org.hibernate.orm.jpa : HHH008540: Processing PersistenceUnitInfo [name: default]
2026-07-20 17:41:33 [INFO ] [main] org.hibernate.orm.core : HHH000001: Hibernate ORM core version 7.4.1.Final
2026-07-20 17:41:33 [INFO ] [main] o.s.o.j.p.SpringPersistenceUnitInfo : No LoadTimeWeaver setup: ignoring JPA class transformer
2026-07-20 17:41:33 [INFO ] [main] com.zaxxer.hikari.HikariDataSource : HikariPool-1 - Starting...
2026-07-20 17:41:33 [INFO ] [main] com.zaxxer.hikari.pool.HikariPool : HikariPool-1 - Added connection org.postgresql.jdbc.PgConnection@1b9c716f
2026-07-20 17:41:33 [INFO ] [main] com.zaxxer.hikari.HikariDataSource : HikariPool-1 - Start completed.
2026-07-20 17:41:34 [INFO ] [main] o.hibernate.orm.connections.pooling : HHH10001005: Database info:	Database JDBC URL [jdbc:postgresql://localhost:5432/Migration]	Database driver: PostgreSQL JDBC Driver	Database dialect: PostgreSQLDialect	Database version: 16.9	Default catalog/schema: Migration/public	Autocommit mode: undefined/unknown	Isolation level: READ_COMMITTED [default READ_COMMITTED]	JDBC fetch size: none	Pool: DataSourceConnectionProvider	Minimum pool size: undefined/unknown	Maximum pool size: undefined/unknown
2026-07-20 17:41:34 [INFO ] [main] org.hibernate.orm.core : HHH000489: No JTA platform available (set 'hibernate.transaction.jta.platform' to enable JTA platform integration)
2026-07-20 17:41:35 [INFO ] [main] o.s.o.j.LocalContainerEntityManagerFactoryBean : Initialized JPA EntityManagerFactory for persistence unit 'default'
2026-07-20 17:41:35 [INFO ] [main] o.s.d.j.r.q.QueryEnhancerFactories : Hibernate is in classpath; If applicable, HQL parser will be used.
2026-07-20 17:41:35 [INFO ] [main] c.m.service.ConfigurationService : [CONFIG] Loading tenant configuration from D:\MigrationReportTool\Backend\MigrationReport\config\tenant-mappings.json
2026-07-20 17:41:35 [INFO ] [main] c.m.service.ConfigurationService : [CONFIG] Loaded 1 applications from config.
2026-07-20 17:41:35 [INFO ] [main] c.m.dialect.DialectConfig : [DIALECT] Initializing PostgreSQL Dialect provider...
2026-07-20 17:41:35 [INFO ] [main] c.m.service.PropertyMappingService : [MAPPING] Loading property mapping templates from D:\MigrationReportTool\Backend\MigrationReport\config\property-mapping-templates.json
2026-07-20 17:41:35 [WARN ] [main] o.s.b.j.a.JpaBaseConfiguration$JpaWebConfiguration : spring.jpa.open-in-view is enabled by default. Therefore, database queries may be performed during view rendering. Explicitly configure spring.jpa.open-in-view to disable this warning
2026-07-20 17:41:35 [INFO ] [main] o.s.boot.tomcat.TomcatWebServer : Tomcat started on port 8080 (http) with context path '/'
2026-07-20 17:41:35 [INFO ] [main] c.m.MigrationReportApplication : Started MigrationReportApplication in 4.214 seconds (process running for 5.041)
2026-07-20 17:41:56 [INFO ] [http-nio-8080-exec-1] o.a.c.c.C.[Tomcat].[localhost].[/] : Initializing Spring DispatcherServlet 'dispatcherServlet'
2026-07-20 17:41:56 [INFO ] [http-nio-8080-exec-1] o.s.web.servlet.DispatcherServlet : Initializing Servlet 'dispatcherServlet'
2026-07-20 17:41:56 [INFO ] [http-nio-8080-exec-1] o.s.web.servlet.DispatcherServlet : Completed initialization in 9 ms
2026-07-20 17:41:57 [INFO ] [http-nio-8080-exec-1] c.m.controller.ExceptionController : Starting method: checkExceptions with arguments: criteria=com.migrationreport.dto.ExceptionCriteria@48b57bf3
2026-07-20 17:41:57 [INFO ] [http-nio-8080-exec-1] c.m.controller.ExceptionController : [EXCEPTIONS] Checking exceptions for Application: 'ccol'
2026-07-20 17:41:57 [INFO ] [http-nio-8080-exec-1] c.m.service.ExceptionService : [EXCEPTIONS] Executing lookup SQL: select dv.object_id from public.docversion_source dv inner join public.classdef cd on dv.object_class_id = cd.object_id where 1=1 and cd.symbolic_name in (?) and (dv.u3a18_accno = ?) | Params: [BankAccount, ACC0B0EFA]
2026-07-20 17:41:57 [INFO ] [http-nio-8080-exec-1] c.m.service.ExceptionService : [EXCEPTIONS] Found 1 target IDs in 16ms
2026-07-20 17:41:57 [INFO ] [http-nio-8080-exec-1] c.m.service.ExceptionService : [EXCEPTIONS] Querying Source, Staging, Target tables for 1 object IDs
2026-07-20 17:41:57 [INFO ] [http-nio-8080-exec-1] c.m.service.ExceptionService : [EXCEPTIONS] Data retrieval completed in 26ms. Source: 1, Staging: 1, Target: 1
2026-07-20 17:41:57 [INFO ] [http-nio-8080-exec-1] c.m.controller.ExceptionController : [EXCEPTIONS] Exception check completed in 105ms.
2026-07-20 17:41:57 [INFO ] [http-nio-8080-exec-1] c.m.controller.ExceptionController : Ending method: checkExceptions
2026-07-20 17:42:30 [INFO ] [http-nio-8080-exec-2] c.m.controller.ExceptionController : Starting method: getMetadataFields with arguments: appId=ccol, documentClass=All
2026-07-20 17:42:30 [INFO ] [http-nio-8080-exec-2] c.m.controller.ExceptionController : Ending method: getMetadataFields
2026-07-20 17:44:22 [INFO ] [http-nio-8080-exec-5] c.m.controller.ExceptionController : Starting method: checkExceptions with arguments: criteria=com.migrationreport.dto.ExceptionCriteria@3b8f47ea
2026-07-20 17:44:22 [INFO ] [http-nio-8080-exec-5] c.m.controller.ExceptionController : [EXCEPTIONS] Checking exceptions for Application: 'ccol'
2026-07-20 17:44:22 [INFO ] [http-nio-8080-exec-5] c.m.service.ExceptionService : [EXCEPTIONS] Executing lookup SQL: select dv.object_id from public.docversion_source dv where 1=1 and (dv.u3a18_accno = ? or dv.u46a8_accttype = ?) | Params: [ACC0B0EFA, Home Loan A203]
2026-07-20 17:44:22 [INFO ] [http-nio-8080-exec-5] c.m.service.ExceptionService : [EXCEPTIONS] Found 1 target IDs in 7ms
2026-07-20 17:44:22 [INFO ] [http-nio-8080-exec-5] c.m.service.ExceptionService : [EXCEPTIONS] Querying Source, Staging, Target tables for 1 object IDs
2026-07-20 17:44:22 [INFO ] [http-nio-8080-exec-5] c.m.service.ExceptionService : [EXCEPTIONS] Data retrieval completed in 10ms. Source: 1, Staging: 1, Target: 1
2026-07-20 17:44:22 [INFO ] [http-nio-8080-exec-5] c.m.controller.ExceptionController : [EXCEPTIONS] Exception check completed in 55ms.
2026-07-20 17:44:22 [INFO ] [http-nio-8080-exec-5] c.m.controller.ExceptionController : Ending method: checkExceptions
2026-07-20 17:44:48 [INFO ] [http-nio-8080-exec-6] c.m.controller.ExceptionController : Starting method: checkExceptions with arguments: criteria=com.migrationreport.dto.ExceptionCriteria@41dba182
2026-07-20 17:44:48 [INFO ] [http-nio-8080-exec-6] c.m.controller.ExceptionController : [EXCEPTIONS] Checking exceptions for Application: 'ccol'
2026-07-20 17:44:48 [INFO ] [http-nio-8080-exec-6] c.m.service.ExceptionService : [EXCEPTIONS] Executing lookup SQL: select dv.object_id from public.docversion_source dv where 1=1 and (dv.u3a18_accno = ? or dv.u46a8_accttype = ?) | Params: [ACC0B0EFA, Home Loan A203]
2026-07-20 17:44:48 [INFO ] [http-nio-8080-exec-6] c.m.service.ExceptionService : [EXCEPTIONS] Found 1 target IDs in 12ms
2026-07-20 17:44:49 [INFO ] [http-nio-8080-exec-6] c.m.service.ExceptionService : [EXCEPTIONS] Querying Source, Staging, Target tables for 1 object IDs
2026-07-20 17:44:49 [INFO ] [http-nio-8080-exec-6] c.m.service.ExceptionService : [EXCEPTIONS] Data retrieval completed in 14ms. Source: 1, Staging: 1, Target: 1
2026-07-20 17:44:49 [INFO ] [http-nio-8080-exec-6] c.m.controller.ExceptionController : [EXCEPTIONS] Exception check completed in 79ms.
2026-07-20 17:44:49 [INFO ] [http-nio-8080-exec-6] c.m.controller.ExceptionController : Ending method: checkExceptions
2026-07-20 17:55:12 [INFO ] [http-nio-8080-exec-8] c.m.controller.ExceptionController : Starting method: checkExceptions with arguments: criteria=com.migrationreport.dto.ExceptionCriteria@3e9dd03c
2026-07-20 17:55:12 [INFO ] [http-nio-8080-exec-8] c.m.controller.ExceptionController : [EXCEPTIONS] Checking exceptions for Application: 'ccol'
2026-07-20 17:55:12 [INFO ] [http-nio-8080-exec-8] c.m.service.ExceptionService : [EXCEPTIONS] Executing lookup SQL: select dv.object_id from public.docversion_source dv where 1=1 and (dv.u3a18_accno = ? or dv.u7ec8_applname = ?) | Params: [ACC0B0EFA, Home Loan A203]
2026-07-20 17:55:12 [INFO ] [http-nio-8080-exec-8] c.m.service.ExceptionService : [EXCEPTIONS] Found 2 target IDs in 14ms
2026-07-20 17:55:12 [INFO ] [http-nio-8080-exec-8] c.m.service.ExceptionService : [EXCEPTIONS] Querying Source, Staging, Target tables for 2 object IDs
2026-07-20 17:55:12 [INFO ] [http-nio-8080-exec-8] c.m.service.ExceptionService : [EXCEPTIONS] Data retrieval completed in 12ms. Source: 2, Staging: 2, Target: 2
2026-07-20 17:55:12 [INFO ] [http-nio-8080-exec-8] c.m.controller.ExceptionController : [EXCEPTIONS] Exception check completed in 60ms.
2026-07-20 17:55:12 [INFO ] [http-nio-8080-exec-8] c.m.controller.ExceptionController : Ending method: checkExceptions
2026-07-20 19:29:07 [INFO ] [RMI TCP Connection(111)-127.0.0.1] o.s.b.a.SpringApplicationAdminMXBeanRegistrar$SpringApplicationAdmin : Application shutdown requested.
2026-07-20 19:29:07 [INFO ] [RMI TCP Connection(111)-127.0.0.1] o.s.boot.tomcat.GracefulShutdown : Commencing graceful shutdown. Waiting for active requests to complete
2026-07-20 19:29:07 [INFO ] [tomcat-shutdown] o.s.boot.tomcat.GracefulShutdown : Graceful shutdown complete
2026-07-20 19:29:07 [INFO ] [RMI TCP Connection(111)-127.0.0.1] o.s.o.j.LocalContainerEntityManagerFactoryBean : Closing JPA EntityManagerFactory for persistence unit 'default'
2026-07-20 19:29:07 [INFO ] [RMI TCP Connection(111)-127.0.0.1] com.zaxxer.hikari.HikariDataSource : HikariPool-1 - Shutdown initiated...
2026-07-20 19:29:07 [INFO ] [RMI TCP Connection(111)-127.0.0.1] com.zaxxer.hikari.HikariDataSource : HikariPool-1 - Shutdown completed.
2026-07-20 19:29:09 [INFO ] [main] c.m.MigrationReportApplication : Starting MigrationReportApplication using Java 21.0.1 with PID 19060 (D:\MigrationReportTool\Backend\MigrationReport\target\classes started by Shaik Firoz in D:\MigrationReportTool\Backend\MigrationReport)
2026-07-20 19:29:09 [INFO ] [main] c.m.MigrationReportApplication : No active profile set, falling back to 1 default profile: "default"
2026-07-20 19:29:10 [INFO ] [main] o.s.d.r.c.RepositoryConfigurationDelegate : Bootstrapping Spring Data JPA repositories in DEFAULT mode.
2026-07-20 19:29:10 [INFO ] [main] o.s.d.r.c.RepositoryConfigurationDelegate : Finished Spring Data repository scanning in 33 ms. Found 1 JPA repository interface.
2026-07-20 19:29:10 [INFO ] [main] o.s.boot.tomcat.TomcatWebServer : Tomcat initialized with port 8080 (http)
2026-07-20 19:29:10 [INFO ] [main] o.a.catalina.core.StandardService : Starting service [Tomcat]
2026-07-20 19:29:10 [INFO ] [main] o.a.catalina.core.StandardEngine : Starting Servlet engine: [Apache Tomcat/11.0.24]
2026-07-20 19:29:10 [INFO ] [main] o.s.b.w.c.s.WebApplicationContextInitializer : Root WebApplicationContext: initialization completed in 927 ms
2026-07-20 19:29:11 [INFO ] [main] c.m.config.DataSourceConfig : [CONFIG] Loaded database configuration for active type postgres from D:\MigrationReportTool\Backend\MigrationReport\config\db-config.json
2026-07-20 19:29:11 [INFO ] [main] org.hibernate.orm.jpa : HHH008540: Processing PersistenceUnitInfo [name: default]
2026-07-20 19:29:11 [INFO ] [main] org.hibernate.orm.core : HHH000001: Hibernate ORM core version 7.4.1.Final
2026-07-20 19:29:11 [INFO ] [main] o.s.o.j.p.SpringPersistenceUnitInfo : No LoadTimeWeaver setup: ignoring JPA class transformer
2026-07-20 19:29:11 [INFO ] [main] com.zaxxer.hikari.HikariDataSource : HikariPool-1 - Starting...
2026-07-20 19:29:11 [INFO ] [main] com.zaxxer.hikari.pool.HikariPool : HikariPool-1 - Added connection org.postgresql.jdbc.PgConnection@2a5efbb9
2026-07-20 19:29:11 [INFO ] [main] com.zaxxer.hikari.HikariDataSource : HikariPool-1 - Start completed.
2026-07-20 19:29:11 [INFO ] [main] o.hibernate.orm.connections.pooling : HHH10001005: Database info:	Database JDBC URL [jdbc:postgresql://localhost:5432/Migration]	Database driver: PostgreSQL JDBC Driver	Database dialect: PostgreSQLDialect	Database version: 16.9	Default catalog/schema: Migration/public	Autocommit mode: undefined/unknown	Isolation level: READ_COMMITTED [default READ_COMMITTED]	JDBC fetch size: none	Pool: DataSourceConnectionProvider	Minimum pool size: undefined/unknown	Maximum pool size: undefined/unknown
2026-07-20 19:29:12 [INFO ] [main] org.hibernate.orm.core : HHH000489: No JTA platform available (set 'hibernate.transaction.jta.platform' to enable JTA platform integration)
2026-07-20 19:29:12 [INFO ] [main] o.s.o.j.LocalContainerEntityManagerFactoryBean : Initialized JPA EntityManagerFactory for persistence unit 'default'
2026-07-20 19:29:12 [INFO ] [main] o.s.d.j.r.q.QueryEnhancerFactories : Hibernate is in classpath; If applicable, HQL parser will be used.
2026-07-20 19:29:12 [INFO ] [main] c.m.service.ConfigurationService : [CONFIG] Loading tenant configuration from D:\MigrationReportTool\Backend\MigrationReport\config\tenant-mappings.json
2026-07-20 19:29:12 [INFO ] [main] c.m.service.ConfigurationService : [CONFIG] Loaded 1 applications from config.
2026-07-20 19:29:12 [INFO ] [main] c.m.dialect.DialectConfig : [DIALECT] Initializing PostgreSQL Dialect provider...
2026-07-20 19:29:13 [INFO ] [main] c.m.service.PropertyMappingService : [MAPPING] Loading property mapping templates from D:\MigrationReportTool\Backend\MigrationReport\config\property-mapping-templates.json
2026-07-20 19:29:13 [WARN ] [main] o.s.b.j.a.JpaBaseConfiguration$JpaWebConfiguration : spring.jpa.open-in-view is enabled by default. Therefore, database queries may be performed during view rendering. Explicitly configure spring.jpa.open-in-view to disable this warning
2026-07-20 19:29:13 [INFO ] [main] o.s.boot.tomcat.TomcatWebServer : Tomcat started on port 8080 (http) with context path '/'
2026-07-20 19:29:13 [INFO ] [main] c.m.MigrationReportApplication : Started MigrationReportApplication in 3.741 seconds (process running for 4.442)
2026-07-20 19:29:56 [INFO ] [RMI TCP Connection(4)-127.0.0.1] o.s.b.a.SpringApplicationAdminMXBeanRegistrar$SpringApplicationAdmin : Application shutdown requested.
2026-07-20 19:29:56 [INFO ] [RMI TCP Connection(4)-127.0.0.1] o.s.boot.tomcat.GracefulShutdown : Commencing graceful shutdown. Waiting for active requests to complete
2026-07-20 19:29:56 [INFO ] [tomcat-shutdown] o.s.boot.tomcat.GracefulShutdown : Graceful shutdown complete
2026-07-20 19:29:56 [INFO ] [RMI TCP Connection(4)-127.0.0.1] o.s.o.j.LocalContainerEntityManagerFactoryBean : Closing JPA EntityManagerFactory for persistence unit 'default'
2026-07-20 19:29:56 [INFO ] [RMI TCP Connection(4)-127.0.0.1] com.zaxxer.hikari.HikariDataSource : HikariPool-1 - Shutdown initiated...
2026-07-20 19:29:56 [INFO ] [RMI TCP Connection(4)-127.0.0.1] com.zaxxer.hikari.HikariDataSource : HikariPool-1 - Shutdown completed.
2026-07-20 19:29:58 [INFO ] [main] c.m.MigrationReportApplication : Starting MigrationReportApplication using Java 21.0.1 with PID 16916 (D:\MigrationReportTool\Backend\MigrationReport\target\classes started by Shaik Firoz in D:\MigrationReportTool\Backend\MigrationReport)
2026-07-20 19:29:58 [INFO ] [main] c.m.MigrationReportApplication : No active profile set, falling back to 1 default profile: "default"
2026-07-20 19:29:59 [INFO ] [main] o.s.d.r.c.RepositoryConfigurationDelegate : Bootstrapping Spring Data JPA repositories in DEFAULT mode.
2026-07-20 19:29:59 [INFO ] [main] o.s.d.r.c.RepositoryConfigurationDelegate : Finished Spring Data repository scanning in 34 ms. Found 1 JPA repository interface.
2026-07-20 19:29:59 [INFO ] [main] o.s.boot.tomcat.TomcatWebServer : Tomcat initialized with port 8080 (http)
2026-07-20 19:29:59 [INFO ] [main] o.a.catalina.core.StandardService : Starting service [Tomcat]
2026-07-20 19:29:59 [INFO ] [main] o.a.catalina.core.StandardEngine : Starting Servlet engine: [Apache Tomcat/11.0.24]
2026-07-20 19:29:59 [INFO ] [main] o.s.b.w.c.s.WebApplicationContextInitializer : Root WebApplicationContext: initialization completed in 847 ms
2026-07-20 19:29:59 [INFO ] [main] c.m.config.DataSourceConfig : [CONFIG] Loaded database configuration for active type postgres from D:\MigrationReportTool\Backend\MigrationReport\config\db-config.json
2026-07-20 19:29:59 [INFO ] [main] org.hibernate.orm.jpa : HHH008540: Processing PersistenceUnitInfo [name: default]
2026-07-20 19:29:59 [INFO ] [main] org.hibernate.orm.core : HHH000001: Hibernate ORM core version 7.4.1.Final
2026-07-20 19:30:00 [INFO ] [main] o.s.o.j.p.SpringPersistenceUnitInfo : No LoadTimeWeaver setup: ignoring JPA class transformer
2026-07-20 19:30:00 [INFO ] [main] com.zaxxer.hikari.HikariDataSource : HikariPool-1 - Starting...
2026-07-20 19:30:00 [INFO ] [main] com.zaxxer.hikari.pool.HikariPool : HikariPool-1 - Added connection org.postgresql.jdbc.PgConnection@1e6bd367
2026-07-20 19:30:00 [INFO ] [main] com.zaxxer.hikari.HikariDataSource : HikariPool-1 - Start completed.
2026-07-20 19:30:00 [INFO ] [main] o.hibernate.orm.connections.pooling : HHH10001005: Database info:	Database JDBC URL [jdbc:postgresql://localhost:5432/Migration]	Database driver: PostgreSQL JDBC Driver	Database dialect: PostgreSQLDialect	Database version: 16.9	Default catalog/schema: Migration/public	Autocommit mode: undefined/unknown	Isolation level: READ_COMMITTED [default READ_COMMITTED]	JDBC fetch size: none	Pool: DataSourceConnectionProvider	Minimum pool size: undefined/unknown	Maximum pool size: undefined/unknown
2026-07-20 19:30:01 [INFO ] [main] org.hibernate.orm.core : HHH000489: No JTA platform available (set 'hibernate.transaction.jta.platform' to enable JTA platform integration)
2026-07-20 19:30:01 [INFO ] [main] o.s.o.j.LocalContainerEntityManagerFactoryBean : Initialized JPA EntityManagerFactory for persistence unit 'default'
2026-07-20 19:30:01 [INFO ] [main] o.s.d.j.r.q.QueryEnhancerFactories : Hibernate is in classpath; If applicable, HQL parser will be used.
2026-07-20 19:30:01 [INFO ] [main] c.m.service.ConfigurationService : [CONFIG] Loading tenant configuration from D:\MigrationReportTool\Backend\MigrationReport\config\tenant-mappings.json
2026-07-20 19:30:01 [INFO ] [main] c.m.service.ConfigurationService : [CONFIG] Loaded 1 applications from config.
2026-07-20 19:30:01 [INFO ] [main] c.m.dialect.DialectConfig : [DIALECT] Initializing PostgreSQL Dialect provider...
2026-07-20 19:30:01 [INFO ] [main] c.m.service.PropertyMappingService : [MAPPING] Loading property mapping templates from D:\MigrationReportTool\Backend\MigrationReport\config\property-mapping-templates.json
2026-07-20 19:30:01 [WARN ] [main] o.s.b.j.a.JpaBaseConfiguration$JpaWebConfiguration : spring.jpa.open-in-view is enabled by default. Therefore, database queries may be performed during view rendering. Explicitly configure spring.jpa.open-in-view to disable this warning
2026-07-20 19:30:01 [INFO ] [main] o.s.boot.tomcat.TomcatWebServer : Tomcat started on port 8080 (http) with context path '/'
2026-07-20 19:30:01 [INFO ] [main] c.m.MigrationReportApplication : Started MigrationReportApplication in 3.321 seconds (process running for 3.941)
2026-07-20 19:50:16 [INFO ] [RMI TCP Connection(22)-127.0.0.1] o.s.b.a.SpringApplicationAdminMXBeanRegistrar$SpringApplicationAdmin : Application shutdown requested.
2026-07-20 19:50:16 [INFO ] [RMI TCP Connection(22)-127.0.0.1] o.s.boot.tomcat.GracefulShutdown : Commencing graceful shutdown. Waiting for active requests to complete
2026-07-20 19:50:16 [INFO ] [tomcat-shutdown] o.s.boot.tomcat.GracefulShutdown : Graceful shutdown complete
2026-07-20 19:50:16 [INFO ] [RMI TCP Connection(22)-127.0.0.1] o.s.o.j.LocalContainerEntityManagerFactoryBean : Closing JPA EntityManagerFactory for persistence unit 'default'
2026-07-20 19:50:16 [INFO ] [RMI TCP Connection(22)-127.0.0.1] com.zaxxer.hikari.HikariDataSource : HikariPool-1 - Shutdown initiated...
2026-07-20 19:50:16 [INFO ] [RMI TCP Connection(22)-127.0.0.1] com.zaxxer.hikari.HikariDataSource : HikariPool-1 - Shutdown completed.
2026-07-20 19:50:18 [INFO ] [main] c.m.MigrationReportApplication : Starting MigrationReportApplication using Java 21.0.1 with PID 24588 (D:\MigrationReportTool\Backend\MigrationReport\target\classes started by Shaik Firoz in D:\MigrationReportTool\Backend\MigrationReport)
2026-07-20 19:50:18 [INFO ] [main] c.m.MigrationReportApplication : No active profile set, falling back to 1 default profile: "default"
2026-07-20 19:50:19 [INFO ] [main] o.s.d.r.c.RepositoryConfigurationDelegate : Bootstrapping Spring Data JPA repositories in DEFAULT mode.
2026-07-20 19:50:19 [INFO ] [main] o.s.d.r.c.RepositoryConfigurationDelegate : Finished Spring Data repository scanning in 34 ms. Found 1 JPA repository interface.
2026-07-20 19:50:19 [INFO ] [main] o.s.boot.tomcat.TomcatWebServer : Tomcat initialized with port 8080 (http)
2026-07-20 19:50:19 [INFO ] [main] o.a.catalina.core.StandardService : Starting service [Tomcat]
2026-07-20 19:50:19 [INFO ] [main] o.a.catalina.core.StandardEngine : Starting Servlet engine: [Apache Tomcat/11.0.24]
2026-07-20 19:50:19 [INFO ] [main] o.s.b.w.c.s.WebApplicationContextInitializer : Root WebApplicationContext: initialization completed in 897 ms
2026-07-20 19:50:19 [INFO ] [main] c.m.config.DataSourceConfig : [CONFIG] Loaded database configuration for active type postgres from D:\MigrationReportTool\Backend\MigrationReport\config\db-config.json
2026-07-20 19:50:19 [INFO ] [main] org.hibernate.orm.jpa : HHH008540: Processing PersistenceUnitInfo [name: default]
2026-07-20 19:50:20 [INFO ] [main] org.hibernate.orm.core : HHH000001: Hibernate ORM core version 7.4.1.Final
2026-07-20 19:50:20 [INFO ] [main] o.s.o.j.p.SpringPersistenceUnitInfo : No LoadTimeWeaver setup: ignoring JPA class transformer
2026-07-20 19:50:20 [INFO ] [main] com.zaxxer.hikari.HikariDataSource : HikariPool-1 - Starting...
2026-07-20 19:50:20 [INFO ] [main] com.zaxxer.hikari.pool.HikariPool : HikariPool-1 - Added connection org.postgresql.jdbc.PgConnection@2a5efbb9
2026-07-20 19:50:20 [INFO ] [main] com.zaxxer.hikari.HikariDataSource : HikariPool-1 - Start completed.
2026-07-20 19:50:20 [INFO ] [main] o.hibernate.orm.connections.pooling : HHH10001005: Database info:	Database JDBC URL [jdbc:postgresql://localhost:5432/Migration]	Database driver: PostgreSQL JDBC Driver	Database dialect: PostgreSQLDialect	Database version: 16.9	Default catalog/schema: Migration/public	Autocommit mode: undefined/unknown	Isolation level: READ_COMMITTED [default READ_COMMITTED]	JDBC fetch size: none	Pool: DataSourceConnectionProvider	Minimum pool size: undefined/unknown	Maximum pool size: undefined/unknown
2026-07-20 19:50:21 [INFO ] [main] org.hibernate.orm.core : HHH000489: No JTA platform available (set 'hibernate.transaction.jta.platform' to enable JTA platform integration)
2026-07-20 19:50:21 [INFO ] [main] o.s.o.j.LocalContainerEntityManagerFactoryBean : Initialized JPA EntityManagerFactory for persistence unit 'default'
2026-07-20 19:50:21 [INFO ] [main] o.s.d.j.r.q.QueryEnhancerFactories : Hibernate is in classpath; If applicable, HQL parser will be used.
2026-07-20 19:50:21 [INFO ] [main] c.m.service.ConfigurationService : [CONFIG] Loading tenant configuration from D:\MigrationReportTool\Backend\MigrationReport\config\tenant-mappings.json
2026-07-20 19:50:21 [INFO ] [main] c.m.service.ConfigurationService : [CONFIG] Loaded 1 applications from config.
2026-07-20 19:50:21 [INFO ] [main] c.m.dialect.DialectConfig : [DIALECT] Initializing PostgreSQL Dialect provider...
2026-07-20 19:50:21 [INFO ] [main] c.m.service.PropertyMappingService : [MAPPING] Loading property mapping templates from D:\MigrationReportTool\Backend\MigrationReport\config\property-mapping-templates.json
2026-07-20 19:50:21 [WARN ] [main] o.s.b.j.a.JpaBaseConfiguration$JpaWebConfiguration : spring.jpa.open-in-view is enabled by default. Therefore, database queries may be performed during view rendering. Explicitly configure spring.jpa.open-in-view to disable this warning
2026-07-20 19:50:21 [INFO ] [main] o.s.boot.tomcat.TomcatWebServer : Tomcat started on port 8080 (http) with context path '/'
2026-07-20 19:50:21 [INFO ] [main] c.m.MigrationReportApplication : Started MigrationReportApplication in 3.512 seconds (process running for 4.136)
2026-07-20 19:50:29 [INFO ] [http-nio-8080-exec-1] o.a.c.c.C.[Tomcat].[localhost].[/] : Initializing Spring DispatcherServlet 'dispatcherServlet'
2026-07-20 19:50:29 [INFO ] [http-nio-8080-exec-1] o.s.web.servlet.DispatcherServlet : Initializing Servlet 'dispatcherServlet'
2026-07-20 19:50:29 [INFO ] [http-nio-8080-exec-1] o.s.web.servlet.DispatcherServlet : Completed initialization in 2 ms
2026-07-20 19:50:29 [INFO ] [http-nio-8080-exec-2] c.m.c.ConfigurationController : Starting method: getConfig
2026-07-20 19:50:29 [INFO ] [http-nio-8080-exec-1] c.m.c.ConfigurationController : Starting method: getUiSettings
2026-07-20 19:50:29 [INFO ] [http-nio-8080-exec-2] c.m.c.ConfigurationController : [CONFIG] Fetching cached tenant configuration
2026-07-20 19:50:29 [INFO ] [http-nio-8080-exec-1] c.m.c.ConfigurationController : Ending method: getUiSettings
2026-07-20 19:50:29 [INFO ] [http-nio-8080-exec-2] c.m.c.ConfigurationController : Ending method: getConfig
2026-07-20 19:50:34 [INFO ] [http-nio-8080-exec-5] c.m.controller.DiscoveryController : Starting method: getDocumentClasses with arguments: appId=ccol, type=source
2026-07-20 19:50:34 [INFO ] [http-nio-8080-exec-5] c.m.controller.DiscoveryController : Ending method: getDocumentClasses
2026-07-20 19:50:36 [INFO ] [http-nio-8080-exec-4] c.m.controller.ExceptionController : Starting method: getMetadataFields with arguments: appId=ccol, documentClass=BankAccount
2026-07-20 19:50:36 [INFO ] [http-nio-8080-exec-4] c.m.controller.ExceptionController : Ending method: getMetadataFields
2026-07-20 19:50:52 [INFO ] [http-nio-8080-exec-7] c.m.controller.ExceptionController : Starting method: checkExceptions with arguments: criteria=com.migrationreport.dto.ExceptionCriteria@32f3f30d
2026-07-20 19:50:52 [INFO ] [http-nio-8080-exec-7] c.m.controller.ExceptionController : [EXCEPTIONS] Checking exceptions for Application: 'ccol'
2026-07-20 19:50:52 [INFO ] [http-nio-8080-exec-7] c.m.service.ExceptionService : [EXCEPTIONS] Executing lookup SQL: select dv.object_id from public.docversion_source dv inner join public.classdef cd on dv.object_class_id = cd.object_id where 1=1 and cd.symbolic_name in (?) and (dv.u3a18_accno = ?) | Params: [BankAccount, ACC0B0EFA]
2026-07-20 19:50:52 [INFO ] [http-nio-8080-exec-7] c.m.service.ExceptionService : [EXCEPTIONS] Found 1 target IDs in 2ms
2026-07-20 19:50:52 [INFO ] [http-nio-8080-exec-7] c.m.service.ExceptionService : [EXCEPTIONS] Querying Source, Staging, Target tables for 1 object IDs
2026-07-20 19:50:52 [INFO ] [http-nio-8080-exec-7] c.m.service.ExceptionService : [EXCEPTIONS] Data retrieval completed in 187ms. Source: 1, Staging: 1, Target: 1
2026-07-20 19:50:52 [INFO ] [http-nio-8080-exec-7] c.m.controller.ExceptionController : [EXCEPTIONS] Exception check completed in 274ms.
2026-07-20 19:50:52 [INFO ] [http-nio-8080-exec-7] c.m.controller.ExceptionController : Ending method: checkExceptions
2026-07-20 19:52:33 [INFO ] [http-nio-8080-exec-10] c.m.c.ConfigurationController : Starting method: getUiSettings
2026-07-20 19:52:33 [INFO ] [http-nio-8080-exec-10] c.m.c.ConfigurationController : Ending method: getUiSettings
2026-07-20 19:52:33 [INFO ] [http-nio-8080-exec-3] c.m.controller.DiscoveryController : Starting method: getDocumentClasses with arguments: appId=ccol, type=source
2026-07-20 19:52:33 [INFO ] [http-nio-8080-exec-1] c.m.controller.ExceptionController : Starting method: getMetadataFields with arguments: appId=ccol, documentClass=BankAccount
2026-07-20 19:52:33 [INFO ] [http-nio-8080-exec-3] c.m.controller.DiscoveryController : Ending method: getDocumentClasses
2026-07-20 19:52:33 [INFO ] [http-nio-8080-exec-1] c.m.controller.ExceptionController : Ending method: getMetadataFields
2026-07-20 19:53:02 [INFO ] [RMI TCP Connection(6)-127.0.0.1] o.s.b.a.SpringApplicationAdminMXBeanRegistrar$SpringApplicationAdmin : Application shutdown requested.
2026-07-20 19:53:02 [INFO ] [RMI TCP Connection(6)-127.0.0.1] o.s.boot.tomcat.GracefulShutdown : Commencing graceful shutdown. Waiting for active requests to complete
2026-07-20 19:53:02 [INFO ] [tomcat-shutdown] o.s.boot.tomcat.GracefulShutdown : Graceful shutdown complete
2026-07-20 19:53:02 [INFO ] [RMI TCP Connection(6)-127.0.0.1] o.s.o.j.LocalContainerEntityManagerFactoryBean : Closing JPA EntityManagerFactory for persistence unit 'default'
2026-07-20 19:53:02 [INFO ] [RMI TCP Connection(6)-127.0.0.1] com.zaxxer.hikari.HikariDataSource : HikariPool-1 - Shutdown initiated...
2026-07-20 19:53:02 [INFO ] [RMI TCP Connection(6)-127.0.0.1] com.zaxxer.hikari.HikariDataSource : HikariPool-1 - Shutdown completed.
2026-07-20 19:53:05 [INFO ] [main] c.m.MigrationReportApplication : Starting MigrationReportApplication using Java 21.0.1 with PID 2260 (D:\MigrationReportTool\Backend\MigrationReport\target\classes started by Shaik Firoz in D:\MigrationReportTool\Backend\MigrationReport)
2026-07-20 19:53:05 [INFO ] [main] c.m.MigrationReportApplication : No active profile set, falling back to 1 default profile: "default"
2026-07-20 19:53:05 [INFO ] [main] o.s.d.r.c.RepositoryConfigurationDelegate : Bootstrapping Spring Data JPA repositories in DEFAULT mode.
2026-07-20 19:53:05 [INFO ] [main] o.s.d.r.c.RepositoryConfigurationDelegate : Finished Spring Data repository scanning in 34 ms. Found 1 JPA repository interface.
2026-07-20 19:53:05 [INFO ] [main] o.s.boot.tomcat.TomcatWebServer : Tomcat initialized with port 8080 (http)
2026-07-20 19:53:05 [INFO ] [main] o.a.catalina.core.StandardService : Starting service [Tomcat]
2026-07-20 19:53:05 [INFO ] [main] o.a.catalina.core.StandardEngine : Starting Servlet engine: [Apache Tomcat/11.0.24]
2026-07-20 19:53:05 [INFO ] [main] o.s.b.w.c.s.WebApplicationContextInitializer : Root WebApplicationContext: initialization completed in 835 ms
2026-07-20 19:53:06 [INFO ] [main] c.m.config.DataSourceConfig : [CONFIG] Loaded database configuration for active type postgres from D:\MigrationReportTool\Backend\MigrationReport\config\db-config.json
2026-07-20 19:53:06 [INFO ] [main] org.hibernate.orm.jpa : HHH008540: Processing PersistenceUnitInfo [name: default]
2026-07-20 19:53:06 [INFO ] [main] org.hibernate.orm.core : HHH000001: Hibernate ORM core version 7.4.1.Final
2026-07-20 19:53:06 [INFO ] [main] o.s.o.j.p.SpringPersistenceUnitInfo : No LoadTimeWeaver setup: ignoring JPA class transformer
2026-07-20 19:53:06 [INFO ] [main] com.zaxxer.hikari.HikariDataSource : HikariPool-1 - Starting...
2026-07-20 19:53:06 [INFO ] [main] com.zaxxer.hikari.pool.HikariPool : HikariPool-1 - Added connection org.postgresql.jdbc.PgConnection@1e6bd367
2026-07-20 19:53:06 [INFO ] [main] com.zaxxer.hikari.HikariDataSource : HikariPool-1 - Start completed.
2026-07-20 19:53:06 [INFO ] [main] o.hibernate.orm.connections.pooling : HHH10001005: Database info:	Database JDBC URL [jdbc:postgresql://localhost:5432/Migration]	Database driver: PostgreSQL JDBC Driver	Database dialect: PostgreSQLDialect	Database version: 16.9	Default catalog/schema: Migration/public	Autocommit mode: undefined/unknown	Isolation level: READ_COMMITTED [default READ_COMMITTED]	JDBC fetch size: none	Pool: DataSourceConnectionProvider	Minimum pool size: undefined/unknown	Maximum pool size: undefined/unknown
2026-07-20 19:53:07 [INFO ] [main] org.hibernate.orm.core : HHH000489: No JTA platform available (set 'hibernate.transaction.jta.platform' to enable JTA platform integration)
2026-07-20 19:53:07 [INFO ] [main] o.s.o.j.LocalContainerEntityManagerFactoryBean : Initialized JPA EntityManagerFactory for persistence unit 'default'
2026-07-20 19:53:07 [INFO ] [main] o.s.d.j.r.q.QueryEnhancerFactories : Hibernate is in classpath; If applicable, HQL parser will be used.
2026-07-20 19:53:07 [INFO ] [main] c.m.service.ConfigurationService : [CONFIG] Loading tenant configuration from D:\MigrationReportTool\Backend\MigrationReport\config\tenant-mappings.json
2026-07-20 19:53:07 [INFO ] [main] c.m.service.ConfigurationService : [CONFIG] Loaded 1 applications from config.
2026-07-20 19:53:07 [INFO ] [main] c.m.dialect.DialectConfig : [DIALECT] Initializing PostgreSQL Dialect provider...
2026-07-20 19:53:07 [INFO ] [main] c.m.service.PropertyMappingService : [MAPPING] Loading property mapping templates from D:\MigrationReportTool\Backend\MigrationReport\config\property-mapping-templates.json
2026-07-20 19:53:07 [WARN ] [main] o.s.b.j.a.JpaBaseConfiguration$JpaWebConfiguration : spring.jpa.open-in-view is enabled by default. Therefore, database queries may be performed during view rendering. Explicitly configure spring.jpa.open-in-view to disable this warning
2026-07-20 19:53:08 [INFO ] [main] o.s.boot.tomcat.TomcatWebServer : Tomcat started on port 8080 (http) with context path '/'
2026-07-20 19:53:08 [INFO ] [main] c.m.MigrationReportApplication : Started MigrationReportApplication in 3.229 seconds (process running for 3.834)
2026-07-20 19:53:16 [INFO ] [http-nio-8080-exec-1] o.a.c.c.C.[Tomcat].[localhost].[/] : Initializing Spring DispatcherServlet 'dispatcherServlet'
2026-07-20 19:53:16 [INFO ] [http-nio-8080-exec-1] o.s.web.servlet.DispatcherServlet : Initializing Servlet 'dispatcherServlet'
2026-07-20 19:53:16 [INFO ] [http-nio-8080-exec-1] o.s.web.servlet.DispatcherServlet : Completed initialization in 0 ms
2026-07-20 19:53:16 [INFO ] [http-nio-8080-exec-1] c.m.controller.ExceptionController : Starting method: getMetadataFields with arguments: appId=ccol, documentClass=BankAccount
2026-07-20 19:53:16 [INFO ] [http-nio-8080-exec-1] c.m.controller.ExceptionController : Ending method: getMetadataFields
2026-07-20 19:53:25 [INFO ] [http-nio-8080-exec-4] c.m.controller.ExceptionController : Starting method: checkExceptions with arguments: criteria=com.migrationreport.dto.ExceptionCriteria@413bb97c
2026-07-20 19:53:25 [INFO ] [http-nio-8080-exec-4] c.m.controller.ExceptionController : [EXCEPTIONS] Checking exceptions for Application: 'ccol'
2026-07-20 19:53:25 [INFO ] [http-nio-8080-exec-4] c.m.service.ExceptionService : [EXCEPTIONS] Executing lookup SQL: select dv.object_id from public.docversion_source dv inner join public.classdef cd on dv.object_class_id = cd.object_id where 1=1 and cd.symbolic_name in (?) and (dv.u3a18_accno = ?) | Params: [BankAccount, ACC0B0EFA]
2026-07-20 19:53:25 [INFO ] [http-nio-8080-exec-4] c.m.service.ExceptionService : [EXCEPTIONS] Found 1 target IDs in 12ms
2026-07-20 19:53:25 [INFO ] [http-nio-8080-exec-4] c.m.service.ExceptionService : [EXCEPTIONS] Querying Source, Staging, Target tables for 1 object IDs
2026-07-20 19:53:25 [INFO ] [http-nio-8080-exec-4] c.m.service.ExceptionService : [EXCEPTIONS] Data retrieval completed in 31ms. Source: 1, Staging: 1, Target: 1
2026-07-20 19:53:25 [INFO ] [http-nio-8080-exec-4] c.m.controller.ExceptionController : [EXCEPTIONS] Exception check completed in 88ms.
2026-07-20 19:53:25 [INFO ] [http-nio-8080-exec-4] c.m.controller.ExceptionController : Ending method: checkExceptions
2026-07-20 19:54:12 [INFO ] [http-nio-8080-exec-5] c.m.controller.ExceptionController : Starting method: getMetadataFields with arguments: appId=ccol, documentClass=All
2026-07-20 19:54:12 [INFO ] [http-nio-8080-exec-5] c.m.controller.ExceptionController : Ending method: getMetadataFields
2026-07-20 19:54:36 [INFO ] [http-nio-8080-exec-6] c.m.controller.ExceptionController : Starting method: checkExceptions with arguments: criteria=com.migrationreport.dto.ExceptionCriteria@3dcd689e
2026-07-20 19:54:36 [INFO ] [http-nio-8080-exec-6] c.m.controller.ExceptionController : [EXCEPTIONS] Checking exceptions for Application: 'ccol'
2026-07-20 19:54:36 [INFO ] [http-nio-8080-exec-6] c.m.service.ExceptionService : [EXCEPTIONS] Executing lookup SQL: select dv.object_id from public.docversion_source dv where 1=1 and (dv.u3a18_accno = ? or dv.u46a8_accttype = ?) | Params: [ACC0B0EFA, Home Loan A203]
2026-07-20 19:54:36 [INFO ] [http-nio-8080-exec-6] c.m.service.ExceptionService : [EXCEPTIONS] Found 1 target IDs in 9ms
2026-07-20 19:54:37 [INFO ] [http-nio-8080-exec-6] c.m.service.ExceptionService : [EXCEPTIONS] Querying Source, Staging, Target tables for 1 object IDs
2026-07-20 19:54:37 [INFO ] [http-nio-8080-exec-6] c.m.service.ExceptionService : [EXCEPTIONS] Data retrieval completed in 13ms. Source: 1, Staging: 1, Target: 1
2026-07-20 19:54:37 [INFO ] [http-nio-8080-exec-6] c.m.controller.ExceptionController : [EXCEPTIONS] Exception check completed in 53ms.
2026-07-20 19:54:37 [INFO ] [http-nio-8080-exec-6] c.m.controller.ExceptionController : Ending method: checkExceptions
2026-07-20 19:54:46 [INFO ] [http-nio-8080-exec-2] c.m.controller.ExceptionController : Starting method: checkExceptions with arguments: criteria=com.migrationreport.dto.ExceptionCriteria@192a907e
2026-07-20 19:54:46 [INFO ] [http-nio-8080-exec-2] c.m.controller.ExceptionController : [EXCEPTIONS] Checking exceptions for Application: 'ccol'
2026-07-20 19:54:46 [INFO ] [http-nio-8080-exec-2] c.m.service.ExceptionService : [EXCEPTIONS] Executing lookup SQL: select dv.object_id from public.docversion_source dv where 1=1 and (dv.u3a18_accno = ? or dv.u7ec8_applname = ?) | Params: [ACC0B0EFA, Home Loan A203]
2026-07-20 19:54:46 [INFO ] [http-nio-8080-exec-2] c.m.service.ExceptionService : [EXCEPTIONS] Found 2 target IDs in 7ms
2026-07-20 19:54:46 [INFO ] [http-nio-8080-exec-2] c.m.service.ExceptionService : [EXCEPTIONS] Querying Source, Staging, Target tables for 2 object IDs
2026-07-20 19:54:46 [INFO ] [http-nio-8080-exec-2] c.m.service.ExceptionService : [EXCEPTIONS] Data retrieval completed in 17ms. Source: 2, Staging: 2, Target: 2
2026-07-20 19:54:46 [INFO ] [http-nio-8080-exec-2] c.m.controller.ExceptionController : [EXCEPTIONS] Exception check completed in 35ms.
2026-07-20 19:54:46 [INFO ] [http-nio-8080-exec-2] c.m.controller.ExceptionController : Ending method: checkExceptions
2026-07-20 19:56:49 [INFO ] [http-nio-8080-exec-7] c.m.c.ConfigurationController : Starting method: getUiSettings
2026-07-20 19:56:49 [INFO ] [http-nio-8080-exec-7] c.m.c.ConfigurationController : Ending method: getUiSettings
2026-07-20 19:56:49 [INFO ] [http-nio-8080-exec-8] c.m.controller.DiscoveryController : Starting method: getDocumentClasses with arguments: appId=ccol, type=source
2026-07-20 19:56:49 [INFO ] [http-nio-8080-exec-10] c.m.controller.ExceptionController : Starting method: getMetadataFields with arguments: appId=ccol, documentClass=All
2026-07-20 19:56:49 [INFO ] [http-nio-8080-exec-10] c.m.controller.ExceptionController : Ending method: getMetadataFields
2026-07-20 19:56:49 [INFO ] [http-nio-8080-exec-8] c.m.controller.DiscoveryController : Ending method: getDocumentClasses
2026-07-20 19:58:03 [INFO ] [http-nio-8080-exec-5] c.m.c.ConfigurationController : Starting method: getUiSettings
2026-07-20 19:58:03 [INFO ] [http-nio-8080-exec-6] c.m.c.ConfigurationController : Starting method: getConfig
2026-07-20 19:58:03 [INFO ] [http-nio-8080-exec-5] c.m.c.ConfigurationController : Ending method: getUiSettings
2026-07-20 19:58:03 [INFO ] [http-nio-8080-exec-6] c.m.c.ConfigurationController : [CONFIG] Fetching cached tenant configuration
2026-07-20 19:58:03 [INFO ] [http-nio-8080-exec-6] c.m.c.ConfigurationController : Ending method: getConfig
2026-07-20 19:58:06 [INFO ] [http-nio-8080-exec-2] c.m.controller.DiscoveryController : Starting method: getDocumentClasses with arguments: appId=ccol, type=source
2026-07-20 19:58:06 [INFO ] [http-nio-8080-exec-2] c.m.controller.DiscoveryController : Ending method: getDocumentClasses
2026-07-20 19:58:09 [INFO ] [http-nio-8080-exec-3] c.m.controller.ExceptionController : Starting method: getMetadataFields with arguments: appId=ccol, documentClass=All
2026-07-20 19:58:09 [INFO ] [http-nio-8080-exec-3] c.m.controller.ExceptionController : Ending method: getMetadataFields
2026-07-20 19:58:26 [INFO ] [http-nio-8080-exec-10] c.m.controller.ExceptionController : Starting method: checkExceptions with arguments: criteria=com.migrationreport.dto.ExceptionCriteria@2c397aa9
2026-07-20 19:58:26 [INFO ] [http-nio-8080-exec-10] c.m.controller.ExceptionController : [EXCEPTIONS] Checking exceptions for Application: 'ccol'
2026-07-20 19:58:26 [INFO ] [http-nio-8080-exec-10] c.m.service.ExceptionService : [EXCEPTIONS] Executing lookup SQL: select dv.object_id from public.docversion_source dv where 1=1 and (dv.u3a18_accno = ? or dv.u7ec8_applname = ?) | Params: [ACC0B0EFA, Home Loan A203]
2026-07-20 19:58:26 [INFO ] [http-nio-8080-exec-10] c.m.service.ExceptionService : [EXCEPTIONS] Found 2 target IDs in 7ms
2026-07-20 19:58:26 [INFO ] [http-nio-8080-exec-10] c.m.service.ExceptionService : [EXCEPTIONS] Querying Source, Staging, Target tables for 2 object IDs
2026-07-20 19:58:26 [INFO ] [http-nio-8080-exec-10] c.m.service.ExceptionService : [EXCEPTIONS] Data retrieval completed in 16ms. Source: 2, Staging: 2, Target: 2
2026-07-20 19:58:26 [INFO ] [http-nio-8080-exec-10] c.m.controller.ExceptionController : [EXCEPTIONS] Exception check completed in 40ms.
2026-07-20 19:58:26 [INFO ] [http-nio-8080-exec-10] c.m.controller.ExceptionController : Ending method: checkExceptions
2026-07-20 19:58:38 [INFO ] [http-nio-8080-exec-8] c.m.c.ConfigurationController : Starting method: getUiSettings
2026-07-20 19:58:38 [INFO ] [http-nio-8080-exec-8] c.m.c.ConfigurationController : Ending method: getUiSettings
2026-07-20 19:58:38 [INFO ] [http-nio-8080-exec-9] c.m.c.ConfigurationController : Starting method: getDbConfig
2026-07-20 19:58:38 [INFO ] [http-nio-8080-exec-9] c.m.c.ConfigurationController : [CONFIG] Fetching Database Configuration
2026-07-20 19:58:38 [INFO ] [http-nio-8080-exec-9] c.m.c.ConfigurationController : Ending method: getDbConfig
2026-07-20 19:58:41 [INFO ] [http-nio-8080-exec-4] c.m.c.ConfigurationController : Starting method: getUiSettings
2026-07-20 19:58:41 [INFO ] [http-nio-8080-exec-4] c.m.c.ConfigurationController : Ending method: getUiSettings
2026-07-20 19:58:43 [INFO ] [http-nio-8080-exec-5] c.m.controller.DiscoveryController : Starting method: getDocumentClasses with arguments: appId=ccol, type=source
2026-07-20 19:58:43 [INFO ] [http-nio-8080-exec-5] c.m.controller.DiscoveryController : Ending method: getDocumentClasses
2026-07-20 19:58:46 [INFO ] [http-nio-8080-exec-6] c.m.controller.ExceptionController : Starting method: getMetadataFields with arguments: appId=ccol, documentClass=All
2026-07-20 19:58:46 [INFO ] [http-nio-8080-exec-6] c.m.controller.ExceptionController : Ending method: getMetadataFields
2026-07-20 19:59:07 [INFO ] [http-nio-8080-exec-3] c.m.controller.ExceptionController : Starting method: checkExceptions with arguments: criteria=com.migrationreport.dto.ExceptionCriteria@3d395e4
2026-07-20 19:59:07 [INFO ] [http-nio-8080-exec-3] c.m.controller.ExceptionController : [EXCEPTIONS] Checking exceptions for Application: 'ccol'
2026-07-20 19:59:07 [INFO ] [http-nio-8080-exec-3] c.m.service.ExceptionService : [EXCEPTIONS] Executing lookup SQL: select dv.object_id from public.docversion_source dv where 1=1 and (dv.u3a18_accno = ? or dv.u7ec8_applname = ?) | Params: [ACC0B0EFA, Home Loan A203]
2026-07-20 19:59:07 [INFO ] [http-nio-8080-exec-3] c.m.service.ExceptionService : [EXCEPTIONS] Found 2 target IDs in 8ms
2026-07-20 19:59:07 [INFO ] [http-nio-8080-exec-3] c.m.service.ExceptionService : [EXCEPTIONS] Querying Source, Staging, Target tables for 2 object IDs
2026-07-20 19:59:08 [INFO ] [http-nio-8080-exec-3] c.m.service.ExceptionService : [EXCEPTIONS] Data retrieval completed in 5ms. Source: 2, Staging: 2, Target: 2
2026-07-20 19:59:08 [INFO ] [http-nio-8080-exec-3] c.m.controller.ExceptionController : [EXCEPTIONS] Exception check completed in 38ms.
2026-07-20 19:59:08 [INFO ] [http-nio-8080-exec-3] c.m.controller.ExceptionController : Ending method: checkExceptions
2026-07-20 20:00:41 [INFO ] [http-nio-8080-exec-7] c.m.c.ConfigurationController : Starting method: getUiSettings
2026-07-20 20:00:41 [INFO ] [http-nio-8080-exec-7] c.m.c.ConfigurationController : Ending method: getUiSettings
2026-07-20 20:00:41 [INFO ] [http-nio-8080-exec-8] c.m.controller.DiscoveryController : Starting method: getDocumentClasses with arguments: appId=ccol, type=source
2026-07-20 20:00:41 [INFO ] [http-nio-8080-exec-1] c.m.controller.ExceptionController : Starting method: getMetadataFields with arguments: appId=ccol, documentClass=All
2026-07-20 20:00:41 [INFO ] [http-nio-8080-exec-1] c.m.controller.ExceptionController : Ending method: getMetadataFields
2026-07-20 20:00:41 [INFO ] [http-nio-8080-exec-8] c.m.controller.DiscoveryController : Ending method: getDocumentClasses
2026-07-20 20:01:34 [INFO ] [http-nio-8080-exec-9] c.m.c.ConfigurationController : Starting method: getUiSettings
2026-07-20 20:01:34 [INFO ] [http-nio-8080-exec-4] c.m.c.ConfigurationController : Starting method: getConfig
2026-07-20 20:01:34 [INFO ] [http-nio-8080-exec-9] c.m.c.ConfigurationController : Ending method: getUiSettings
2026-07-20 20:01:34 [INFO ] [http-nio-8080-exec-4] c.m.c.ConfigurationController : [CONFIG] Fetching cached tenant configuration
2026-07-20 20:01:34 [INFO ] [http-nio-8080-exec-4] c.m.c.ConfigurationController : Ending method: getConfig
2026-07-20 20:01:37 [INFO ] [http-nio-8080-exec-5] c.m.controller.DiscoveryController : Starting method: getDocumentClasses with arguments: appId=ccol, type=source
2026-07-20 20:01:37 [INFO ] [http-nio-8080-exec-5] c.m.controller.DiscoveryController : Ending method: getDocumentClasses
2026-07-20 20:01:40 [INFO ] [http-nio-8080-exec-6] c.m.controller.ExceptionController : Starting method: getMetadataFields with arguments: appId=ccol, documentClass=All
2026-07-20 20:01:40 [INFO ] [http-nio-8080-exec-6] c.m.controller.ExceptionController : Ending method: getMetadataFields
2026-07-20 20:02:00 [INFO ] [http-nio-8080-exec-3] c.m.controller.ExceptionController : Starting method: checkExceptions with arguments: criteria=com.migrationreport.dto.ExceptionCriteria@42ee9fdf
2026-07-20 20:02:00 [INFO ] [http-nio-8080-exec-3] c.m.controller.ExceptionController : [EXCEPTIONS] Checking exceptions for Application: 'ccol'
2026-07-20 20:02:00 [INFO ] [http-nio-8080-exec-3] c.m.service.ExceptionService : [EXCEPTIONS] Executing lookup SQL: select dv.object_id from public.docversion_source dv where 1=1 and (dv.u3a18_accno = ? or dv.u7ec8_applname = ?) | Params: [ACC0B0EFA, Home Loan A203]
2026-07-20 20:02:00 [INFO ] [http-nio-8080-exec-3] c.m.service.ExceptionService : [EXCEPTIONS] Found 2 target IDs in 13ms
2026-07-20 20:02:00 [INFO ] [http-nio-8080-exec-3] c.m.service.ExceptionService : [EXCEPTIONS] Querying Source, Staging, Target tables for 2 object IDs
2026-07-20 20:02:00 [INFO ] [http-nio-8080-exec-3] c.m.service.ExceptionService : [EXCEPTIONS] Data retrieval completed in 11ms. Source: 2, Staging: 2, Target: 2
2026-07-20 20:02:00 [INFO ] [http-nio-8080-exec-3] c.m.controller.ExceptionController : [EXCEPTIONS] Exception check completed in 47ms.
2026-07-20 20:02:00 [INFO ] [http-nio-8080-exec-3] c.m.controller.ExceptionController : Ending method: checkExceptions
2026-07-20 20:03:06 [INFO ] [http-nio-8080-exec-1] c.m.controller.ExceptionController : Starting method: checkExceptions with arguments: criteria=com.migrationreport.dto.ExceptionCriteria@77bc45c
2026-07-20 20:03:06 [INFO ] [http-nio-8080-exec-1] c.m.controller.ExceptionController : [EXCEPTIONS] Checking exceptions for Application: 'ccol'
2026-07-20 20:03:06 [INFO ] [http-nio-8080-exec-1] c.m.service.ExceptionService : [EXCEPTIONS] Executing lookup SQL: select dv.object_id from public.docversion_source dv where 1=1 and (dv.u3a18_accno = ? or dv.u7ec8_applname = ?) | Params: [ACC0B0EFA, Home Loan 96E0]
2026-07-20 20:03:06 [INFO ] [http-nio-8080-exec-1] c.m.service.ExceptionService : [EXCEPTIONS] Found 2 target IDs in 6ms
2026-07-20 20:03:06 [INFO ] [http-nio-8080-exec-1] c.m.service.ExceptionService : [EXCEPTIONS] Querying Source, Staging, Target tables for 2 object IDs
2026-07-20 20:03:06 [INFO ] [http-nio-8080-exec-1] c.m.service.ExceptionService : [EXCEPTIONS] Data retrieval completed in 13ms. Source: 2, Staging: 2, Target: 2
2026-07-20 20:03:06 [INFO ] [http-nio-8080-exec-1] c.m.controller.ExceptionController : [EXCEPTIONS] Exception check completed in 34ms.
2026-07-20 20:03:06 [INFO ] [http-nio-8080-exec-1] c.m.controller.ExceptionController : Ending method: checkExceptions
2026-07-20 20:14:34 [INFO ] [http-nio-8080-exec-9] c.m.c.ConfigurationController : Starting method: getUiSettings
2026-07-20 20:14:34 [INFO ] [http-nio-8080-exec-9] c.m.c.ConfigurationController : Ending method: getUiSettings
2026-07-20 20:14:34 [INFO ] [http-nio-8080-exec-4] c.m.controller.DiscoveryController : Starting method: getDocumentClasses with arguments: appId=ccol, type=source
2026-07-20 20:14:34 [INFO ] [http-nio-8080-exec-5] c.m.controller.ExceptionController : Starting method: getMetadataFields with arguments: appId=ccol, documentClass=All
2026-07-20 20:14:34 [INFO ] [http-nio-8080-exec-5] c.m.controller.ExceptionController : Ending method: getMetadataFields
2026-07-20 20:14:34 [INFO ] [http-nio-8080-exec-4] c.m.controller.DiscoveryController : Ending method: getDocumentClasses
2026-07-20 20:15:16 [INFO ] [RMI TCP Connection(24)-127.0.0.1] o.s.b.a.SpringApplicationAdminMXBeanRegistrar$SpringApplicationAdmin : Application shutdown requested.
2026-07-20 20:15:16 [INFO ] [RMI TCP Connection(24)-127.0.0.1] o.s.boot.tomcat.GracefulShutdown : Commencing graceful shutdown. Waiting for active requests to complete
2026-07-20 20:15:16 [INFO ] [tomcat-shutdown] o.s.boot.tomcat.GracefulShutdown : Graceful shutdown complete
2026-07-20 20:15:16 [INFO ] [RMI TCP Connection(24)-127.0.0.1] o.s.o.j.LocalContainerEntityManagerFactoryBean : Closing JPA EntityManagerFactory for persistence unit 'default'
2026-07-20 20:15:16 [INFO ] [RMI TCP Connection(24)-127.0.0.1] com.zaxxer.hikari.HikariDataSource : HikariPool-1 - Shutdown initiated...
2026-07-20 20:15:16 [INFO ] [RMI TCP Connection(24)-127.0.0.1] com.zaxxer.hikari.HikariDataSource : HikariPool-1 - Shutdown completed.
2026-07-20 20:15:19 [INFO ] [main] c.m.MigrationReportApplication : Starting MigrationReportApplication using Java 21.0.1 with PID 24376 (D:\MigrationReportTool\Backend\MigrationReport\target\classes started by Shaik Firoz in D:\MigrationReportTool\Backend\MigrationReport)
2026-07-20 20:15:19 [INFO ] [main] c.m.MigrationReportApplication : No active profile set, falling back to 1 default profile: "default"
2026-07-20 20:15:19 [INFO ] [main] o.s.d.r.c.RepositoryConfigurationDelegate : Bootstrapping Spring Data JPA repositories in DEFAULT mode.
2026-07-20 20:15:19 [INFO ] [main] o.s.d.r.c.RepositoryConfigurationDelegate : Finished Spring Data repository scanning in 33 ms. Found 1 JPA repository interface.
2026-07-20 20:15:20 [INFO ] [main] o.s.boot.tomcat.TomcatWebServer : Tomcat initialized with port 8080 (http)
2026-07-20 20:15:20 [INFO ] [main] o.a.catalina.core.StandardService : Starting service [Tomcat]
2026-07-20 20:15:20 [INFO ] [main] o.a.catalina.core.StandardEngine : Starting Servlet engine: [Apache Tomcat/11.0.24]
2026-07-20 20:15:20 [INFO ] [main] o.s.b.w.c.s.WebApplicationContextInitializer : Root WebApplicationContext: initialization completed in 812 ms
2026-07-20 20:15:20 [INFO ] [main] c.m.config.DataSourceConfig : [CONFIG] Loaded database configuration for active type postgres from D:\MigrationReportTool\Backend\MigrationReport\config\db-config.json
2026-07-20 20:15:20 [INFO ] [main] org.hibernate.orm.jpa : HHH008540: Processing PersistenceUnitInfo [name: default]
2026-07-20 20:15:20 [INFO ] [main] org.hibernate.orm.core : HHH000001: Hibernate ORM core version 7.4.1.Final
2026-07-20 20:15:20 [INFO ] [main] o.s.o.j.p.SpringPersistenceUnitInfo : No LoadTimeWeaver setup: ignoring JPA class transformer
2026-07-20 20:15:20 [INFO ] [main] com.zaxxer.hikari.HikariDataSource : HikariPool-1 - Starting...
2026-07-20 20:15:20 [INFO ] [main] com.zaxxer.hikari.pool.HikariPool : HikariPool-1 - Added connection org.postgresql.jdbc.PgConnection@2a5efbb9
2026-07-20 20:15:20 [INFO ] [main] com.zaxxer.hikari.HikariDataSource : HikariPool-1 - Start completed.
2026-07-20 20:15:20 [INFO ] [main] o.hibernate.orm.connections.pooling : HHH10001005: Database info:	Database JDBC URL [jdbc:postgresql://localhost:5432/Migration]	Database driver: PostgreSQL JDBC Driver	Database dialect: PostgreSQLDialect	Database version: 16.9	Default catalog/schema: Migration/public	Autocommit mode: undefined/unknown	Isolation level: READ_COMMITTED [default READ_COMMITTED]	JDBC fetch size: none	Pool: DataSourceConnectionProvider	Minimum pool size: undefined/unknown	Maximum pool size: undefined/unknown
2026-07-20 20:15:21 [INFO ] [main] org.hibernate.orm.core : HHH000489: No JTA platform available (set 'hibernate.transaction.jta.platform' to enable JTA platform integration)
2026-07-20 20:15:21 [INFO ] [main] o.s.o.j.LocalContainerEntityManagerFactoryBean : Initialized JPA EntityManagerFactory for persistence unit 'default'
2026-07-20 20:15:21 [INFO ] [main] o.s.d.j.r.q.QueryEnhancerFactories : Hibernate is in classpath; If applicable, HQL parser will be used.
2026-07-20 20:15:21 [INFO ] [main] c.m.service.ConfigurationService : [CONFIG] Loading tenant configuration from D:\MigrationReportTool\Backend\MigrationReport\config\tenant-mappings.json
2026-07-20 20:15:21 [INFO ] [main] c.m.service.ConfigurationService : [CONFIG] Loaded 1 applications from config.
2026-07-20 20:15:21 [INFO ] [main] c.m.dialect.DialectConfig : [DIALECT] Initializing PostgreSQL Dialect provider...
2026-07-20 20:15:21 [INFO ] [main] c.m.service.PropertyMappingService : [MAPPING] Loading property mapping templates from D:\MigrationReportTool\Backend\MigrationReport\config\property-mapping-templates.json
2026-07-20 20:15:21 [WARN ] [main] o.s.b.j.a.JpaBaseConfiguration$JpaWebConfiguration : spring.jpa.open-in-view is enabled by default. Therefore, database queries may be performed during view rendering. Explicitly configure spring.jpa.open-in-view to disable this warning
2026-07-20 20:15:22 [INFO ] [main] o.s.boot.tomcat.TomcatWebServer : Tomcat started on port 8080 (http) with context path '/'
2026-07-20 20:15:22 [INFO ] [main] c.m.MigrationReportApplication : Started MigrationReportApplication in 3.1 seconds (process running for 3.727)
2026-07-20 20:15:32 [INFO ] [http-nio-8080-exec-3] o.a.c.c.C.[Tomcat].[localhost].[/] : Initializing Spring DispatcherServlet 'dispatcherServlet'
2026-07-20 20:15:32 [INFO ] [http-nio-8080-exec-3] o.s.web.servlet.DispatcherServlet : Initializing Servlet 'dispatcherServlet'
2026-07-20 20:15:32 [INFO ] [http-nio-8080-exec-3] o.s.web.servlet.DispatcherServlet : Completed initialization in 0 ms
2026-07-20 20:15:32 [INFO ] [http-nio-8080-exec-3] c.m.c.ConfigurationController : Starting method: getConfig
2026-07-20 20:15:32 [INFO ] [http-nio-8080-exec-2] c.m.c.ConfigurationController : Starting method: getUiSettings
2026-07-20 20:15:32 [INFO ] [http-nio-8080-exec-3] c.m.c.ConfigurationController : [CONFIG] Fetching cached tenant configuration
2026-07-20 20:15:32 [INFO ] [http-nio-8080-exec-2] c.m.c.ConfigurationController : Ending method: getUiSettings
2026-07-20 20:15:32 [INFO ] [http-nio-8080-exec-3] c.m.c.ConfigurationController : Ending method: getConfig
2026-07-20 20:15:37 [INFO ] [http-nio-8080-exec-1] c.m.controller.DiscoveryController : Starting method: getDocumentClasses with arguments: appId=ccol, type=source
2026-07-20 20:15:37 [INFO ] [http-nio-8080-exec-1] c.m.controller.DiscoveryController : Ending method: getDocumentClasses
2026-07-20 20:15:40 [INFO ] [http-nio-8080-exec-4] c.m.controller.ExceptionController : Starting method: getMetadataFields with arguments: appId=ccol, documentClass=BankAccount
2026-07-20 20:15:40 [INFO ] [http-nio-8080-exec-4] c.m.controller.ExceptionController : Ending method: getMetadataFields
2026-07-20 20:15:44 [INFO ] [http-nio-8080-exec-5] c.m.controller.ExceptionController : Starting method: getMetadataFields with arguments: appId=ccol, documentClass=All
2026-07-20 20:15:44 [INFO ] [http-nio-8080-exec-5] c.m.controller.ExceptionController : Ending method: getMetadataFields
2026-07-20 20:16:11 [INFO ] [http-nio-8080-exec-6] c.m.controller.ExceptionController : Starting method: checkExceptions with arguments: criteria=com.migrationreport.dto.ExceptionCriteria@2f55a4a5
2026-07-20 20:16:11 [INFO ] [http-nio-8080-exec-6] c.m.controller.ExceptionController : [EXCEPTIONS] Checking exceptions for Application: 'ccol'
2026-07-20 20:16:11 [INFO ] [http-nio-8080-exec-6] c.m.service.ExceptionService : [EXCEPTIONS] Executing lookup SQL: select dv.object_id from public.docversion_source dv where 1=1 and (dv.u3a18_accno = ? or dv.u7ec8_applname = ?) | Params: [ACC0B0EFA, Home Loan 96E0]
2026-07-20 20:16:11 [INFO ] [http-nio-8080-exec-6] c.m.service.ExceptionService : [EXCEPTIONS] Found 2 target IDs in 8ms
2026-07-20 20:16:11 [INFO ] [http-nio-8080-exec-6] c.m.service.ExceptionService : [EXCEPTIONS] Querying Source, Staging, Target tables for 2 object IDs
2026-07-20 20:16:11 [INFO ] [http-nio-8080-exec-6] c.m.service.ExceptionService : [EXCEPTIONS] Data retrieval completed in 42ms. Source: 2, Staging: 2, Target: 2
2026-07-20 20:16:11 [INFO ] [http-nio-8080-exec-6] c.m.controller.ExceptionController : [EXCEPTIONS] Exception check completed in 116ms.
2026-07-20 20:16:11 [INFO ] [http-nio-8080-exec-6] c.m.controller.ExceptionController : Ending method: checkExceptions
2026-07-20 20:16:47 [INFO ] [http-nio-8080-exec-8] c.m.controller.ExceptionController : Starting method: checkExceptions with arguments: criteria=com.migrationreport.dto.ExceptionCriteria@5fd0b713
2026-07-20 20:16:47 [INFO ] [http-nio-8080-exec-8] c.m.controller.ExceptionController : [EXCEPTIONS] Checking exceptions for Application: 'ccol'
2026-07-20 20:16:47 [INFO ] [http-nio-8080-exec-8] c.m.service.ExceptionService : [EXCEPTIONS] Executing lookup SQL: select dv.object_id from public.docversion_source dv where 1=1 and (dv.u3a18_accno = ? or dv.u7ec8_applname = ?) | Params: [ACC0B0EFA, Home Loan 96E0]
2026-07-20 20:16:47 [INFO ] [http-nio-8080-exec-8] c.m.service.ExceptionService : [EXCEPTIONS] Found 2 target IDs in 9ms
2026-07-20 20:16:47 [INFO ] [http-nio-8080-exec-8] c.m.service.ExceptionService : [EXCEPTIONS] Querying Source, Staging, Target tables for 2 object IDs
2026-07-20 20:16:47 [INFO ] [http-nio-8080-exec-8] c.m.service.ExceptionService : [EXCEPTIONS] Data retrieval completed in 17ms. Source: 2, Staging: 2, Target: 2
2026-07-20 20:16:47 [INFO ] [http-nio-8080-exec-8] c.m.controller.ExceptionController : [EXCEPTIONS] Exception check completed in 60ms.
2026-07-20 20:16:47 [INFO ] [http-nio-8080-exec-8] c.m.controller.ExceptionController : Ending method: checkExceptions
2026-07-20 20:19:13 [INFO ] [http-nio-8080-exec-10] c.m.c.ConfigurationController : Starting method: getUiSettings
2026-07-20 20:19:13 [INFO ] [http-nio-8080-exec-10] c.m.c.ConfigurationController : Ending method: getUiSettings
2026-07-20 20:19:13 [INFO ] [http-nio-8080-exec-2] c.m.controller.DiscoveryController : Starting method: getDocumentClasses with arguments: appId=ccol, type=source
2026-07-20 20:19:13 [INFO ] [http-nio-8080-exec-3] c.m.controller.ExceptionController : Starting method: getMetadataFields with arguments: appId=ccol, documentClass=All
2026-07-20 20:19:13 [INFO ] [http-nio-8080-exec-2] c.m.controller.DiscoveryController : Ending method: getDocumentClasses
2026-07-20 20:19:13 [INFO ] [http-nio-8080-exec-3] c.m.controller.ExceptionController : Ending method: getMetadataFields
2026-07-20 20:21:17 [INFO ] [RMI TCP Connection(9)-127.0.0.1] o.s.b.a.SpringApplicationAdminMXBeanRegistrar$SpringApplicationAdmin : Application shutdown requested.
2026-07-20 20:21:17 [INFO ] [RMI TCP Connection(9)-127.0.0.1] o.s.boot.tomcat.GracefulShutdown : Commencing graceful shutdown. Waiting for active requests to complete
2026-07-20 20:21:17 [INFO ] [tomcat-shutdown] o.s.boot.tomcat.GracefulShutdown : Graceful shutdown complete
2026-07-20 20:21:17 [INFO ] [RMI TCP Connection(9)-127.0.0.1] o.s.o.j.LocalContainerEntityManagerFactoryBean : Closing JPA EntityManagerFactory for persistence unit 'default'
2026-07-20 20:21:17 [INFO ] [RMI TCP Connection(9)-127.0.0.1] com.zaxxer.hikari.HikariDataSource : HikariPool-1 - Shutdown initiated...
2026-07-20 20:21:17 [INFO ] [RMI TCP Connection(9)-127.0.0.1] com.zaxxer.hikari.HikariDataSource : HikariPool-1 - Shutdown completed.
2026-07-20 20:21:19 [INFO ] [main] c.m.MigrationReportApplication : Starting MigrationReportApplication using Java 21.0.1 with PID 24740 (D:\MigrationReportTool\Backend\MigrationReport\target\classes started by Shaik Firoz in D:\MigrationReportTool\Backend\MigrationReport)
2026-07-20 20:21:19 [INFO ] [main] c.m.MigrationReportApplication : No active profile set, falling back to 1 default profile: "default"
2026-07-20 20:21:20 [INFO ] [main] o.s.d.r.c.RepositoryConfigurationDelegate : Bootstrapping Spring Data JPA repositories in DEFAULT mode.
2026-07-20 20:21:20 [INFO ] [main] o.s.d.r.c.RepositoryConfigurationDelegate : Finished Spring Data repository scanning in 34 ms. Found 1 JPA repository interface.
2026-07-20 20:21:20 [INFO ] [main] o.s.boot.tomcat.TomcatWebServer : Tomcat initialized with port 8080 (http)
2026-07-20 20:21:20 [INFO ] [main] o.a.catalina.core.StandardService : Starting service [Tomcat]
2026-07-20 20:21:20 [INFO ] [main] o.a.catalina.core.StandardEngine : Starting Servlet engine: [Apache Tomcat/11.0.24]
2026-07-20 20:21:20 [INFO ] [main] o.s.b.w.c.s.WebApplicationContextInitializer : Root WebApplicationContext: initialization completed in 920 ms
2026-07-20 20:21:20 [INFO ] [main] c.m.config.DataSourceConfig : [CONFIG] Loaded database configuration for active type postgres from D:\MigrationReportTool\Backend\MigrationReport\config\db-config.json
2026-07-20 20:21:20 [INFO ] [main] org.hibernate.orm.jpa : HHH008540: Processing PersistenceUnitInfo [name: default]
2026-07-20 20:21:20 [INFO ] [main] org.hibernate.orm.core : HHH000001: Hibernate ORM core version 7.4.1.Final
2026-07-20 20:21:21 [INFO ] [main] o.s.o.j.p.SpringPersistenceUnitInfo : No LoadTimeWeaver setup: ignoring JPA class transformer
2026-07-20 20:21:21 [INFO ] [main] com.zaxxer.hikari.HikariDataSource : HikariPool-1 - Starting...
2026-07-20 20:21:21 [INFO ] [main] com.zaxxer.hikari.pool.HikariPool : HikariPool-1 - Added connection org.postgresql.jdbc.PgConnection@7845ee8a
2026-07-20 20:21:21 [INFO ] [main] com.zaxxer.hikari.HikariDataSource : HikariPool-1 - Start completed.
2026-07-20 20:21:21 [INFO ] [main] o.hibernate.orm.connections.pooling : HHH10001005: Database info:	Database JDBC URL [jdbc:postgresql://localhost:5432/Migration]	Database driver: PostgreSQL JDBC Driver	Database dialect: PostgreSQLDialect	Database version: 16.9	Default catalog/schema: Migration/public	Autocommit mode: undefined/unknown	Isolation level: READ_COMMITTED [default READ_COMMITTED]	JDBC fetch size: none	Pool: DataSourceConnectionProvider	Minimum pool size: undefined/unknown	Maximum pool size: undefined/unknown
2026-07-20 20:21:22 [INFO ] [main] org.hibernate.orm.core : HHH000489: No JTA platform available (set 'hibernate.transaction.jta.platform' to enable JTA platform integration)
2026-07-20 20:21:22 [INFO ] [main] o.s.o.j.LocalContainerEntityManagerFactoryBean : Initialized JPA EntityManagerFactory for persistence unit 'default'
2026-07-20 20:21:22 [INFO ] [main] o.s.d.j.r.q.QueryEnhancerFactories : Hibernate is in classpath; If applicable, HQL parser will be used.
2026-07-20 20:21:22 [INFO ] [main] c.m.service.ConfigurationService : [CONFIG] Loading tenant configuration from D:\MigrationReportTool\Backend\MigrationReport\config\tenant-mappings.json
2026-07-20 20:21:22 [INFO ] [main] c.m.service.ConfigurationService : [CONFIG] Loaded 1 applications from config.
2026-07-20 20:21:22 [INFO ] [main] c.m.dialect.DialectConfig : [DIALECT] Initializing PostgreSQL Dialect provider...
2026-07-20 20:21:22 [INFO ] [main] c.m.service.PropertyMappingService : [MAPPING] Loading property mapping templates from D:\MigrationReportTool\Backend\MigrationReport\config\property-mapping-templates.json
2026-07-20 20:21:22 [WARN ] [main] o.s.b.j.a.JpaBaseConfiguration$JpaWebConfiguration : spring.jpa.open-in-view is enabled by default. Therefore, database queries may be performed during view rendering. Explicitly configure spring.jpa.open-in-view to disable this warning
2026-07-20 20:21:22 [INFO ] [main] o.s.boot.tomcat.TomcatWebServer : Tomcat started on port 8080 (http) with context path '/'
2026-07-20 20:21:22 [INFO ] [main] c.m.MigrationReportApplication : Started MigrationReportApplication in 3.571 seconds (process running for 4.167)
2026-07-20 20:21:39 [INFO ] [http-nio-8080-exec-1] o.a.c.c.C.[Tomcat].[localhost].[/] : Initializing Spring DispatcherServlet 'dispatcherServlet'
2026-07-20 20:21:39 [INFO ] [http-nio-8080-exec-1] o.s.web.servlet.DispatcherServlet : Initializing Servlet 'dispatcherServlet'
2026-07-20 20:21:39 [INFO ] [http-nio-8080-exec-1] o.s.web.servlet.DispatcherServlet : Completed initialization in 3 ms
2026-07-20 20:21:39 [INFO ] [http-nio-8080-exec-1] c.m.controller.ExceptionController : Starting method: getMetadataFields with arguments: appId=ccol, documentClass=All
2026-07-20 20:21:39 [INFO ] [http-nio-8080-exec-1] c.m.controller.ExceptionController : Ending method: getMetadataFields
2026-07-20 20:21:53 [INFO ] [http-nio-8080-exec-2] c.m.controller.ExceptionController : Starting method: checkExceptions with arguments: criteria=com.migrationreport.dto.ExceptionCriteria@e6d4444
2026-07-20 20:21:53 [INFO ] [http-nio-8080-exec-2] c.m.controller.ExceptionController : [EXCEPTIONS] Checking exceptions for Application: 'ccol'
2026-07-20 20:21:53 [INFO ] [http-nio-8080-exec-2] c.m.service.ExceptionService : [EXCEPTIONS] Executing lookup SQL: select dv.object_id from public.docversion_source dv where 1=1 and (dv.u3a18_accno = ?) | Params: [ACC0B0EFA]
2026-07-20 20:21:53 [INFO ] [http-nio-8080-exec-2] c.m.service.ExceptionService : [EXCEPTIONS] Found 1 target IDs in 12ms
2026-07-20 20:21:53 [INFO ] [http-nio-8080-exec-2] c.m.service.ExceptionService : [EXCEPTIONS] Querying Source, Staging, Target tables for 1 object IDs
2026-07-20 20:21:53 [INFO ] [http-nio-8080-exec-2] c.m.service.ExceptionService : [EXCEPTIONS] Data retrieval completed in 98ms. Source: 1, Staging: 1, Target: 1
2026-07-20 20:21:53 [INFO ] [http-nio-8080-exec-2] c.m.controller.ExceptionController : [EXCEPTIONS] Exception check completed in 177ms.
2026-07-20 20:21:53 [INFO ] [http-nio-8080-exec-2] c.m.controller.ExceptionController : Ending method: checkExceptions
2026-07-20 20:22:43 [INFO ] [http-nio-8080-exec-3] c.m.controller.ExceptionController : Starting method: getMetadataFields with arguments: appId=ccol, documentClass=null
2026-07-20 20:22:43 [INFO ] [http-nio-8080-exec-5] c.m.controller.DiscoveryController : Starting method: getDocumentClasses with arguments: appId=ccol, type=source
2026-07-20 20:22:43 [INFO ] [http-nio-8080-exec-3] c.m.controller.ExceptionController : Ending method: getMetadataFields
2026-07-20 20:22:43 [INFO ] [http-nio-8080-exec-5] c.m.controller.DiscoveryController : Ending method: getDocumentClasses
2026-07-20 20:22:47 [INFO ] [http-nio-8080-exec-6] c.m.controller.ExceptionController : Starting method: getMetadataFields with arguments: appId=ccol, documentClass=BankAccount
2026-07-20 20:22:47 [INFO ] [http-nio-8080-exec-6] c.m.controller.ExceptionController : Ending method: getMetadataFields
2026-07-20 20:22:51 [INFO ] [http-nio-8080-exec-8] c.m.controller.DeliverableController : Starting method: getMigrationReport with arguments: DeliverableRequest(applicationName=Ccol, documentClass=BankAccount, createdDate=null, startDate=null, endDate=null, migrationStatus=null)
2026-07-20 20:22:51 [INFO ] [http-nio-8080-exec-8] c.m.controller.DeliverableController : [DELIVERABLES] Generating migration report for application: Ccol
2026-07-20 20:22:51 [INFO ] [http-nio-8080-exec-8] c.m.service.DeliverableService : [DELIVERABLE] Executing Aggregated Query | SQL: select object_class_id as documentclass, count(*) as totaldocuments, coalesce(sum(coalesce(cast(nullif(content_size, '') as numeric),0))/1073741824.0,0) as totalfilesizegb, count(case when lower(migration_status) in ('success','migrated') then 1 end) as extractedfilenet, count(case when lower(migration_status) = 'failed' then 1 end) as extractionfailed, count(case when lower(migration_status) not in ('success','migrated','failed') then 1 end) as remaining, coalesce(sum(case when lower(migration_status) in ('success','migrated') then coalesce(cast(nullif(content_size, '') as numeric),0) else 0 end)/1073741824.0,0) as extractedfilesizegb, case when count(*)>0 then round(count(case when lower(migration_status) in ('success','migrated') then 1 end)*100.0/count(*),2) else 0 end as percentcompletion, case when count(*)>0 then round(count(case when lower(migration_status) = 'failed' then 1 end)*100.0/count(*),2) else 0 end as percentfailed, 0.0 as migrationruntimedays from public.docversion_stagging where 1=1 and object_class_id in (select object_id from public.classdef where lower(symbolic_name) = lower(?)) group by object_class_id order by object_class_id | Params: [BankAccount]
2026-07-20 20:22:51 [INFO ] [http-nio-8080-exec-8] c.m.controller.DeliverableController : [DELIVERABLES] Migration report generated in 30ms. Rows: 1
2026-07-20 20:22:51 [INFO ] [http-nio-8080-exec-8] c.m.controller.DeliverableController : Ending method: getMigrationReport
2026-07-20 20:22:58 [INFO ] [http-nio-8080-exec-9] c.m.controller.DeliverableController : Starting method: getMigrationReport with arguments: DeliverableRequest(applicationName=Ccol, documentClass=BankAccount, createdDate=null, startDate=null, endDate=null, migrationStatus=Success)
2026-07-20 20:22:58 [INFO ] [http-nio-8080-exec-9] c.m.controller.DeliverableController : [DELIVERABLES] Generating migration report for application: Ccol
2026-07-20 20:22:58 [INFO ] [http-nio-8080-exec-9] c.m.service.DeliverableService : [DELIVERABLE] Executing Detailed Query | SQL: select object_id, mime_type, content_size, u0448_cmacmmashupserveruri, u0528_cmacmdeploymentversionnu, u0cb8_bpayref, u1058_payeename, u12a8_targetobjectstorename, u1708_documenttitle, u1aa2_ignoreredirect, u1b08_layoutversionseriesid, u1bb6_loanterm, u1ce8_layoutid, u2672_cmacmregistered, u2918_entrytemplatedescription, u2a76_cmsearchschemaversion, u2d52_icnautorun, u2e28_componentbindinglabel, u3018_brokername, u3026_cmacmruletype, u3478_cmacmversionnumber, u3975_targetobjectclassid, u3a18_accno, u4176_cmacmvcscommitstatus, u46a8_accttype, u4ed4_txnamount, u5058_acctstatus, u5163_settledate, u5948_entrytemplatelaunchedwor, u5ce8_entrytemplateobjectstore, u6116_cmacmtype, u6173_cmacmvcsheartbeatdate, u6326_cmacmintegrationtype, u63a4_currentbalance, u63a8_preferencetype, u63b4_runbalance, u65d4_loanamount, u76f8_targetobjecttype, u7908_bsbnumber, u7ec8_applname, u8bd6_searchingobjecttype, u8ee3_txndate, u90b8_applno, u9528_txntype, u95a4_intrate, u9855_entrytemplateid, u9af8_propaddress, u9b28_txndesc, u9ba8_branchname, u9c18_txnstatus, ua0c2_icnshowintree, ua0d8_txnid, ua3a3_opendate, ua598_accholdername, uaa76_cmacmtargetenvironmentty, uaf94_availbalance, ub168_searchingobjectstores, ub376_cmacmworkflowconvertstat, ube06_searchtype, uc112_cmacmincludeswebapplicat, ud578_customobjecttype, ud818_applicationname, udf76_cmacmvcsdeliverstatus, ue148_applstatus, ue148_targetsiteid, ue4b8_description, uf8f8_custid from public.docversion_stagging where 1=1 and object_class_id in (select object_id from public.classdef where lower(symbolic_name) = lower(?)) and lower(migration_status) in ('success', 'migrated') limit 5000 | Params: [BankAccount]
2026-07-20 20:22:59 [INFO ] [http-nio-8080-exec-9] c.m.controller.DeliverableController : [DELIVERABLES] Migration report generated in 372ms. Rows: 3062
2026-07-20 20:22:59 [INFO ] [http-nio-8080-exec-9] c.m.controller.DeliverableController : Ending method: getMigrationReport
2026-07-20 20:24:48 [INFO ] [http-nio-8080-exec-4] c.m.controller.DeliverableController : Starting method: getMigrationReport with arguments: DeliverableRequest(applicationName=Ccol, documentClass=BankAccount, createdDate=null, startDate=null, endDate=null, migrationStatus=Success)
2026-07-20 20:24:48 [INFO ] [http-nio-8080-exec-4] c.m.controller.DeliverableController : [DELIVERABLES] Generating migration report for application: Ccol
2026-07-20 20:24:48 [INFO ] [http-nio-8080-exec-4] c.m.service.DeliverableService : [DELIVERABLE] Executing Detailed Query | SQL: select object_id, mime_type, content_size, u0448_cmacmmashupserveruri, u0528_cmacmdeploymentversionnu, u0cb8_bpayref, u1058_payeename, u12a8_targetobjectstorename, u1708_documenttitle, u1aa2_ignoreredirect, u1b08_layoutversionseriesid, u1bb6_loanterm, u1ce8_layoutid, u2672_cmacmregistered, u2918_entrytemplatedescription, u2a76_cmsearchschemaversion, u2d52_icnautorun, u2e28_componentbindinglabel, u3018_brokername, u3026_cmacmruletype, u3478_cmacmversionnumber, u3975_targetobjectclassid, u3a18_accno, u4176_cmacmvcscommitstatus, u46a8_accttype, u4ed4_txnamount, u5058_acctstatus, u5163_settledate, u5948_entrytemplatelaunchedwor, u5ce8_entrytemplateobjectstore, u6116_cmacmtype, u6173_cmacmvcsheartbeatdate, u6326_cmacmintegrationtype, u63a4_currentbalance, u63a8_preferencetype, u63b4_runbalance, u65d4_loanamount, u76f8_targetobjecttype, u7908_bsbnumber, u7ec8_applname, u8bd6_searchingobjecttype, u8ee3_txndate, u90b8_applno, u9528_txntype, u95a4_intrate, u9855_entrytemplateid, u9af8_propaddress, u9b28_txndesc, u9ba8_branchname, u9c18_txnstatus, ua0c2_icnshowintree, ua0d8_txnid, ua3a3_opendate, ua598_accholdername, uaa76_cmacmtargetenvironmentty, uaf94_availbalance, ub168_searchingobjectstores, ub376_cmacmworkflowconvertstat, ube06_searchtype, uc112_cmacmincludeswebapplicat, ud578_customobjecttype, ud818_applicationname, udf76_cmacmvcsdeliverstatus, ue148_applstatus, ue148_targetsiteid, ue4b8_description, uf8f8_custid from public.docversion_stagging where 1=1 and object_class_id in (select object_id from public.classdef where lower(symbolic_name) = lower(?)) and lower(migration_status) in ('success', 'migrated') limit 5000 | Params: [BankAccount]
2026-07-20 20:24:48 [INFO ] [http-nio-8080-exec-4] c.m.controller.DeliverableController : [DELIVERABLES] Migration report generated in 338ms. Rows: 3062
2026-07-20 20:24:48 [INFO ] [http-nio-8080-exec-4] c.m.controller.DeliverableController : Ending method: getMigrationReport
2026-07-20 20:28:42 [INFO ] [http-nio-8080-exec-5] c.m.controller.ExceptionController : Starting method: getMetadataFields with arguments: appId=ccol, documentClass=BankAccount
2026-07-20 20:28:42 [INFO ] [http-nio-8080-exec-3] c.m.controller.DiscoveryController : Starting method: getDocumentClasses with arguments: appId=ccol, type=source
2026-07-20 20:28:42 [INFO ] [http-nio-8080-exec-5] c.m.controller.ExceptionController : Ending method: getMetadataFields
2026-07-20 20:28:42 [INFO ] [http-nio-8080-exec-3] c.m.controller.DiscoveryController : Ending method: getDocumentClasses
2026-07-20 20:28:42 [INFO ] [http-nio-8080-exec-6] c.m.controller.ExceptionController : Starting method: getMetadataFields with arguments: appId=ccol, documentClass=null
2026-07-20 20:28:42 [INFO ] [http-nio-8080-exec-6] c.m.controller.ExceptionController : Ending method: getMetadataFields
2026-07-20 20:30:55 [INFO ] [RMI TCP Connection(13)-127.0.0.1] o.s.b.a.SpringApplicationAdminMXBeanRegistrar$SpringApplicationAdmin : Application shutdown requested.
2026-07-20 20:30:55 [INFO ] [RMI TCP Connection(13)-127.0.0.1] o.s.boot.tomcat.GracefulShutdown : Commencing graceful shutdown. Waiting for active requests to complete
2026-07-20 20:30:55 [INFO ] [tomcat-shutdown] o.s.boot.tomcat.GracefulShutdown : Graceful shutdown complete
2026-07-20 20:30:55 [INFO ] [RMI TCP Connection(13)-127.0.0.1] o.s.o.j.LocalContainerEntityManagerFactoryBean : Closing JPA EntityManagerFactory for persistence unit 'default'
2026-07-20 20:30:55 [INFO ] [RMI TCP Connection(13)-127.0.0.1] com.zaxxer.hikari.HikariDataSource : HikariPool-1 - Shutdown initiated...
2026-07-20 20:30:55 [INFO ] [RMI TCP Connection(13)-127.0.0.1] com.zaxxer.hikari.HikariDataSource : HikariPool-1 - Shutdown completed.
2026-07-20 20:30:57 [INFO ] [main] c.m.MigrationReportApplication : Starting MigrationReportApplication using Java 21.0.1 with PID 11748 (D:\MigrationReportTool\Backend\MigrationReport\target\classes started by Shaik Firoz in D:\MigrationReportTool\Backend\MigrationReport)
2026-07-20 20:30:57 [INFO ] [main] c.m.MigrationReportApplication : No active profile set, falling back to 1 default profile: "default"
2026-07-20 20:30:58 [INFO ] [main] o.s.d.r.c.RepositoryConfigurationDelegate : Bootstrapping Spring Data JPA repositories in DEFAULT mode.
2026-07-20 20:30:58 [INFO ] [main] o.s.d.r.c.RepositoryConfigurationDelegate : Finished Spring Data repository scanning in 37 ms. Found 1 JPA repository interface.
2026-07-20 20:30:58 [INFO ] [main] o.s.boot.tomcat.TomcatWebServer : Tomcat initialized with port 8080 (http)
2026-07-20 20:30:58 [INFO ] [main] o.a.catalina.core.StandardService : Starting service [Tomcat]
2026-07-20 20:30:58 [INFO ] [main] o.a.catalina.core.StandardEngine : Starting Servlet engine: [Apache Tomcat/11.0.24]
2026-07-20 20:30:58 [INFO ] [main] o.s.b.w.c.s.WebApplicationContextInitializer : Root WebApplicationContext: initialization completed in 881 ms
2026-07-20 20:30:58 [INFO ] [main] c.m.config.DataSourceConfig : [CONFIG] Loaded database configuration for active type postgres from D:\MigrationReportTool\Backend\MigrationReport\config\db-config.json
2026-07-20 20:30:58 [INFO ] [main] org.hibernate.orm.jpa : HHH008540: Processing PersistenceUnitInfo [name: default]
2026-07-20 20:30:58 [INFO ] [main] org.hibernate.orm.core : HHH000001: Hibernate ORM core version 7.4.1.Final
2026-07-20 20:30:59 [INFO ] [main] o.s.o.j.p.SpringPersistenceUnitInfo : No LoadTimeWeaver setup: ignoring JPA class transformer
2026-07-20 20:30:59 [INFO ] [main] com.zaxxer.hikari.HikariDataSource : HikariPool-1 - Starting...
2026-07-20 20:30:59 [INFO ] [main] com.zaxxer.hikari.pool.HikariPool : HikariPool-1 - Added connection org.postgresql.jdbc.PgConnection@f6bc75c
2026-07-20 20:30:59 [INFO ] [main] com.zaxxer.hikari.HikariDataSource : HikariPool-1 - Start completed.
2026-07-20 20:30:59 [INFO ] [main] o.hibernate.orm.connections.pooling : HHH10001005: Database info:	Database JDBC URL [jdbc:postgresql://localhost:5432/Migration]	Database driver: PostgreSQL JDBC Driver	Database dialect: PostgreSQLDialect	Database version: 16.9	Default catalog/schema: Migration/public	Autocommit mode: undefined/unknown	Isolation level: READ_COMMITTED [default READ_COMMITTED]	JDBC fetch size: none	Pool: DataSourceConnectionProvider	Minimum pool size: undefined/unknown	Maximum pool size: undefined/unknown
2026-07-20 20:30:59 [INFO ] [main] org.hibernate.orm.core : HHH000489: No JTA platform available (set 'hibernate.transaction.jta.platform' to enable JTA platform integration)
2026-07-20 20:30:59 [INFO ] [main] o.s.o.j.LocalContainerEntityManagerFactoryBean : Initialized JPA EntityManagerFactory for persistence unit 'default'
2026-07-20 20:31:00 [INFO ] [main] o.s.d.j.r.q.QueryEnhancerFactories : Hibernate is in classpath; If applicable, HQL parser will be used.
2026-07-20 20:31:00 [INFO ] [main] c.m.service.ConfigurationService : [CONFIG] Loading tenant configuration from D:\MigrationReportTool\Backend\MigrationReport\config\tenant-mappings.json
2026-07-20 20:31:00 [INFO ] [main] c.m.service.ConfigurationService : [CONFIG] Loaded 1 applications from config.
2026-07-20 20:31:00 [INFO ] [main] c.m.dialect.DialectConfig : [DIALECT] Initializing PostgreSQL Dialect provider...
2026-07-20 20:31:00 [INFO ] [main] c.m.service.PropertyMappingService : [MAPPING] Loading property mapping templates from D:\MigrationReportTool\Backend\MigrationReport\config\property-mapping-templates.json
2026-07-20 20:31:00 [WARN ] [main] o.s.b.j.a.JpaBaseConfiguration$JpaWebConfiguration : spring.jpa.open-in-view is enabled by default. Therefore, database queries may be performed during view rendering. Explicitly configure spring.jpa.open-in-view to disable this warning
2026-07-20 20:31:00 [INFO ] [main] o.s.boot.tomcat.TomcatWebServer : Tomcat started on port 8080 (http) with context path '/'
2026-07-20 20:31:00 [INFO ] [main] c.m.MigrationReportApplication : Started MigrationReportApplication in 3.157 seconds (process running for 3.782)
2026-07-20 20:31:05 [INFO ] [http-nio-8080-exec-1] o.a.c.c.C.[Tomcat].[localhost].[/] : Initializing Spring DispatcherServlet 'dispatcherServlet'
2026-07-20 20:31:05 [INFO ] [http-nio-8080-exec-1] o.s.web.servlet.DispatcherServlet : Initializing Servlet 'dispatcherServlet'
2026-07-20 20:31:05 [INFO ] [http-nio-8080-exec-1] o.s.web.servlet.DispatcherServlet : Completed initialization in 17 ms
2026-07-20 20:31:05 [INFO ] [http-nio-8080-exec-1] c.m.controller.DeliverableController : Starting method: getMigrationReport with arguments: DeliverableRequest(applicationName=Ccol, documentClass=null, createdDate=null, startDate=null, endDate=null, migrationStatus=Success)
2026-07-20 20:31:05 [INFO ] [http-nio-8080-exec-1] c.m.controller.DeliverableController : [DELIVERABLES] Generating migration report for application: Ccol
2026-07-20 20:31:05 [INFO ] [http-nio-8080-exec-1] c.m.service.DeliverableService : [DELIVERABLE] Executing Detailed Query | SQL: select object_id, mime_type, content_size, u1708_documenttitle, extracted_status, extracted_date, migrated_date, migration_status, error_info, filefullpath, folderpath, p8_doc_id from public.docversion_stagging where 1=1 and object_class_id in (select object_id from public.classdef where cast(sys_owned_bool as varchar) in ('0', 'false', 'false') and lower(symbolic_name) not like 'cm%' and lower(symbolic_name) not like 'cmxt%' and lower(symbolic_name) not like 'preferences%') and lower(migration_status) in ('success', 'migrated') limit 5000 | Params: []
2026-07-20 20:31:05 [INFO ] [http-nio-8080-exec-1] c.m.controller.DeliverableController : [DELIVERABLES] Migration report generated in 183ms. Rows: 5000
2026-07-20 20:31:05 [INFO ] [http-nio-8080-exec-1] c.m.controller.DeliverableController : Ending method: getMigrationReport
2026-07-20 20:36:11 [INFO ] [RMI TCP Connection(7)-127.0.0.1] o.s.b.a.SpringApplicationAdminMXBeanRegistrar$SpringApplicationAdmin : Application shutdown requested.
2026-07-20 20:36:11 [INFO ] [RMI TCP Connection(7)-127.0.0.1] o.s.boot.tomcat.GracefulShutdown : Commencing graceful shutdown. Waiting for active requests to complete
2026-07-20 20:36:11 [INFO ] [tomcat-shutdown] o.s.boot.tomcat.GracefulShutdown : Graceful shutdown complete
2026-07-20 20:36:11 [INFO ] [RMI TCP Connection(7)-127.0.0.1] o.s.o.j.LocalContainerEntityManagerFactoryBean : Closing JPA EntityManagerFactory for persistence unit 'default'
2026-07-20 20:36:11 [INFO ] [RMI TCP Connection(7)-127.0.0.1] com.zaxxer.hikari.HikariDataSource : HikariPool-1 - Shutdown initiated...
2026-07-20 20:36:11 [INFO ] [RMI TCP Connection(7)-127.0.0.1] com.zaxxer.hikari.HikariDataSource : HikariPool-1 - Shutdown completed.
2026-07-20 20:36:13 [INFO ] [main] c.m.MigrationReportApplication : Starting MigrationReportApplication using Java 21.0.1 with PID 23344 (D:\MigrationReportTool\Backend\MigrationReport\target\classes started by Shaik Firoz in D:\MigrationReportTool\Backend\MigrationReport)
2026-07-20 20:36:13 [INFO ] [main] c.m.MigrationReportApplication : No active profile set, falling back to 1 default profile: "default"
2026-07-20 20:36:13 [INFO ] [main] o.s.d.r.c.RepositoryConfigurationDelegate : Bootstrapping Spring Data JPA repositories in DEFAULT mode.
2026-07-20 20:36:14 [INFO ] [main] o.s.d.r.c.RepositoryConfigurationDelegate : Finished Spring Data repository scanning in 34 ms. Found 1 JPA repository interface.
2026-07-20 20:36:14 [INFO ] [main] o.s.boot.tomcat.TomcatWebServer : Tomcat initialized with port 8080 (http)
2026-07-20 20:36:14 [INFO ] [main] o.a.catalina.core.StandardService : Starting service [Tomcat]
2026-07-20 20:36:14 [INFO ] [main] o.a.catalina.core.StandardEngine : Starting Servlet engine: [Apache Tomcat/11.0.24]
2026-07-20 20:36:14 [INFO ] [main] o.s.b.w.c.s.WebApplicationContextInitializer : Root WebApplicationContext: initialization completed in 806 ms
2026-07-20 20:36:14 [INFO ] [main] c.m.config.DataSourceConfig : [CONFIG] Loaded database configuration for active type postgres from D:\MigrationReportTool\Backend\MigrationReport\config\db-config.json
2026-07-20 20:36:14 [INFO ] [main] org.hibernate.orm.jpa : HHH008540: Processing PersistenceUnitInfo [name: default]
2026-07-20 20:36:14 [INFO ] [main] org.hibernate.orm.core : HHH000001: Hibernate ORM core version 7.4.1.Final
2026-07-20 20:36:14 [INFO ] [main] o.s.o.j.p.SpringPersistenceUnitInfo : No LoadTimeWeaver setup: ignoring JPA class transformer
2026-07-20 20:36:14 [INFO ] [main] com.zaxxer.hikari.HikariDataSource : HikariPool-1 - Starting...
2026-07-20 20:36:15 [INFO ] [main] com.zaxxer.hikari.pool.HikariPool : HikariPool-1 - Added connection org.postgresql.jdbc.PgConnection@5ddf5118
2026-07-20 20:36:15 [INFO ] [main] com.zaxxer.hikari.HikariDataSource : HikariPool-1 - Start completed.
2026-07-20 20:36:15 [INFO ] [main] o.hibernate.orm.connections.pooling : HHH10001005: Database info:	Database JDBC URL [jdbc:postgresql://localhost:5432/Migration]	Database driver: PostgreSQL JDBC Driver	Database dialect: PostgreSQLDialect	Database version: 16.9	Default catalog/schema: Migration/public	Autocommit mode: undefined/unknown	Isolation level: READ_COMMITTED [default READ_COMMITTED]	JDBC fetch size: none	Pool: DataSourceConnectionProvider	Minimum pool size: undefined/unknown	Maximum pool size: undefined/unknown
2026-07-20 20:36:15 [INFO ] [main] org.hibernate.orm.core : HHH000489: No JTA platform available (set 'hibernate.transaction.jta.platform' to enable JTA platform integration)
2026-07-20 20:36:15 [INFO ] [main] o.s.o.j.LocalContainerEntityManagerFactoryBean : Initialized JPA EntityManagerFactory for persistence unit 'default'
2026-07-20 20:36:15 [INFO ] [main] o.s.d.j.r.q.QueryEnhancerFactories : Hibernate is in classpath; If applicable, HQL parser will be used.
2026-07-20 20:36:15 [INFO ] [main] c.m.service.ConfigurationService : [CONFIG] Loading tenant configuration from D:\MigrationReportTool\Backend\MigrationReport\config\tenant-mappings.json
2026-07-20 20:36:16 [INFO ] [main] c.m.service.ConfigurationService : [CONFIG] Loaded 1 applications from config.
2026-07-20 20:36:16 [INFO ] [main] c.m.dialect.DialectConfig : [DIALECT] Initializing PostgreSQL Dialect provider...
2026-07-20 20:36:16 [INFO ] [main] c.m.service.PropertyMappingService : [MAPPING] Loading property mapping templates from D:\MigrationReportTool\Backend\MigrationReport\config\property-mapping-templates.json
2026-07-20 20:36:16 [WARN ] [main] o.s.b.j.a.JpaBaseConfiguration$JpaWebConfiguration : spring.jpa.open-in-view is enabled by default. Therefore, database queries may be performed during view rendering. Explicitly configure spring.jpa.open-in-view to disable this warning
2026-07-20 20:36:16 [INFO ] [main] o.s.boot.tomcat.TomcatWebServer : Tomcat started on port 8080 (http) with context path '/'
2026-07-20 20:36:16 [INFO ] [main] c.m.MigrationReportApplication : Started MigrationReportApplication in 3.113 seconds (process running for 3.723)
2026-07-20 20:36:21 [INFO ] [http-nio-8080-exec-1] o.a.c.c.C.[Tomcat].[localhost].[/] : Initializing Spring DispatcherServlet 'dispatcherServlet'
2026-07-20 20:36:21 [INFO ] [http-nio-8080-exec-1] o.s.web.servlet.DispatcherServlet : Initializing Servlet 'dispatcherServlet'
2026-07-20 20:36:21 [INFO ] [http-nio-8080-exec-1] o.s.web.servlet.DispatcherServlet : Completed initialization in 16 ms
2026-07-20 20:36:21 [INFO ] [http-nio-8080-exec-1] c.m.controller.DeliverableController : Starting method: getMigrationReport with arguments: DeliverableRequest(applicationName=Ccol, documentClass=null, createdDate=null, startDate=null, endDate=null, migrationStatus=Success)
2026-07-20 20:36:21 [INFO ] [http-nio-8080-exec-1] c.m.controller.DeliverableController : [DELIVERABLES] Generating migration report for application: Ccol
2026-07-20 20:36:21 [INFO ] [http-nio-8080-exec-1] c.m.service.DeliverableService : [DELIVERABLE] Executing Detailed Query | SQL: select object_id, mime_type, content_size, u0448_cmacmmashupserveruri, u0528_cmacmdeploymentversionnu, u0cb8_bpayref, u1058_payeename, u12a8_targetobjectstorename, u1708_documenttitle, u1aa2_ignoreredirect, u1b08_layoutversionseriesid, u1bb6_loanterm, u1ce8_layoutid, u2672_cmacmregistered, u2918_entrytemplatedescription, u2a76_cmsearchschemaversion, u2d52_icnautorun, u2e28_componentbindinglabel, u3018_brokername, u3026_cmacmruletype, u3478_cmacmversionnumber, u3975_targetobjectclassid, u3a18_accno, u4176_cmacmvcscommitstatus, u46a8_accttype, u4ed4_txnamount, u5058_acctstatus, u5163_settledate, u5948_entrytemplatelaunchedwor, u5ce8_entrytemplateobjectstore, u6116_cmacmtype, u6173_cmacmvcsheartbeatdate, u6326_cmacmintegrationtype, u63a4_currentbalance, u63a8_preferencetype, u63b4_runbalance, u65d4_loanamount, u76f8_targetobjecttype, u7908_bsbnumber, u7ec8_applname, u8bd6_searchingobjecttype, u8ee3_txndate, u90b8_applno, u9528_txntype, u95a4_intrate, u9855_entrytemplateid, u9af8_propaddress, u9b28_txndesc, u9ba8_branchname, u9c18_txnstatus, ua0c2_icnshowintree, ua0d8_txnid, ua3a3_opendate, ua598_accholdername, uaa76_cmacmtargetenvironmentty, uaf94_availbalance, ub168_searchingobjectstores, ub376_cmacmworkflowconvertstat, ube06_searchtype, uc112_cmacmincludeswebapplicat, ud578_customobjecttype, ud818_applicationname, udf76_cmacmvcsdeliverstatus, ue148_applstatus, ue148_targetsiteid, ue4b8_description, uf8f8_custid, migration_status, migrated_date, error_message, error_info, extracted_status, extracted_date, p8_doc_id from public.docversion_stagging where 1=1 and object_class_id in (select object_id from public.classdef where cast(sys_owned_bool as varchar) in ('0', 'false', 'false') and lower(symbolic_name) not like 'cm%' and lower(symbolic_name) not like 'cmxt%' and lower(symbolic_name) not like 'preferences%') and lower(migration_status) in ('success', 'migrated') limit 5000 | Params: []
2026-07-20 20:36:21 [ERROR] [http-nio-8080-exec-1] c.m.service.DeliverableService : DeliverableService: skipping table public.docversion_stagging: PreparedStatementCallback; bad SQL grammar [SELECT object_id, mime_type, content_size, u0448_cmacmmashupserveruri, u0528_cmacmdeploymentversionnu, u0cb8_bpayref, u1058_payeename, u12a8_targetobjectstorename, u1708_documenttitle, u1aa2_ignoreredirect, u1b08_layoutversionseriesid, u1bb6_loanterm, u1ce8_layoutid, u2672_cmacmregistered, u2918_entrytemplatedescription, u2a76_cmsearchschemaversion, u2d52_icnautorun, u2e28_componentbindinglabel, u3018_brokername, u3026_cmacmruletype, u3478_cmacmversionnumber, u3975_targetobjectclassid, u3a18_accno, u4176_cmacmvcscommitstatus, u46a8_accttype, u4ed4_txnamount, u5058_acctstatus, u5163_settledate, u5948_entrytemplatelaunchedwor, u5ce8_entrytemplateobjectstore, u6116_cmacmtype, u6173_cmacmvcsheartbeatdate, u6326_cmacmintegrationtype, u63a4_currentbalance, u63a8_preferencetype, u63b4_runbalance, u65d4_loanamount, u76f8_targetobjecttype, u7908_bsbnumber, u7ec8_applname, u8bd6_searchingobjecttype, u8ee3_txndate, u90b8_applno, u9528_txntype, u95a4_intrate, u9855_entrytemplateid, u9af8_propaddress, u9b28_txndesc, u9ba8_branchname, u9c18_txnstatus, ua0c2_icnshowintree, ua0d8_txnid, ua3a3_opendate, ua598_accholdername, uaa76_cmacmtargetenvironmentty, uaf94_availbalance, ub168_searchingobjectstores, ub376_cmacmworkflowconvertstat, ube06_searchtype, uc112_cmacmincludeswebapplicat, ud578_customobjecttype, ud818_applicationname, udf76_cmacmvcsdeliverstatus, ue148_applstatus, ue148_targetsiteid, ue4b8_description, uf8f8_custid, migration_status, migrated_date, error_message, error_info, extracted_status, extracted_date, p8_doc_id FROM public.docversion_stagging WHERE 1=1 AND object_class_id IN (SELECT object_id FROM public.classdef WHERE CAST(sys_owned_bool AS VARCHAR) IN ('0', 'false', 'FALSE') AND LOWER(symbolic_name) NOT LIKE 'cm%' AND LOWER(symbolic_name) NOT LIKE 'cmxt%' AND LOWER(symbolic_name) NOT LIKE 'preferences%') AND LOWER(migration_status) IN ('success', 'migrated') LIMIT 5000]
2026-07-20 20:36:21 [INFO ] [http-nio-8080-exec-1] c.m.controller.DeliverableController : [DELIVERABLES] Migration report generated in 67ms. Rows: 0
2026-07-20 20:36:21 [INFO ] [http-nio-8080-exec-1] c.m.controller.DeliverableController : Ending method: getMigrationReport
2026-07-20 20:36:27 [INFO ] [http-nio-8080-exec-4] c.m.controller.ExceptionController : Starting method: getMetadataFields with arguments: appId=ccol, documentClass=BankAccount
2026-07-20 20:36:27 [INFO ] [http-nio-8080-exec-4] c.m.controller.ExceptionController : Ending method: getMetadataFields
2026-07-20 20:36:31 [INFO ] [http-nio-8080-exec-2] c.m.controller.DeliverableController : Starting method: getMigrationReport with arguments: DeliverableRequest(applicationName=Ccol, documentClass=BankAccount, createdDate=null, startDate=null, endDate=null, migrationStatus=Success)
2026-07-20 20:36:31 [INFO ] [http-nio-8080-exec-2] c.m.controller.DeliverableController : [DELIVERABLES] Generating migration report for application: Ccol
2026-07-20 20:36:31 [INFO ] [http-nio-8080-exec-2] c.m.service.DeliverableService : [DELIVERABLE] Executing Detailed Query | SQL: select object_id, mime_type, content_size, u0448_cmacmmashupserveruri, u0528_cmacmdeploymentversionnu, u0cb8_bpayref, u1058_payeename, u12a8_targetobjectstorename, u1708_documenttitle, u1aa2_ignoreredirect, u1b08_layoutversionseriesid, u1bb6_loanterm, u1ce8_layoutid, u2672_cmacmregistered, u2918_entrytemplatedescription, u2a76_cmsearchschemaversion, u2d52_icnautorun, u2e28_componentbindinglabel, u3018_brokername, u3026_cmacmruletype, u3478_cmacmversionnumber, u3975_targetobjectclassid, u3a18_accno, u4176_cmacmvcscommitstatus, u46a8_accttype, u4ed4_txnamount, u5058_acctstatus, u5163_settledate, u5948_entrytemplatelaunchedwor, u5ce8_entrytemplateobjectstore, u6116_cmacmtype, u6173_cmacmvcsheartbeatdate, u6326_cmacmintegrationtype, u63a4_currentbalance, u63a8_preferencetype, u63b4_runbalance, u65d4_loanamount, u76f8_targetobjecttype, u7908_bsbnumber, u7ec8_applname, u8bd6_searchingobjecttype, u8ee3_txndate, u90b8_applno, u9528_txntype, u95a4_intrate, u9855_entrytemplateid, u9af8_propaddress, u9b28_txndesc, u9ba8_branchname, u9c18_txnstatus, ua0c2_icnshowintree, ua0d8_txnid, ua3a3_opendate, ua598_accholdername, uaa76_cmacmtargetenvironmentty, uaf94_availbalance, ub168_searchingobjectstores, ub376_cmacmworkflowconvertstat, ube06_searchtype, uc112_cmacmincludeswebapplicat, ud578_customobjecttype, ud818_applicationname, udf76_cmacmvcsdeliverstatus, ue148_applstatus, ue148_targetsiteid, ue4b8_description, uf8f8_custid, migration_status, migrated_date, error_message, error_info, extracted_status, extracted_date, p8_doc_id from public.docversion_stagging where 1=1 and object_class_id in (select object_id from public.classdef where lower(symbolic_name) = lower(?)) and lower(migration_status) in ('success', 'migrated') limit 5000 | Params: [BankAccount]
2026-07-20 20:36:31 [ERROR] [http-nio-8080-exec-2] c.m.service.DeliverableService : DeliverableService: skipping table public.docversion_stagging: PreparedStatementCallback; bad SQL grammar [SELECT object_id, mime_type, content_size, u0448_cmacmmashupserveruri, u0528_cmacmdeploymentversionnu, u0cb8_bpayref, u1058_payeename, u12a8_targetobjectstorename, u1708_documenttitle, u1aa2_ignoreredirect, u1b08_layoutversionseriesid, u1bb6_loanterm, u1ce8_layoutid, u2672_cmacmregistered, u2918_entrytemplatedescription, u2a76_cmsearchschemaversion, u2d52_icnautorun, u2e28_componentbindinglabel, u3018_brokername, u3026_cmacmruletype, u3478_cmacmversionnumber, u3975_targetobjectclassid, u3a18_accno, u4176_cmacmvcscommitstatus, u46a8_accttype, u4ed4_txnamount, u5058_acctstatus, u5163_settledate, u5948_entrytemplatelaunchedwor, u5ce8_entrytemplateobjectstore, u6116_cmacmtype, u6173_cmacmvcsheartbeatdate, u6326_cmacmintegrationtype, u63a4_currentbalance, u63a8_preferencetype, u63b4_runbalance, u65d4_loanamount, u76f8_targetobjecttype, u7908_bsbnumber, u7ec8_applname, u8bd6_searchingobjecttype, u8ee3_txndate, u90b8_applno, u9528_txntype, u95a4_intrate, u9855_entrytemplateid, u9af8_propaddress, u9b28_txndesc, u9ba8_branchname, u9c18_txnstatus, ua0c2_icnshowintree, ua0d8_txnid, ua3a3_opendate, ua598_accholdername, uaa76_cmacmtargetenvironmentty, uaf94_availbalance, ub168_searchingobjectstores, ub376_cmacmworkflowconvertstat, ube06_searchtype, uc112_cmacmincludeswebapplicat, ud578_customobjecttype, ud818_applicationname, udf76_cmacmvcsdeliverstatus, ue148_applstatus, ue148_targetsiteid, ue4b8_description, uf8f8_custid, migration_status, migrated_date, error_message, error_info, extracted_status, extracted_date, p8_doc_id FROM public.docversion_stagging WHERE 1=1 AND object_class_id IN (SELECT object_id FROM public.classdef WHERE LOWER(symbolic_name) = LOWER(?)) AND LOWER(migration_status) IN ('success', 'migrated') LIMIT 5000]
2026-07-20 20:36:31 [INFO ] [http-nio-8080-exec-2] c.m.controller.DeliverableController : [DELIVERABLES] Migration report generated in 9ms. Rows: 0
2026-07-20 20:36:31 [INFO ] [http-nio-8080-exec-2] c.m.controller.DeliverableController : Ending method: getMigrationReport
2026-07-20 20:36:32 [INFO ] [http-nio-8080-exec-5] c.m.controller.DeliverableController : Starting method: getMigrationReport with arguments: DeliverableRequest(applicationName=Ccol, documentClass=BankAccount, createdDate=null, startDate=null, endDate=null, migrationStatus=Success)
2026-07-20 20:36:32 [INFO ] [http-nio-8080-exec-5] c.m.controller.DeliverableController : [DELIVERABLES] Generating migration report for application: Ccol
2026-07-20 20:36:32 [INFO ] [http-nio-8080-exec-5] c.m.service.DeliverableService : [DELIVERABLE] Executing Detailed Query | SQL: select object_id, mime_type, content_size, u0448_cmacmmashupserveruri, u0528_cmacmdeploymentversionnu, u0cb8_bpayref, u1058_payeename, u12a8_targetobjectstorename, u1708_documenttitle, u1aa2_ignoreredirect, u1b08_layoutversionseriesid, u1bb6_loanterm, u1ce8_layoutid, u2672_cmacmregistered, u2918_entrytemplatedescription, u2a76_cmsearchschemaversion, u2d52_icnautorun, u2e28_componentbindinglabel, u3018_brokername, u3026_cmacmruletype, u3478_cmacmversionnumber, u3975_targetobjectclassid, u3a18_accno, u4176_cmacmvcscommitstatus, u46a8_accttype, u4ed4_txnamount, u5058_acctstatus, u5163_settledate, u5948_entrytemplatelaunchedwor, u5ce8_entrytemplateobjectstore, u6116_cmacmtype, u6173_cmacmvcsheartbeatdate, u6326_cmacmintegrationtype, u63a4_currentbalance, u63a8_preferencetype, u63b4_runbalance, u65d4_loanamount, u76f8_targetobjecttype, u7908_bsbnumber, u7ec8_applname, u8bd6_searchingobjecttype, u8ee3_txndate, u90b8_applno, u9528_txntype, u95a4_intrate, u9855_entrytemplateid, u9af8_propaddress, u9b28_txndesc, u9ba8_branchname, u9c18_txnstatus, ua0c2_icnshowintree, ua0d8_txnid, ua3a3_opendate, ua598_accholdername, uaa76_cmacmtargetenvironmentty, uaf94_availbalance, ub168_searchingobjectstores, ub376_cmacmworkflowconvertstat, ube06_searchtype, uc112_cmacmincludeswebapplicat, ud578_customobjecttype, ud818_applicationname, udf76_cmacmvcsdeliverstatus, ue148_applstatus, ue148_targetsiteid, ue4b8_description, uf8f8_custid, migration_status, migrated_date, error_message, error_info, extracted_status, extracted_date, p8_doc_id from public.docversion_stagging where 1=1 and object_class_id in (select object_id from public.classdef where lower(symbolic_name) = lower(?)) and lower(migration_status) in ('success', 'migrated') limit 5000 | Params: [BankAccount]
2026-07-20 20:36:32 [ERROR] [http-nio-8080-exec-5] c.m.service.DeliverableService : DeliverableService: skipping table public.docversion_stagging: PreparedStatementCallback; bad SQL grammar [SELECT object_id, mime_type, content_size, u0448_cmacmmashupserveruri, u0528_cmacmdeploymentversionnu, u0cb8_bpayref, u1058_payeename, u12a8_targetobjectstorename, u1708_documenttitle, u1aa2_ignoreredirect, u1b08_layoutversionseriesid, u1bb6_loanterm, u1ce8_layoutid, u2672_cmacmregistered, u2918_entrytemplatedescription, u2a76_cmsearchschemaversion, u2d52_icnautorun, u2e28_componentbindinglabel, u3018_brokername, u3026_cmacmruletype, u3478_cmacmversionnumber, u3975_targetobjectclassid, u3a18_accno, u4176_cmacmvcscommitstatus, u46a8_accttype, u4ed4_txnamount, u5058_acctstatus, u5163_settledate, u5948_entrytemplatelaunchedwor, u5ce8_entrytemplateobjectstore, u6116_cmacmtype, u6173_cmacmvcsheartbeatdate, u6326_cmacmintegrationtype, u63a4_currentbalance, u63a8_preferencetype, u63b4_runbalance, u65d4_loanamount, u76f8_targetobjecttype, u7908_bsbnumber, u7ec8_applname, u8bd6_searchingobjecttype, u8ee3_txndate, u90b8_applno, u9528_txntype, u95a4_intrate, u9855_entrytemplateid, u9af8_propaddress, u9b28_txndesc, u9ba8_branchname, u9c18_txnstatus, ua0c2_icnshowintree, ua0d8_txnid, ua3a3_opendate, ua598_accholdername, uaa76_cmacmtargetenvironmentty, uaf94_availbalance, ub168_searchingobjectstores, ub376_cmacmworkflowconvertstat, ube06_searchtype, uc112_cmacmincludeswebapplicat, ud578_customobjecttype, ud818_applicationname, udf76_cmacmvcsdeliverstatus, ue148_applstatus, ue148_targetsiteid, ue4b8_description, uf8f8_custid, migration_status, migrated_date, error_message, error_info, extracted_status, extracted_date, p8_doc_id FROM public.docversion_stagging WHERE 1=1 AND object_class_id IN (SELECT object_id FROM public.classdef WHERE LOWER(symbolic_name) = LOWER(?)) AND LOWER(migration_status) IN ('success', 'migrated') LIMIT 5000]
2026-07-20 20:36:32 [INFO ] [http-nio-8080-exec-5] c.m.controller.DeliverableController : [DELIVERABLES] Migration report generated in 9ms. Rows: 0
2026-07-20 20:36:32 [INFO ] [http-nio-8080-exec-5] c.m.controller.DeliverableController : Ending method: getMigrationReport
2026-07-20 20:36:48 [INFO ] [http-nio-8080-exec-3] c.m.c.ConfigurationController : Starting method: getConfig
2026-07-20 20:36:48 [INFO ] [http-nio-8080-exec-3] c.m.c.ConfigurationController : [CONFIG] Fetching cached tenant configuration
2026-07-20 20:36:48 [INFO ] [http-nio-8080-exec-3] c.m.c.ConfigurationController : Ending method: getConfig
2026-07-20 20:36:53 [INFO ] [http-nio-8080-exec-7] c.m.controller.DiscoveryController : Starting method: getDocumentClasses with arguments: appId=ccol, type=source
2026-07-20 20:36:53 [INFO ] [http-nio-8080-exec-8] c.m.controller.ExceptionController : Starting method: getMetadataFields with arguments: appId=ccol, documentClass=null
2026-07-20 20:36:53 [INFO ] [http-nio-8080-exec-8] c.m.controller.ExceptionController : Ending method: getMetadataFields
2026-07-20 20:36:53 [INFO ] [http-nio-8080-exec-7] c.m.controller.DiscoveryController : Ending method: getDocumentClasses
2026-07-20 20:36:56 [INFO ] [http-nio-8080-exec-9] c.m.controller.ExceptionController : Starting method: getMetadataFields with arguments: appId=ccol, documentClass=BankAccount
2026-07-20 20:36:56 [INFO ] [http-nio-8080-exec-9] c.m.controller.ExceptionController : Ending method: getMetadataFields
2026-07-20 20:37:00 [INFO ] [http-nio-8080-exec-10] c.m.controller.DeliverableController : Starting method: getMigrationReport with arguments: DeliverableRequest(applicationName=Ccol, documentClass=BankAccount, createdDate=null, startDate=null, endDate=null, migrationStatus=Success)
2026-07-20 20:37:00 [INFO ] [http-nio-8080-exec-10] c.m.controller.DeliverableController : [DELIVERABLES] Generating migration report for application: Ccol
2026-07-20 20:37:00 [INFO ] [http-nio-8080-exec-10] c.m.service.DeliverableService : [DELIVERABLE] Executing Detailed Query | SQL: select object_id, mime_type, content_size, u0448_cmacmmashupserveruri, u0528_cmacmdeploymentversionnu, u0cb8_bpayref, u1058_payeename, u12a8_targetobjectstorename, u1708_documenttitle, u1aa2_ignoreredirect, u1b08_layoutversionseriesid, u1bb6_loanterm, u1ce8_layoutid, u2672_cmacmregistered, u2918_entrytemplatedescription, u2a76_cmsearchschemaversion, u2d52_icnautorun, u2e28_componentbindinglabel, u3018_brokername, u3026_cmacmruletype, u3478_cmacmversionnumber, u3975_targetobjectclassid, u3a18_accno, u4176_cmacmvcscommitstatus, u46a8_accttype, u4ed4_txnamount, u5058_acctstatus, u5163_settledate, u5948_entrytemplatelaunchedwor, u5ce8_entrytemplateobjectstore, u6116_cmacmtype, u6173_cmacmvcsheartbeatdate, u6326_cmacmintegrationtype, u63a4_currentbalance, u63a8_preferencetype, u63b4_runbalance, u65d4_loanamount, u76f8_targetobjecttype, u7908_bsbnumber, u7ec8_applname, u8bd6_searchingobjecttype, u8ee3_txndate, u90b8_applno, u9528_txntype, u95a4_intrate, u9855_entrytemplateid, u9af8_propaddress, u9b28_txndesc, u9ba8_branchname, u9c18_txnstatus, ua0c2_icnshowintree, ua0d8_txnid, ua3a3_opendate, ua598_accholdername, uaa76_cmacmtargetenvironmentty, uaf94_availbalance, ub168_searchingobjectstores, ub376_cmacmworkflowconvertstat, ube06_searchtype, uc112_cmacmincludeswebapplicat, ud578_customobjecttype, ud818_applicationname, udf76_cmacmvcsdeliverstatus, ue148_applstatus, ue148_targetsiteid, ue4b8_description, uf8f8_custid, migration_status, migrated_date, error_message, error_info, extracted_status, extracted_date, p8_doc_id from public.docversion_stagging where 1=1 and object_class_id in (select object_id from public.classdef where lower(symbolic_name) = lower(?)) and lower(migration_status) in ('success', 'migrated') limit 5000 | Params: [BankAccount]
2026-07-20 20:37:00 [ERROR] [http-nio-8080-exec-10] c.m.service.DeliverableService : DeliverableService: skipping table public.docversion_stagging: PreparedStatementCallback; bad SQL grammar [SELECT object_id, mime_type, content_size, u0448_cmacmmashupserveruri, u0528_cmacmdeploymentversionnu, u0cb8_bpayref, u1058_payeename, u12a8_targetobjectstorename, u1708_documenttitle, u1aa2_ignoreredirect, u1b08_layoutversionseriesid, u1bb6_loanterm, u1ce8_layoutid, u2672_cmacmregistered, u2918_entrytemplatedescription, u2a76_cmsearchschemaversion, u2d52_icnautorun, u2e28_componentbindinglabel, u3018_brokername, u3026_cmacmruletype, u3478_cmacmversionnumber, u3975_targetobjectclassid, u3a18_accno, u4176_cmacmvcscommitstatus, u46a8_accttype, u4ed4_txnamount, u5058_acctstatus, u5163_settledate, u5948_entrytemplatelaunchedwor, u5ce8_entrytemplateobjectstore, u6116_cmacmtype, u6173_cmacmvcsheartbeatdate, u6326_cmacmintegrationtype, u63a4_currentbalance, u63a8_preferencetype, u63b4_runbalance, u65d4_loanamount, u76f8_targetobjecttype, u7908_bsbnumber, u7ec8_applname, u8bd6_searchingobjecttype, u8ee3_txndate, u90b8_applno, u9528_txntype, u95a4_intrate, u9855_entrytemplateid, u9af8_propaddress, u9b28_txndesc, u9ba8_branchname, u9c18_txnstatus, ua0c2_icnshowintree, ua0d8_txnid, ua3a3_opendate, ua598_accholdername, uaa76_cmacmtargetenvironmentty, uaf94_availbalance, ub168_searchingobjectstores, ub376_cmacmworkflowconvertstat, ube06_searchtype, uc112_cmacmincludeswebapplicat, ud578_customobjecttype, ud818_applicationname, udf76_cmacmvcsdeliverstatus, ue148_applstatus, ue148_targetsiteid, ue4b8_description, uf8f8_custid, migration_status, migrated_date, error_message, error_info, extracted_status, extracted_date, p8_doc_id FROM public.docversion_stagging WHERE 1=1 AND object_class_id IN (SELECT object_id FROM public.classdef WHERE LOWER(symbolic_name) = LOWER(?)) AND LOWER(migration_status) IN ('success', 'migrated') LIMIT 5000]
2026-07-20 20:37:00 [INFO ] [http-nio-8080-exec-10] c.m.controller.DeliverableController : [DELIVERABLES] Migration report generated in 14ms. Rows: 0
2026-07-20 20:37:00 [INFO ] [http-nio-8080-exec-10] c.m.controller.DeliverableController : Ending method: getMigrationReport
2026-07-20 20:40:32 [INFO ] [RMI TCP Connection(8)-127.0.0.1] o.s.b.a.SpringApplicationAdminMXBeanRegistrar$SpringApplicationAdmin : Application shutdown requested.
2026-07-20 20:40:32 [INFO ] [RMI TCP Connection(8)-127.0.0.1] o.s.boot.tomcat.GracefulShutdown : Commencing graceful shutdown. Waiting for active requests to complete
2026-07-20 20:40:32 [INFO ] [tomcat-shutdown] o.s.boot.tomcat.GracefulShutdown : Graceful shutdown complete
2026-07-20 20:40:32 [INFO ] [RMI TCP Connection(8)-127.0.0.1] o.s.o.j.LocalContainerEntityManagerFactoryBean : Closing JPA EntityManagerFactory for persistence unit 'default'
2026-07-20 20:40:32 [INFO ] [RMI TCP Connection(8)-127.0.0.1] com.zaxxer.hikari.HikariDataSource : HikariPool-1 - Shutdown initiated...
2026-07-20 20:40:32 [INFO ] [RMI TCP Connection(8)-127.0.0.1] com.zaxxer.hikari.HikariDataSource : HikariPool-1 - Shutdown completed.
2026-07-20 20:40:34 [INFO ] [main] c.m.MigrationReportApplication : Starting MigrationReportApplication using Java 21.0.1 with PID 6008 (D:\MigrationReportTool\Backend\MigrationReport\target\classes started by Shaik Firoz in D:\MigrationReportTool\Backend\MigrationReport)
2026-07-20 20:40:34 [INFO ] [main] c.m.MigrationReportApplication : No active profile set, falling back to 1 default profile: "default"
2026-07-20 20:40:35 [INFO ] [main] o.s.d.r.c.RepositoryConfigurationDelegate : Bootstrapping Spring Data JPA repositories in DEFAULT mode.
2026-07-20 20:40:35 [INFO ] [main] o.s.d.r.c.RepositoryConfigurationDelegate : Finished Spring Data repository scanning in 33 ms. Found 1 JPA repository interface.
2026-07-20 20:40:35 [INFO ] [main] o.s.boot.tomcat.TomcatWebServer : Tomcat initialized with port 8080 (http)
2026-07-20 20:40:35 [INFO ] [main] o.a.catalina.core.StandardService : Starting service [Tomcat]
2026-07-20 20:40:35 [INFO ] [main] o.a.catalina.core.StandardEngine : Starting Servlet engine: [Apache Tomcat/11.0.24]
2026-07-20 20:40:35 [INFO ] [main] o.s.b.w.c.s.WebApplicationContextInitializer : Root WebApplicationContext: initialization completed in 825 ms
2026-07-20 20:40:35 [INFO ] [main] c.m.config.DataSourceConfig : [CONFIG] Loaded database configuration for active type postgres from D:\MigrationReportTool\Backend\MigrationReport\config\db-config.json
2026-07-20 20:40:35 [INFO ] [main] org.hibernate.orm.jpa : HHH008540: Processing PersistenceUnitInfo [name: default]
2026-07-20 20:40:35 [INFO ] [main] org.hibernate.orm.core : HHH000001: Hibernate ORM core version 7.4.1.Final
2026-07-20 20:40:36 [INFO ] [main] o.s.o.j.p.SpringPersistenceUnitInfo : No LoadTimeWeaver setup: ignoring JPA class transformer
2026-07-20 20:40:36 [INFO ] [main] com.zaxxer.hikari.HikariDataSource : HikariPool-1 - Starting...
2026-07-20 20:40:36 [INFO ] [main] com.zaxxer.hikari.pool.HikariPool : HikariPool-1 - Added connection org.postgresql.jdbc.PgConnection@22854f2b
2026-07-20 20:40:36 [INFO ] [main] com.zaxxer.hikari.HikariDataSource : HikariPool-1 - Start completed.
2026-07-20 20:40:36 [INFO ] [main] o.hibernate.orm.connections.pooling : HHH10001005: Database info:	Database JDBC URL [jdbc:postgresql://localhost:5432/Migration]	Database driver: PostgreSQL JDBC Driver	Database dialect: PostgreSQLDialect	Database version: 16.9	Default catalog/schema: Migration/public	Autocommit mode: undefined/unknown	Isolation level: READ_COMMITTED [default READ_COMMITTED]	JDBC fetch size: none	Pool: DataSourceConnectionProvider	Minimum pool size: undefined/unknown	Maximum pool size: undefined/unknown
2026-07-20 20:40:36 [INFO ] [main] org.hibernate.orm.core : HHH000489: No JTA platform available (set 'hibernate.transaction.jta.platform' to enable JTA platform integration)
2026-07-20 20:40:37 [INFO ] [main] o.s.o.j.LocalContainerEntityManagerFactoryBean : Initialized JPA EntityManagerFactory for persistence unit 'default'
2026-07-20 20:40:37 [INFO ] [main] o.s.d.j.r.q.QueryEnhancerFactories : Hibernate is in classpath; If applicable, HQL parser will be used.
2026-07-20 20:40:37 [INFO ] [main] c.m.service.ConfigurationService : [CONFIG] Loading tenant configuration from D:\MigrationReportTool\Backend\MigrationReport\config\tenant-mappings.json
2026-07-20 20:40:37 [INFO ] [main] c.m.service.ConfigurationService : [CONFIG] Loaded 1 applications from config.
2026-07-20 20:40:37 [INFO ] [main] c.m.dialect.DialectConfig : [DIALECT] Initializing PostgreSQL Dialect provider...
2026-07-20 20:40:37 [INFO ] [main] c.m.service.PropertyMappingService : [MAPPING] Loading property mapping templates from D:\MigrationReportTool\Backend\MigrationReport\config\property-mapping-templates.json
2026-07-20 20:40:37 [WARN ] [main] o.s.b.j.a.JpaBaseConfiguration$JpaWebConfiguration : spring.jpa.open-in-view is enabled by default. Therefore, database queries may be performed during view rendering. Explicitly configure spring.jpa.open-in-view to disable this warning
2026-07-20 20:40:37 [INFO ] [main] o.s.boot.tomcat.TomcatWebServer : Tomcat started on port 8080 (http) with context path '/'
2026-07-20 20:40:37 [INFO ] [main] c.m.MigrationReportApplication : Started MigrationReportApplication in 3.165 seconds (process running for 3.79)
2026-07-20 20:40:48 [INFO ] [http-nio-8080-exec-1] o.a.c.c.C.[Tomcat].[localhost].[/] : Initializing Spring DispatcherServlet 'dispatcherServlet'
2026-07-20 20:40:48 [INFO ] [http-nio-8080-exec-1] o.s.web.servlet.DispatcherServlet : Initializing Servlet 'dispatcherServlet'
2026-07-20 20:40:48 [INFO ] [http-nio-8080-exec-1] o.s.web.servlet.DispatcherServlet : Completed initialization in 2 ms
2026-07-20 20:40:49 [INFO ] [http-nio-8080-exec-1] c.m.controller.DeliverableController : Starting method: getMigrationReport with arguments: DeliverableRequest(applicationName=Ccol, documentClass=BankAccount, createdDate=null, startDate=null, endDate=null, migrationStatus=Success)
2026-07-20 20:40:49 [INFO ] [http-nio-8080-exec-1] c.m.controller.DeliverableController : [DELIVERABLES] Generating migration report for application: Ccol
2026-07-20 20:40:49 [ERROR] [http-nio-8080-exec-1] c.m.exception.GlobalExceptionHandler : Internal Server Error: 
jakarta.servlet.ServletException: Handler dispatch failed: java.lang.Error: Unresolved compilation problem: 
	Duplicate local variable schemaStr

	at org.springframework.web.servlet.DispatcherServlet.doDispatch(DispatcherServlet.java:978)
	at org.springframework.web.servlet.DispatcherServlet.doService(DispatcherServlet.java:866)
	at org.springframework.web.servlet.FrameworkServlet.processRequest(FrameworkServlet.java:1000)
	at org.springframework.web.servlet.FrameworkServlet.doPost(FrameworkServlet.java:903)
	at jakarta.servlet.http.HttpServlet.service(HttpServlet.java:649)
	at org.springframework.web.servlet.FrameworkServlet.service(FrameworkServlet.java:874)
	at jakarta.servlet.http.HttpServlet.service(HttpServlet.java:710)
	at org.apache.catalina.core.ApplicationFilterChain.doFilter(ApplicationFilterChain.java:132)
	at org.apache.tomcat.websocket.server.WsFilter.doFilter(WsFilter.java:59)
	at org.apache.catalina.core.ApplicationFilterChain.doFilter(ApplicationFilterChain.java:111)
	at org.springframework.web.filter.RequestContextFilter.doFilterInternal(RequestContextFilter.java:100)
	at org.springframework.web.filter.OncePerRequestFilter.doFilter(OncePerRequestFilter.java:116)
	at org.apache.catalina.core.ApplicationFilterChain.doFilter(ApplicationFilterChain.java:111)
	at org.springframework.web.filter.FormContentFilter.doFilterInternal(FormContentFilter.java:93)
	at org.springframework.web.filter.OncePerRequestFilter.doFilter(OncePerRequestFilter.java:116)
	at org.apache.catalina.core.ApplicationFilterChain.doFilter(ApplicationFilterChain.java:111)
	at org.springframework.web.filter.CharacterEncodingFilter.doFilterInternal(CharacterEncodingFilter.java:199)
	at org.springframework.web.filter.OncePerRequestFilter.doFilter(OncePerRequestFilter.java:116)
	at org.apache.catalina.core.ApplicationFilterChain.doFilter(ApplicationFilterChain.java:111)
	at com.migrationreport.config.SecurityHeadersFilter.doFilter(SecurityHeadersFilter.java:37)
	at org.apache.catalina.core.ApplicationFilterChain.doFilter(ApplicationFilterChain.java:111)
	at org.apache.catalina.core.StandardWrapperValve.invoke(StandardWrapperValve.java:165)
	at org.apache.catalina.core.StandardContextValve.invoke(StandardContextValve.java:77)
	at org.apache.catalina.authenticator.AuthenticatorBase.invoke(AuthenticatorBase.java:535)
	at org.apache.catalina.core.StandardHostValve.invoke(StandardHostValve.java:115)
	at org.apache.catalina.valves.ErrorReportValve.invoke(ErrorReportValve.java:86)
	at org.apache.catalina.core.StandardEngineValve.invoke(StandardEngineValve.java:71)
	at org.apache.catalina.connector.CoyoteAdapter.service(CoyoteAdapter.java:347)
	at org.apache.coyote.http11.Http11Processor.service(Http11Processor.java:406)
	at org.apache.coyote.AbstractProcessorLight.process(AbstractProcessorLight.java:71)
	at org.apache.coyote.AbstractProtocol$ConnectionHandler.process(AbstractProtocol.java:1307)
	at org.apache.tomcat.util.net.NioEndpoint$SocketProcessor.doRun(NioEndpoint.java:2036)
	at org.apache.tomcat.util.net.SocketProcessorBase.run(SocketProcessorBase.java:74)
	at org.apache.tomcat.util.threads.ThreadPoolExecutor.runWorker(ThreadPoolExecutor.java:949)
	at org.apache.tomcat.util.threads.ThreadPoolExecutor$Worker.run(ThreadPoolExecutor.java:483)
	at org.apache.tomcat.util.threads.TaskThread$WrappingRunnable.run(TaskThread.java:74)
	at java.base/java.lang.Thread.run(Thread.java:1583)
Caused by: java.lang.Error: Unresolved compilation problem: 
	Duplicate local variable schemaStr

	at com.migrationreport.service.DeliverableService.queryAppDetailed(DeliverableService.java:204)
	at com.migrationreport.service.DeliverableService.getMigrationReport(DeliverableService.java:95)
	at com.migrationreport.controller.DeliverableController.getMigrationReport(DeliverableController.java:32)
	at java.base/jdk.internal.reflect.DirectMethodHandleAccessor.invoke(DirectMethodHandleAccessor.java:103)
	at java.base/java.lang.reflect.Method.invoke(Method.java:580)
	at org.springframework.web.method.support.InvocableHandlerMethod.doInvoke(InvocableHandlerMethod.java:252)
	at org.springframework.web.method.support.InvocableHandlerMethod.invokeForRequest(InvocableHandlerMethod.java:184)
	at org.springframework.web.servlet.mvc.method.annotation.ServletInvocableHandlerMethod.invokeAndHandle(ServletInvocableHandlerMethod.java:117)
	at org.springframework.web.servlet.mvc.method.annotation.RequestMappingHandlerAdapter.invokeHandlerMethod(RequestMappingHandlerAdapter.java:934)
	at org.springframework.web.servlet.mvc.method.annotation.RequestMappingHandlerAdapter.handleInternal(RequestMappingHandlerAdapter.java:853)
	at org.springframework.web.servlet.mvc.method.AbstractHandlerMethodAdapter.handle(AbstractHandlerMethodAdapter.java:86)
	at org.springframework.web.servlet.DispatcherServlet.doDispatch(DispatcherServlet.java:963)
	... 36 common frames omitted
2026-07-20 20:41:56 [INFO ] [RMI TCP Connection(5)-127.0.0.1] o.s.b.a.SpringApplicationAdminMXBeanRegistrar$SpringApplicationAdmin : Application shutdown requested.
2026-07-20 20:41:56 [INFO ] [RMI TCP Connection(5)-127.0.0.1] o.s.boot.tomcat.GracefulShutdown : Commencing graceful shutdown. Waiting for active requests to complete
2026-07-20 20:41:56 [INFO ] [tomcat-shutdown] o.s.boot.tomcat.GracefulShutdown : Graceful shutdown complete
2026-07-20 20:41:56 [INFO ] [RMI TCP Connection(5)-127.0.0.1] o.s.o.j.LocalContainerEntityManagerFactoryBean : Closing JPA EntityManagerFactory for persistence unit 'default'
2026-07-20 20:41:56 [INFO ] [RMI TCP Connection(5)-127.0.0.1] com.zaxxer.hikari.HikariDataSource : HikariPool-1 - Shutdown initiated...
2026-07-20 20:41:56 [INFO ] [RMI TCP Connection(5)-127.0.0.1] com.zaxxer.hikari.HikariDataSource : HikariPool-1 - Shutdown completed.
2026-07-20 20:41:59 [INFO ] [main] c.m.MigrationReportApplication : Starting MigrationReportApplication using Java 21.0.1 with PID 968 (D:\MigrationReportTool\Backend\MigrationReport\target\classes started by Shaik Firoz in D:\MigrationReportTool\Backend\MigrationReport)
2026-07-20 20:41:59 [INFO ] [main] c.m.MigrationReportApplication : No active profile set, falling back to 1 default profile: "default"
2026-07-20 20:41:59 [INFO ] [main] o.s.d.r.c.RepositoryConfigurationDelegate : Bootstrapping Spring Data JPA repositories in DEFAULT mode.
2026-07-20 20:41:59 [INFO ] [main] o.s.d.r.c.RepositoryConfigurationDelegate : Finished Spring Data repository scanning in 35 ms. Found 1 JPA repository interface.
2026-07-20 20:41:59 [INFO ] [main] o.s.boot.tomcat.TomcatWebServer : Tomcat initialized with port 8080 (http)
2026-07-20 20:41:59 [INFO ] [main] o.a.catalina.core.StandardService : Starting service [Tomcat]
2026-07-20 20:41:59 [INFO ] [main] o.a.catalina.core.StandardEngine : Starting Servlet engine: [Apache Tomcat/11.0.24]
2026-07-20 20:41:59 [INFO ] [main] o.s.b.w.c.s.WebApplicationContextInitializer : Root WebApplicationContext: initialization completed in 822 ms
2026-07-20 20:42:00 [INFO ] [main] c.m.config.DataSourceConfig : [CONFIG] Loaded database configuration for active type postgres from D:\MigrationReportTool\Backend\MigrationReport\config\db-config.json
2026-07-20 20:42:00 [INFO ] [main] org.hibernate.orm.jpa : HHH008540: Processing PersistenceUnitInfo [name: default]
2026-07-20 20:42:00 [INFO ] [main] org.hibernate.orm.core : HHH000001: Hibernate ORM core version 7.4.1.Final
2026-07-20 20:42:00 [INFO ] [main] o.s.o.j.p.SpringPersistenceUnitInfo : No LoadTimeWeaver setup: ignoring JPA class transformer
2026-07-20 20:42:00 [INFO ] [main] com.zaxxer.hikari.HikariDataSource : HikariPool-1 - Starting...
2026-07-20 20:42:00 [INFO ] [main] com.zaxxer.hikari.pool.HikariPool : HikariPool-1 - Added connection org.postgresql.jdbc.PgConnection@215c6ec0
2026-07-20 20:42:00 [INFO ] [main] com.zaxxer.hikari.HikariDataSource : HikariPool-1 - Start completed.
2026-07-20 20:42:00 [INFO ] [main] o.hibernate.orm.connections.pooling : HHH10001005: Database info:	Database JDBC URL [jdbc:postgresql://localhost:5432/Migration]	Database driver: PostgreSQL JDBC Driver	Database dialect: PostgreSQLDialect	Database version: 16.9	Default catalog/schema: Migration/public	Autocommit mode: undefined/unknown	Isolation level: READ_COMMITTED [default READ_COMMITTED]	JDBC fetch size: none	Pool: DataSourceConnectionProvider	Minimum pool size: undefined/unknown	Maximum pool size: undefined/unknown
2026-07-20 20:42:01 [INFO ] [main] org.hibernate.orm.core : HHH000489: No JTA platform available (set 'hibernate.transaction.jta.platform' to enable JTA platform integration)
2026-07-20 20:42:01 [INFO ] [main] o.s.o.j.LocalContainerEntityManagerFactoryBean : Initialized JPA EntityManagerFactory for persistence unit 'default'
2026-07-20 20:42:01 [INFO ] [main] o.s.d.j.r.q.QueryEnhancerFactories : Hibernate is in classpath; If applicable, HQL parser will be used.
2026-07-20 20:42:01 [INFO ] [main] c.m.service.ConfigurationService : [CONFIG] Loading tenant configuration from D:\MigrationReportTool\Backend\MigrationReport\config\tenant-mappings.json
2026-07-20 20:42:01 [INFO ] [main] c.m.service.ConfigurationService : [CONFIG] Loaded 1 applications from config.
2026-07-20 20:42:01 [INFO ] [main] c.m.dialect.DialectConfig : [DIALECT] Initializing PostgreSQL Dialect provider...
2026-07-20 20:42:01 [INFO ] [main] c.m.service.PropertyMappingService : [MAPPING] Loading property mapping templates from D:\MigrationReportTool\Backend\MigrationReport\config\property-mapping-templates.json
2026-07-20 20:42:01 [WARN ] [main] o.s.b.j.a.JpaBaseConfiguration$JpaWebConfiguration : spring.jpa.open-in-view is enabled by default. Therefore, database queries may be performed during view rendering. Explicitly configure spring.jpa.open-in-view to disable this warning
2026-07-20 20:42:01 [INFO ] [main] o.s.boot.tomcat.TomcatWebServer : Tomcat started on port 8080 (http) with context path '/'
2026-07-20 20:42:01 [INFO ] [main] c.m.MigrationReportApplication : Started MigrationReportApplication in 3.178 seconds (process running for 3.903)
2026-07-20 20:42:07 [INFO ] [http-nio-8080-exec-1] o.a.c.c.C.[Tomcat].[localhost].[/] : Initializing Spring DispatcherServlet 'dispatcherServlet'
2026-07-20 20:42:07 [INFO ] [http-nio-8080-exec-1] o.s.web.servlet.DispatcherServlet : Initializing Servlet 'dispatcherServlet'
2026-07-20 20:42:07 [INFO ] [http-nio-8080-exec-1] o.s.web.servlet.DispatcherServlet : Completed initialization in 0 ms
2026-07-20 20:42:08 [INFO ] [http-nio-8080-exec-1] c.m.controller.DeliverableController : Starting method: getMigrationReport with arguments: DeliverableRequest(applicationName=Ccol, documentClass=BankAccount, createdDate=null, startDate=null, endDate=null, migrationStatus=Success)
2026-07-20 20:42:08 [INFO ] [http-nio-8080-exec-1] c.m.controller.DeliverableController : [DELIVERABLES] Generating migration report for application: Ccol
2026-07-20 20:42:08 [INFO ] [http-nio-8080-exec-1] c.m.service.DeliverableService : [DELIVERABLE] Executing Detailed Query | SQL: select object_id, mime_type, content_size, u0448_cmacmmashupserveruri, u0528_cmacmdeploymentversionnu, u0cb8_bpayref, u1058_payeename, u12a8_targetobjectstorename, u1708_documenttitle, u1aa2_ignoreredirect, u1b08_layoutversionseriesid, u1bb6_loanterm, u1ce8_layoutid, u2672_cmacmregistered, u2918_entrytemplatedescription, u2a76_cmsearchschemaversion, u2d52_icnautorun, u2e28_componentbindinglabel, u3018_brokername, u3026_cmacmruletype, u3478_cmacmversionnumber, u3975_targetobjectclassid, u3a18_accno, u4176_cmacmvcscommitstatus, u46a8_accttype, u4ed4_txnamount, u5058_acctstatus, u5163_settledate, u5948_entrytemplatelaunchedwor, u5ce8_entrytemplateobjectstore, u6116_cmacmtype, u6173_cmacmvcsheartbeatdate, u6326_cmacmintegrationtype, u63a4_currentbalance, u63a8_preferencetype, u63b4_runbalance, u65d4_loanamount, u76f8_targetobjecttype, u7908_bsbnumber, u7ec8_applname, u8bd6_searchingobjecttype, u8ee3_txndate, u90b8_applno, u9528_txntype, u95a4_intrate, u9855_entrytemplateid, u9af8_propaddress, u9b28_txndesc, u9ba8_branchname, u9c18_txnstatus, ua0c2_icnshowintree, ua0d8_txnid, ua3a3_opendate, ua598_accholdername, uaa76_cmacmtargetenvironmentty, uaf94_availbalance, ub168_searchingobjectstores, ub376_cmacmworkflowconvertstat, ube06_searchtype, uc112_cmacmincludeswebapplicat, ud578_customobjecttype, ud818_applicationname, udf76_cmacmvcsdeliverstatus, ue148_applstatus, ue148_targetsiteid, ue4b8_description, uf8f8_custid, migration_status, migrated_date, error_info, extracted_status, extracted_date, p8_doc_id from public.docversion_stagging where 1=1 and object_class_id in (select object_id from public.classdef where lower(symbolic_name) = lower(?)) and lower(migration_status) in ('success', 'migrated') limit 5000 | Params: [BankAccount]
2026-07-20 20:42:08 [INFO ] [http-nio-8080-exec-1] c.m.controller.DeliverableController : [DELIVERABLES] Migration report generated in 575ms. Rows: 3062
2026-07-20 20:42:08 [INFO ] [http-nio-8080-exec-1] c.m.controller.DeliverableController : Ending method: getMigrationReport
2026-07-20 20:42:46 [INFO ] [http-nio-8080-exec-3] c.m.controller.DeliverableController : Starting method: getMigrationReport with arguments: DeliverableRequest(applicationName=Ccol, documentClass=BankAccount, createdDate=null, startDate=null, endDate=null, migrationStatus=Failed)
2026-07-20 20:42:46 [INFO ] [http-nio-8080-exec-3] c.m.controller.DeliverableController : [DELIVERABLES] Generating migration report for application: Ccol
2026-07-20 20:42:46 [INFO ] [http-nio-8080-exec-3] c.m.service.DeliverableService : [DELIVERABLE] Executing Detailed Query | SQL: select object_id, mime_type, content_size, u0448_cmacmmashupserveruri, u0528_cmacmdeploymentversionnu, u0cb8_bpayref, u1058_payeename, u12a8_targetobjectstorename, u1708_documenttitle, u1aa2_ignoreredirect, u1b08_layoutversionseriesid, u1bb6_loanterm, u1ce8_layoutid, u2672_cmacmregistered, u2918_entrytemplatedescription, u2a76_cmsearchschemaversion, u2d52_icnautorun, u2e28_componentbindinglabel, u3018_brokername, u3026_cmacmruletype, u3478_cmacmversionnumber, u3975_targetobjectclassid, u3a18_accno, u4176_cmacmvcscommitstatus, u46a8_accttype, u4ed4_txnamount, u5058_acctstatus, u5163_settledate, u5948_entrytemplatelaunchedwor, u5ce8_entrytemplateobjectstore, u6116_cmacmtype, u6173_cmacmvcsheartbeatdate, u6326_cmacmintegrationtype, u63a4_currentbalance, u63a8_preferencetype, u63b4_runbalance, u65d4_loanamount, u76f8_targetobjecttype, u7908_bsbnumber, u7ec8_applname, u8bd6_searchingobjecttype, u8ee3_txndate, u90b8_applno, u9528_txntype, u95a4_intrate, u9855_entrytemplateid, u9af8_propaddress, u9b28_txndesc, u9ba8_branchname, u9c18_txnstatus, ua0c2_icnshowintree, ua0d8_txnid, ua3a3_opendate, ua598_accholdername, uaa76_cmacmtargetenvironmentty, uaf94_availbalance, ub168_searchingobjectstores, ub376_cmacmworkflowconvertstat, ube06_searchtype, uc112_cmacmincludeswebapplicat, ud578_customobjecttype, ud818_applicationname, udf76_cmacmvcsdeliverstatus, ue148_applstatus, ue148_targetsiteid, ue4b8_description, uf8f8_custid, migration_status, migrated_date, error_info, extracted_status, extracted_date, p8_doc_id from public.docversion_stagging where 1=1 and object_class_id in (select object_id from public.classdef where lower(symbolic_name) = lower(?)) and lower(migration_status) = 'failed' limit 5000 | Params: [BankAccount]
2026-07-20 20:42:46 [INFO ] [http-nio-8080-exec-3] c.m.controller.DeliverableController : [DELIVERABLES] Migration report generated in 40ms. Rows: 10
2026-07-20 20:42:46 [INFO ] [http-nio-8080-exec-3] c.m.controller.DeliverableController : Ending method: getMigrationReport
2026-07-20 20:45:12 [INFO ] [http-nio-8080-exec-5] c.m.controller.ExceptionController : Starting method: getMetadataFields with arguments: appId=ccol, documentClass=BankAccount
2026-07-20 20:45:12 [INFO ] [http-nio-8080-exec-6] c.m.controller.DiscoveryController : Starting method: getDocumentClasses with arguments: appId=ccol, type=source
2026-07-20 20:45:12 [INFO ] [http-nio-8080-exec-5] c.m.controller.ExceptionController : Ending method: getMetadataFields
2026-07-20 20:45:12 [INFO ] [http-nio-8080-exec-6] c.m.controller.DiscoveryController : Ending method: getDocumentClasses
2026-07-20 20:45:12 [INFO ] [http-nio-8080-exec-4] c.m.controller.ExceptionController : Starting method: getMetadataFields with arguments: appId=ccol, documentClass=null
2026-07-20 20:45:12 [INFO ] [http-nio-8080-exec-4] c.m.controller.ExceptionController : Ending method: getMetadataFields
2026-07-20 20:46:10 [INFO ] [http-nio-8080-exec-7] c.m.controller.DiscoveryController : Starting method: getDocumentClasses with arguments: appId=ccol, type=source
2026-07-20 20:46:10 [INFO ] [http-nio-8080-exec-7] c.m.controller.DiscoveryController : Ending method: getDocumentClasses
2026-07-20 20:46:16 [INFO ] [http-nio-8080-exec-10] c.m.controller.ChecksumController : Starting method: getReport with arguments: ChecksumReportRequest(appId=ccol, documentClass=null, fromDate=null, toDate=null, migrationStatus=Success)
2026-07-20 20:46:16 [INFO ] [http-nio-8080-exec-10] c.m.controller.ChecksumController : [CHECKSUM] Generating checksum report for Application: 'ccol'
2026-07-20 20:46:16 [INFO ] [http-nio-8080-exec-10] c.m.service.ChecksumService : [CHECKSUM] Executing SQL: select c.documentid, c.checksumbefore, c.checksumafter, c.filename, c.checksum_status, s.* from public.checksum c inner join public.docversion_stagging s on c.documentid = s.object_id where 1=1 and lower(s.migration_status) in ('success', 'migrated') | Params: []
2026-07-20 20:46:17 [INFO ] [http-nio-8080-exec-10] c.m.service.ChecksumService : [CHECKSUM] Query executed in 1002ms. Found 5966 records.
2026-07-20 20:46:17 [INFO ] [http-nio-8080-exec-10] c.m.controller.ChecksumController : [CHECKSUM] Checksum report generated in 1321ms. Total Records Analyzed: 5966
2026-07-20 20:46:17 [INFO ] [http-nio-8080-exec-10] c.m.controller.ChecksumController : Ending method: getReport
2026-07-20 20:52:37 [INFO ] [RMI TCP Connection(14)-127.0.0.1] o.s.b.a.SpringApplicationAdminMXBeanRegistrar$SpringApplicationAdmin : Application shutdown requested.
2026-07-20 20:52:37 [INFO ] [RMI TCP Connection(14)-127.0.0.1] o.s.boot.tomcat.GracefulShutdown : Commencing graceful shutdown. Waiting for active requests to complete
2026-07-20 20:52:37 [INFO ] [tomcat-shutdown] o.s.boot.tomcat.GracefulShutdown : Graceful shutdown complete
2026-07-20 20:52:37 [INFO ] [RMI TCP Connection(14)-127.0.0.1] o.s.o.j.LocalContainerEntityManagerFactoryBean : Closing JPA EntityManagerFactory for persistence unit 'default'
2026-07-20 20:52:37 [INFO ] [RMI TCP Connection(14)-127.0.0.1] com.zaxxer.hikari.HikariDataSource : HikariPool-1 - Shutdown initiated...
2026-07-20 20:52:37 [INFO ] [RMI TCP Connection(14)-127.0.0.1] com.zaxxer.hikari.HikariDataSource : HikariPool-1 - Shutdown completed.
2026-07-20 20:52:39 [INFO ] [main] c.m.MigrationReportApplication : Starting MigrationReportApplication using Java 21.0.1 with PID 26896 (D:\MigrationReportTool\Backend\MigrationReport\target\classes started by Shaik Firoz in D:\MigrationReportTool\Backend\MigrationReport)
2026-07-20 20:52:39 [INFO ] [main] c.m.MigrationReportApplication : No active profile set, falling back to 1 default profile: "default"
2026-07-20 20:52:40 [INFO ] [main] o.s.d.r.c.RepositoryConfigurationDelegate : Bootstrapping Spring Data JPA repositories in DEFAULT mode.
2026-07-20 20:52:40 [INFO ] [main] o.s.d.r.c.RepositoryConfigurationDelegate : Finished Spring Data repository scanning in 36 ms. Found 1 JPA repository interface.
2026-07-20 20:52:40 [INFO ] [main] o.s.boot.tomcat.TomcatWebServer : Tomcat initialized with port 8080 (http)
2026-07-20 20:52:40 [INFO ] [main] o.a.catalina.core.StandardService : Starting service [Tomcat]
2026-07-20 20:52:40 [INFO ] [main] o.a.catalina.core.StandardEngine : Starting Servlet engine: [Apache Tomcat/11.0.24]
2026-07-20 20:52:40 [INFO ] [main] o.s.b.w.c.s.WebApplicationContextInitializer : Root WebApplicationContext: initialization completed in 886 ms
2026-07-20 20:52:40 [INFO ] [main] c.m.config.DataSourceConfig : [CONFIG] Loaded database configuration for active type postgres from D:\MigrationReportTool\Backend\MigrationReport\config\db-config.json
2026-07-20 20:52:40 [INFO ] [main] org.hibernate.orm.jpa : HHH008540: Processing PersistenceUnitInfo [name: default]
2026-07-20 20:52:40 [INFO ] [main] org.hibernate.orm.core : HHH000001: Hibernate ORM core version 7.4.1.Final
2026-07-20 20:52:41 [INFO ] [main] o.s.o.j.p.SpringPersistenceUnitInfo : No LoadTimeWeaver setup: ignoring JPA class transformer
2026-07-20 20:52:41 [INFO ] [main] com.zaxxer.hikari.HikariDataSource : HikariPool-1 - Starting...
2026-07-20 20:52:41 [INFO ] [main] com.zaxxer.hikari.pool.HikariPool : HikariPool-1 - Added connection org.postgresql.jdbc.PgConnection@5b2c7186
2026-07-20 20:52:41 [INFO ] [main] com.zaxxer.hikari.HikariDataSource : HikariPool-1 - Start completed.
2026-07-20 20:52:41 [INFO ] [main] o.hibernate.orm.connections.pooling : HHH10001005: Database info:	Database JDBC URL [jdbc:postgresql://localhost:5432/Migration]	Database driver: PostgreSQL JDBC Driver	Database dialect: PostgreSQLDialect	Database version: 16.9	Default catalog/schema: Migration/public	Autocommit mode: undefined/unknown	Isolation level: READ_COMMITTED [default READ_COMMITTED]	JDBC fetch size: none	Pool: DataSourceConnectionProvider	Minimum pool size: undefined/unknown	Maximum pool size: undefined/unknown
2026-07-20 20:52:42 [INFO ] [main] org.hibernate.orm.core : HHH000489: No JTA platform available (set 'hibernate.transaction.jta.platform' to enable JTA platform integration)
2026-07-20 20:52:42 [INFO ] [main] o.s.o.j.LocalContainerEntityManagerFactoryBean : Initialized JPA EntityManagerFactory for persistence unit 'default'
2026-07-20 20:52:42 [INFO ] [main] o.s.d.j.r.q.QueryEnhancerFactories : Hibernate is in classpath; If applicable, HQL parser will be used.
2026-07-20 20:52:42 [INFO ] [main] c.m.service.ConfigurationService : [CONFIG] Loading tenant configuration from D:\MigrationReportTool\Backend\MigrationReport\config\tenant-mappings.json
2026-07-20 20:52:42 [INFO ] [main] c.m.service.ConfigurationService : [CONFIG] Loaded 1 applications from config.
2026-07-20 20:52:42 [INFO ] [main] c.m.dialect.DialectConfig : [DIALECT] Initializing PostgreSQL Dialect provider...
2026-07-20 20:52:42 [INFO ] [main] c.m.service.PropertyMappingService : [MAPPING] Loading property mapping templates from D:\MigrationReportTool\Backend\MigrationReport\config\property-mapping-templates.json
2026-07-20 20:52:42 [WARN ] [main] o.s.b.j.a.JpaBaseConfiguration$JpaWebConfiguration : spring.jpa.open-in-view is enabled by default. Therefore, database queries may be performed during view rendering. Explicitly configure spring.jpa.open-in-view to disable this warning
2026-07-20 20:52:42 [INFO ] [main] o.s.boot.tomcat.TomcatWebServer : Tomcat started on port 8080 (http) with context path '/'
2026-07-20 20:52:42 [INFO ] [main] c.m.MigrationReportApplication : Started MigrationReportApplication in 3.29 seconds (process running for 4.018)
2026-07-20 20:52:49 [INFO ] [http-nio-8080-exec-1] o.a.c.c.C.[Tomcat].[localhost].[/] : Initializing Spring DispatcherServlet 'dispatcherServlet'
2026-07-20 20:52:49 [INFO ] [http-nio-8080-exec-1] o.s.web.servlet.DispatcherServlet : Initializing Servlet 'dispatcherServlet'
2026-07-20 20:52:49 [INFO ] [http-nio-8080-exec-1] o.s.web.servlet.DispatcherServlet : Completed initialization in 0 ms
2026-07-20 20:52:49 [INFO ] [http-nio-8080-exec-1] c.m.controller.ChecksumController : Starting method: getReport with arguments: ChecksumReportRequest(appId=ccol, documentClass=null, fromDate=null, toDate=null, migrationStatus=Success)
2026-07-20 20:52:49 [INFO ] [http-nio-8080-exec-1] c.m.controller.ChecksumController : [CHECKSUM] Generating checksum report for Application: 'ccol'
2026-07-20 20:52:49 [INFO ] [http-nio-8080-exec-1] c.m.service.ChecksumService : [CHECKSUM] Executing SQL: select c.documentid, c.checksumbefore, c.checksumafter, c.filename, c.checksum_status, s.* from public.checksum c inner join public.docversion_stagging s on c.documentid = s.object_id where 1=1 and lower(s.migration_status) in ('success', 'migrated') | Params: []
2026-07-20 20:52:50 [INFO ] [http-nio-8080-exec-1] c.m.service.ChecksumService : [CHECKSUM] Query executed in 965ms. Found 5966 records.
2026-07-20 20:52:51 [INFO ] [http-nio-8080-exec-1] c.m.controller.ChecksumController : [CHECKSUM] Checksum report generated in 1281ms. Total Records Analyzed: 5966
2026-07-20 20:52:51 [INFO ] [http-nio-8080-exec-1] c.m.controller.ChecksumController : Ending method: getReport
2026-07-20 21:00:58 [INFO ] [http-nio-8080-exec-5] c.m.controller.DiscoveryController : Starting method: getDocumentClasses with arguments: appId=ccol, type=source
2026-07-20 21:00:58 [INFO ] [http-nio-8080-exec-5] c.m.controller.DiscoveryController : Ending method: getDocumentClasses
2026-07-20 21:03:24 [INFO ] [http-nio-8080-exec-9] c.m.controller.DiscoveryController : Starting method: getDocumentClasses with arguments: appId=ccol, type=source
2026-07-20 21:03:24 [INFO ] [http-nio-8080-exec-10] c.m.controller.DiscoveryController : Starting method: getDocumentClasses with arguments: appId=ccol, type=target
2026-07-20 21:03:24 [INFO ] [http-nio-8080-exec-9] c.m.controller.DiscoveryController : Ending method: getDocumentClasses
2026-07-20 21:03:24 [INFO ] [http-nio-8080-exec-10] c.m.controller.DiscoveryController : Ending method: getDocumentClasses
2026-07-20 21:03:26 [INFO ] [http-nio-8080-exec-2] c.m.controller.DiscoveryController : Starting method: getClassProperties with arguments: appId=ccol, docClass=BankAccount
2026-07-20 21:03:26 [INFO ] [http-nio-8080-exec-2] c.m.controller.DiscoveryController : Ending method: getClassProperties
2026-07-20 21:03:30 [INFO ] [http-nio-8080-exec-6] c.m.controller.DiscoveryController : Starting method: getClassProperties with arguments: appId=ccol, docClass=HomeLoanApplication
2026-07-20 21:03:30 [INFO ] [http-nio-8080-exec-6] c.m.controller.DiscoveryController : Ending method: getClassProperties
2026-07-20 21:52:52 [INFO ] [RMI TCP Connection(63)-127.0.0.1] o.s.b.a.SpringApplicationAdminMXBeanRegistrar$SpringApplicationAdmin : Application shutdown requested.
2026-07-20 21:52:52 [INFO ] [RMI TCP Connection(63)-127.0.0.1] o.s.boot.tomcat.GracefulShutdown : Commencing graceful shutdown. Waiting for active requests to complete
2026-07-20 21:52:52 [INFO ] [tomcat-shutdown] o.s.boot.tomcat.GracefulShutdown : Graceful shutdown complete
2026-07-20 21:52:52 [INFO ] [RMI TCP Connection(63)-127.0.0.1] o.s.o.j.LocalContainerEntityManagerFactoryBean : Closing JPA EntityManagerFactory for persistence unit 'default'
2026-07-20 21:52:52 [INFO ] [RMI TCP Connection(63)-127.0.0.1] com.zaxxer.hikari.HikariDataSource : HikariPool-1 - Shutdown initiated...
2026-07-20 21:52:52 [INFO ] [RMI TCP Connection(63)-127.0.0.1] com.zaxxer.hikari.HikariDataSource : HikariPool-1 - Shutdown completed.
2026-07-20 21:52:55 [INFO ] [main] c.m.MigrationReportApplication : Starting MigrationReportApplication using Java 21.0.1 with PID 3172 (D:\MigrationReportTool\Backend\MigrationReport\target\classes started by Shaik Firoz in D:\MigrationReportTool\Backend\MigrationReport)
2026-07-20 21:52:55 [INFO ] [main] c.m.MigrationReportApplication : No active profile set, falling back to 1 default profile: "default"
2026-07-20 21:52:56 [INFO ] [main] o.s.d.r.c.RepositoryConfigurationDelegate : Bootstrapping Spring Data JPA repositories in DEFAULT mode.
2026-07-20 21:52:56 [INFO ] [main] o.s.d.r.c.RepositoryConfigurationDelegate : Finished Spring Data repository scanning in 35 ms. Found 1 JPA repository interface.
2026-07-20 21:52:56 [INFO ] [main] o.s.boot.tomcat.TomcatWebServer : Tomcat initialized with port 8080 (http)
2026-07-20 21:52:56 [INFO ] [main] o.a.catalina.core.StandardService : Starting service [Tomcat]
2026-07-20 21:52:56 [INFO ] [main] o.a.catalina.core.StandardEngine : Starting Servlet engine: [Apache Tomcat/11.0.24]
2026-07-20 21:52:56 [INFO ] [main] o.s.b.w.c.s.WebApplicationContextInitializer : Root WebApplicationContext: initialization completed in 919 ms
2026-07-20 21:52:56 [INFO ] [main] c.m.config.DataSourceConfig : [CONFIG] Loaded database configuration for active type postgres from D:\MigrationReportTool\Backend\MigrationReport\config\db-config.json
2026-07-20 21:52:56 [INFO ] [main] org.hibernate.orm.jpa : HHH008540: Processing PersistenceUnitInfo [name: default]
2026-07-20 21:52:56 [INFO ] [main] org.hibernate.orm.core : HHH000001: Hibernate ORM core version 7.4.1.Final
2026-07-20 21:52:57 [INFO ] [main] o.s.o.j.p.SpringPersistenceUnitInfo : No LoadTimeWeaver setup: ignoring JPA class transformer
2026-07-20 21:52:57 [INFO ] [main] com.zaxxer.hikari.HikariDataSource : HikariPool-1 - Starting...
2026-07-20 21:52:57 [INFO ] [main] com.zaxxer.hikari.pool.HikariPool : HikariPool-1 - Added connection org.postgresql.jdbc.PgConnection@19ce19b7
2026-07-20 21:52:57 [INFO ] [main] com.zaxxer.hikari.HikariDataSource : HikariPool-1 - Start completed.
2026-07-20 21:52:57 [INFO ] [main] o.hibernate.orm.connections.pooling : HHH10001005: Database info:	Database JDBC URL [jdbc:postgresql://localhost:5432/Migration]	Database driver: PostgreSQL JDBC Driver	Database dialect: PostgreSQLDialect	Database version: 16.9	Default catalog/schema: Migration/public	Autocommit mode: undefined/unknown	Isolation level: READ_COMMITTED [default READ_COMMITTED]	JDBC fetch size: none	Pool: DataSourceConnectionProvider	Minimum pool size: undefined/unknown	Maximum pool size: undefined/unknown
2026-07-20 21:52:58 [INFO ] [main] org.hibernate.orm.core : HHH000489: No JTA platform available (set 'hibernate.transaction.jta.platform' to enable JTA platform integration)
2026-07-20 21:52:58 [INFO ] [main] o.s.o.j.LocalContainerEntityManagerFactoryBean : Initialized JPA EntityManagerFactory for persistence unit 'default'
2026-07-20 21:52:58 [INFO ] [main] o.s.d.j.r.q.QueryEnhancerFactories : Hibernate is in classpath; If applicable, HQL parser will be used.
2026-07-20 21:52:58 [INFO ] [main] c.m.service.ConfigurationService : [CONFIG] Loading tenant configuration from D:\MigrationReportTool\Backend\MigrationReport\config\tenant-mappings.json
2026-07-20 21:52:58 [INFO ] [main] c.m.service.ConfigurationService : [CONFIG] Loaded 1 applications from config.
2026-07-20 21:52:58 [INFO ] [main] c.m.dialect.DialectConfig : [DIALECT] Initializing PostgreSQL Dialect provider...
2026-07-20 21:52:58 [INFO ] [main] c.m.service.PropertyMappingService : [MAPPING] Loading property mapping templates from D:\MigrationReportTool\Backend\MigrationReport\config\property-mapping-templates.json
2026-07-20 21:52:58 [WARN ] [main] o.s.b.j.a.JpaBaseConfiguration$JpaWebConfiguration : spring.jpa.open-in-view is enabled by default. Therefore, database queries may be performed during view rendering. Explicitly configure spring.jpa.open-in-view to disable this warning
2026-07-20 21:52:59 [INFO ] [main] o.s.boot.tomcat.TomcatWebServer : Tomcat started on port 8080 (http) with context path '/'
2026-07-20 21:52:59 [INFO ] [main] c.m.MigrationReportApplication : Started MigrationReportApplication in 4.25 seconds (process running for 4.901)
2026-07-20 21:53:00 [INFO ] [http-nio-8080-exec-2] o.a.c.c.C.[Tomcat].[localhost].[/] : Initializing Spring DispatcherServlet 'dispatcherServlet'
2026-07-20 21:53:00 [INFO ] [http-nio-8080-exec-2] o.s.web.servlet.DispatcherServlet : Initializing Servlet 'dispatcherServlet'
2026-07-20 21:53:00 [INFO ] [http-nio-8080-exec-2] o.s.web.servlet.DispatcherServlet : Completed initialization in 12 ms
2026-07-20 21:53:00 [INFO ] [http-nio-8080-exec-3] c.m.c.ConfigurationController : Starting method: getConfig
2026-07-20 21:53:00 [INFO ] [http-nio-8080-exec-3] c.m.c.ConfigurationController : [CONFIG] Fetching cached tenant configuration
2026-07-20 21:53:00 [INFO ] [http-nio-8080-exec-3] c.m.c.ConfigurationController : Ending method: getConfig
2026-07-20 21:53:07 [INFO ] [http-nio-8080-exec-7] c.m.controller.DiscoveryController : Starting method: getDocumentClasses with arguments: appId=ccol, type=source
2026-07-20 21:53:07 [INFO ] [http-nio-8080-exec-8] c.m.controller.DiscoveryController : Starting method: getDocumentClasses with arguments: appId=ccol, type=target
2026-07-20 21:53:07 [INFO ] [http-nio-8080-exec-7] c.m.controller.DiscoveryController : Ending method: getDocumentClasses
2026-07-20 21:53:07 [INFO ] [http-nio-8080-exec-8] c.m.controller.DiscoveryController : Ending method: getDocumentClasses
2026-07-20 21:53:09 [INFO ] [http-nio-8080-exec-10] c.m.controller.DiscoveryController : Starting method: getClassProperties with arguments: appId=ccol, docClass=BankAccount
2026-07-20 21:53:09 [INFO ] [http-nio-8080-exec-10] c.m.controller.DiscoveryController : Ending method: getClassProperties
2026-07-20 21:53:20 [INFO ] [http-nio-8080-exec-1] c.m.controller.DiscoveryController : Starting method: getClassProperties with arguments: appId=ccol, docClass=BankAccount
2026-07-20 21:53:20 [INFO ] [http-nio-8080-exec-1] c.m.controller.DiscoveryController : Ending method: getClassProperties
2026-07-20 21:57:55 [INFO ] [RMI TCP Connection(7)-127.0.0.1] o.s.b.a.SpringApplicationAdminMXBeanRegistrar$SpringApplicationAdmin : Application shutdown requested.
2026-07-20 21:57:55 [INFO ] [RMI TCP Connection(7)-127.0.0.1] o.s.boot.tomcat.GracefulShutdown : Commencing graceful shutdown. Waiting for active requests to complete
2026-07-20 21:57:55 [INFO ] [tomcat-shutdown] o.s.boot.tomcat.GracefulShutdown : Graceful shutdown complete
2026-07-20 21:57:55 [INFO ] [RMI TCP Connection(7)-127.0.0.1] o.s.o.j.LocalContainerEntityManagerFactoryBean : Closing JPA EntityManagerFactory for persistence unit 'default'
2026-07-20 21:57:55 [INFO ] [RMI TCP Connection(7)-127.0.0.1] com.zaxxer.hikari.HikariDataSource : HikariPool-1 - Shutdown initiated...
2026-07-20 21:57:55 [INFO ] [RMI TCP Connection(7)-127.0.0.1] com.zaxxer.hikari.HikariDataSource : HikariPool-1 - Shutdown completed.
2026-07-20 21:57:57 [INFO ] [main] c.m.MigrationReportApplication : Starting MigrationReportApplication using Java 21.0.1 with PID 1088 (D:\MigrationReportTool\Backend\MigrationReport\target\classes started by Shaik Firoz in D:\MigrationReportTool\Backend\MigrationReport)
2026-07-20 21:57:57 [INFO ] [main] c.m.MigrationReportApplication : No active profile set, falling back to 1 default profile: "default"
2026-07-20 21:57:58 [INFO ] [main] o.s.d.r.c.RepositoryConfigurationDelegate : Bootstrapping Spring Data JPA repositories in DEFAULT mode.
2026-07-20 21:57:58 [INFO ] [main] o.s.d.r.c.RepositoryConfigurationDelegate : Finished Spring Data repository scanning in 36 ms. Found 1 JPA repository interface.
2026-07-20 21:57:58 [INFO ] [main] o.s.boot.tomcat.TomcatWebServer : Tomcat initialized with port 8080 (http)
2026-07-20 21:57:58 [INFO ] [main] o.a.catalina.core.StandardService : Starting service [Tomcat]
2026-07-20 21:57:58 [INFO ] [main] o.a.catalina.core.StandardEngine : Starting Servlet engine: [Apache Tomcat/11.0.24]
2026-07-20 21:57:58 [INFO ] [main] o.s.b.w.c.s.WebApplicationContextInitializer : Root WebApplicationContext: initialization completed in 865 ms
2026-07-20 21:57:58 [INFO ] [main] c.m.config.DataSourceConfig : [CONFIG] Loaded database configuration for active type postgres from D:\MigrationReportTool\Backend\MigrationReport\config\db-config.json
2026-07-20 21:57:58 [INFO ] [main] org.hibernate.orm.jpa : HHH008540: Processing PersistenceUnitInfo [name: default]
2026-07-20 21:57:58 [INFO ] [main] org.hibernate.orm.core : HHH000001: Hibernate ORM core version 7.4.1.Final
2026-07-20 21:57:59 [INFO ] [main] o.s.o.j.p.SpringPersistenceUnitInfo : No LoadTimeWeaver setup: ignoring JPA class transformer
2026-07-20 21:57:59 [INFO ] [main] com.zaxxer.hikari.HikariDataSource : HikariPool-1 - Starting...
2026-07-20 21:57:59 [INFO ] [main] com.zaxxer.hikari.pool.HikariPool : HikariPool-1 - Added connection org.postgresql.jdbc.PgConnection@7845ee8a
2026-07-20 21:57:59 [INFO ] [main] com.zaxxer.hikari.HikariDataSource : HikariPool-1 - Start completed.
2026-07-20 21:57:59 [INFO ] [main] o.hibernate.orm.connections.pooling : HHH10001005: Database info:	Database JDBC URL [jdbc:postgresql://localhost:5432/Migration]	Database driver: PostgreSQL JDBC Driver	Database dialect: PostgreSQLDialect	Database version: 16.9	Default catalog/schema: Migration/public	Autocommit mode: undefined/unknown	Isolation level: READ_COMMITTED [default READ_COMMITTED]	JDBC fetch size: none	Pool: DataSourceConnectionProvider	Minimum pool size: undefined/unknown	Maximum pool size: undefined/unknown
2026-07-20 21:58:00 [INFO ] [main] org.hibernate.orm.core : HHH000489: No JTA platform available (set 'hibernate.transaction.jta.platform' to enable JTA platform integration)
2026-07-20 21:58:00 [INFO ] [main] o.s.o.j.LocalContainerEntityManagerFactoryBean : Initialized JPA EntityManagerFactory for persistence unit 'default'
2026-07-20 21:58:00 [INFO ] [main] o.s.d.j.r.q.QueryEnhancerFactories : Hibernate is in classpath; If applicable, HQL parser will be used.
2026-07-20 21:58:00 [INFO ] [main] c.m.service.ConfigurationService : [CONFIG] Loading tenant configuration from D:\MigrationReportTool\Backend\MigrationReport\config\tenant-mappings.json
2026-07-20 21:58:00 [INFO ] [main] c.m.service.ConfigurationService : [CONFIG] Loaded 1 applications from config.
2026-07-20 21:58:00 [INFO ] [main] c.m.dialect.DialectConfig : [DIALECT] Initializing PostgreSQL Dialect provider...
2026-07-20 21:58:00 [INFO ] [main] c.m.service.PropertyMappingService : [MAPPING] Loading property mapping templates from D:\MigrationReportTool\Backend\MigrationReport\config\property-mapping-templates.json
2026-07-20 21:58:00 [WARN ] [main] o.s.b.j.a.JpaBaseConfiguration$JpaWebConfiguration : spring.jpa.open-in-view is enabled by default. Therefore, database queries may be performed during view rendering. Explicitly configure spring.jpa.open-in-view to disable this warning
2026-07-20 21:58:00 [INFO ] [main] o.s.boot.tomcat.TomcatWebServer : Tomcat started on port 8080 (http) with context path '/'
2026-07-20 21:58:00 [INFO ] [main] c.m.MigrationReportApplication : Started MigrationReportApplication in 3.25 seconds (process running for 3.887)
2026-07-20 21:58:11 [INFO ] [http-nio-8080-exec-3] o.a.c.c.C.[Tomcat].[localhost].[/] : Initializing Spring DispatcherServlet 'dispatcherServlet'
2026-07-20 21:58:11 [INFO ] [http-nio-8080-exec-3] o.s.web.servlet.DispatcherServlet : Initializing Servlet 'dispatcherServlet'
2026-07-20 21:58:11 [INFO ] [http-nio-8080-exec-3] o.s.web.servlet.DispatcherServlet : Completed initialization in 1 ms
2026-07-20 21:58:11 [INFO ] [http-nio-8080-exec-1] c.m.c.ConfigurationController : Starting method: getConfig
2026-07-20 21:58:11 [INFO ] [http-nio-8080-exec-1] c.m.c.ConfigurationController : [CONFIG] Fetching cached tenant configuration
2026-07-20 21:58:11 [INFO ] [http-nio-8080-exec-1] c.m.c.ConfigurationController : Ending method: getConfig
2026-07-20 21:58:15 [INFO ] [http-nio-8080-exec-4] c.m.controller.DiscoveryController : Starting method: getDocumentClasses with arguments: appId=ccol, type=source
2026-07-20 21:58:15 [INFO ] [http-nio-8080-exec-2] c.m.controller.DiscoveryController : Starting method: getDocumentClasses with arguments: appId=ccol, type=target
2026-07-20 21:58:15 [INFO ] [http-nio-8080-exec-2] c.m.controller.DiscoveryController : Ending method: getDocumentClasses
2026-07-20 21:58:15 [INFO ] [http-nio-8080-exec-4] c.m.controller.DiscoveryController : Ending method: getDocumentClasses
2026-07-20 21:58:17 [INFO ] [http-nio-8080-exec-7] c.m.controller.DiscoveryController : Starting method: getClassProperties with arguments: appId=ccol, docClass=BankAccount
2026-07-20 21:58:17 [INFO ] [http-nio-8080-exec-7] c.m.controller.DiscoveryController : Ending method: getClassProperties
2026-07-20 21:58:25 [INFO ] [http-nio-8080-exec-5] c.m.controller.DiscoveryController : Starting method: getClassProperties with arguments: appId=ccol, docClass=HomeLoanApplication
2026-07-20 21:58:25 [INFO ] [http-nio-8080-exec-5] c.m.controller.DiscoveryController : Ending method: getClassProperties
2026-07-20 21:58:28 [INFO ] [http-nio-8080-exec-8] c.m.controller.DiscoveryController : Starting method: getClassProperties with arguments: appId=ccol, docClass=BankAccount
2026-07-20 21:58:28 [INFO ] [http-nio-8080-exec-8] c.m.controller.DiscoveryController : Ending method: getClassProperties
2026-07-20 22:01:00 [INFO ] [RMI TCP Connection(5)-127.0.0.1] o.s.b.a.SpringApplicationAdminMXBeanRegistrar$SpringApplicationAdmin : Application shutdown requested.
2026-07-20 22:01:00 [INFO ] [RMI TCP Connection(5)-127.0.0.1] o.s.boot.tomcat.GracefulShutdown : Commencing graceful shutdown. Waiting for active requests to complete
2026-07-20 22:01:00 [INFO ] [tomcat-shutdown] o.s.boot.tomcat.GracefulShutdown : Graceful shutdown complete
2026-07-20 22:01:00 [INFO ] [RMI TCP Connection(5)-127.0.0.1] o.s.o.j.LocalContainerEntityManagerFactoryBean : Closing JPA EntityManagerFactory for persistence unit 'default'
2026-07-20 22:01:00 [INFO ] [RMI TCP Connection(5)-127.0.0.1] com.zaxxer.hikari.HikariDataSource : HikariPool-1 - Shutdown initiated...
2026-07-20 22:01:00 [INFO ] [RMI TCP Connection(5)-127.0.0.1] com.zaxxer.hikari.HikariDataSource : HikariPool-1 - Shutdown completed.
2026-07-20 22:01:02 [INFO ] [main] c.m.MigrationReportApplication : Starting MigrationReportApplication using Java 21.0.1 with PID 18996 (D:\MigrationReportTool\Backend\MigrationReport\target\classes started by Shaik Firoz in D:\MigrationReportTool\Backend\MigrationReport)
2026-07-20 22:01:02 [INFO ] [main] c.m.MigrationReportApplication : No active profile set, falling back to 1 default profile: "default"
2026-07-20 22:01:03 [INFO ] [main] o.s.d.r.c.RepositoryConfigurationDelegate : Bootstrapping Spring Data JPA repositories in DEFAULT mode.
2026-07-20 22:01:03 [INFO ] [main] o.s.d.r.c.RepositoryConfigurationDelegate : Finished Spring Data repository scanning in 37 ms. Found 1 JPA repository interface.
2026-07-20 22:01:03 [INFO ] [main] o.s.boot.tomcat.TomcatWebServer : Tomcat initialized with port 8080 (http)
2026-07-20 22:01:03 [INFO ] [main] o.a.catalina.core.StandardService : Starting service [Tomcat]
2026-07-20 22:01:03 [INFO ] [main] o.a.catalina.core.StandardEngine : Starting Servlet engine: [Apache Tomcat/11.0.24]
2026-07-20 22:01:03 [INFO ] [main] o.s.b.w.c.s.WebApplicationContextInitializer : Root WebApplicationContext: initialization completed in 826 ms
2026-07-20 22:01:03 [INFO ] [main] c.m.config.DataSourceConfig : [CONFIG] Loaded database configuration for active type postgres from D:\MigrationReportTool\Backend\MigrationReport\config\db-config.json
2026-07-20 22:01:03 [INFO ] [main] org.hibernate.orm.jpa : HHH008540: Processing PersistenceUnitInfo [name: default]
2026-07-20 22:01:03 [INFO ] [main] org.hibernate.orm.core : HHH000001: Hibernate ORM core version 7.4.1.Final
2026-07-20 22:01:04 [INFO ] [main] o.s.o.j.p.SpringPersistenceUnitInfo : No LoadTimeWeaver setup: ignoring JPA class transformer
2026-07-20 22:01:04 [INFO ] [main] com.zaxxer.hikari.HikariDataSource : HikariPool-1 - Starting...
2026-07-20 22:01:04 [INFO ] [main] com.zaxxer.hikari.pool.HikariPool : HikariPool-1 - Added connection org.postgresql.jdbc.PgConnection@f6bc75c
2026-07-20 22:01:04 [INFO ] [main] com.zaxxer.hikari.HikariDataSource : HikariPool-1 - Start completed.
2026-07-20 22:01:04 [INFO ] [main] o.hibernate.orm.connections.pooling : HHH10001005: Database info:	Database JDBC URL [jdbc:postgresql://localhost:5432/Migration]	Database driver: PostgreSQL JDBC Driver	Database dialect: PostgreSQLDialect	Database version: 16.9	Default catalog/schema: Migration/public	Autocommit mode: undefined/unknown	Isolation level: READ_COMMITTED [default READ_COMMITTED]	JDBC fetch size: none	Pool: DataSourceConnectionProvider	Minimum pool size: undefined/unknown	Maximum pool size: undefined/unknown
2026-07-20 22:01:05 [INFO ] [main] org.hibernate.orm.core : HHH000489: No JTA platform available (set 'hibernate.transaction.jta.platform' to enable JTA platform integration)
2026-07-20 22:01:05 [INFO ] [main] o.s.o.j.LocalContainerEntityManagerFactoryBean : Initialized JPA EntityManagerFactory for persistence unit 'default'
2026-07-20 22:01:05 [INFO ] [main] o.s.d.j.r.q.QueryEnhancerFactories : Hibernate is in classpath; If applicable, HQL parser will be used.
2026-07-20 22:01:05 [INFO ] [main] c.m.service.ConfigurationService : [CONFIG] Loading tenant configuration from D:\MigrationReportTool\Backend\MigrationReport\config\tenant-mappings.json
2026-07-20 22:01:05 [INFO ] [main] c.m.service.ConfigurationService : [CONFIG] Loaded 1 applications from config.
2026-07-20 22:01:05 [INFO ] [main] c.m.dialect.DialectConfig : [DIALECT] Initializing PostgreSQL Dialect provider...
2026-07-20 22:01:05 [INFO ] [main] c.m.service.PropertyMappingService : [MAPPING] Loading property mapping templates from D:\MigrationReportTool\Backend\MigrationReport\config\property-mapping-templates.json
2026-07-20 22:01:05 [WARN ] [main] o.s.b.j.a.JpaBaseConfiguration$JpaWebConfiguration : spring.jpa.open-in-view is enabled by default. Therefore, database queries may be performed during view rendering. Explicitly configure spring.jpa.open-in-view to disable this warning
2026-07-20 22:01:05 [INFO ] [main] o.s.boot.tomcat.TomcatWebServer : Tomcat started on port 8080 (http) with context path '/'
2026-07-20 22:01:05 [INFO ] [main] c.m.MigrationReportApplication : Started MigrationReportApplication in 3.186 seconds (process running for 3.856)
2026-07-20 22:01:15 [INFO ] [http-nio-8080-exec-1] o.a.c.c.C.[Tomcat].[localhost].[/] : Initializing Spring DispatcherServlet 'dispatcherServlet'
2026-07-20 22:01:15 [INFO ] [http-nio-8080-exec-1] o.s.web.servlet.DispatcherServlet : Initializing Servlet 'dispatcherServlet'
2026-07-20 22:01:15 [INFO ] [http-nio-8080-exec-1] o.s.web.servlet.DispatcherServlet : Completed initialization in 4 ms
2026-07-20 22:01:16 [INFO ] [http-nio-8080-exec-3] c.m.c.ConfigurationController : Starting method: getConfig
2026-07-20 22:01:16 [INFO ] [http-nio-8080-exec-3] c.m.c.ConfigurationController : [CONFIG] Fetching cached tenant configuration
2026-07-20 22:01:16 [INFO ] [http-nio-8080-exec-3] c.m.c.ConfigurationController : Ending method: getConfig
2026-07-20 22:01:24 [INFO ] [http-nio-8080-exec-5] c.m.controller.DiscoveryController : Starting method: getDocumentClasses with arguments: appId=ccol, type=source
2026-07-20 22:01:24 [INFO ] [http-nio-8080-exec-4] c.m.controller.DiscoveryController : Starting method: getDocumentClasses with arguments: appId=ccol, type=target
2026-07-20 22:01:24 [INFO ] [http-nio-8080-exec-4] c.m.controller.DiscoveryController : Ending method: getDocumentClasses
2026-07-20 22:01:24 [INFO ] [http-nio-8080-exec-5] c.m.controller.DiscoveryController : Ending method: getDocumentClasses
2026-07-20 22:01:26 [INFO ] [http-nio-8080-exec-2] c.m.controller.DiscoveryController : Starting method: getClassProperties with arguments: appId=ccol, docClass=BankAccount
2026-07-20 22:01:26 [INFO ] [http-nio-8080-exec-2] c.m.controller.DiscoveryController : Ending method: getClassProperties
2026-07-20 22:01:36 [INFO ] [http-nio-8080-exec-6] c.m.controller.DiscoveryController : Starting method: getClassProperties with arguments: appId=ccol, docClass=BankAccount
2026-07-20 22:01:36 [INFO ] [http-nio-8080-exec-6] c.m.controller.DiscoveryController : Ending method: getClassProperties
2026-07-20 22:02:02 [INFO ] [http-nio-8080-exec-7] c.m.service.PropertyMappingService : [MAPPING] Saved property mapping templates to D:\MigrationReportTool\Backend\MigrationReport\config\property-mapping-templates.json
2026-07-20 22:02:08 [INFO ] [http-nio-8080-exec-9] c.m.c.ConfigurationController : Starting method: getConfig
2026-07-20 22:02:08 [INFO ] [http-nio-8080-exec-9] c.m.c.ConfigurationController : [CONFIG] Fetching cached tenant configuration
2026-07-20 22:02:08 [INFO ] [http-nio-8080-exec-9] c.m.c.ConfigurationController : Ending method: getConfig
2026-07-20 22:02:09 [INFO ] [http-nio-8080-exec-1] c.m.c.ConfigurationController : Starting method: getConfig
2026-07-20 22:02:09 [INFO ] [http-nio-8080-exec-1] c.m.c.ConfigurationController : [CONFIG] Fetching cached tenant configuration
2026-07-20 22:02:09 [INFO ] [http-nio-8080-exec-1] c.m.c.ConfigurationController : Ending method: getConfig
2026-07-20 22:02:09 [INFO ] [http-nio-8080-exec-5] c.m.c.ConfigurationController : Starting method: getConfig
2026-07-20 22:02:09 [INFO ] [http-nio-8080-exec-5] c.m.c.ConfigurationController : [CONFIG] Fetching cached tenant configuration
2026-07-20 22:02:09 [INFO ] [http-nio-8080-exec-5] c.m.c.ConfigurationController : Ending method: getConfig
2026-07-20 22:07:42 [INFO ] [http-nio-8080-exec-1] c.m.c.ConfigurationController : Starting method: getConfig
2026-07-20 22:07:42 [INFO ] [http-nio-8080-exec-1] c.m.c.ConfigurationController : [CONFIG] Fetching cached tenant configuration
2026-07-20 22:07:42 [INFO ] [http-nio-8080-exec-1] c.m.c.ConfigurationController : Ending method: getConfig
2026-07-20 22:08:32 [INFO ] [http-nio-8080-exec-5] c.m.service.PropertyMappingService : [MAPPING] Saved property mapping templates to D:\MigrationReportTool\Backend\MigrationReport\config\property-mapping-templates.json
2026-07-20 22:08:37 [INFO ] [http-nio-8080-exec-7] c.m.controller.DiscoveryController : Starting method: getDocumentClasses with arguments: appId=ccol, type=source
2026-07-20 22:08:37 [INFO ] [http-nio-8080-exec-8] c.m.controller.DiscoveryController : Starting method: getDocumentClasses with arguments: appId=ccol, type=target
2026-07-20 22:08:37 [INFO ] [http-nio-8080-exec-8] c.m.controller.DiscoveryController : Ending method: getDocumentClasses
2026-07-20 22:08:37 [INFO ] [http-nio-8080-exec-7] c.m.controller.DiscoveryController : Ending method: getDocumentClasses
2026-07-20 22:08:38 [INFO ] [http-nio-8080-exec-10] c.m.controller.DiscoveryController : Starting method: getClassProperties with arguments: appId=ccol, docClass=BankAccount
2026-07-20 22:08:38 [INFO ] [http-nio-8080-exec-10] c.m.controller.DiscoveryController : Ending method: getClassProperties
2026-07-20 22:08:40 [INFO ] [http-nio-8080-exec-1] c.m.controller.DiscoveryController : Starting method: getClassProperties with arguments: appId=ccol, docClass=BankAccount
2026-07-20 22:08:40 [INFO ] [http-nio-8080-exec-1] c.m.controller.DiscoveryController : Ending method: getClassProperties
2026-07-20 22:09:15 [INFO ] [http-nio-8080-exec-5] c.m.service.PropertyMappingService : [MAPPING] Saved property mapping templates to D:\MigrationReportTool\Backend\MigrationReport\config\property-mapping-templates.json
2026-07-20 22:09:22 [INFO ] [http-nio-8080-exec-8] c.m.service.PropertyMappingService : [MAPPING] Saved property mapping templates to D:\MigrationReportTool\Backend\MigrationReport\config\property-mapping-templates.json
2026-07-20 22:12:37 [INFO ] [main] c.m.MigrationReportApplicationTests : Starting MigrationReportApplicationTests using Java 21.0.7 with PID 22084 (started by Shaik Firoz in D:\MigrationReportTool\Backend\MigrationReport)
2026-07-20 22:12:37 [INFO ] [main] c.m.MigrationReportApplicationTests : No active profile set, falling back to 1 default profile: "default"
2026-07-20 22:12:38 [INFO ] [main] o.s.d.r.c.RepositoryConfigurationDelegate : Bootstrapping Spring Data JPA repositories in DEFAULT mode.
2026-07-20 22:12:39 [INFO ] [main] o.s.d.r.c.RepositoryConfigurationDelegate : Finished Spring Data repository scanning in 101 ms. Found 1 JPA repository interface.
2026-07-20 22:12:40 [INFO ] [main] c.m.config.DataSourceConfig : [CONFIG] Loaded database configuration for active type postgres from D:\MigrationReportTool\Backend\MigrationReport\config\db-config.json
2026-07-20 22:12:40 [INFO ] [main] org.hibernate.orm.jpa : HHH008540: Processing PersistenceUnitInfo [name: default]
2026-07-20 22:12:40 [INFO ] [main] org.hibernate.orm.core : HHH000001: Hibernate ORM core version 7.4.1.Final
2026-07-20 22:12:41 [INFO ] [main] o.s.o.j.p.SpringPersistenceUnitInfo : No LoadTimeWeaver setup: ignoring JPA class transformer
2026-07-20 22:12:41 [INFO ] [main] com.zaxxer.hikari.HikariDataSource : HikariPool-1 - Starting...
2026-07-20 22:12:42 [INFO ] [main] com.zaxxer.hikari.pool.HikariPool : HikariPool-1 - Added connection org.postgresql.jdbc.PgConnection@2e9dcdd3
2026-07-20 22:12:42 [INFO ] [main] com.zaxxer.hikari.HikariDataSource : HikariPool-1 - Start completed.
2026-07-20 22:12:42 [INFO ] [main] o.hibernate.orm.connections.pooling : HHH10001005: Database info:	Database JDBC URL [jdbc:postgresql://localhost:5432/Migration]	Database driver: PostgreSQL JDBC Driver	Database dialect: PostgreSQLDialect	Database version: 16.9	Default catalog/schema: Migration/public	Autocommit mode: undefined/unknown	Isolation level: READ_COMMITTED [default READ_COMMITTED]	JDBC fetch size: none	Pool: DataSourceConnectionProvider	Minimum pool size: undefined/unknown	Maximum pool size: undefined/unknown
2026-07-20 22:12:44 [INFO ] [main] org.hibernate.orm.core : HHH000489: No JTA platform available (set 'hibernate.transaction.jta.platform' to enable JTA platform integration)
2026-07-20 22:12:44 [INFO ] [main] o.s.o.j.LocalContainerEntityManagerFactoryBean : Initialized JPA EntityManagerFactory for persistence unit 'default'
2026-07-20 22:12:44 [INFO ] [main] o.s.d.j.r.q.QueryEnhancerFactories : Hibernate is in classpath; If applicable, HQL parser will be used.
2026-07-20 22:12:44 [INFO ] [main] c.m.service.ConfigurationService : [CONFIG] Loading tenant configuration from D:\MigrationReportTool\Backend\MigrationReport\config\tenant-mappings.json
2026-07-20 22:12:44 [INFO ] [main] c.m.service.ConfigurationService : [CONFIG] Loaded 1 applications from config.
2026-07-20 22:12:44 [INFO ] [main] c.m.dialect.DialectConfig : [DIALECT] Initializing PostgreSQL Dialect provider...
2026-07-20 22:12:44 [INFO ] [main] c.m.service.PropertyMappingService : [MAPPING] Loading property mapping templates from D:\MigrationReportTool\Backend\MigrationReport\config\property-mapping-templates.json
2026-07-20 22:12:45 [WARN ] [main] o.s.b.j.a.JpaBaseConfiguration$JpaWebConfiguration : spring.jpa.open-in-view is enabled by default. Therefore, database queries may be performed during view rendering. Explicitly configure spring.jpa.open-in-view to disable this warning
2026-07-20 22:12:45 [INFO ] [main] c.m.MigrationReportApplicationTests : Started MigrationReportApplicationTests in 9.346 seconds (process running for 12.609)
2026-07-20 22:12:46 [INFO ] [SpringApplicationShutdownHook] o.s.o.j.LocalContainerEntityManagerFactoryBean : Closing JPA EntityManagerFactory for persistence unit 'default'
2026-07-20 22:12:46 [INFO ] [SpringApplicationShutdownHook] com.zaxxer.hikari.HikariDataSource : HikariPool-1 - Shutdown initiated...
2026-07-20 22:12:46 [INFO ] [SpringApplicationShutdownHook] com.zaxxer.hikari.HikariDataSource : HikariPool-1 - Shutdown completed.
2026-07-20 22:15:29 [INFO ] [RMI TCP Connection(18)-127.0.0.1] o.s.b.a.SpringApplicationAdminMXBeanRegistrar$SpringApplicationAdmin : Application shutdown requested.
2026-07-20 22:15:29 [INFO ] [RMI TCP Connection(18)-127.0.0.1] o.s.boot.tomcat.GracefulShutdown : Commencing graceful shutdown. Waiting for active requests to complete
2026-07-20 22:15:29 [INFO ] [tomcat-shutdown] o.s.boot.tomcat.GracefulShutdown : Graceful shutdown complete
2026-07-20 22:15:29 [INFO ] [RMI TCP Connection(18)-127.0.0.1] o.s.o.j.LocalContainerEntityManagerFactoryBean : Closing JPA EntityManagerFactory for persistence unit 'default'
2026-07-20 22:15:30 [INFO ] [RMI TCP Connection(18)-127.0.0.1] com.zaxxer.hikari.HikariDataSource : HikariPool-1 - Shutdown initiated...
2026-07-20 22:15:30 [INFO ] [RMI TCP Connection(18)-127.0.0.1] com.zaxxer.hikari.HikariDataSource : HikariPool-1 - Shutdown completed.
2026-07-20 22:20:53 [INFO ] [main] c.m.MigrationReportApplication : Starting MigrationReportApplication using Java 21.0.1 with PID 33028 (D:\MigrationReportTool\Backend\MigrationReport\target\classes started by Shaik Firoz in D:\MigrationReportTool\Backend\MigrationReport)
2026-07-20 22:20:53 [INFO ] [main] c.m.MigrationReportApplication : No active profile set, falling back to 1 default profile: "default"
2026-07-20 22:20:54 [INFO ] [main] o.s.d.r.c.RepositoryConfigurationDelegate : Bootstrapping Spring Data JPA repositories in DEFAULT mode.
2026-07-20 22:20:54 [INFO ] [main] o.s.d.r.c.RepositoryConfigurationDelegate : Finished Spring Data repository scanning in 46 ms. Found 1 JPA repository interface.
2026-07-20 22:20:54 [INFO ] [main] o.s.boot.tomcat.TomcatWebServer : Tomcat initialized with port 8080 (http)
2026-07-20 22:20:54 [INFO ] [main] o.a.catalina.core.StandardService : Starting service [Tomcat]
2026-07-20 22:20:54 [INFO ] [main] o.a.catalina.core.StandardEngine : Starting Servlet engine: [Apache Tomcat/11.0.24]
2026-07-20 22:20:54 [INFO ] [main] o.s.b.w.c.s.WebApplicationContextInitializer : Root WebApplicationContext: initialization completed in 1040 ms
2026-07-20 22:20:54 [INFO ] [main] c.m.config.DataSourceConfig : [CONFIG] Loaded database configuration for active type postgres from D:\MigrationReportTool\Backend\MigrationReport\config\db-config.json
2026-07-20 22:20:55 [INFO ] [main] org.hibernate.orm.jpa : HHH008540: Processing PersistenceUnitInfo [name: default]
2026-07-20 22:20:55 [INFO ] [main] org.hibernate.orm.core : HHH000001: Hibernate ORM core version 7.4.1.Final
2026-07-20 22:20:55 [INFO ] [main] o.s.o.j.p.SpringPersistenceUnitInfo : No LoadTimeWeaver setup: ignoring JPA class transformer
2026-07-20 22:20:55 [INFO ] [main] com.zaxxer.hikari.HikariDataSource : HikariPool-1 - Starting...
2026-07-20 22:20:55 [INFO ] [main] com.zaxxer.hikari.pool.HikariPool : HikariPool-1 - Added connection org.postgresql.jdbc.PgConnection@2bd7f686
2026-07-20 22:20:55 [INFO ] [main] com.zaxxer.hikari.HikariDataSource : HikariPool-1 - Start completed.
2026-07-20 22:20:55 [INFO ] [main] o.hibernate.orm.connections.pooling : HHH10001005: Database info:	Database JDBC URL [jdbc:postgresql://localhost:5432/Migration]	Database driver: PostgreSQL JDBC Driver	Database dialect: PostgreSQLDialect	Database version: 16.9	Default catalog/schema: Migration/public	Autocommit mode: undefined/unknown	Isolation level: READ_COMMITTED [default READ_COMMITTED]	JDBC fetch size: none	Pool: DataSourceConnectionProvider	Minimum pool size: undefined/unknown	Maximum pool size: undefined/unknown
2026-07-20 22:20:56 [INFO ] [main] org.hibernate.orm.core : HHH000489: No JTA platform available (set 'hibernate.transaction.jta.platform' to enable JTA platform integration)
2026-07-20 22:20:56 [INFO ] [main] o.s.o.j.LocalContainerEntityManagerFactoryBean : Initialized JPA EntityManagerFactory for persistence unit 'default'
2026-07-20 22:20:56 [INFO ] [main] o.s.d.j.r.q.QueryEnhancerFactories : Hibernate is in classpath; If applicable, HQL parser will be used.
2026-07-20 22:20:56 [INFO ] [main] c.m.service.ConfigurationService : [CONFIG] Loading tenant configuration from D:\MigrationReportTool\Backend\MigrationReport\config\tenant-mappings.json
2026-07-20 22:20:56 [INFO ] [main] c.m.service.ConfigurationService : [CONFIG] Loaded 1 applications from config.
2026-07-20 22:20:56 [INFO ] [main] c.m.dialect.DialectConfig : [DIALECT] Initializing PostgreSQL Dialect provider...
2026-07-20 22:20:56 [INFO ] [main] c.m.service.PropertyMappingService : [MAPPING] Loading property mapping templates from D:\MigrationReportTool\Backend\MigrationReport\config\property-mapping-templates.json
2026-07-20 22:20:57 [WARN ] [main] o.s.b.j.a.JpaBaseConfiguration$JpaWebConfiguration : spring.jpa.open-in-view is enabled by default. Therefore, database queries may be performed during view rendering. Explicitly configure spring.jpa.open-in-view to disable this warning
2026-07-20 22:20:57 [INFO ] [main] o.s.boot.tomcat.TomcatWebServer : Tomcat started on port 8080 (http) with context path '/'
2026-07-20 22:20:57 [INFO ] [main] c.m.MigrationReportApplication : Started MigrationReportApplication in 4.013 seconds (process running for 4.655)
2026-07-20 22:23:16 [INFO ] [main] c.m.MigrationReportApplicationTests : Starting MigrationReportApplicationTests using Java 21.0.7 with PID 17444 (started by Shaik Firoz in D:\MigrationReportTool\Backend\MigrationReport)
2026-07-20 22:23:16 [INFO ] [main] c.m.MigrationReportApplicationTests : No active profile set, falling back to 1 default profile: "default"
2026-07-20 22:23:16 [INFO ] [main] o.s.d.r.c.RepositoryConfigurationDelegate : Bootstrapping Spring Data JPA repositories in DEFAULT mode.
2026-07-20 22:23:16 [INFO ] [main] o.s.d.r.c.RepositoryConfigurationDelegate : Finished Spring Data repository scanning in 50 ms. Found 1 JPA repository interface.
2026-07-20 22:23:17 [INFO ] [main] c.m.config.DataSourceConfig : [CONFIG] Loaded database configuration for active type postgres from D:\MigrationReportTool\Backend\MigrationReport\config\db-config.json
2026-07-20 22:23:17 [INFO ] [main] org.hibernate.orm.jpa : HHH008540: Processing PersistenceUnitInfo [name: default]
2026-07-20 22:23:18 [INFO ] [main] org.hibernate.orm.core : HHH000001: Hibernate ORM core version 7.4.1.Final
2026-07-20 22:23:19 [INFO ] [main] o.s.o.j.p.SpringPersistenceUnitInfo : No LoadTimeWeaver setup: ignoring JPA class transformer
2026-07-20 22:23:19 [INFO ] [main] com.zaxxer.hikari.HikariDataSource : HikariPool-1 - Starting...
2026-07-20 22:23:20 [INFO ] [main] com.zaxxer.hikari.pool.HikariPool : HikariPool-1 - Added connection org.postgresql.jdbc.PgConnection@477bea57
2026-07-20 22:23:20 [INFO ] [main] com.zaxxer.hikari.HikariDataSource : HikariPool-1 - Start completed.
2026-07-20 22:23:20 [INFO ] [main] o.hibernate.orm.connections.pooling : HHH10001005: Database info:	Database JDBC URL [jdbc:postgresql://localhost:5432/Migration]	Database driver: PostgreSQL JDBC Driver	Database dialect: PostgreSQLDialect	Database version: 16.9	Default catalog/schema: Migration/public	Autocommit mode: undefined/unknown	Isolation level: READ_COMMITTED [default READ_COMMITTED]	JDBC fetch size: none	Pool: DataSourceConnectionProvider	Minimum pool size: undefined/unknown	Maximum pool size: undefined/unknown
2026-07-20 22:23:21 [INFO ] [main] org.hibernate.orm.core : HHH000489: No JTA platform available (set 'hibernate.transaction.jta.platform' to enable JTA platform integration)
2026-07-20 22:23:21 [INFO ] [main] o.s.o.j.LocalContainerEntityManagerFactoryBean : Initialized JPA EntityManagerFactory for persistence unit 'default'
2026-07-20 22:23:22 [INFO ] [main] o.s.d.j.r.q.QueryEnhancerFactories : Hibernate is in classpath; If applicable, HQL parser will be used.
2026-07-20 22:23:22 [INFO ] [main] c.m.service.ConfigurationService : [CONFIG] Loading tenant configuration from D:\MigrationReportTool\Backend\MigrationReport\config\tenant-mappings.json
2026-07-20 22:23:22 [INFO ] [main] c.m.service.ConfigurationService : [CONFIG] Loaded 1 applications from config.
2026-07-20 22:23:22 [INFO ] [main] c.m.dialect.DialectConfig : [DIALECT] Initializing PostgreSQL Dialect provider...
2026-07-20 22:23:22 [INFO ] [main] c.m.service.PropertyMappingService : [MAPPING] Loading property mapping templates from D:\MigrationReportTool\Backend\MigrationReport\config\property-mapping-templates.json
2026-07-20 22:23:22 [WARN ] [main] o.s.b.j.a.JpaBaseConfiguration$JpaWebConfiguration : spring.jpa.open-in-view is enabled by default. Therefore, database queries may be performed during view rendering. Explicitly configure spring.jpa.open-in-view to disable this warning
2026-07-20 22:23:23 [INFO ] [main] c.m.MigrationReportApplicationTests : Started MigrationReportApplicationTests in 7.696 seconds (process running for 8.757)
2026-07-20 22:23:24 [INFO ] [SpringApplicationShutdownHook] o.s.o.j.LocalContainerEntityManagerFactoryBean : Closing JPA EntityManagerFactory for persistence unit 'default'
2026-07-20 22:23:24 [INFO ] [SpringApplicationShutdownHook] com.zaxxer.hikari.HikariDataSource : HikariPool-1 - Shutdown initiated...
2026-07-20 22:23:24 [INFO ] [SpringApplicationShutdownHook] com.zaxxer.hikari.HikariDataSource : HikariPool-1 - Shutdown completed.
2026-07-20 22:28:10 [INFO ] [main] c.m.MigrationReportApplicationTests : Starting MigrationReportApplicationTests using Java 21.0.7 with PID 34804 (started by Shaik Firoz in D:\MigrationReportTool\Backend\MigrationReport)
2026-07-20 22:28:10 [INFO ] [main] c.m.MigrationReportApplicationTests : No active profile set, falling back to 1 default profile: "default"
2026-07-20 22:28:11 [INFO ] [main] o.s.d.r.c.RepositoryConfigurationDelegate : Bootstrapping Spring Data JPA repositories in DEFAULT mode.
2026-07-20 22:28:12 [INFO ] [main] o.s.d.r.c.RepositoryConfigurationDelegate : Finished Spring Data repository scanning in 164 ms. Found 1 JPA repository interface.
2026-07-20 22:28:13 [INFO ] [main] c.m.config.DataSourceConfig : [CONFIG] Loaded database configuration for active type postgres from D:\MigrationReportTool\Backend\MigrationReport\config\db-config.json
2026-07-20 22:28:13 [INFO ] [main] org.hibernate.orm.jpa : HHH008540: Processing PersistenceUnitInfo [name: default]
2026-07-20 22:28:13 [INFO ] [main] org.hibernate.orm.core : HHH000001: Hibernate ORM core version 7.4.1.Final
2026-07-20 22:28:15 [INFO ] [main] o.s.o.j.p.SpringPersistenceUnitInfo : No LoadTimeWeaver setup: ignoring JPA class transformer
2026-07-20 22:28:15 [INFO ] [main] com.zaxxer.hikari.HikariDataSource : HikariPool-1 - Starting...
2026-07-20 22:28:15 [INFO ] [main] com.zaxxer.hikari.pool.HikariPool : HikariPool-1 - Added connection org.postgresql.jdbc.PgConnection@477bea57
2026-07-20 22:28:15 [INFO ] [main] com.zaxxer.hikari.HikariDataSource : HikariPool-1 - Start completed.
2026-07-20 22:28:15 [INFO ] [main] o.hibernate.orm.connections.pooling : HHH10001005: Database info:	Database JDBC URL [jdbc:postgresql://localhost:5432/Migration]	Database driver: PostgreSQL JDBC Driver	Database dialect: PostgreSQLDialect	Database version: 16.9	Default catalog/schema: Migration/public	Autocommit mode: undefined/unknown	Isolation level: READ_COMMITTED [default READ_COMMITTED]	JDBC fetch size: none	Pool: DataSourceConnectionProvider	Minimum pool size: undefined/unknown	Maximum pool size: undefined/unknown
2026-07-20 22:28:17 [INFO ] [main] org.hibernate.orm.core : HHH000489: No JTA platform available (set 'hibernate.transaction.jta.platform' to enable JTA platform integration)
2026-07-20 22:28:18 [INFO ] [main] o.s.o.j.LocalContainerEntityManagerFactoryBean : Initialized JPA EntityManagerFactory for persistence unit 'default'
2026-07-20 22:28:18 [INFO ] [main] o.s.d.j.r.q.QueryEnhancerFactories : Hibernate is in classpath; If applicable, HQL parser will be used.
2026-07-20 22:28:18 [INFO ] [main] c.m.service.ConfigurationService : [CONFIG] Loading tenant configuration from D:\MigrationReportTool\Backend\MigrationReport\config\tenant-mappings.json
2026-07-20 22:28:18 [INFO ] [main] c.m.service.ConfigurationService : [CONFIG] Loaded 1 applications from config.
2026-07-20 22:28:18 [INFO ] [main] c.m.dialect.DialectConfig : [DIALECT] Initializing PostgreSQL Dialect provider...
2026-07-20 22:28:18 [INFO ] [main] c.m.service.PropertyMappingService : [MAPPING] Loading property mapping templates from D:\MigrationReportTool\Backend\MigrationReport\config\property-mapping-templates.json
2026-07-20 22:28:18 [WARN ] [main] o.s.b.j.a.JpaBaseConfiguration$JpaWebConfiguration : spring.jpa.open-in-view is enabled by default. Therefore, database queries may be performed during view rendering. Explicitly configure spring.jpa.open-in-view to disable this warning
2026-07-20 22:28:19 [INFO ] [main] c.m.MigrationReportApplicationTests : Started MigrationReportApplicationTests in 9.52 seconds (process running for 10.806)
2026-07-20 22:28:20 [INFO ] [SpringApplicationShutdownHook] o.s.o.j.LocalContainerEntityManagerFactoryBean : Closing JPA EntityManagerFactory for persistence unit 'default'
2026-07-20 22:28:20 [INFO ] [SpringApplicationShutdownHook] com.zaxxer.hikari.HikariDataSource : HikariPool-1 - Shutdown initiated...
2026-07-20 22:28:20 [INFO ] [SpringApplicationShutdownHook] com.zaxxer.hikari.HikariDataSource : HikariPool-1 - Shutdown completed.
2026-07-20 22:37:18 [INFO ] [main] c.m.MigrationReportApplicationTests : Starting MigrationReportApplicationTests using Java 21.0.7 with PID 31988 (started by Shaik Firoz in D:\MigrationReportTool\Backend\MigrationReport)
2026-07-20 22:37:18 [INFO ] [main] c.m.MigrationReportApplicationTests : No active profile set, falling back to 1 default profile: "default"
2026-07-20 22:37:19 [INFO ] [main] o.s.d.r.c.RepositoryConfigurationDelegate : Bootstrapping Spring Data JPA repositories in DEFAULT mode.
2026-07-20 22:37:20 [INFO ] [main] o.s.d.r.c.RepositoryConfigurationDelegate : Finished Spring Data repository scanning in 64 ms. Found 1 JPA repository interface.
2026-07-20 22:37:20 [INFO ] [main] c.m.config.DataSourceConfig : [CONFIG] Loaded database configuration for active type postgres from D:\MigrationReportTool\Backend\MigrationReport\config\db-config.json
2026-07-20 22:37:21 [INFO ] [main] org.hibernate.orm.jpa : HHH008540: Processing PersistenceUnitInfo [name: default]
2026-07-20 22:37:21 [INFO ] [main] org.hibernate.orm.core : HHH000001: Hibernate ORM core version 7.4.1.Final
2026-07-20 22:37:22 [INFO ] [main] o.s.o.j.p.SpringPersistenceUnitInfo : No LoadTimeWeaver setup: ignoring JPA class transformer
2026-07-20 22:37:22 [INFO ] [main] com.zaxxer.hikari.HikariDataSource : HikariPool-1 - Starting...
2026-07-20 22:37:22 [INFO ] [main] com.zaxxer.hikari.pool.HikariPool : HikariPool-1 - Added connection org.postgresql.jdbc.PgConnection@477bea57
2026-07-20 22:37:22 [INFO ] [main] com.zaxxer.hikari.HikariDataSource : HikariPool-1 - Start completed.
2026-07-20 22:37:22 [INFO ] [main] o.hibernate.orm.connections.pooling : HHH10001005: Database info:	Database JDBC URL [jdbc:postgresql://localhost:5432/Migration]	Database driver: PostgreSQL JDBC Driver	Database dialect: PostgreSQLDialect	Database version: 16.9	Default catalog/schema: Migration/public	Autocommit mode: undefined/unknown	Isolation level: READ_COMMITTED [default READ_COMMITTED]	JDBC fetch size: none	Pool: DataSourceConnectionProvider	Minimum pool size: undefined/unknown	Maximum pool size: undefined/unknown
2026-07-20 22:37:24 [INFO ] [main] org.hibernate.orm.core : HHH000489: No JTA platform available (set 'hibernate.transaction.jta.platform' to enable JTA platform integration)
2026-07-20 22:37:24 [INFO ] [main] o.s.o.j.LocalContainerEntityManagerFactoryBean : Initialized JPA EntityManagerFactory for persistence unit 'default'
2026-07-20 22:37:24 [INFO ] [main] o.s.d.j.r.q.QueryEnhancerFactories : Hibernate is in classpath; If applicable, HQL parser will be used.
2026-07-20 22:37:24 [INFO ] [main] c.m.service.ConfigurationService : [CONFIG] Loading tenant configuration from D:\MigrationReportTool\Backend\MigrationReport\config\tenant-mappings.json
2026-07-20 22:37:24 [INFO ] [main] c.m.service.ConfigurationService : [CONFIG] Loaded 1 applications from config.
2026-07-20 22:37:24 [INFO ] [main] c.m.dialect.DialectConfig : [DIALECT] Initializing PostgreSQL Dialect provider...
2026-07-20 22:37:24 [INFO ] [main] c.m.service.PropertyMappingService : [MAPPING] Loading property mapping templates from D:\MigrationReportTool\Backend\MigrationReport\config\property-mapping-templates.json
2026-07-20 22:37:24 [WARN ] [main] o.s.b.j.a.JpaBaseConfiguration$JpaWebConfiguration : spring.jpa.open-in-view is enabled by default. Therefore, database queries may be performed during view rendering. Explicitly configure spring.jpa.open-in-view to disable this warning
2026-07-20 22:37:25 [INFO ] [main] c.m.MigrationReportApplicationTests : Started MigrationReportApplicationTests in 6.992 seconds (process running for 8.263)
2026-07-20 22:37:26 [INFO ] [SpringApplicationShutdownHook] o.s.o.j.LocalContainerEntityManagerFactoryBean : Closing JPA EntityManagerFactory for persistence unit 'default'
2026-07-20 22:37:26 [INFO ] [SpringApplicationShutdownHook] com.zaxxer.hikari.HikariDataSource : HikariPool-1 - Shutdown initiated...
2026-07-20 22:37:26 [INFO ] [SpringApplicationShutdownHook] com.zaxxer.hikari.HikariDataSource : HikariPool-1 - Shutdown completed.
2026-07-20 22:42:24 [INFO ] [main] c.m.MigrationReportApplicationTests : Starting MigrationReportApplicationTests using Java 21.0.7 with PID 26328 (started by Shaik Firoz in D:\MigrationReportTool\Backend\MigrationReport)
2026-07-20 22:42:24 [INFO ] [main] c.m.MigrationReportApplicationTests : No active profile set, falling back to 1 default profile: "default"
2026-07-20 22:42:25 [INFO ] [main] o.s.d.r.c.RepositoryConfigurationDelegate : Bootstrapping Spring Data JPA repositories in DEFAULT mode.
2026-07-20 22:42:25 [INFO ] [main] o.s.d.r.c.RepositoryConfigurationDelegate : Finished Spring Data repository scanning in 53 ms. Found 1 JPA repository interface.
2026-07-20 22:42:26 [INFO ] [main] c.m.config.DataSourceConfig : [CONFIG] Loaded database configuration for active type postgres from D:\MigrationReportTool\Backend\MigrationReport\config\db-config.json
2026-07-20 22:42:26 [INFO ] [main] org.hibernate.orm.jpa : HHH008540: Processing PersistenceUnitInfo [name: default]
2026-07-20 22:42:26 [INFO ] [main] org.hibernate.orm.core : HHH000001: Hibernate ORM core version 7.4.1.Final
2026-07-20 22:42:27 [INFO ] [main] o.s.o.j.p.SpringPersistenceUnitInfo : No LoadTimeWeaver setup: ignoring JPA class transformer
2026-07-20 22:42:28 [INFO ] [main] com.zaxxer.hikari.HikariDataSource : HikariPool-1 - Starting...
2026-07-20 22:42:28 [INFO ] [main] com.zaxxer.hikari.pool.HikariPool : HikariPool-1 - Added connection org.postgresql.jdbc.PgConnection@2e9dcdd3
2026-07-20 22:42:28 [INFO ] [main] com.zaxxer.hikari.HikariDataSource : HikariPool-1 - Start completed.
2026-07-20 22:42:28 [INFO ] [main] o.hibernate.orm.connections.pooling : HHH10001005: Database info:	Database JDBC URL [jdbc:postgresql://localhost:5432/Migration]	Database driver: PostgreSQL JDBC Driver	Database dialect: PostgreSQLDialect	Database version: 16.9	Default catalog/schema: Migration/public	Autocommit mode: undefined/unknown	Isolation level: READ_COMMITTED [default READ_COMMITTED]	JDBC fetch size: none	Pool: DataSourceConnectionProvider	Minimum pool size: undefined/unknown	Maximum pool size: undefined/unknown
2026-07-20 22:42:30 [INFO ] [main] org.hibernate.orm.core : HHH000489: No JTA platform available (set 'hibernate.transaction.jta.platform' to enable JTA platform integration)
2026-07-20 22:42:30 [INFO ] [main] o.s.o.j.LocalContainerEntityManagerFactoryBean : Initialized JPA EntityManagerFactory for persistence unit 'default'
2026-07-20 22:42:30 [INFO ] [main] o.s.d.j.r.q.QueryEnhancerFactories : Hibernate is in classpath; If applicable, HQL parser will be used.
2026-07-20 22:42:30 [INFO ] [main] c.m.service.ConfigurationService : [CONFIG] Loading tenant configuration from D:\MigrationReportTool\Backend\MigrationReport\config\tenant-mappings.json
2026-07-20 22:42:30 [INFO ] [main] c.m.service.ConfigurationService : [CONFIG] Loaded 1 applications from config.
2026-07-20 22:42:30 [INFO ] [main] c.m.dialect.DialectConfig : [DIALECT] Initializing PostgreSQL Dialect provider...
2026-07-20 22:42:30 [INFO ] [main] c.m.service.PropertyMappingService : [MAPPING] Loading property mapping templates from D:\MigrationReportTool\Backend\MigrationReport\config\property-mapping-templates.json
2026-07-20 22:42:31 [WARN ] [main] o.s.b.j.a.JpaBaseConfiguration$JpaWebConfiguration : spring.jpa.open-in-view is enabled by default. Therefore, database queries may be performed during view rendering. Explicitly configure spring.jpa.open-in-view to disable this warning
2026-07-20 22:42:31 [INFO ] [main] c.m.MigrationReportApplicationTests : Started MigrationReportApplicationTests in 7.363 seconds (process running for 8.418)
2026-07-20 22:42:32 [INFO ] [SpringApplicationShutdownHook] o.s.o.j.LocalContainerEntityManagerFactoryBean : Closing JPA EntityManagerFactory for persistence unit 'default'
2026-07-20 22:42:32 [INFO ] [SpringApplicationShutdownHook] com.zaxxer.hikari.HikariDataSource : HikariPool-1 - Shutdown initiated...
2026-07-20 22:42:32 [INFO ] [SpringApplicationShutdownHook] com.zaxxer.hikari.HikariDataSource : HikariPool-1 - Shutdown completed.
2026-07-20 22:46:25 [INFO ] [main] c.m.MigrationReportApplicationTests : Starting MigrationReportApplicationTests using Java 21.0.7 with PID 32948 (started by Shaik Firoz in D:\MigrationReportTool\Backend\MigrationReport)
2026-07-20 22:46:25 [INFO ] [main] c.m.MigrationReportApplicationTests : No active profile set, falling back to 1 default profile: "default"
2026-07-20 22:46:25 [INFO ] [main] o.s.d.r.c.RepositoryConfigurationDelegate : Bootstrapping Spring Data JPA repositories in DEFAULT mode.
2026-07-20 22:46:25 [INFO ] [main] o.s.d.r.c.RepositoryConfigurationDelegate : Finished Spring Data repository scanning in 79 ms. Found 1 JPA repository interface.
2026-07-20 22:46:26 [INFO ] [main] c.m.config.DataSourceConfig : [CONFIG] Loaded database configuration for active type postgres from D:\MigrationReportTool\Backend\MigrationReport\config\db-config.json
2026-07-20 22:46:26 [INFO ] [main] org.hibernate.orm.jpa : HHH008540: Processing PersistenceUnitInfo [name: default]
2026-07-20 22:46:26 [INFO ] [main] org.hibernate.orm.core : HHH000001: Hibernate ORM core version 7.4.1.Final
2026-07-20 22:46:27 [INFO ] [main] o.s.o.j.p.SpringPersistenceUnitInfo : No LoadTimeWeaver setup: ignoring JPA class transformer
2026-07-20 22:46:27 [INFO ] [main] com.zaxxer.hikari.HikariDataSource : HikariPool-1 - Starting...
2026-07-20 22:46:28 [INFO ] [main] com.zaxxer.hikari.pool.HikariPool : HikariPool-1 - Added connection org.postgresql.jdbc.PgConnection@477bea57
2026-07-20 22:46:28 [INFO ] [main] com.zaxxer.hikari.HikariDataSource : HikariPool-1 - Start completed.
2026-07-20 22:46:28 [INFO ] [main] o.hibernate.orm.connections.pooling : HHH10001005: Database info:	Database JDBC URL [jdbc:postgresql://localhost:5432/Migration]	Database driver: PostgreSQL JDBC Driver	Database dialect: PostgreSQLDialect	Database version: 16.9	Default catalog/schema: Migration/public	Autocommit mode: undefined/unknown	Isolation level: READ_COMMITTED [default READ_COMMITTED]	JDBC fetch size: none	Pool: DataSourceConnectionProvider	Minimum pool size: undefined/unknown	Maximum pool size: undefined/unknown
2026-07-20 22:46:29 [INFO ] [main] org.hibernate.orm.core : HHH000489: No JTA platform available (set 'hibernate.transaction.jta.platform' to enable JTA platform integration)
2026-07-20 22:46:29 [INFO ] [main] o.s.o.j.LocalContainerEntityManagerFactoryBean : Initialized JPA EntityManagerFactory for persistence unit 'default'
2026-07-20 22:46:29 [INFO ] [main] o.s.d.j.r.q.QueryEnhancerFactories : Hibernate is in classpath; If applicable, HQL parser will be used.
2026-07-20 22:46:29 [INFO ] [main] c.m.service.ConfigurationService : [CONFIG] Loading tenant configuration from D:\MigrationReportTool\Backend\MigrationReport\config\tenant-mappings.json
2026-07-20 22:46:29 [INFO ] [main] c.m.service.ConfigurationService : [CONFIG] Loaded 1 applications from config.
2026-07-20 22:46:29 [INFO ] [main] c.m.dialect.DialectConfig : [DIALECT] Initializing PostgreSQL Dialect provider...
2026-07-20 22:46:30 [INFO ] [main] c.m.service.PropertyMappingService : [MAPPING] Loading property mapping templates from D:\MigrationReportTool\Backend\MigrationReport\config\property-mapping-templates.json
2026-07-20 22:46:30 [WARN ] [main] o.s.b.j.a.JpaBaseConfiguration$JpaWebConfiguration : spring.jpa.open-in-view is enabled by default. Therefore, database queries may be performed during view rendering. Explicitly configure spring.jpa.open-in-view to disable this warning
2026-07-20 22:46:30 [INFO ] [main] c.m.MigrationReportApplicationTests : Started MigrationReportApplicationTests in 6.249 seconds (process running for 7.382)
2026-07-20 22:46:31 [INFO ] [SpringApplicationShutdownHook] o.s.o.j.LocalContainerEntityManagerFactoryBean : Closing JPA EntityManagerFactory for persistence unit 'default'
2026-07-20 22:46:31 [INFO ] [SpringApplicationShutdownHook] com.zaxxer.hikari.HikariDataSource : HikariPool-1 - Shutdown initiated...
2026-07-20 22:46:31 [INFO ] [SpringApplicationShutdownHook] com.zaxxer.hikari.HikariDataSource : HikariPool-1 - Shutdown completed.
2026-07-20 22:50:16 [INFO ] [main] c.m.MigrationReportApplicationTests : Starting MigrationReportApplicationTests using Java 21.0.7 with PID 7196 (started by Shaik Firoz in D:\MigrationReportTool\Backend\MigrationReport)
2026-07-20 22:50:16 [INFO ] [main] c.m.MigrationReportApplicationTests : No active profile set, falling back to 1 default profile: "default"
2026-07-20 22:50:17 [INFO ] [main] o.s.d.r.c.RepositoryConfigurationDelegate : Bootstrapping Spring Data JPA repositories in DEFAULT mode.
2026-07-20 22:50:17 [INFO ] [main] o.s.d.r.c.RepositoryConfigurationDelegate : Finished Spring Data repository scanning in 66 ms. Found 1 JPA repository interface.
2026-07-20 22:50:18 [INFO ] [main] c.m.config.DataSourceConfig : [CONFIG] Loaded database configuration for active type postgres from D:\MigrationReportTool\Backend\MigrationReport\config\db-config.json
2026-07-20 22:50:18 [INFO ] [main] org.hibernate.orm.jpa : HHH008540: Processing PersistenceUnitInfo [name: default]
2026-07-20 22:50:18 [INFO ] [main] org.hibernate.orm.core : HHH000001: Hibernate ORM core version 7.4.1.Final
2026-07-20 22:50:19 [INFO ] [main] o.s.o.j.p.SpringPersistenceUnitInfo : No LoadTimeWeaver setup: ignoring JPA class transformer
2026-07-20 22:50:19 [INFO ] [main] com.zaxxer.hikari.HikariDataSource : HikariPool-1 - Starting...
2026-07-20 22:50:20 [INFO ] [main] com.zaxxer.hikari.pool.HikariPool : HikariPool-1 - Added connection org.postgresql.jdbc.PgConnection@477bea57
2026-07-20 22:50:20 [INFO ] [main] com.zaxxer.hikari.HikariDataSource : HikariPool-1 - Start completed.
2026-07-20 22:50:20 [INFO ] [main] o.hibernate.orm.connections.pooling : HHH10001005: Database info:	Database JDBC URL [jdbc:postgresql://localhost:5432/Migration]	Database driver: PostgreSQL JDBC Driver	Database dialect: PostgreSQLDialect	Database version: 16.9	Default catalog/schema: Migration/public	Autocommit mode: undefined/unknown	Isolation level: READ_COMMITTED [default READ_COMMITTED]	JDBC fetch size: none	Pool: DataSourceConnectionProvider	Minimum pool size: undefined/unknown	Maximum pool size: undefined/unknown
2026-07-20 22:50:21 [INFO ] [main] org.hibernate.orm.core : HHH000489: No JTA platform available (set 'hibernate.transaction.jta.platform' to enable JTA platform integration)
2026-07-20 22:50:21 [INFO ] [main] o.s.o.j.LocalContainerEntityManagerFactoryBean : Initialized JPA EntityManagerFactory for persistence unit 'default'
2026-07-20 22:50:21 [INFO ] [main] o.s.d.j.r.q.QueryEnhancerFactories : Hibernate is in classpath; If applicable, HQL parser will be used.
2026-07-20 22:50:22 [INFO ] [main] c.m.service.ConfigurationService : [CONFIG] Loading tenant configuration from D:\MigrationReportTool\Backend\MigrationReport\config\tenant-mappings.json
2026-07-20 22:50:22 [INFO ] [main] c.m.service.ConfigurationService : [CONFIG] Loaded 1 applications from config.
2026-07-20 22:50:22 [INFO ] [main] c.m.dialect.DialectConfig : [DIALECT] Initializing PostgreSQL Dialect provider...
2026-07-20 22:50:22 [INFO ] [main] c.m.service.PropertyMappingService : [MAPPING] Loading property mapping templates from D:\MigrationReportTool\Backend\MigrationReport\config\property-mapping-templates.json
2026-07-20 22:50:22 [WARN ] [main] o.s.b.j.a.JpaBaseConfiguration$JpaWebConfiguration : spring.jpa.open-in-view is enabled by default. Therefore, database queries may be performed during view rendering. Explicitly configure spring.jpa.open-in-view to disable this warning
2026-07-20 22:50:22 [INFO ] [main] c.m.MigrationReportApplicationTests : Started MigrationReportApplicationTests in 6.293 seconds (process running for 7.443)
2026-07-20 22:50:23 [INFO ] [SpringApplicationShutdownHook] o.s.o.j.LocalContainerEntityManagerFactoryBean : Closing JPA EntityManagerFactory for persistence unit 'default'
2026-07-20 22:50:23 [INFO ] [SpringApplicationShutdownHook] com.zaxxer.hikari.HikariDataSource : HikariPool-1 - Shutdown initiated...
2026-07-20 22:50:23 [INFO ] [SpringApplicationShutdownHook] com.zaxxer.hikari.HikariDataSource : HikariPool-1 - Shutdown completed.
2026-07-20 22:51:01 [INFO ] [RMI TCP Connection(32)-127.0.0.1] o.s.b.a.SpringApplicationAdminMXBeanRegistrar$SpringApplicationAdmin : Application shutdown requested.
2026-07-20 22:51:01 [INFO ] [RMI TCP Connection(32)-127.0.0.1] o.s.boot.tomcat.GracefulShutdown : Commencing graceful shutdown. Waiting for active requests to complete
2026-07-20 22:51:02 [INFO ] [tomcat-shutdown] o.s.boot.tomcat.GracefulShutdown : Graceful shutdown complete
2026-07-20 22:51:02 [INFO ] [RMI TCP Connection(32)-127.0.0.1] o.s.o.j.LocalContainerEntityManagerFactoryBean : Closing JPA EntityManagerFactory for persistence unit 'default'
2026-07-20 22:51:02 [INFO ] [RMI TCP Connection(32)-127.0.0.1] com.zaxxer.hikari.HikariDataSource : HikariPool-1 - Shutdown initiated...
2026-07-20 22:51:02 [INFO ] [RMI TCP Connection(32)-127.0.0.1] com.zaxxer.hikari.HikariDataSource : HikariPool-1 - Shutdown completed.
2026-07-20 22:51:05 [INFO ] [main] c.m.MigrationReportApplication : Starting MigrationReportApplication using Java 21.0.1 with PID 34460 (D:\MigrationReportTool\Backend\MigrationReport\target\classes started by Shaik Firoz in D:\MigrationReportTool\Backend\MigrationReport)
2026-07-20 22:51:05 [INFO ] [main] c.m.MigrationReportApplication : No active profile set, falling back to 1 default profile: "default"
2026-07-20 22:51:05 [INFO ] [main] o.s.d.r.c.RepositoryConfigurationDelegate : Bootstrapping Spring Data JPA repositories in DEFAULT mode.
2026-07-20 22:51:05 [INFO ] [main] o.s.d.r.c.RepositoryConfigurationDelegate : Finished Spring Data repository scanning in 36 ms. Found 1 JPA repository interface.
2026-07-20 22:51:06 [INFO ] [main] o.s.boot.tomcat.TomcatWebServer : Tomcat initialized with port 8080 (http)
2026-07-20 22:51:06 [INFO ] [main] o.a.catalina.core.StandardService : Starting service [Tomcat]
2026-07-20 22:51:06 [INFO ] [main] o.a.catalina.core.StandardEngine : Starting Servlet engine: [Apache Tomcat/11.0.24]
2026-07-20 22:51:06 [INFO ] [main] o.s.b.w.c.s.WebApplicationContextInitializer : Root WebApplicationContext: initialization completed in 974 ms
2026-07-20 22:51:06 [INFO ] [main] c.m.config.DataSourceConfig : [CONFIG] Loaded database configuration for active type postgres from D:\MigrationReportTool\Backend\MigrationReport\config\db-config.json
2026-07-20 22:51:06 [INFO ] [main] org.hibernate.orm.jpa : HHH008540: Processing PersistenceUnitInfo [name: default]
2026-07-20 22:51:06 [INFO ] [main] org.hibernate.orm.core : HHH000001: Hibernate ORM core version 7.4.1.Final
2026-07-20 22:51:06 [INFO ] [main] o.s.o.j.p.SpringPersistenceUnitInfo : No LoadTimeWeaver setup: ignoring JPA class transformer
2026-07-20 22:51:06 [INFO ] [main] com.zaxxer.hikari.HikariDataSource : HikariPool-1 - Starting...
2026-07-20 22:51:07 [INFO ] [main] com.zaxxer.hikari.pool.HikariPool : HikariPool-1 - Added connection org.postgresql.jdbc.PgConnection@53fc870f
2026-07-20 22:51:07 [INFO ] [main] com.zaxxer.hikari.HikariDataSource : HikariPool-1 - Start completed.
2026-07-20 22:51:07 [INFO ] [main] o.hibernate.orm.connections.pooling : HHH10001005: Database info:	Database JDBC URL [jdbc:postgresql://localhost:5432/Migration]	Database driver: PostgreSQL JDBC Driver	Database dialect: PostgreSQLDialect	Database version: 16.9	Default catalog/schema: Migration/public	Autocommit mode: undefined/unknown	Isolation level: READ_COMMITTED [default READ_COMMITTED]	JDBC fetch size: none	Pool: DataSourceConnectionProvider	Minimum pool size: undefined/unknown	Maximum pool size: undefined/unknown
2026-07-20 22:51:09 [INFO ] [main] org.hibernate.orm.core : HHH000489: No JTA platform available (set 'hibernate.transaction.jta.platform' to enable JTA platform integration)
2026-07-20 22:51:09 [INFO ] [main] o.s.o.j.LocalContainerEntityManagerFactoryBean : Initialized JPA EntityManagerFactory for persistence unit 'default'
2026-07-20 22:51:09 [INFO ] [main] o.s.d.j.r.q.QueryEnhancerFactories : Hibernate is in classpath; If applicable, HQL parser will be used.
2026-07-20 22:51:09 [INFO ] [main] c.m.service.ConfigurationService : [CONFIG] Loading tenant configuration from D:\MigrationReportTool\Backend\MigrationReport\config\tenant-mappings.json
2026-07-20 22:51:09 [INFO ] [main] c.m.service.ConfigurationService : [CONFIG] Loaded 1 applications from config.
2026-07-20 22:51:09 [INFO ] [main] c.m.dialect.DialectConfig : [DIALECT] Initializing PostgreSQL Dialect provider...
2026-07-20 22:51:09 [INFO ] [main] c.m.service.PropertyMappingService : [MAPPING] Loading property mapping templates from D:\MigrationReportTool\Backend\MigrationReport\config\property-mapping-templates.json
2026-07-20 22:51:09 [WARN ] [main] o.s.b.j.a.JpaBaseConfiguration$JpaWebConfiguration : spring.jpa.open-in-view is enabled by default. Therefore, database queries may be performed during view rendering. Explicitly configure spring.jpa.open-in-view to disable this warning
2026-07-20 22:51:10 [INFO ] [main] o.s.boot.tomcat.TomcatWebServer : Tomcat started on port 8080 (http) with context path '/'
2026-07-20 22:51:10 [INFO ] [main] c.m.MigrationReportApplication : Started MigrationReportApplication in 5.452 seconds (process running for 6.213)
2026-07-20 22:51:21 [INFO ] [http-nio-8080-exec-1] o.a.c.c.C.[Tomcat].[localhost].[/] : Initializing Spring DispatcherServlet 'dispatcherServlet'
2026-07-20 22:51:21 [INFO ] [http-nio-8080-exec-1] o.s.web.servlet.DispatcherServlet : Initializing Servlet 'dispatcherServlet'
2026-07-20 22:51:21 [INFO ] [http-nio-8080-exec-1] o.s.web.servlet.DispatcherServlet : Completed initialization in 3 ms
2026-07-20 22:51:21 [INFO ] [http-nio-8080-exec-4] c.m.c.ConfigurationController : Starting method: getConfig
2026-07-20 22:51:21 [INFO ] [http-nio-8080-exec-4] c.m.c.ConfigurationController : [CONFIG] Fetching cached tenant configuration
2026-07-20 22:51:21 [INFO ] [http-nio-8080-exec-4] c.m.c.ConfigurationController : Ending method: getConfig
2026-07-20 22:51:24 [INFO ] [http-nio-8080-exec-5] c.m.controller.DiscoveryController : Starting method: getDocumentClasses with arguments: appId=ccol, type=all
2026-07-20 22:51:24 [WARN ] [http-nio-8080-exec-5] c.m.service.DiscoveryService : Failed to fetch classes from tables. Falling back to classdef. Error: StatementCallback; bad SQL grammar [SELECT DISTINCT cd.symbolic_name FROM public.docversion_source dv JOIN public.classdef cd ON dv.object_class_id = cd.object_id WHERE cd.symbolic_name IS NOT NULL AND CAST(cd.sys_owned_bool AS VARCHAR) IN ('0', 'false', 'FALSE') UNION SELECT DISTINCT cd.symbolic_name FROM public.docversion_stagging dv JOIN public.classdef cd ON dv.object_class_id = cd.object_id WHERE cd.symbolic_name IS NOT NULL AND CAST(cd.sys_owned_bool AS VARCHAR) IN ('0', 'false', 'FALSE') UNION SELECT DISTINCT cd.symbolic_name FROM public.docversion_target dv JOIN public.classdef cd ON dv.object_class_id = cd.object_id WHERE cd.symbolic_name IS NOT NULL AND CAST(cd.sys_owned_bool AS VARCHAR) IN ('0', 'false', 'FALSE') UNION SELECT DISTINCT cd.symbolic_name FROM public.classdef dv JOIN public.classdef cd ON dv.object_class_id = cd.object_id WHERE cd.symbolic_name IS NOT NULL AND CAST(cd.sys_owned_bool AS VARCHAR) IN ('0', 'false', 'FALSE') UNION SELECT DISTINCT cd.symbolic_name FROM public.annotation dv JOIN public.classdef cd ON dv.object_class_id = cd.object_id WHERE cd.symbolic_name IS NOT NULL AND CAST(cd.sys_owned_bool AS VARCHAR) IN ('0', 'false', 'FALSE') UNION SELECT DISTINCT cd.symbolic_name FROM public.content dv JOIN public.classdef cd ON dv.object_class_id = cd.object_id WHERE cd.symbolic_name IS NOT NULL AND CAST(cd.sys_owned_bool AS VARCHAR) IN ('0', 'false', 'FALSE') UNION SELECT DISTINCT cd.symbolic_name FROM public.generic dv JOIN public.classdef cd ON dv.object_class_id = cd.object_id WHERE cd.symbolic_name IS NOT NULL AND CAST(cd.sys_owned_bool AS VARCHAR) IN ('0', 'false', 'FALSE') UNION SELECT DISTINCT cd.symbolic_name FROM public.checksum dv JOIN public.classdef cd ON dv.object_class_id = cd.object_id WHERE cd.symbolic_name IS NOT NULL AND CAST(cd.sys_owned_bool AS VARCHAR) IN ('0', 'false', 'FALSE') UNION SELECT DISTINCT cd.symbolic_name FROM public.columndef dv JOIN public.classdef cd ON dv.object_class_id = cd.object_id WHERE cd.symbolic_name IS NOT NULL AND CAST(cd.sys_owned_bool AS VARCHAR) IN ('0', 'false', 'FALSE') UNION SELECT DISTINCT cd.symbolic_name FROM public.propertydef dv JOIN public.classdef cd ON dv.object_class_id = cd.object_id WHERE cd.symbolic_name IS NOT NULL AND CAST(cd.sys_owned_bool AS VARCHAR) IN ('0', 'false', 'FALSE') UNION SELECT DISTINCT cd.symbolic_name FROM public.globalpropertydef dv JOIN public.classdef cd ON dv.object_class_id = cd.object_id WHERE cd.symbolic_name IS NOT NULL AND CAST(cd.sys_owned_bool AS VARCHAR) IN ('0', 'false', 'FALSE')]
2026-07-20 22:51:24 [INFO ] [http-nio-8080-exec-5] c.m.controller.DiscoveryController : Ending method: getDocumentClasses
2026-07-20 22:51:29 [INFO ] [http-nio-8080-exec-7] c.m.controller.DiscoveryController : Starting method: generateReport with arguments: endpoint=doc-count, criteria=com.migrationreport.dto.DiscoveryCriteria@223428c0
2026-07-20 22:51:29 [INFO ] [http-nio-8080-exec-7] c.m.controller.DiscoveryController : [DISCOVERY] Generating 'doc-count' report for App: 'ccol'
2026-07-20 22:51:29 [INFO ] [http-nio-8080-exec-7] c.m.service.DiscoveryService : [DISCOVERY] Executing Report Endpoint: 'doc-count' | SQL: select cd.symbolic_name as class_name, min(dv.create_date) as earliest_created, max(dv.create_date) as latest_created, count(dv.object_id) as total_documents, coalesce(sum(cast(dv.content_size as numeric)), 0) as total_size_bytes, coalesce(min(cast(dv.content_size as numeric)), 0) as min_size_bytes, coalesce(max(cast(dv.content_size as numeric)), 0) as max_size_bytes, cast(coalesce(sum(cast(dv.content_size as numeric)), 0) / 1073741824.0 as numeric(15, 6)) as total_size_gb  from public.docversion_source dv inner join public.classdef cd on dv.object_class_id = cd.object_id  where 1=1 and cd.symbolic_name in (?) and cast(cd.sys_owned_bool as varchar) in ('0', 'false', 'false')  and cd.symbolic_name not like 'cmacm%'  and cd.symbolic_name not like 'cmxt%'  and cd.symbolic_name not like 'cm%'  and cd.symbolic_name not like 'preferences%'  and cd.symbolic_name not in ('entrytemplate', 'storedsearch', 'recordstemplate', 'webcontenttemplate', 'relateditems', 'p8aelink')  and dv.create_date is not null group by cd.symbolic_name order by class_name | Params: [BankAccount]
2026-07-20 22:51:29 [INFO ] [http-nio-8080-exec-7] c.m.service.DiscoveryService : [DISCOVERY] Report executed in 100ms. Found 1 records.
2026-07-20 22:51:29 [INFO ] [http-nio-8080-exec-7] c.m.controller.DiscoveryController : [DISCOVERY] 'doc-count' report generated in 120ms. Found 1 records.
2026-07-20 22:51:29 [INFO ] [http-nio-8080-exec-7] c.m.controller.DiscoveryController : Ending method: generateReport
2026-07-20 22:51:31 [INFO ] [http-nio-8080-exec-9] c.m.controller.DiscoveryController : Starting method: generateReport with arguments: endpoint=doc-mime, criteria=com.migrationreport.dto.DiscoveryCriteria@3836e863
2026-07-20 22:51:31 [INFO ] [http-nio-8080-exec-9] c.m.controller.DiscoveryController : [DISCOVERY] Generating 'doc-mime' report for App: 'ccol'
2026-07-20 22:51:31 [INFO ] [http-nio-8080-exec-9] c.m.service.DiscoveryService : [DISCOVERY] Executing Report Endpoint: 'doc-mime' | SQL: select coalesce(dv.mime_type, 'no mime type') as mime_type, count(*) as doc_count from public.docversion_source dv left join public.classdef cd on dv.object_class_id = cd.object_id  where 1=1 and cd.symbolic_name in (?) and cast(cd.sys_owned_bool as varchar) in ('0', 'false', 'false')  and cd.symbolic_name not like 'cmacm%'  and cd.symbolic_name not like 'cmxt%'  and cd.symbolic_name not like 'cm%'  and cd.symbolic_name not like 'preferences%'  and cd.symbolic_name not in ('entrytemplate', 'storedsearch', 'recordstemplate', 'webcontenttemplate', 'relateditems', 'p8aelink')  group by coalesce(dv.mime_type, 'no mime type') order by doc_count desc | Params: [BankAccount]
2026-07-20 22:51:31 [INFO ] [http-nio-8080-exec-9] c.m.service.DiscoveryService : [DISCOVERY] Report executed in 19ms. Found 6 records.
2026-07-20 22:51:31 [INFO ] [http-nio-8080-exec-9] c.m.controller.DiscoveryController : [DISCOVERY] 'doc-mime' report generated in 20ms. Found 6 records.
2026-07-20 22:51:31 [INFO ] [http-nio-8080-exec-9] c.m.controller.DiscoveryController : Ending method: generateReport
2026-07-20 22:51:34 [INFO ] [http-nio-8080-exec-1] c.m.controller.DiscoveryController : Starting method: generateReport with arguments: endpoint=size-bucket, criteria=com.migrationreport.dto.DiscoveryCriteria@41b29fce
2026-07-20 22:51:34 [INFO ] [http-nio-8080-exec-1] c.m.controller.DiscoveryController : [DISCOVERY] Generating 'size-bucket' report for App: 'ccol'
2026-07-20 22:51:34 [INFO ] [http-nio-8080-exec-1] c.m.service.DiscoveryService : [DISCOVERY] Executing Report Endpoint: 'size-bucket' | SQL: select case when cast(dv.content_size as numeric) is null then '0. no content' when cast(dv.content_size as numeric) = 0 then '1. zero bytes' when cast(dv.content_size as numeric) between 1 and 102399 then '2. under 100 kb' when cast(dv.content_size as numeric) between 102400 and 511999 then '3. 100 kb - 500 kb' when cast(dv.content_size as numeric) between 512000 and 1048575 then '4. 500 kb - 1 mb' when cast(dv.content_size as numeric) between 1048576 and 5242879 then '5. 1 mb - 5 mb' when cast(dv.content_size as numeric) between 5242880 and 10485759 then '6. 5 mb - 10 mb' when cast(dv.content_size as numeric) between 10485760 and 26214399 then '7. 10 mb - 25 mb' when cast(dv.content_size as numeric) between 26214400 and 52428799 then '8. 25 mb - 50 mb' when cast(dv.content_size as numeric) between 52428800 and 104857599 then '9. 50 mb - 100 mb' else '10. over 100 mb' end as size_range, count(dv.object_id) as total_documents, coalesce(sum(cast(dv.content_size as numeric)), 0) as total_size_bytes, cast(coalesce(sum(cast(dv.content_size as numeric)), 0) / 1048576.0 as numeric(15, 6)) as total_size_mb, cast(coalesce(sum(cast(dv.content_size as numeric)), 0) / 1073741824.0 as numeric(15, 6)) as total_size_gb  from public.docversion_source dv left join public.classdef cd on dv.object_class_id = cd.object_id  where 1=1 and cd.symbolic_name in (?) and cast(cd.sys_owned_bool as varchar) in ('0', 'false', 'false')  and cd.symbolic_name not like 'cmacm%'  and cd.symbolic_name not like 'cmxt%'  and cd.symbolic_name not like 'cm%'  and cd.symbolic_name not like 'preferences%'  and cd.symbolic_name not in ('entrytemplate', 'storedsearch', 'recordstemplate', 'webcontenttemplate', 'relateditems', 'p8aelink')  group by size_range order by size_range | Params: [BankAccount]
2026-07-20 22:51:34 [INFO ] [http-nio-8080-exec-1] c.m.service.DiscoveryService : [DISCOVERY] Report executed in 10ms. Found 4 records.
2026-07-20 22:51:34 [INFO ] [http-nio-8080-exec-1] c.m.controller.DiscoveryController : [DISCOVERY] 'size-bucket' report generated in 26ms. Found 4 records.
2026-07-20 22:51:34 [INFO ] [http-nio-8080-exec-1] c.m.controller.DiscoveryController : Ending method: generateReport
2026-07-20 22:51:36 [INFO ] [http-nio-8080-exec-3] c.m.controller.DiscoveryController : Starting method: generateReport with arguments: endpoint=doc-year-wise, criteria=com.migrationreport.dto.DiscoveryCriteria@6313be30
2026-07-20 22:51:36 [INFO ] [http-nio-8080-exec-3] c.m.controller.DiscoveryController : [DISCOVERY] Generating 'doc-year-wise' report for App: 'ccol'
2026-07-20 22:51:36 [INFO ] [http-nio-8080-exec-3] c.m.service.DiscoveryService : [DISCOVERY] Executing Report Endpoint: 'doc-year-wise' | SQL: select cd.symbolic_name as class_name, extract(year from cast(dv.create_date as timestamp)) as creation_year, count(dv.object_id) as total_documents from public.docversion_source dv inner join public.classdef cd on dv.object_class_id = cd.object_id  where 1=1 and cd.symbolic_name in (?) and cast(cd.sys_owned_bool as varchar) in ('0', 'false', 'false')  and cd.symbolic_name not like 'cmacm%'  and cd.symbolic_name not like 'cmxt%'  and cd.symbolic_name not like 'cm%'  and cd.symbolic_name not like 'preferences%'  and cd.symbolic_name not in ('entrytemplate', 'storedsearch', 'recordstemplate', 'webcontenttemplate', 'relateditems', 'p8aelink')  and dv.create_date is not null group by cd.symbolic_name, extract(year from cast(dv.create_date as timestamp)) order by cd.symbolic_name, creation_year | Params: [BankAccount]
2026-07-20 22:51:36 [INFO ] [http-nio-8080-exec-3] c.m.service.DiscoveryService : [DISCOVERY] Report executed in 21ms. Found 1 records.
2026-07-20 22:51:36 [INFO ] [http-nio-8080-exec-3] c.m.controller.DiscoveryController : [DISCOVERY] 'doc-year-wise' report generated in 32ms. Found 1 records.
2026-07-20 22:51:36 [INFO ] [http-nio-8080-exec-3] c.m.controller.DiscoveryController : Ending method: generateReport
2026-07-20 22:51:38 [INFO ] [http-nio-8080-exec-5] c.m.controller.DiscoveryController : Starting method: generateReport with arguments: endpoint=doc-year-month, criteria=com.migrationreport.dto.DiscoveryCriteria@708a9084
2026-07-20 22:51:38 [INFO ] [http-nio-8080-exec-5] c.m.controller.DiscoveryController : [DISCOVERY] Generating 'doc-year-month' report for App: 'ccol'
2026-07-20 22:51:38 [INFO ] [http-nio-8080-exec-5] c.m.service.DiscoveryService : [DISCOVERY] Executing Report Endpoint: 'doc-year-month' | SQL: select cd.symbolic_name as class_name, extract(year from cast(dv.create_date as timestamp)) as creation_year, extract(month from cast(dv.create_date as timestamp)) as creation_month, count(dv.object_id) as total_documents  from public.docversion_source dv inner join public.classdef cd on dv.object_class_id = cd.object_id  where 1=1 and cd.symbolic_name in (?) and cast(cd.sys_owned_bool as varchar) in ('0', 'false', 'false')  and cd.symbolic_name not like 'cmacm%'  and cd.symbolic_name not like 'cmxt%'  and cd.symbolic_name not like 'cm%'  and cd.symbolic_name not like 'preferences%'  and cd.symbolic_name not in ('entrytemplate', 'storedsearch', 'recordstemplate', 'webcontenttemplate', 'relateditems', 'p8aelink')  and dv.create_date is not null group by cd.symbolic_name, extract(year from cast(dv.create_date as timestamp)), extract(month from cast(dv.create_date as timestamp)) order by cd.symbolic_name, creation_year, creation_month | Params: [BankAccount]
2026-07-20 22:51:38 [INFO ] [http-nio-8080-exec-5] c.m.service.DiscoveryService : [DISCOVERY] Report executed in 19ms. Found 1 records.
2026-07-20 22:51:38 [INFO ] [http-nio-8080-exec-5] c.m.controller.DiscoveryController : [DISCOVERY] 'doc-year-month' report generated in 27ms. Found 1 records.
2026-07-20 22:51:38 [INFO ] [http-nio-8080-exec-5] c.m.controller.DiscoveryController : Ending method: generateReport
2026-07-20 22:51:40 [INFO ] [http-nio-8080-exec-6] c.m.c.ConfigurationController : Starting method: getUiSettings
2026-07-20 22:51:40 [INFO ] [http-nio-8080-exec-6] c.m.c.ConfigurationController : Ending method: getUiSettings
2026-07-20 22:51:41 [INFO ] [http-nio-8080-exec-7] c.m.controller.DiscoveryController : Starting method: getDocumentClasses with arguments: appId=ccol, type=source
2026-07-20 22:51:41 [INFO ] [http-nio-8080-exec-7] c.m.controller.DiscoveryController : Ending method: getDocumentClasses
2026-07-20 22:51:44 [INFO ] [http-nio-8080-exec-8] c.m.controller.ExceptionController : Starting method: getMetadataFields with arguments: appId=ccol, documentClass=BankAccount
2026-07-20 22:51:44 [INFO ] [http-nio-8080-exec-8] c.m.controller.ExceptionController : Ending method: getMetadataFields
2026-07-20 22:51:56 [INFO ] [http-nio-8080-exec-10] c.m.controller.ExceptionController : Starting method: checkExceptions with arguments: criteria=com.migrationreport.dto.ExceptionCriteria@77849860
2026-07-20 22:51:56 [INFO ] [http-nio-8080-exec-10] c.m.controller.ExceptionController : [EXCEPTIONS] Checking exceptions for Application: 'ccol'
2026-07-20 22:51:56 [INFO ] [http-nio-8080-exec-10] c.m.service.ExceptionService : [EXCEPTIONS] Executing lookup SQL: select dv.object_id from public.docversion_source dv inner join public.classdef cd on dv.object_class_id = cd.object_id where 1=1 and cd.symbolic_name in (?) and (dv.u3a18_accno = ?) | Params: [BankAccount, ACC0B0EFA]
2026-07-20 22:51:56 [INFO ] [http-nio-8080-exec-10] c.m.service.ExceptionService : [EXCEPTIONS] Found 1 target IDs in 10ms
2026-07-20 22:51:56 [INFO ] [http-nio-8080-exec-10] c.m.service.ExceptionService : [EXCEPTIONS] Querying Source, Staging, Target tables for 1 object IDs
2026-07-20 22:51:56 [INFO ] [http-nio-8080-exec-10] c.m.service.ExceptionService : [EXCEPTIONS] Data retrieval completed in 300ms. Source: 1, Staging: 1, Target: 1
2026-07-20 22:51:56 [INFO ] [http-nio-8080-exec-10] c.m.controller.ExceptionController : [EXCEPTIONS] Exception check completed in 391ms.
2026-07-20 22:51:56 [INFO ] [http-nio-8080-exec-10] c.m.controller.ExceptionController : Ending method: checkExceptions
2026-07-20 22:52:51 [INFO ] [http-nio-8080-exec-2] c.m.c.ConfigurationController : Starting method: getUiSettings
2026-07-20 22:52:51 [INFO ] [http-nio-8080-exec-2] c.m.c.ConfigurationController : Ending method: getUiSettings
2026-07-20 22:53:01 [INFO ] [http-nio-8080-exec-4] c.m.c.ConfigurationController : Starting method: getUiSettings
2026-07-20 22:53:01 [INFO ] [http-nio-8080-exec-4] c.m.c.ConfigurationController : Ending method: getUiSettings
2026-07-20 22:53:01 [INFO ] [http-nio-8080-exec-5] c.m.c.ConfigurationController : Starting method: getConfig
2026-07-20 22:53:01 [INFO ] [http-nio-8080-exec-5] c.m.c.ConfigurationController : [CONFIG] Fetching cached tenant configuration
2026-07-20 22:53:01 [INFO ] [http-nio-8080-exec-5] c.m.c.ConfigurationController : Ending method: getConfig
2026-07-20 22:53:04 [INFO ] [http-nio-8080-exec-6] c.m.controller.DiscoveryController : Starting method: getDocumentClasses with arguments: appId=ccol, type=source
2026-07-20 22:53:04 [INFO ] [http-nio-8080-exec-6] c.m.controller.DiscoveryController : Ending method: getDocumentClasses
2026-07-20 22:53:06 [INFO ] [http-nio-8080-exec-7] c.m.controller.ExceptionController : Starting method: getMetadataFields with arguments: appId=ccol, documentClass=BankAccount
2026-07-20 22:53:06 [INFO ] [http-nio-8080-exec-7] c.m.controller.ExceptionController : Ending method: getMetadataFields
2026-07-20 22:53:16 [INFO ] [http-nio-8080-exec-8] c.m.controller.ExceptionController : Starting method: checkExceptions with arguments: criteria=com.migrationreport.dto.ExceptionCriteria@61d2e23a
2026-07-20 22:53:16 [INFO ] [http-nio-8080-exec-8] c.m.controller.ExceptionController : [EXCEPTIONS] Checking exceptions for Application: 'ccol'
2026-07-20 22:53:16 [INFO ] [http-nio-8080-exec-8] c.m.service.ExceptionService : [EXCEPTIONS] Executing lookup SQL: select dv.object_id from public.docversion_source dv inner join public.classdef cd on dv.object_class_id = cd.object_id where 1=1 and cd.symbolic_name in (?) and (dv.u3a18_accno = ?) | Params: [BankAccount, ACC0B0EFA]
2026-07-20 22:53:16 [INFO ] [http-nio-8080-exec-8] c.m.service.ExceptionService : [EXCEPTIONS] Found 1 target IDs in 12ms
2026-07-20 22:53:16 [INFO ] [http-nio-8080-exec-8] c.m.service.ExceptionService : [EXCEPTIONS] Querying Source, Staging, Target tables for 1 object IDs
2026-07-20 22:53:16 [INFO ] [http-nio-8080-exec-8] c.m.service.ExceptionService : [EXCEPTIONS] Data retrieval completed in 18ms. Source: 1, Staging: 1, Target: 1
2026-07-20 22:53:16 [INFO ] [http-nio-8080-exec-8] c.m.controller.ExceptionController : [EXCEPTIONS] Exception check completed in 77ms.
2026-07-20 22:53:16 [INFO ] [http-nio-8080-exec-8] c.m.controller.ExceptionController : Ending method: checkExceptions
2026-07-20 22:53:45 [INFO ] [http-nio-8080-exec-9] c.m.c.ConfigurationController : Starting method: getUiSettings
2026-07-20 22:53:45 [INFO ] [http-nio-8080-exec-9] c.m.c.ConfigurationController : Ending method: getUiSettings
2026-07-20 22:53:57 [INFO ] [http-nio-8080-exec-1] c.m.c.ConfigurationController : Starting method: getUiSettings
2026-07-20 22:53:57 [INFO ] [http-nio-8080-exec-1] c.m.c.ConfigurationController : Ending method: getUiSettings
2026-07-20 22:53:57 [INFO ] [http-nio-8080-exec-2] c.m.c.ConfigurationController : Starting method: getConfig
2026-07-20 22:53:57 [INFO ] [http-nio-8080-exec-2] c.m.c.ConfigurationController : [CONFIG] Fetching cached tenant configuration
2026-07-20 22:53:57 [INFO ] [http-nio-8080-exec-2] c.m.c.ConfigurationController : Ending method: getConfig
2026-07-20 22:54:00 [INFO ] [http-nio-8080-exec-3] c.m.controller.DiscoveryController : Starting method: getDocumentClasses with arguments: appId=ccol, type=source
2026-07-20 22:54:00 [INFO ] [http-nio-8080-exec-3] c.m.controller.DiscoveryController : Ending method: getDocumentClasses
2026-07-20 22:54:01 [INFO ] [http-nio-8080-exec-4] c.m.controller.ExceptionController : Starting method: getMetadataFields with arguments: appId=ccol, documentClass=BankAccount
2026-07-20 22:54:01 [INFO ] [http-nio-8080-exec-4] c.m.controller.ExceptionController : Ending method: getMetadataFields
2026-07-20 22:54:08 [INFO ] [http-nio-8080-exec-5] c.m.controller.ExceptionController : Starting method: checkExceptions with arguments: criteria=com.migrationreport.dto.ExceptionCriteria@10724596
2026-07-20 22:54:08 [INFO ] [http-nio-8080-exec-5] c.m.controller.ExceptionController : [EXCEPTIONS] Checking exceptions for Application: 'ccol'
2026-07-20 22:54:08 [INFO ] [http-nio-8080-exec-5] c.m.service.ExceptionService : [EXCEPTIONS] Executing lookup SQL: select dv.object_id from public.docversion_source dv inner join public.classdef cd on dv.object_class_id = cd.object_id where 1=1 and cd.symbolic_name in (?) and (dv.u3a18_accno = ?) | Params: [BankAccount, ACC0B0EFA]
2026-07-20 22:54:08 [INFO ] [http-nio-8080-exec-5] c.m.service.ExceptionService : [EXCEPTIONS] Found 1 target IDs in 12ms
2026-07-20 22:54:08 [INFO ] [http-nio-8080-exec-5] c.m.service.ExceptionService : [EXCEPTIONS] Querying Source, Staging, Target tables for 1 object IDs
2026-07-20 22:54:08 [INFO ] [http-nio-8080-exec-5] c.m.service.ExceptionService : [EXCEPTIONS] Data retrieval completed in 4ms. Source: 1, Staging: 1, Target: 1
2026-07-20 22:54:08 [INFO ] [http-nio-8080-exec-5] c.m.controller.ExceptionController : [EXCEPTIONS] Exception check completed in 54ms.
2026-07-20 22:54:08 [INFO ] [http-nio-8080-exec-5] c.m.controller.ExceptionController : Ending method: checkExceptions
2026-07-20 22:54:44 [INFO ] [http-nio-8080-exec-7] c.m.controller.ExceptionController : Starting method: getMetadataFields with arguments: appId=ccol, documentClass=null
2026-07-20 22:54:44 [INFO ] [http-nio-8080-exec-6] c.m.controller.DiscoveryController : Starting method: getDocumentClasses with arguments: appId=ccol, type=source
2026-07-20 22:54:44 [INFO ] [http-nio-8080-exec-6] c.m.controller.DiscoveryController : Ending method: getDocumentClasses
2026-07-20 22:54:44 [INFO ] [http-nio-8080-exec-7] c.m.controller.ExceptionController : Ending method: getMetadataFields
2026-07-20 22:54:45 [INFO ] [http-nio-8080-exec-8] c.m.controller.ExceptionController : Starting method: getMetadataFields with arguments: appId=ccol, documentClass=BankAccount
2026-07-20 22:54:45 [INFO ] [http-nio-8080-exec-8] c.m.controller.ExceptionController : Ending method: getMetadataFields
2026-07-20 22:54:48 [INFO ] [http-nio-8080-exec-10] c.m.controller.DeliverableController : Starting method: getMigrationReport with arguments: DeliverableRequest(applicationName=Ccol, documentClass=BankAccount, createdDate=null, startDate=null, endDate=null, migrationStatus=null)
2026-07-20 22:54:48 [INFO ] [http-nio-8080-exec-10] c.m.controller.DeliverableController : [DELIVERABLES] Generating migration report for application: Ccol
2026-07-20 22:54:48 [INFO ] [http-nio-8080-exec-10] c.m.service.DeliverableService : [DELIVERABLE] Executing Aggregated Query | SQL: select object_class_id as documentclass, count(*) as totaldocuments, coalesce(sum(coalesce(cast(nullif(content_size, '') as numeric),0))/1073741824.0,0) as totalfilesizegb, count(case when lower(migration_status) in ('success','migrated') then 1 end) as extractedfilenet, count(case when lower(migration_status) = 'failed' then 1 end) as extractionfailed, count(case when lower(migration_status) not in ('success','migrated','failed') then 1 end) as remaining, coalesce(sum(case when lower(migration_status) in ('success','migrated') then coalesce(cast(nullif(content_size, '') as numeric),0) else 0 end)/1073741824.0,0) as extractedfilesizegb, case when count(*)>0 then round(count(case when lower(migration_status) in ('success','migrated') then 1 end)*100.0/count(*),2) else 0 end as percentcompletion, case when count(*)>0 then round(count(case when lower(migration_status) = 'failed' then 1 end)*100.0/count(*),2) else 0 end as percentfailed, 0.0 as migrationruntimedays from public.docversion_stagging where 1=1 and object_class_id in (select object_id from public.classdef where lower(symbolic_name) = lower(?)) group by object_class_id order by object_class_id | Params: [BankAccount]
2026-07-20 22:54:48 [INFO ] [http-nio-8080-exec-10] c.m.controller.DeliverableController : [DELIVERABLES] Migration report generated in 26ms. Rows: 1
2026-07-20 22:54:48 [INFO ] [http-nio-8080-exec-10] c.m.controller.DeliverableController : Ending method: getMigrationReport
2026-07-20 22:54:51 [INFO ] [http-nio-8080-exec-2] c.m.controller.DeliverableController : Starting method: getMigrationReport with arguments: DeliverableRequest(applicationName=Ccol, documentClass=BankAccount, createdDate=null, startDate=null, endDate=null, migrationStatus=Success)
2026-07-20 22:54:51 [INFO ] [http-nio-8080-exec-2] c.m.controller.DeliverableController : [DELIVERABLES] Generating migration report for application: Ccol
2026-07-20 22:54:51 [INFO ] [http-nio-8080-exec-2] c.m.service.DeliverableService : [DELIVERABLE] Executing Detailed Query | SQL: select object_id, mime_type, content_size, u0448_cmacmmashupserveruri, u0528_cmacmdeploymentversionnu, u0cb8_bpayref, u1058_payeename, u12a8_targetobjectstorename, u1708_documenttitle, u1aa2_ignoreredirect, u1b08_layoutversionseriesid, u1bb6_loanterm, u1ce8_layoutid, u2672_cmacmregistered, u2918_entrytemplatedescription, u2a76_cmsearchschemaversion, u2d52_icnautorun, u2e28_componentbindinglabel, u3018_brokername, u3026_cmacmruletype, u3478_cmacmversionnumber, u3975_targetobjectclassid, u3a18_accno, u4176_cmacmvcscommitstatus, u46a8_accttype, u4ed4_txnamount, u5058_acctstatus, u5163_settledate, u5948_entrytemplatelaunchedwor, u5ce8_entrytemplateobjectstore, u6116_cmacmtype, u6173_cmacmvcsheartbeatdate, u6326_cmacmintegrationtype, u63a4_currentbalance, u63a8_preferencetype, u63b4_runbalance, u65d4_loanamount, u76f8_targetobjecttype, u7908_bsbnumber, u7ec8_applname, u8bd6_searchingobjecttype, u8ee3_txndate, u90b8_applno, u9528_txntype, u95a4_intrate, u9855_entrytemplateid, u9af8_propaddress, u9b28_txndesc, u9ba8_branchname, u9c18_txnstatus, ua0c2_icnshowintree, ua0d8_txnid, ua3a3_opendate, ua598_accholdername, uaa76_cmacmtargetenvironmentty, uaf94_availbalance, ub168_searchingobjectstores, ub376_cmacmworkflowconvertstat, ube06_searchtype, uc112_cmacmincludeswebapplicat, ud578_customobjecttype, ud818_applicationname, udf76_cmacmvcsdeliverstatus, ue148_applstatus, ue148_targetsiteid, ue4b8_description, uf8f8_custid, migration_status, migrated_date, error_info, extracted_status, extracted_date, p8_doc_id from public.docversion_stagging where 1=1 and object_class_id in (select object_id from public.classdef where lower(symbolic_name) = lower(?)) and lower(migration_status) in ('success', 'migrated') limit 5000 | Params: [BankAccount]
2026-07-20 22:54:51 [INFO ] [http-nio-8080-exec-2] c.m.controller.DeliverableController : [DELIVERABLES] Migration report generated in 364ms. Rows: 3062
2026-07-20 22:54:51 [INFO ] [http-nio-8080-exec-2] c.m.controller.DeliverableController : Ending method: getMigrationReport
2026-07-20 22:55:07 [INFO ] [http-nio-8080-exec-4] c.m.controller.DeliverableController : Starting method: getMigrationReport with arguments: DeliverableRequest(applicationName=Ccol, documentClass=BankAccount, createdDate=null, startDate=null, endDate=null, migrationStatus=Failed)
2026-07-20 22:55:07 [INFO ] [http-nio-8080-exec-4] c.m.controller.DeliverableController : [DELIVERABLES] Generating migration report for application: Ccol
2026-07-20 22:55:07 [INFO ] [http-nio-8080-exec-4] c.m.service.DeliverableService : [DELIVERABLE] Executing Detailed Query | SQL: select object_id, mime_type, content_size, u0448_cmacmmashupserveruri, u0528_cmacmdeploymentversionnu, u0cb8_bpayref, u1058_payeename, u12a8_targetobjectstorename, u1708_documenttitle, u1aa2_ignoreredirect, u1b08_layoutversionseriesid, u1bb6_loanterm, u1ce8_layoutid, u2672_cmacmregistered, u2918_entrytemplatedescription, u2a76_cmsearchschemaversion, u2d52_icnautorun, u2e28_componentbindinglabel, u3018_brokername, u3026_cmacmruletype, u3478_cmacmversionnumber, u3975_targetobjectclassid, u3a18_accno, u4176_cmacmvcscommitstatus, u46a8_accttype, u4ed4_txnamount, u5058_acctstatus, u5163_settledate, u5948_entrytemplatelaunchedwor, u5ce8_entrytemplateobjectstore, u6116_cmacmtype, u6173_cmacmvcsheartbeatdate, u6326_cmacmintegrationtype, u63a4_currentbalance, u63a8_preferencetype, u63b4_runbalance, u65d4_loanamount, u76f8_targetobjecttype, u7908_bsbnumber, u7ec8_applname, u8bd6_searchingobjecttype, u8ee3_txndate, u90b8_applno, u9528_txntype, u95a4_intrate, u9855_entrytemplateid, u9af8_propaddress, u9b28_txndesc, u9ba8_branchname, u9c18_txnstatus, ua0c2_icnshowintree, ua0d8_txnid, ua3a3_opendate, ua598_accholdername, uaa76_cmacmtargetenvironmentty, uaf94_availbalance, ub168_searchingobjectstores, ub376_cmacmworkflowconvertstat, ube06_searchtype, uc112_cmacmincludeswebapplicat, ud578_customobjecttype, ud818_applicationname, udf76_cmacmvcsdeliverstatus, ue148_applstatus, ue148_targetsiteid, ue4b8_description, uf8f8_custid, migration_status, migrated_date, error_info, extracted_status, extracted_date, p8_doc_id from public.docversion_stagging where 1=1 and object_class_id in (select object_id from public.classdef where lower(symbolic_name) = lower(?)) and lower(migration_status) = 'failed' limit 5000 | Params: [BankAccount]
2026-07-20 22:55:07 [INFO ] [http-nio-8080-exec-4] c.m.controller.DeliverableController : [DELIVERABLES] Migration report generated in 26ms. Rows: 10
2026-07-20 22:55:07 [INFO ] [http-nio-8080-exec-4] c.m.controller.DeliverableController : Ending method: getMigrationReport
2026-07-20 22:55:20 [INFO ] [http-nio-8080-exec-5] c.m.controller.DiscoveryController : Starting method: getDocumentClasses with arguments: appId=ccol, type=source
2026-07-20 22:55:20 [INFO ] [http-nio-8080-exec-5] c.m.controller.DiscoveryController : Ending method: getDocumentClasses
2026-07-20 22:55:23 [INFO ] [http-nio-8080-exec-7] c.m.controller.ChecksumController : Starting method: getReport with arguments: ChecksumReportRequest(appId=ccol, documentClass=BankAccount, fromDate=null, toDate=null, migrationStatus=Success)
2026-07-20 22:55:23 [INFO ] [http-nio-8080-exec-7] c.m.controller.ChecksumController : [CHECKSUM] Generating checksum report for Application: 'ccol'
2026-07-20 22:55:23 [INFO ] [http-nio-8080-exec-7] c.m.service.ChecksumService : [CHECKSUM] Executing SQL: select c.documentid, c.checksumbefore, c.checksumafter, c.filename, c.checksum_status, s.* from public.checksum c inner join public.docversion_stagging s on c.documentid = s.object_id where 1=1 and lower(s.migration_status) in ('success', 'migrated') and s.object_class_id in (select object_id from public.classdef where lower(symbolic_name) = lower(?)) | Params: [BankAccount]
2026-07-20 22:55:24 [INFO ] [http-nio-8080-exec-7] c.m.service.ChecksumService : [CHECKSUM] Query executed in 466ms. Found 2200 records.
2026-07-20 22:55:24 [INFO ] [http-nio-8080-exec-7] c.m.controller.ChecksumController : [CHECKSUM] Checksum report generated in 600ms. Total Records Analyzed: 2200
2026-07-20 22:55:24 [INFO ] [http-nio-8080-exec-7] c.m.controller.ChecksumController : Ending method: getReport
2026-07-20 22:55:34 [INFO ] [RMI TCP Connection(8)-127.0.0.1] o.s.b.a.SpringApplicationAdminMXBeanRegistrar$SpringApplicationAdmin : Application shutdown requested.
2026-07-20 22:55:34 [INFO ] [RMI TCP Connection(8)-127.0.0.1] o.s.boot.tomcat.GracefulShutdown : Commencing graceful shutdown. Waiting for active requests to complete
2026-07-20 22:55:34 [INFO ] [tomcat-shutdown] o.s.boot.tomcat.GracefulShutdown : Graceful shutdown complete
2026-07-20 22:55:34 [INFO ] [RMI TCP Connection(8)-127.0.0.1] o.s.o.j.LocalContainerEntityManagerFactoryBean : Closing JPA EntityManagerFactory for persistence unit 'default'
2026-07-20 22:55:34 [INFO ] [RMI TCP Connection(8)-127.0.0.1] com.zaxxer.hikari.HikariDataSource : HikariPool-1 - Shutdown initiated...
2026-07-20 22:55:34 [INFO ] [RMI TCP Connection(8)-127.0.0.1] com.zaxxer.hikari.HikariDataSource : HikariPool-1 - Shutdown completed.
2026-07-20 23:35:51 [INFO ] [main] c.m.MigrationReportApplicationTests : Starting MigrationReportApplicationTests using Java 21.0.7 with PID 30360 (started by Shaik Firoz in D:\MigrationReportTool\Backend\MigrationReport)
2026-07-20 23:35:51 [INFO ] [main] c.m.MigrationReportApplicationTests : No active profile set, falling back to 1 default profile: "default"
2026-07-20 23:35:53 [INFO ] [main] o.s.d.r.c.RepositoryConfigurationDelegate : Bootstrapping Spring Data JPA repositories in DEFAULT mode.
2026-07-20 23:35:53 [INFO ] [main] o.s.d.r.c.RepositoryConfigurationDelegate : Finished Spring Data repository scanning in 149 ms. Found 1 JPA repository interface.
2026-07-20 23:35:55 [INFO ] [main] c.m.config.DataSourceConfig : [CONFIG] Loaded database configuration for active type postgres from D:\MigrationReportTool\Backend\MigrationReport\config\db-config.json
2026-07-20 23:35:55 [INFO ] [main] org.hibernate.orm.jpa : HHH008540: Processing PersistenceUnitInfo [name: default]
2026-07-20 23:35:55 [INFO ] [main] org.hibernate.orm.core : HHH000001: Hibernate ORM core version 7.4.1.Final
2026-07-20 23:35:57 [INFO ] [main] o.s.o.j.p.SpringPersistenceUnitInfo : No LoadTimeWeaver setup: ignoring JPA class transformer
2026-07-20 23:35:57 [INFO ] [main] com.zaxxer.hikari.HikariDataSource : HikariPool-1 - Starting...
2026-07-20 23:35:57 [INFO ] [main] com.zaxxer.hikari.pool.HikariPool : HikariPool-1 - Added connection org.postgresql.jdbc.PgConnection@477bea57
2026-07-20 23:35:57 [INFO ] [main] com.zaxxer.hikari.HikariDataSource : HikariPool-1 - Start completed.
2026-07-20 23:35:57 [INFO ] [main] o.hibernate.orm.connections.pooling : HHH10001005: Database info:	Database JDBC URL [jdbc:postgresql://localhost:5432/Migration]	Database driver: PostgreSQL JDBC Driver	Database dialect: PostgreSQLDialect	Database version: 16.9	Default catalog/schema: Migration/public	Autocommit mode: undefined/unknown	Isolation level: READ_COMMITTED [default READ_COMMITTED]	JDBC fetch size: none	Pool: DataSourceConnectionProvider	Minimum pool size: undefined/unknown	Maximum pool size: undefined/unknown
2026-07-20 23:35:59 [INFO ] [main] org.hibernate.orm.core : HHH000489: No JTA platform available (set 'hibernate.transaction.jta.platform' to enable JTA platform integration)
2026-07-20 23:35:59 [INFO ] [main] o.s.o.j.LocalContainerEntityManagerFactoryBean : Initialized JPA EntityManagerFactory for persistence unit 'default'
2026-07-20 23:36:00 [INFO ] [main] o.s.d.j.r.q.QueryEnhancerFactories : Hibernate is in classpath; If applicable, HQL parser will be used.
2026-07-20 23:36:00 [INFO ] [main] c.m.service.ConfigurationService : [CONFIG] Loading tenant configuration from D:\MigrationReportTool\Backend\MigrationReport\config\tenant-mappings.json
2026-07-20 23:36:00 [INFO ] [main] c.m.service.ConfigurationService : [CONFIG] Loaded 1 applications from config.
2026-07-20 23:36:00 [INFO ] [main] c.m.dialect.DialectConfig : [DIALECT] Initializing PostgreSQL Dialect provider...
2026-07-20 23:36:00 [INFO ] [main] c.m.service.PropertyMappingService : [MAPPING] Loading property mapping templates from D:\MigrationReportTool\Backend\MigrationReport\config\property-mapping-templates.json
2026-07-20 23:36:00 [WARN ] [main] o.s.b.j.a.JpaBaseConfiguration$JpaWebConfiguration : spring.jpa.open-in-view is enabled by default. Therefore, database queries may be performed during view rendering. Explicitly configure spring.jpa.open-in-view to disable this warning
2026-07-20 23:36:01 [INFO ] [main] c.m.MigrationReportApplicationTests : Started MigrationReportApplicationTests in 11.019 seconds (process running for 13.339)
2026-07-20 23:36:02 [INFO ] [SpringApplicationShutdownHook] o.s.o.j.LocalContainerEntityManagerFactoryBean : Closing JPA EntityManagerFactory for persistence unit 'default'
2026-07-20 23:36:02 [INFO ] [SpringApplicationShutdownHook] com.zaxxer.hikari.HikariDataSource : HikariPool-1 - Shutdown initiated...
2026-07-20 23:36:02 [INFO ] [SpringApplicationShutdownHook] com.zaxxer.hikari.HikariDataSource : HikariPool-1 - Shutdown completed.
2026-07-20 23:39:46 [INFO ] [main] c.m.MigrationReportApplication : Starting MigrationReportApplication using Java 21.0.1 with PID 26556 (D:\MigrationReportTool\Backend\MigrationReport\target\classes started by Shaik Firoz in D:\MigrationReportTool\Backend\MigrationReport)
2026-07-20 23:39:46 [INFO ] [main] c.m.MigrationReportApplication : No active profile set, falling back to 1 default profile: "default"
2026-07-20 23:40:20 [INFO ] [main] c.m.MigrationReportApplicationTests : Starting MigrationReportApplicationTests using Java 21.0.1 with PID 36100 (started by Shaik Firoz in D:\MigrationReportTool\Backend\MigrationReport)
2026-07-20 23:40:20 [INFO ] [main] c.m.MigrationReportApplicationTests : No active profile set, falling back to 1 default profile: "default"
2026-07-20 23:40:21 [INFO ] [main] o.s.d.r.c.RepositoryConfigurationDelegate : Bootstrapping Spring Data JPA repositories in DEFAULT mode.
2026-07-20 23:40:21 [INFO ] [main] o.s.d.r.c.RepositoryConfigurationDelegate : Finished Spring Data repository scanning in 71 ms. Found 1 JPA repository interface.
2026-07-20 23:40:22 [INFO ] [main] c.m.config.DataSourceConfig : [CONFIG] Loaded database configuration for active type postgres from D:\MigrationReportTool\Backend\MigrationReport\config\db-config.json
2026-07-20 23:40:22 [INFO ] [main] org.hibernate.orm.jpa : HHH008540: Processing PersistenceUnitInfo [name: default]
2026-07-20 23:40:23 [INFO ] [main] org.hibernate.orm.core : HHH000001: Hibernate ORM core version 7.4.1.Final
2026-07-20 23:40:23 [INFO ] [main] o.s.o.j.p.SpringPersistenceUnitInfo : No LoadTimeWeaver setup: ignoring JPA class transformer
2026-07-20 23:40:24 [INFO ] [main] com.zaxxer.hikari.HikariDataSource : HikariPool-1 - Starting...
2026-07-20 23:40:24 [INFO ] [main] com.zaxxer.hikari.pool.HikariPool : HikariPool-1 - Added connection org.postgresql.jdbc.PgConnection@4f65af91
2026-07-20 23:40:24 [INFO ] [main] com.zaxxer.hikari.HikariDataSource : HikariPool-1 - Start completed.
2026-07-20 23:40:24 [INFO ] [main] o.hibernate.orm.connections.pooling : HHH10001005: Database info:	Database JDBC URL [jdbc:postgresql://localhost:5432/Migration]	Database driver: PostgreSQL JDBC Driver	Database dialect: PostgreSQLDialect	Database version: 16.9	Default catalog/schema: Migration/public	Autocommit mode: undefined/unknown	Isolation level: READ_COMMITTED [default READ_COMMITTED]	JDBC fetch size: none	Pool: DataSourceConnectionProvider	Minimum pool size: undefined/unknown	Maximum pool size: undefined/unknown
2026-07-20 23:40:26 [INFO ] [main] org.hibernate.orm.core : HHH000489: No JTA platform available (set 'hibernate.transaction.jta.platform' to enable JTA platform integration)
2026-07-20 23:40:26 [INFO ] [main] o.s.o.j.LocalContainerEntityManagerFactoryBean : Initialized JPA EntityManagerFactory for persistence unit 'default'
2026-07-20 23:40:26 [INFO ] [main] o.s.d.j.r.q.QueryEnhancerFactories : Hibernate is in classpath; If applicable, HQL parser will be used.
2026-07-20 23:40:26 [INFO ] [main] c.m.service.ConfigurationService : [CONFIG] Loading tenant configuration from D:\MigrationReportTool\Backend\MigrationReport\config\tenant-mappings.json
2026-07-20 23:40:26 [INFO ] [main] c.m.service.ConfigurationService : [CONFIG] Loaded 1 applications from config.
2026-07-20 23:40:26 [INFO ] [main] c.m.dialect.DialectConfig : [DIALECT] Initializing PostgreSQL Dialect provider...
2026-07-20 23:40:26 [INFO ] [main] c.m.service.PropertyMappingService : [MAPPING] Loading property mapping templates from D:\MigrationReportTool\Backend\MigrationReport\config\property-mapping-templates.json
2026-07-20 23:40:26 [WARN ] [main] o.s.b.j.a.JpaBaseConfiguration$JpaWebConfiguration : spring.jpa.open-in-view is enabled by default. Therefore, database queries may be performed during view rendering. Explicitly configure spring.jpa.open-in-view to disable this warning
2026-07-20 23:40:27 [INFO ] [main] c.m.MigrationReportApplicationTests : Started MigrationReportApplicationTests in 7.348 seconds (process running for 9.323)
2026-07-20 23:40:28 [INFO ] [SpringApplicationShutdownHook] o.s.o.j.LocalContainerEntityManagerFactoryBean : Closing JPA EntityManagerFactory for persistence unit 'default'
2026-07-20 23:40:28 [INFO ] [SpringApplicationShutdownHook] com.zaxxer.hikari.HikariDataSource : HikariPool-1 - Shutdown initiated...
2026-07-20 23:40:28 [INFO ] [SpringApplicationShutdownHook] com.zaxxer.hikari.HikariDataSource : HikariPool-1 - Shutdown completed.
2026-07-20 23:40:54 [INFO ] [main] c.m.MigrationReportApplication : Starting MigrationReportApplication using Java 21.0.1 with PID 30400 (D:\MigrationReportTool\Backend\MigrationReport\target\classes started by Shaik Firoz in D:\MigrationReportTool\Backend\MigrationReport)
2026-07-20 23:40:54 [INFO ] [main] c.m.MigrationReportApplication : No active profile set, falling back to 1 default profile: "default"
2026-07-20 23:40:55 [INFO ] [main] o.s.d.r.c.RepositoryConfigurationDelegate : Bootstrapping Spring Data JPA repositories in DEFAULT mode.
2026-07-20 23:40:55 [INFO ] [main] o.s.d.r.c.RepositoryConfigurationDelegate : Finished Spring Data repository scanning in 35 ms. Found 1 JPA repository interface.
2026-07-20 23:40:55 [INFO ] [main] o.s.boot.tomcat.TomcatWebServer : Tomcat initialized with port 8080 (http)
2026-07-20 23:40:55 [INFO ] [main] o.a.catalina.core.StandardService : Starting service [Tomcat]
2026-07-20 23:40:55 [INFO ] [main] o.a.catalina.core.StandardEngine : Starting Servlet engine: [Apache Tomcat/11.0.24]
2026-07-20 23:40:55 [INFO ] [main] o.s.b.w.c.s.WebApplicationContextInitializer : Root WebApplicationContext: initialization completed in 925 ms
2026-07-20 23:40:55 [INFO ] [main] c.m.config.DataSourceConfig : [CONFIG] Loaded database configuration for active type postgres from D:\MigrationReportTool\Backend\MigrationReport\config\db-config.json
2026-07-20 23:40:55 [INFO ] [main] org.hibernate.orm.jpa : HHH008540: Processing PersistenceUnitInfo [name: default]
2026-07-20 23:40:55 [INFO ] [main] org.hibernate.orm.core : HHH000001: Hibernate ORM core version 7.4.1.Final
2026-07-20 23:40:56 [INFO ] [main] o.s.o.j.p.SpringPersistenceUnitInfo : No LoadTimeWeaver setup: ignoring JPA class transformer
2026-07-20 23:40:56 [INFO ] [main] com.zaxxer.hikari.HikariDataSource : HikariPool-1 - Starting...
2026-07-20 23:40:56 [INFO ] [main] com.zaxxer.hikari.pool.HikariPool : HikariPool-1 - Added connection org.postgresql.jdbc.PgConnection@7845ee8a
2026-07-20 23:40:56 [INFO ] [main] com.zaxxer.hikari.HikariDataSource : HikariPool-1 - Start completed.
2026-07-20 23:40:56 [INFO ] [main] o.hibernate.orm.connections.pooling : HHH10001005: Database info:	Database JDBC URL [jdbc:postgresql://localhost:5432/Migration]	Database driver: PostgreSQL JDBC Driver	Database dialect: PostgreSQLDialect	Database version: 16.9	Default catalog/schema: Migration/public	Autocommit mode: undefined/unknown	Isolation level: READ_COMMITTED [default READ_COMMITTED]	JDBC fetch size: none	Pool: DataSourceConnectionProvider	Minimum pool size: undefined/unknown	Maximum pool size: undefined/unknown
2026-07-20 23:40:57 [INFO ] [main] org.hibernate.orm.core : HHH000489: No JTA platform available (set 'hibernate.transaction.jta.platform' to enable JTA platform integration)
2026-07-20 23:40:57 [INFO ] [main] o.s.o.j.LocalContainerEntityManagerFactoryBean : Initialized JPA EntityManagerFactory for persistence unit 'default'
2026-07-20 23:40:57 [INFO ] [main] o.s.d.j.r.q.QueryEnhancerFactories : Hibernate is in classpath; If applicable, HQL parser will be used.
2026-07-20 23:40:57 [INFO ] [main] c.m.service.ConfigurationService : [CONFIG] Loading tenant configuration from D:\MigrationReportTool\Backend\MigrationReport\config\tenant-mappings.json
2026-07-20 23:40:57 [INFO ] [main] c.m.service.ConfigurationService : [CONFIG] Loaded 1 applications from config.
2026-07-20 23:40:57 [INFO ] [main] c.m.dialect.DialectConfig : [DIALECT] Initializing PostgreSQL Dialect provider...
2026-07-20 23:40:57 [INFO ] [main] c.m.service.PropertyMappingService : [MAPPING] Loading property mapping templates from D:\MigrationReportTool\Backend\MigrationReport\config\property-mapping-templates.json
2026-07-20 23:40:57 [WARN ] [main] o.s.b.j.a.JpaBaseConfiguration$JpaWebConfiguration : spring.jpa.open-in-view is enabled by default. Therefore, database queries may be performed during view rendering. Explicitly configure spring.jpa.open-in-view to disable this warning
2026-07-20 23:40:57 [INFO ] [main] o.s.boot.tomcat.TomcatWebServer : Tomcat started on port 8080 (http) with context path '/'
2026-07-20 23:40:57 [INFO ] [main] c.m.MigrationReportApplication : Started MigrationReportApplication in 3.383 seconds (process running for 4.02)
2026-07-20 23:44:51 [INFO ] [http-nio-8080-exec-1] o.a.c.c.C.[Tomcat].[localhost].[/] : Initializing Spring DispatcherServlet 'dispatcherServlet'
2026-07-20 23:44:51 [INFO ] [http-nio-8080-exec-1] o.s.web.servlet.DispatcherServlet : Initializing Servlet 'dispatcherServlet'
2026-07-20 23:44:51 [INFO ] [http-nio-8080-exec-1] o.s.web.servlet.DispatcherServlet : Completed initialization in 3 ms
2026-07-20 23:44:51 [INFO ] [http-nio-8080-exec-3] c.m.c.ConfigurationController : Starting method: getConfig
2026-07-20 23:44:51 [INFO ] [http-nio-8080-exec-3] c.m.c.ConfigurationController : [CONFIG] Fetching cached tenant configuration
2026-07-20 23:44:51 [INFO ] [http-nio-8080-exec-3] c.m.c.ConfigurationController : Ending method: getConfig
2026-07-20 23:44:55 [INFO ] [http-nio-8080-exec-2] c.m.controller.DiscoveryController : Starting method: getDocumentClasses with arguments: appId=ccol, type=all
2026-07-20 23:44:55 [WARN ] [http-nio-8080-exec-2] c.m.service.DiscoveryService : Failed to fetch classes from tables. Falling back to classdef. Error: StatementCallback; bad SQL grammar [SELECT DISTINCT cd.symbolic_name FROM public.docversion_source dv JOIN public.classdef cd ON dv.object_class_id = cd.object_id WHERE cd.symbolic_name IS NOT NULL AND CAST(cd.sys_owned_bool AS VARCHAR) IN ('0', 'false', 'FALSE') UNION SELECT DISTINCT cd.symbolic_name FROM public.docversion_stagging dv JOIN public.classdef cd ON dv.object_class_id = cd.object_id WHERE cd.symbolic_name IS NOT NULL AND CAST(cd.sys_owned_bool AS VARCHAR) IN ('0', 'false', 'FALSE') UNION SELECT DISTINCT cd.symbolic_name FROM public.docversion_target dv JOIN public.classdef cd ON dv.object_class_id = cd.object_id WHERE cd.symbolic_name IS NOT NULL AND CAST(cd.sys_owned_bool AS VARCHAR) IN ('0', 'false', 'FALSE') UNION SELECT DISTINCT cd.symbolic_name FROM public.classdef dv JOIN public.classdef cd ON dv.object_class_id = cd.object_id WHERE cd.symbolic_name IS NOT NULL AND CAST(cd.sys_owned_bool AS VARCHAR) IN ('0', 'false', 'FALSE') UNION SELECT DISTINCT cd.symbolic_name FROM public.annotation dv JOIN public.classdef cd ON dv.object_class_id = cd.object_id WHERE cd.symbolic_name IS NOT NULL AND CAST(cd.sys_owned_bool AS VARCHAR) IN ('0', 'false', 'FALSE') UNION SELECT DISTINCT cd.symbolic_name FROM public.content dv JOIN public.classdef cd ON dv.object_class_id = cd.object_id WHERE cd.symbolic_name IS NOT NULL AND CAST(cd.sys_owned_bool AS VARCHAR) IN ('0', 'false', 'FALSE') UNION SELECT DISTINCT cd.symbolic_name FROM public.generic dv JOIN public.classdef cd ON dv.object_class_id = cd.object_id WHERE cd.symbolic_name IS NOT NULL AND CAST(cd.sys_owned_bool AS VARCHAR) IN ('0', 'false', 'FALSE') UNION SELECT DISTINCT cd.symbolic_name FROM public.checksum dv JOIN public.classdef cd ON dv.object_class_id = cd.object_id WHERE cd.symbolic_name IS NOT NULL AND CAST(cd.sys_owned_bool AS VARCHAR) IN ('0', 'false', 'FALSE') UNION SELECT DISTINCT cd.symbolic_name FROM public.columndef dv JOIN public.classdef cd ON dv.object_class_id = cd.object_id WHERE cd.symbolic_name IS NOT NULL AND CAST(cd.sys_owned_bool AS VARCHAR) IN ('0', 'false', 'FALSE') UNION SELECT DISTINCT cd.symbolic_name FROM public.propertydef dv JOIN public.classdef cd ON dv.object_class_id = cd.object_id WHERE cd.symbolic_name IS NOT NULL AND CAST(cd.sys_owned_bool AS VARCHAR) IN ('0', 'false', 'FALSE') UNION SELECT DISTINCT cd.symbolic_name FROM public.globalpropertydef dv JOIN public.classdef cd ON dv.object_class_id = cd.object_id WHERE cd.symbolic_name IS NOT NULL AND CAST(cd.sys_owned_bool AS VARCHAR) IN ('0', 'false', 'FALSE')]
2026-07-20 23:44:55 [INFO ] [http-nio-8080-exec-2] c.m.controller.DiscoveryController : Ending method: getDocumentClasses
2026-07-20 23:44:59 [INFO ] [http-nio-8080-exec-4] c.m.controller.DiscoveryController : Starting method: generateReport with arguments: endpoint=doc-class-list, criteria=com.migrationreport.dto.DiscoveryCriteria@2a700618
2026-07-20 23:44:59 [INFO ] [http-nio-8080-exec-4] c.m.controller.DiscoveryController : [DISCOVERY] Generating 'doc-class-list' report for App: 'ccol'
2026-07-20 23:44:59 [INFO ] [http-nio-8080-exec-4] c.m.service.DiscoveryService : [DISCOVERY] Executing Report Endpoint: 'doc-class-list' | SQL: select cd.symbolic_name as class_name, count(*) as doc_count from public.docversion_source dv left join public.classdef cd on dv.object_class_id = cd.object_id  where 1=1 and cast(cd.sys_owned_bool as varchar) in ('0', 'false', 'false')  and cd.symbolic_name not like 'cmacm%'  and cd.symbolic_name not like 'cmxt%'  and cd.symbolic_name not like 'cm%'  and cd.symbolic_name not like 'preferences%'  and cd.symbolic_name not in ('entrytemplate', 'storedsearch', 'recordstemplate', 'webcontenttemplate', 'relateditems', 'p8aelink')  group by cd.symbolic_name | Params: []
2026-07-20 23:44:59 [INFO ] [http-nio-8080-exec-4] c.m.service.DiscoveryService : [DISCOVERY] Report executed in 64ms. Found 3 records.
2026-07-20 23:44:59 [INFO ] [http-nio-8080-exec-4] c.m.controller.DiscoveryController : [DISCOVERY] 'doc-class-list' report generated in 73ms. Found 3 records.
2026-07-20 23:44:59 [INFO ] [http-nio-8080-exec-4] c.m.controller.DiscoveryController : Ending method: generateReport
2026-07-20 23:45:10 [INFO ] [http-nio-8080-exec-7] c.m.controller.DiscoveryController : Starting method: generateReport with arguments: endpoint=custom-object-trend, criteria=com.migrationreport.dto.DiscoveryCriteria@fb3896e
2026-07-20 23:45:10 [INFO ] [http-nio-8080-exec-7] c.m.controller.DiscoveryController : [DISCOVERY] Generating 'custom-object-trend' report for App: 'ccol'
2026-07-20 23:45:10 [INFO ] [http-nio-8080-exec-7] c.m.service.DiscoveryService : [DISCOVERY] Executing Report Endpoint: 'custom-object-trend' | SQL: select cd.symbolic_name as class_name, count(dv.object_id) as total_documents  from public.generic dv inner join public.classdef cd on dv.object_class_id = cd.object_id  where 1=1 and cast(cd.sys_owned_bool as varchar) in ('0', 'false', 'false')  and cd.symbolic_name not like 'cmacm%'  and cd.symbolic_name not like 'cmxt%'  and cd.symbolic_name not like 'cm%'  and cd.symbolic_name not like 'preferences%'  and cd.symbolic_name not in ('entrytemplate', 'storedsearch', 'recordstemplate', 'webcontenttemplate', 'relateditems', 'p8aelink')  group by cd.symbolic_name order by cd.symbolic_name | Params: []
2026-07-20 23:45:10 [INFO ] [http-nio-8080-exec-7] c.m.service.DiscoveryService : [DISCOVERY] Report executed in 8ms. Found 1 records.
2026-07-20 23:45:10 [INFO ] [http-nio-8080-exec-7] c.m.controller.DiscoveryController : [DISCOVERY] 'custom-object-trend' report generated in 8ms. Found 1 records.
2026-07-20 23:45:10 [INFO ] [http-nio-8080-exec-7] c.m.controller.DiscoveryController : Ending method: generateReport
2026-07-20 23:45:15 [INFO ] [http-nio-8080-exec-9] c.m.controller.DiscoveryController : Starting method: generateReport with arguments: endpoint=doc-count, criteria=com.migrationreport.dto.DiscoveryCriteria@6692e68d
2026-07-20 23:45:15 [INFO ] [http-nio-8080-exec-9] c.m.controller.DiscoveryController : [DISCOVERY] Generating 'doc-count' report for App: 'ccol'
2026-07-20 23:45:15 [INFO ] [http-nio-8080-exec-9] c.m.service.DiscoveryService : [DISCOVERY] Executing Report Endpoint: 'doc-count' | SQL: select cd.symbolic_name as class_name, min(dv.create_date) as earliest_created, max(dv.create_date) as latest_created, count(dv.object_id) as total_documents, coalesce(sum(cast(dv.content_size as numeric)), 0) as total_size_bytes, coalesce(min(cast(dv.content_size as numeric)), 0) as min_size_bytes, coalesce(max(cast(dv.content_size as numeric)), 0) as max_size_bytes, cast(coalesce(sum(cast(dv.content_size as numeric)), 0) / 1073741824.0 as numeric(15, 6)) as total_size_gb  from public.docversion_source dv inner join public.classdef cd on dv.object_class_id = cd.object_id  where 1=1 and cast(cd.sys_owned_bool as varchar) in ('0', 'false', 'false')  and cd.symbolic_name not like 'cmacm%'  and cd.symbolic_name not like 'cmxt%'  and cd.symbolic_name not like 'cm%'  and cd.symbolic_name not like 'preferences%'  and cd.symbolic_name not in ('entrytemplate', 'storedsearch', 'recordstemplate', 'webcontenttemplate', 'relateditems', 'p8aelink')  and dv.create_date is not null group by cd.symbolic_name order by class_name | Params: []
2026-07-20 23:45:15 [INFO ] [http-nio-8080-exec-9] c.m.service.DiscoveryService : [DISCOVERY] Report executed in 50ms. Found 3 records.
2026-07-20 23:45:15 [INFO ] [http-nio-8080-exec-9] c.m.controller.DiscoveryController : [DISCOVERY] 'doc-count' report generated in 50ms. Found 3 records.
2026-07-20 23:45:15 [INFO ] [http-nio-8080-exec-9] c.m.controller.DiscoveryController : Ending method: generateReport
2026-07-20 23:45:18 [INFO ] [http-nio-8080-exec-1] c.m.controller.DiscoveryController : Starting method: generateReport with arguments: endpoint=doc-mime, criteria=com.migrationreport.dto.DiscoveryCriteria@7d4ad109
2026-07-20 23:45:18 [INFO ] [http-nio-8080-exec-1] c.m.controller.DiscoveryController : [DISCOVERY] Generating 'doc-mime' report for App: 'ccol'
2026-07-20 23:45:18 [INFO ] [http-nio-8080-exec-1] c.m.service.DiscoveryService : [DISCOVERY] Executing Report Endpoint: 'doc-mime' | SQL: select coalesce(dv.mime_type, 'no mime type') as mime_type, count(*) as doc_count from public.docversion_source dv left join public.classdef cd on dv.object_class_id = cd.object_id  where 1=1 and cast(cd.sys_owned_bool as varchar) in ('0', 'false', 'false')  and cd.symbolic_name not like 'cmacm%'  and cd.symbolic_name not like 'cmxt%'  and cd.symbolic_name not like 'cm%'  and cd.symbolic_name not like 'preferences%'  and cd.symbolic_name not in ('entrytemplate', 'storedsearch', 'recordstemplate', 'webcontenttemplate', 'relateditems', 'p8aelink')  group by coalesce(dv.mime_type, 'no mime type') order by doc_count desc | Params: []
2026-07-20 23:45:18 [INFO ] [http-nio-8080-exec-1] c.m.service.DiscoveryService : [DISCOVERY] Report executed in 12ms. Found 6 records.
2026-07-20 23:45:18 [INFO ] [http-nio-8080-exec-1] c.m.controller.DiscoveryController : [DISCOVERY] 'doc-mime' report generated in 12ms. Found 6 records.
2026-07-20 23:45:18 [INFO ] [http-nio-8080-exec-1] c.m.controller.DiscoveryController : Ending method: generateReport
2026-07-20 23:45:22 [INFO ] [http-nio-8080-exec-2] c.m.controller.DiscoveryController : Starting method: generateReport with arguments: endpoint=size-bucket, criteria=com.migrationreport.dto.DiscoveryCriteria@6f2bb0ad
2026-07-20 23:45:22 [INFO ] [http-nio-8080-exec-2] c.m.controller.DiscoveryController : [DISCOVERY] Generating 'size-bucket' report for App: 'ccol'
2026-07-20 23:45:22 [INFO ] [http-nio-8080-exec-2] c.m.service.DiscoveryService : [DISCOVERY] Executing Report Endpoint: 'size-bucket' | SQL: select case when cast(dv.content_size as numeric) is null then '0. no content' when cast(dv.content_size as numeric) = 0 then '1. zero bytes' when cast(dv.content_size as numeric) between 1 and 102399 then '2. under 100 kb' when cast(dv.content_size as numeric) between 102400 and 511999 then '3. 100 kb - 500 kb' when cast(dv.content_size as numeric) between 512000 and 1048575 then '4. 500 kb - 1 mb' when cast(dv.content_size as numeric) between 1048576 and 5242879 then '5. 1 mb - 5 mb' when cast(dv.content_size as numeric) between 5242880 and 10485759 then '6. 5 mb - 10 mb' when cast(dv.content_size as numeric) between 10485760 and 26214399 then '7. 10 mb - 25 mb' when cast(dv.content_size as numeric) between 26214400 and 52428799 then '8. 25 mb - 50 mb' when cast(dv.content_size as numeric) between 52428800 and 104857599 then '9. 50 mb - 100 mb' else '10. over 100 mb' end as size_range, count(dv.object_id) as total_documents, coalesce(sum(cast(dv.content_size as numeric)), 0) as total_size_bytes, cast(coalesce(sum(cast(dv.content_size as numeric)), 0) / 1048576.0 as numeric(15, 6)) as total_size_mb, cast(coalesce(sum(cast(dv.content_size as numeric)), 0) / 1073741824.0 as numeric(15, 6)) as total_size_gb  from public.docversion_source dv left join public.classdef cd on dv.object_class_id = cd.object_id  where 1=1 and cast(cd.sys_owned_bool as varchar) in ('0', 'false', 'false')  and cd.symbolic_name not like 'cmacm%'  and cd.symbolic_name not like 'cmxt%'  and cd.symbolic_name not like 'cm%'  and cd.symbolic_name not like 'preferences%'  and cd.symbolic_name not in ('entrytemplate', 'storedsearch', 'recordstemplate', 'webcontenttemplate', 'relateditems', 'p8aelink')  group by size_range order by size_range | Params: []
2026-07-20 23:45:22 [INFO ] [http-nio-8080-exec-2] c.m.service.DiscoveryService : [DISCOVERY] Report executed in 12ms. Found 4 records.
2026-07-20 23:45:22 [INFO ] [http-nio-8080-exec-2] c.m.controller.DiscoveryController : [DISCOVERY] 'size-bucket' report generated in 22ms. Found 4 records.
2026-07-20 23:45:22 [INFO ] [http-nio-8080-exec-2] c.m.controller.DiscoveryController : Ending method: generateReport
2026-07-20 23:45:25 [INFO ] [http-nio-8080-exec-4] c.m.controller.DiscoveryController : Starting method: generateReport with arguments: endpoint=doc-year-wise, criteria=com.migrationreport.dto.DiscoveryCriteria@21cfb23d
2026-07-20 23:45:25 [INFO ] [http-nio-8080-exec-4] c.m.controller.DiscoveryController : [DISCOVERY] Generating 'doc-year-wise' report for App: 'ccol'
2026-07-20 23:45:25 [INFO ] [http-nio-8080-exec-4] c.m.service.DiscoveryService : [DISCOVERY] Executing Report Endpoint: 'doc-year-wise' | SQL: select cd.symbolic_name as class_name, extract(year from cast(dv.create_date as timestamp)) as creation_year, count(dv.object_id) as total_documents from public.docversion_source dv inner join public.classdef cd on dv.object_class_id = cd.object_id  where 1=1 and cast(cd.sys_owned_bool as varchar) in ('0', 'false', 'false')  and cd.symbolic_name not like 'cmacm%'  and cd.symbolic_name not like 'cmxt%'  and cd.symbolic_name not like 'cm%'  and cd.symbolic_name not like 'preferences%'  and cd.symbolic_name not in ('entrytemplate', 'storedsearch', 'recordstemplate', 'webcontenttemplate', 'relateditems', 'p8aelink')  and dv.create_date is not null group by cd.symbolic_name, extract(year from cast(dv.create_date as timestamp)) order by cd.symbolic_name, creation_year | Params: []
2026-07-20 23:45:25 [INFO ] [http-nio-8080-exec-4] c.m.service.DiscoveryService : [DISCOVERY] Report executed in 21ms. Found 3 records.
2026-07-20 23:45:25 [INFO ] [http-nio-8080-exec-4] c.m.controller.DiscoveryController : [DISCOVERY] 'doc-year-wise' report generated in 26ms. Found 3 records.
2026-07-20 23:45:25 [INFO ] [http-nio-8080-exec-4] c.m.controller.DiscoveryController : Ending method: generateReport
2026-07-20 23:45:29 [INFO ] [http-nio-8080-exec-6] c.m.controller.DiscoveryController : Starting method: generateReport with arguments: endpoint=doc-year-wise, criteria=com.migrationreport.dto.DiscoveryCriteria@e6ed35f
2026-07-20 23:45:29 [INFO ] [http-nio-8080-exec-6] c.m.controller.DiscoveryController : [DISCOVERY] Generating 'doc-year-wise' report for App: 'ccol'
2026-07-20 23:45:29 [INFO ] [http-nio-8080-exec-6] c.m.service.DiscoveryService : [DISCOVERY] Executing Report Endpoint: 'doc-year-wise' | SQL: select cd.symbolic_name as class_name, extract(year from cast(dv.create_date as timestamp)) as creation_year, count(dv.object_id) as total_documents from public.docversion_source dv inner join public.classdef cd on dv.object_class_id = cd.object_id  where 1=1 and cast(cd.sys_owned_bool as varchar) in ('0', 'false', 'false')  and cd.symbolic_name not like 'cmacm%'  and cd.symbolic_name not like 'cmxt%'  and cd.symbolic_name not like 'cm%'  and cd.symbolic_name not like 'preferences%'  and cd.symbolic_name not in ('entrytemplate', 'storedsearch', 'recordstemplate', 'webcontenttemplate', 'relateditems', 'p8aelink')  and dv.create_date is not null group by cd.symbolic_name, extract(year from cast(dv.create_date as timestamp)) order by cd.symbolic_name, creation_year | Params: []
2026-07-20 23:45:29 [INFO ] [http-nio-8080-exec-6] c.m.service.DiscoveryService : [DISCOVERY] Report executed in 25ms. Found 3 records.
2026-07-20 23:45:29 [INFO ] [http-nio-8080-exec-6] c.m.controller.DiscoveryController : [DISCOVERY] 'doc-year-wise' report generated in 25ms. Found 3 records.
2026-07-20 23:45:29 [INFO ] [http-nio-8080-exec-6] c.m.controller.DiscoveryController : Ending method: generateReport
2026-07-20 23:45:31 [INFO ] [http-nio-8080-exec-8] c.m.controller.DiscoveryController : Starting method: generateReport with arguments: endpoint=doc-year-month, criteria=com.migrationreport.dto.DiscoveryCriteria@1c104a75
2026-07-20 23:45:31 [INFO ] [http-nio-8080-exec-8] c.m.controller.DiscoveryController : [DISCOVERY] Generating 'doc-year-month' report for App: 'ccol'
2026-07-20 23:45:31 [INFO ] [http-nio-8080-exec-8] c.m.service.DiscoveryService : [DISCOVERY] Executing Report Endpoint: 'doc-year-month' | SQL: select cd.symbolic_name as class_name, extract(year from cast(dv.create_date as timestamp)) as creation_year, extract(month from cast(dv.create_date as timestamp)) as creation_month, count(dv.object_id) as total_documents  from public.docversion_source dv inner join public.classdef cd on dv.object_class_id = cd.object_id  where 1=1 and cast(cd.sys_owned_bool as varchar) in ('0', 'false', 'false')  and cd.symbolic_name not like 'cmacm%'  and cd.symbolic_name not like 'cmxt%'  and cd.symbolic_name not like 'cm%'  and cd.symbolic_name not like 'preferences%'  and cd.symbolic_name not in ('entrytemplate', 'storedsearch', 'recordstemplate', 'webcontenttemplate', 'relateditems', 'p8aelink')  and dv.create_date is not null group by cd.symbolic_name, extract(year from cast(dv.create_date as timestamp)), extract(month from cast(dv.create_date as timestamp)) order by cd.symbolic_name, creation_year, creation_month | Params: []
2026-07-20 23:45:31 [INFO ] [http-nio-8080-exec-8] c.m.service.DiscoveryService : [DISCOVERY] Report executed in 25ms. Found 3 records.
2026-07-20 23:45:31 [INFO ] [http-nio-8080-exec-8] c.m.controller.DiscoveryController : [DISCOVERY] 'doc-year-month' report generated in 30ms. Found 3 records.
2026-07-20 23:45:31 [INFO ] [http-nio-8080-exec-8] c.m.controller.DiscoveryController : Ending method: generateReport
2026-07-20 23:45:40 [INFO ] [http-nio-8080-exec-10] c.m.controller.DiscoveryController : Starting method: generateReport with arguments: endpoint=annotation-total, criteria=com.migrationreport.dto.DiscoveryCriteria@79935c6c
2026-07-20 23:45:40 [INFO ] [http-nio-8080-exec-10] c.m.controller.DiscoveryController : [DISCOVERY] Generating 'annotation-total' report for App: 'ccol'
2026-07-20 23:45:40 [INFO ] [http-nio-8080-exec-10] c.m.service.DiscoveryService : [DISCOVERY] Executing Report Endpoint: 'annotation-total' | SQL: select cd.symbolic_name as class_name, count(distinct a.annotated_id) as total_documents_with_annotations, count(a.object_id) as total_annotations from public.annotation a inner join public.docversion_source dv on a.annotated_id = dv.object_id inner join public.classdef cd on dv.object_class_id = cd.object_id  where 1=1 and cast(cd.sys_owned_bool as varchar) in ('0', 'false', 'false')  and cd.symbolic_name not like 'cmacm%'  and cd.symbolic_name not like 'cmxt%'  and cd.symbolic_name not like 'cm%'  and cd.symbolic_name not like 'preferences%'  and cd.symbolic_name not in ('entrytemplate', 'storedsearch', 'recordstemplate', 'webcontenttemplate', 'relateditems', 'p8aelink')  group by cd.symbolic_name order by total_annotations desc | Params: []
2026-07-20 23:45:40 [INFO ] [http-nio-8080-exec-10] c.m.service.DiscoveryService : [DISCOVERY] Report executed in 0ms. Found 3 records.
2026-07-20 23:45:40 [INFO ] [http-nio-8080-exec-10] c.m.controller.DiscoveryController : [DISCOVERY] 'annotation-total' report generated in 2ms. Found 3 records.
2026-07-20 23:45:40 [INFO ] [http-nio-8080-exec-10] c.m.controller.DiscoveryController : Ending method: generateReport
2026-07-20 23:45:42 [INFO ] [http-nio-8080-exec-3] c.m.controller.DiscoveryController : Starting method: generateReport with arguments: endpoint=annotation-mime, criteria=com.migrationreport.dto.DiscoveryCriteria@4a7698f0
2026-07-20 23:45:42 [INFO ] [http-nio-8080-exec-3] c.m.controller.DiscoveryController : [DISCOVERY] Generating 'annotation-mime' report for App: 'ccol'
2026-07-20 23:45:42 [INFO ] [http-nio-8080-exec-3] c.m.service.DiscoveryService : [DISCOVERY] Executing Report Endpoint: 'annotation-mime' | SQL: select coalesce(dv.mime_type, 'no mime type') as mime_type, count(distinct a.annotated_id) as total_documents_with_annotations, count(a.object_id) as total_annotations from public.annotation a inner join public.docversion_source dv on a.annotated_id = dv.object_id inner join public.classdef cd on dv.object_class_id = cd.object_id  where 1=1 and cast(cd.sys_owned_bool as varchar) in ('0', 'false', 'false')  and cd.symbolic_name not like 'cmacm%'  and cd.symbolic_name not like 'cmxt%'  and cd.symbolic_name not like 'cm%'  and cd.symbolic_name not like 'preferences%'  and cd.symbolic_name not in ('entrytemplate', 'storedsearch', 'recordstemplate', 'webcontenttemplate', 'relateditems', 'p8aelink')  group by coalesce(dv.mime_type, 'no mime type') order by total_annotations desc | Params: []
2026-07-20 23:45:42 [INFO ] [http-nio-8080-exec-3] c.m.service.DiscoveryService : [DISCOVERY] Report executed in 0ms. Found 3 records.
2026-07-20 23:45:42 [INFO ] [http-nio-8080-exec-3] c.m.controller.DiscoveryController : [DISCOVERY] 'annotation-mime' report generated in 0ms. Found 3 records.
2026-07-20 23:45:42 [INFO ] [http-nio-8080-exec-3] c.m.controller.DiscoveryController : Ending method: generateReport
2026-07-20 23:45:48 [INFO ] [http-nio-8080-exec-5] c.m.controller.DiscoveryController : Starting method: generateReport with arguments: endpoint=size-total, criteria=com.migrationreport.dto.DiscoveryCriteria@20d1a7e2
2026-07-20 23:45:48 [INFO ] [http-nio-8080-exec-5] c.m.controller.DiscoveryController : [DISCOVERY] Generating 'size-total' report for App: 'ccol'
2026-07-20 23:45:48 [INFO ] [http-nio-8080-exec-5] c.m.service.DiscoveryService : [DISCOVERY] Executing Report Endpoint: 'size-total' | SQL: select cd.symbolic_name as class_name, count(dv.object_id) as total_documents, coalesce(sum(cast(dv.content_size as numeric)), 0) as total_size_bytes, cast(coalesce(sum(cast(dv.content_size as numeric)), 0) / 1048576.0 as numeric(15, 2)) as total_size_mb, cast(coalesce(sum(cast(dv.content_size as numeric)), 0) / 1073741824.0 as numeric(15, 6)) as total_size_gb  from public.docversion_source dv inner join public.classdef cd on dv.object_class_id = cd.object_id  where 1=1 and cast(cd.sys_owned_bool as varchar) in ('0', 'false', 'false')  and cd.symbolic_name not like 'cmacm%'  and cd.symbolic_name not like 'cmxt%'  and cd.symbolic_name not like 'cm%'  and cd.symbolic_name not like 'preferences%'  and cd.symbolic_name not in ('entrytemplate', 'storedsearch', 'recordstemplate', 'webcontenttemplate', 'relateditems', 'p8aelink')  and dv.create_date is not null group by cd.symbolic_name order by class_name | Params: []
2026-07-20 23:45:48 [INFO ] [http-nio-8080-exec-5] c.m.service.DiscoveryService : [DISCOVERY] Report executed in 10ms. Found 3 records.
2026-07-20 23:45:48 [INFO ] [http-nio-8080-exec-5] c.m.controller.DiscoveryController : [DISCOVERY] 'size-total' report generated in 11ms. Found 3 records.
2026-07-20 23:45:48 [INFO ] [http-nio-8080-exec-5] c.m.controller.DiscoveryController : Ending method: generateReport
2026-07-20 23:45:50 [INFO ] [http-nio-8080-exec-6] c.m.controller.DiscoveryController : Starting method: generateReport with arguments: endpoint=no-content, criteria=com.migrationreport.dto.DiscoveryCriteria@4f53d964
2026-07-20 23:45:50 [INFO ] [http-nio-8080-exec-6] c.m.controller.DiscoveryController : [DISCOVERY] Generating 'no-content' report for App: 'ccol'
2026-07-20 23:45:50 [INFO ] [http-nio-8080-exec-6] c.m.service.DiscoveryService : [DISCOVERY] Executing Report Endpoint: 'no-content' | SQL: select cd.symbolic_name as class_name, sum(case when dv.content_size is null or cast(dv.content_size as numeric) = 0 then 1 else 0 end) as docs_without_content  from public.docversion_source dv inner join public.classdef cd on dv.object_class_id = cd.object_id  where 1=1 and cast(cd.sys_owned_bool as varchar) in ('0', 'false', 'false')  and cd.symbolic_name not like 'cmacm%'  and cd.symbolic_name not like 'cmxt%'  and cd.symbolic_name not like 'cm%'  and cd.symbolic_name not like 'preferences%'  and cd.symbolic_name not in ('entrytemplate', 'storedsearch', 'recordstemplate', 'webcontenttemplate', 'relateditems', 'p8aelink')  group by cd.symbolic_name order by docs_without_content desc | Params: []
2026-07-20 23:45:50 [INFO ] [http-nio-8080-exec-6] c.m.service.DiscoveryService : [DISCOVERY] Report executed in 15ms. Found 3 records.
2026-07-20 23:45:50 [INFO ] [http-nio-8080-exec-6] c.m.controller.DiscoveryController : [DISCOVERY] 'no-content' report generated in 15ms. Found 3 records.
2026-07-20 23:45:50 [INFO ] [http-nio-8080-exec-6] c.m.controller.DiscoveryController : Ending method: generateReport
2026-07-20 23:45:56 [INFO ] [http-nio-8080-exec-8] c.m.controller.DiscoveryController : Starting method: generateReport with arguments: endpoint=version-summary, criteria=com.migrationreport.dto.DiscoveryCriteria@4b10cfa3
2026-07-20 23:45:56 [INFO ] [http-nio-8080-exec-8] c.m.controller.DiscoveryController : [DISCOVERY] Generating 'version-summary' report for App: 'ccol'
2026-07-20 23:45:56 [INFO ] [http-nio-8080-exec-8] c.m.service.DiscoveryService : [DISCOVERY] Executing Report Endpoint: 'version-summary' | SQL: with versioncounts as (select dv.version_series_id, dv.object_class_id, count(*) as version_count from public.docversion_source dv inner join public.classdef cd on dv.object_class_id = cd.object_id  where 1=1 and cast(cd.sys_owned_bool as varchar) in ('0', 'false', 'false')  and cd.symbolic_name not like 'cmacm%'  and cd.symbolic_name not like 'cmxt%'  and cd.symbolic_name not like 'cm%'  and cd.symbolic_name not like 'preferences%'  and cd.symbolic_name not in ('entrytemplate', 'storedsearch', 'recordstemplate', 'webcontenttemplate', 'relateditems', 'p8aelink')  group by dv.version_series_id, dv.object_class_id) select cd.symbolic_name as class_name, count(vc.version_series_id) as unique_documents, sum(vc.version_count) as total_versions, cast(sum(vc.version_count) as numeric) / nullif(count(vc.version_series_id), 0) as avg_versions_per_doc, max(vc.version_count) as max_versions_single_doc  from versioncounts vc inner join public.classdef cd on vc.object_class_id = cd.object_id group by cd.symbolic_name order by total_versions desc | Params: []
2026-07-20 23:45:56 [INFO ] [http-nio-8080-exec-8] c.m.service.DiscoveryService : [DISCOVERY] Report executed in 22ms. Found 3 records.
2026-07-20 23:45:56 [INFO ] [http-nio-8080-exec-8] c.m.controller.DiscoveryController : [DISCOVERY] 'version-summary' report generated in 23ms. Found 3 records.
2026-07-20 23:45:56 [INFO ] [http-nio-8080-exec-8] c.m.controller.DiscoveryController : Ending method: generateReport
2026-07-20 23:46:00 [INFO ] [http-nio-8080-exec-10] c.m.controller.DiscoveryController : Starting method: generateReport with arguments: endpoint=version-distribution, criteria=com.migrationreport.dto.DiscoveryCriteria@953247b
2026-07-20 23:46:00 [INFO ] [http-nio-8080-exec-10] c.m.controller.DiscoveryController : [DISCOVERY] Generating 'version-distribution' report for App: 'ccol'
2026-07-20 23:46:00 [INFO ] [http-nio-8080-exec-10] c.m.service.DiscoveryService : [DISCOVERY] Executing Report Endpoint: 'version-distribution' | SQL: select cd.symbolic_name as class_name, coalesce(dv.major_version_number, '1') || '.' || coalesce(dv.minor_version_number, '0') as version_bucket, count(dv.object_id) as doc_count  from public.docversion_source dv inner join public.classdef cd on dv.object_class_id = cd.object_id  where 1=1 and cast(cd.sys_owned_bool as varchar) in ('0', 'false', 'false')  and cd.symbolic_name not like 'cmacm%'  and cd.symbolic_name not like 'cmxt%'  and cd.symbolic_name not like 'cm%'  and cd.symbolic_name not like 'preferences%'  and cd.symbolic_name not in ('entrytemplate', 'storedsearch', 'recordstemplate', 'webcontenttemplate', 'relateditems', 'p8aelink')  group by cd.symbolic_name, coalesce(dv.major_version_number, '1') || '.' || coalesce(dv.minor_version_number, '0') order by cd.symbolic_name, version_bucket | Params: []
2026-07-20 23:46:00 [INFO ] [http-nio-8080-exec-10] c.m.service.DiscoveryService : [DISCOVERY] Report executed in 14ms. Found 3 records.
2026-07-20 23:46:00 [INFO ] [http-nio-8080-exec-10] c.m.controller.DiscoveryController : [DISCOVERY] 'version-distribution' report generated in 14ms. Found 3 records.
2026-07-20 23:46:00 [INFO ] [http-nio-8080-exec-10] c.m.controller.DiscoveryController : Ending method: generateReport
2026-07-20 23:46:01 [INFO ] [http-nio-8080-exec-1] c.m.c.ConfigurationController : Starting method: getUiSettings
2026-07-20 23:46:01 [INFO ] [http-nio-8080-exec-1] c.m.c.ConfigurationController : Ending method: getUiSettings
2026-07-20 23:46:03 [INFO ] [http-nio-8080-exec-3] c.m.controller.DiscoveryController : Starting method: getDocumentClasses with arguments: appId=ccol, type=source
2026-07-20 23:46:03 [INFO ] [http-nio-8080-exec-3] c.m.controller.DiscoveryController : Ending method: getDocumentClasses
2026-07-20 23:46:05 [INFO ] [http-nio-8080-exec-2] c.m.controller.ExceptionController : Starting method: getMetadataFields with arguments: appId=ccol, documentClass=BankAccount
2026-07-20 23:46:05 [INFO ] [http-nio-8080-exec-2] c.m.controller.ExceptionController : Ending method: getMetadataFields
2026-07-20 23:46:09 [INFO ] [http-nio-8080-exec-5] c.m.controller.ExceptionController : Starting method: getMetadataFields with arguments: appId=ccol, documentClass=All
2026-07-20 23:46:09 [INFO ] [http-nio-8080-exec-5] c.m.controller.ExceptionController : Ending method: getMetadataFields
2026-07-20 23:47:33 [INFO ] [http-nio-8080-exec-7] c.m.controller.ExceptionController : Starting method: checkExceptions with arguments: criteria=com.migrationreport.dto.ExceptionCriteria@734d6f2b
2026-07-20 23:47:33 [INFO ] [http-nio-8080-exec-7] c.m.controller.ExceptionController : [EXCEPTIONS] Checking exceptions for Application: 'ccol'
2026-07-20 23:47:33 [INFO ] [http-nio-8080-exec-7] c.m.service.ExceptionService : [EXCEPTIONS] Executing lookup SQL: select dv.object_id from public.docversion_source dv where 1=1 and (dv.u3a18_accno = ? or dv.u7ec8_applname = ? or dv.u0cb8_bpayref = ?) | Params: [ACC0B0EFA, Home Loan 96E0, BPAY1BABF6]
2026-07-20 23:47:33 [INFO ] [http-nio-8080-exec-7] c.m.service.ExceptionService : [EXCEPTIONS] Found 3 target IDs in 6ms
2026-07-20 23:47:33 [INFO ] [http-nio-8080-exec-7] c.m.service.ExceptionService : [EXCEPTIONS] Querying Source, Staging, Target tables for 3 object IDs
2026-07-20 23:47:33 [INFO ] [http-nio-8080-exec-7] c.m.service.ExceptionService : [EXCEPTIONS] Data retrieval completed in 184ms. Source: 3, Staging: 3, Target: 3
2026-07-20 23:47:33 [INFO ] [http-nio-8080-exec-7] c.m.controller.ExceptionController : [EXCEPTIONS] Exception check completed in 327ms.
2026-07-20 23:47:33 [INFO ] [http-nio-8080-exec-7] c.m.controller.ExceptionController : Ending method: checkExceptions
2026-07-20 23:52:47 [INFO ] [http-nio-8080-exec-9] c.m.c.ConfigurationController : Starting method: getUiSettings
2026-07-20 23:52:47 [INFO ] [http-nio-8080-exec-9] c.m.c.ConfigurationController : Ending method: getUiSettings
2026-07-20 23:52:47 [INFO ] [http-nio-8080-exec-10] c.m.controller.DiscoveryController : Starting method: getDocumentClasses with arguments: appId=ccol, type=source
2026-07-20 23:52:47 [INFO ] [http-nio-8080-exec-1] c.m.controller.ExceptionController : Starting method: getMetadataFields with arguments: appId=ccol, documentClass=All
2026-07-20 23:52:47 [INFO ] [http-nio-8080-exec-10] c.m.controller.DiscoveryController : Ending method: getDocumentClasses
2026-07-20 23:52:47 [INFO ] [http-nio-8080-exec-1] c.m.controller.ExceptionController : Ending method: getMetadataFields
