[2026-07-27 12:38:56] This is codeql database create migration-api-db --language=java --command=.\mvnw.cmd clean install -DskipTests
[2026-07-27 12:38:56] Log file was started late.
[2026-07-27 12:38:56] [PROGRESS] database create> Initializing database at D:\MigrationReportTool\Backend\MigrationReport\migration-api-db.
[2026-07-27 12:38:56] Running plumbing command: codeql database init --language=java --extractor-options-verbosity=1 --qlconfig-file=D:\MigrationReportTool\Backend\MigrationReport\qlconfig.yml --source-root=D:\MigrationReportTool\Backend\MigrationReport --allow-missing-source-root=false --allow-already-existing -- D:\MigrationReportTool\Backend\MigrationReport\migration-api-db
[2026-07-27 12:38:56] Calling plumbing command: codeql resolve languages --extractor-options-verbosity=1 --format=betterjson
[2026-07-27 12:38:56] [DETAILS] resolve languages> Scanning for [codeql-extractor.yml] from C:\Users\Shaik Firoz\Downloads\codeql-win64\codeql\.codeqlmanifest.json
[2026-07-27 12:38:56] [DETAILS] resolve languages> Parsing C:\Users\Shaik Firoz\Downloads\codeql-win64\codeql\actions\codeql-extractor.yml.
[2026-07-27 12:38:56] [DETAILS] resolve languages> Parsing C:\Users\Shaik Firoz\Downloads\codeql-win64\codeql\cpp\codeql-extractor.yml.
[2026-07-27 12:38:56] [DETAILS] resolve languages> Parsing C:\Users\Shaik Firoz\Downloads\codeql-win64\codeql\csharp\codeql-extractor.yml.
[2026-07-27 12:38:56] [DETAILS] resolve languages> Parsing C:\Users\Shaik Firoz\Downloads\codeql-win64\codeql\csv\codeql-extractor.yml.
[2026-07-27 12:38:56] [DETAILS] resolve languages> Parsing C:\Users\Shaik Firoz\Downloads\codeql-win64\codeql\go\codeql-extractor.yml.
[2026-07-27 12:38:56] [DETAILS] resolve languages> Parsing C:\Users\Shaik Firoz\Downloads\codeql-win64\codeql\html\codeql-extractor.yml.
[2026-07-27 12:38:56] [DETAILS] resolve languages> Parsing C:\Users\Shaik Firoz\Downloads\codeql-win64\codeql\java\codeql-extractor.yml.
[2026-07-27 12:38:56] [DETAILS] resolve languages> Parsing C:\Users\Shaik Firoz\Downloads\codeql-win64\codeql\javascript\codeql-extractor.yml.
[2026-07-27 12:38:56] [DETAILS] resolve languages> Parsing C:\Users\Shaik Firoz\Downloads\codeql-win64\codeql\properties\codeql-extractor.yml.
[2026-07-27 12:38:56] [DETAILS] resolve languages> Parsing C:\Users\Shaik Firoz\Downloads\codeql-win64\codeql\python\codeql-extractor.yml.
[2026-07-27 12:38:56] [DETAILS] resolve languages> Parsing C:\Users\Shaik Firoz\Downloads\codeql-win64\codeql\ruby\codeql-extractor.yml.
[2026-07-27 12:38:56] [DETAILS] resolve languages> Parsing C:\Users\Shaik Firoz\Downloads\codeql-win64\codeql\rust\codeql-extractor.yml.
[2026-07-27 12:38:56] [DETAILS] resolve languages> Parsing C:\Users\Shaik Firoz\Downloads\codeql-win64\codeql\swift\codeql-extractor.yml.
[2026-07-27 12:38:56] [DETAILS] resolve languages> Parsing C:\Users\Shaik Firoz\Downloads\codeql-win64\codeql\xml\codeql-extractor.yml.
[2026-07-27 12:38:56] [DETAILS] resolve languages> Parsing C:\Users\Shaik Firoz\Downloads\codeql-win64\codeql\yaml\codeql-extractor.yml.
[2026-07-27 12:38:56] Plumbing command codeql resolve languages completed:
                      {
                        "aliases" : {
                          "c" : "cpp",
                          "c++" : "cpp",
                          "c-c++" : "cpp",
                          "c-cpp" : "cpp",
                          "c#" : "csharp",
                          "java-kotlin" : "java",
                          "kotlin" : "java",
                          "javascript-typescript" : "javascript",
                          "typescript" : "javascript"
                        },
                        "extractors" : {
                          "actions" : [
                            {
                              "extractor_root" : "C:\\Users\\Shaik Firoz\\Downloads\\codeql-win64\\codeql\\actions",
                              "extractor_options" : { }
                            }
                          ],
                          "cpp" : [
                            {
                              "extractor_root" : "C:\\Users\\Shaik Firoz\\Downloads\\codeql-win64\\codeql\\cpp",
                              "extractor_options" : {
                                "scale_timeouts" : {
                                  "title" : "Value to scale compiler introspection timeouts with",
                                  "description" : "The extractor attempts to determine what compiler the source code being extracted is compiled with. To this end the extractor makes additional calls to the compiler, some of which are expected to return within a certain fixed time (either 10s or 15s). On some systems that are under high load this time might be too short, and can be scaled up using this option.\n",
                                  "type" : "string",
                                  "pattern" : "[0-9]+"
                                },
                                "log_verbosity" : {
                                  "title" : "Verbosity of the extractor logging",
                                  "description" : "Set the verbosity of the extractor logging to 'quiet' (0), 'normal' (1), 'chatty' (2), or 'noisy' (3). The default is 'normal'.\n",
                                  "type" : "string",
                                  "pattern" : "[0-3]"
                                }
                              }
                            }
                          ],
                          "csharp" : [
                            {
                              "extractor_root" : "C:\\Users\\Shaik Firoz\\Downloads\\codeql-win64\\codeql\\csharp",
                              "extractor_options" : {
                                "trap" : {
                                  "title" : "Options pertaining to TRAP.",
                                  "description" : "Options pertaining to TRAP.",
                                  "type" : "object",
                                  "properties" : {
                                    "compression" : {
                                      "title" : "Controls compression for the TRAP files written by the extractor.",
                                      "description" : "This option is only intended for use in debugging the extractor. Accepted values are 'brotli' (the default, to write brotli-compressed TRAP), 'gzip', and 'none' (to write uncompressed TRAP).\n",
                                      "type" : "string",
                                      "pattern" : "^(none|gzip|brotli)$"
                                    }
                                  }
                                },
                                "buildless" : {
                                  "title" : "DEPRECATED - Whether to use buildless (standalone) extraction.",
                                  "description" : "DEPRECATED: Use `--build-mode none` instead.\nA value indicating, which type of extraction the autobuilder should perform. If 'true', then the standalone extractor will be used, otherwise tracing extraction will be performed. The default is 'false'. Note that buildless extraction will generally yield less accurate analysis results, and should only be used in cases where it is not possible to build the code (for example if it uses inaccessible dependencies).\n",
                                  "type" : "string",
                                  "pattern" : "^(false|true)$"
                                },
                                "logging" : {
                                  "title" : "Options pertaining to logging.",
                                  "description" : "Options pertaining to logging.",
                                  "type" : "object",
                                  "properties" : {
                                    "verbosity" : {
                                      "title" : "Extractor logging verbosity level.",
                                      "description" : "Controls the level of verbosity of the extractor. The supported levels are (in order of increasing verbosity):\n  - off\n  - errors\n  - warnings\n  - info or progress\n  - debug or progress+\n  - trace or progress++\n  - progress+++\n",
                                      "type" : "string",
                                      "pattern" : "^(off|errors|warnings|(info|progress)|(debug|progress\\+)|(trace|progress\\+\\+)|progress\\+\\+\\+)$"
                                    }
                                  }
                                },
                                "binlog" : {
                                  "title" : "Binlog",
                                  "description" : "[EXPERIMENTAL] The value is a path to the MsBuild binary log file that should be extracted. This option only works when `--build-mode none` is also specified.\n",
                                  "type" : "array"
                                },
                                "buildless_dependency_dir" : {
                                  "title" : "The path where buildless (standalone) extraction should keep dependencies.",
                                  "description" : "If set, the buildless (standalone) extractor will store dependencies in this directory.\n",
                                  "type" : "string"
                                }
                              }
                            }
                          ],
                          "csv" : [
                            {
                              "extractor_root" : "C:\\Users\\Shaik Firoz\\Downloads\\codeql-win64\\codeql\\csv"
                            }
                          ],
                          "go" : [
                            {
                              "extractor_root" : "C:\\Users\\Shaik Firoz\\Downloads\\codeql-win64\\codeql\\go",
                              "extractor_options" : {
                                "extract_tests" : {
                                  "title" : "Whether to include Go test files in the CodeQL database.",
                                  "description" : "A value indicating whether Go test files should be included in the CodeQL database. The default is 'false'.\n",
                                  "type" : "string",
                                  "pattern" : "^(false|true)$"
                                },
                                "extract_vendor_dirs" : {
                                  "title" : "Whether to include Go vendor directories in the CodeQL database.",
                                  "description" : "A value indicating whether Go vendor directories should be included in the CodeQL database. The default is 'false'.\n",
                                  "type" : "string",
                                  "pattern" : "^(false|true)$"
                                }
                              }
                            }
                          ],
                          "html" : [
                            {
                              "extractor_root" : "C:\\Users\\Shaik Firoz\\Downloads\\codeql-win64\\codeql\\html"
                            }
                          ],
                          "java" : [
                            {
                              "extractor_root" : "C:\\Users\\Shaik Firoz\\Downloads\\codeql-win64\\codeql\\java",
                              "extractor_options" : {
                                "exclude" : {
                                  "title" : "A glob excluding files from analysis.",
                                  "description" : "A glob indicating what files to exclude from the analysis. This accepts glob patterns that are supported by Java's 'getPathMatcher' implementation.\n",
                                  "type" : "string"
                                },
                                "add_prefer_source" : {
                                  "title" : "Whether to always prefer source files over class files.",
                                  "description" : "A value indicating whether source files should be preferred over class files. If set to 'true', the extraction adds '-Xprefer:source' to the javac command line. If set to 'false', the extraction uses the default javac behavior ('-Xprefer:newer'). The default is 'true'.\n",
                                  "type" : "string",
                                  "pattern" : "^(false|true)$"
                                },
                                "buildless" : {
                                  "title" : "Whether to use buildless (standalone) extraction (experimental).",
                                  "description" : "A value indicating, which type of extraction the autobuilder should perform. If 'true', then the standalone extractor will be used, otherwise tracing extraction will be performed. The default is 'false'. Note that buildless extraction will generally yield less accurate analysis results, and should only be used in cases where it is not possible to build the code (for example if it uses inaccessible dependencies).\n",
                                  "type" : "string",
                                  "pattern" : "^(false|true)$"
                                },
                                "buildless_dependency_dir" : {
                                  "title" : "The path where buildless (standalone) extraction should keep dependencies.",
                                  "description" : "If set, the buildless (standalone) extractor will store dependencies in this directory.\n",
                                  "type" : "string"
                                },
                                "minimize_dependency_jars" : {
                                  "title" : "Whether to rewrite and minimize downloaded JAR dependencies (experimental).",
                                  "description" : "If 'true', JAR dependencies downloaded during extraction will be rewritten to remove unneeded data, such as method bodies. The default is 'false'.\n",
                                  "type" : "string",
                                  "pattern" : "^(false|true)$"
                                }
                              }
                            }
                          ],
                          "javascript" : [
                            {
                              "extractor_root" : "C:\\Users\\Shaik Firoz\\Downloads\\codeql-win64\\codeql\\javascript",
                              "extractor_options" : {
                                "skip_types" : {
                                  "title" : "Skip type extraction for TypeScript",
                                  "description" : "Whether to skip the extraction of types in a TypeScript application",
                                  "type" : "string",
                                  "pattern" : "^(false|true)$"
                                }
                              }
                            }
                          ],
                          "properties" : [
                            {
                              "extractor_root" : "C:\\Users\\Shaik Firoz\\Downloads\\codeql-win64\\codeql\\properties"
                            }
                          ],
                          "python" : [
                            {
                              "extractor_root" : "C:\\Users\\Shaik Firoz\\Downloads\\codeql-win64\\codeql\\python",
                              "extractor_options" : {
                                "logging" : {
                                  "title" : "Options pertaining to logging.",
                                  "description" : "Options pertaining to logging.",
                                  "type" : "object",
                                  "properties" : {
                                    "verbosity" : {
                                      "title" : "Python extractor logging verbosity level.",
                                      "description" : "Controls the level of verbosity of the CodeQL Python extractor.\nThe supported levels are (in order of increasing verbosity):\n\n  - off\n  - errors\n  - warnings\n  - info or progress\n  - debug or progress+\n  - trace or progress++\n  - progress+++\n",
                                      "type" : "string",
                                      "pattern" : "^(off|errors|warnings|(info|progress)|(debug|progress\\+)|(trace|progress\\+\\+)|progress\\+\\+\\+)$"
                                    }
                                  }
                                },
                                "python_executable_name" : {
                                  "title" : "Controls the name of the Python executable used by the Python extractor.",
                                  "description" : "The Python extractor uses platform-dependent heuristics to determine the name of the Python executable to use. Specifying a value for this option overrides the name of the Python executable used by the extractor. Accepted values are py, python and python3. Use this setting with caution, the Python extractor requires Python 3 to run.\n",
                                  "type" : "string",
                                  "pattern" : "^(py|python|python3)$"
                                }
                              }
                            }
                          ],
                          "ruby" : [
                            {
                              "extractor_root" : "C:\\Users\\Shaik Firoz\\Downloads\\codeql-win64\\codeql\\ruby",
                              "extractor_options" : {
                                "trap" : {
                                  "title" : "Options pertaining to TRAP.",
                                  "description" : "Options pertaining to TRAP.",
                                  "type" : "object",
                                  "properties" : {
                                    "compression" : {
                                      "title" : "Controls compression for the TRAP files written by the extractor.",
                                      "description" : "This option is only intended for use in debugging the extractor. Accepted values are 'gzip' (the default, to write gzip-compressed TRAP) 'zstd' (to write Zstandard-compressed TRAP) and 'none' (to write uncompressed TRAP).\n",
                                      "type" : "string",
                                      "pattern" : "^(none|gzip|zstd)$"
                                    }
                                  }
                                }
                              }
                            }
                          ],
                          "rust" : [
                            {
                              "extractor_root" : "C:\\Users\\Shaik Firoz\\Downloads\\codeql-win64\\codeql\\rust",
                              "extractor_options" : {
                                "trap" : {
                                  "title" : "Options pertaining to TRAP.",
                                  "description" : "Options pertaining to TRAP.",
                                  "type" : "object",
                                  "properties" : {
                                    "compression" : {
                                      "title" : "Controls compression for the TRAP files written by the extractor.",
                                      "description" : "This option is only intended for use in debugging the extractor. Accepted values are 'gzip' (to write gzip-compressed TRAP) 'zstd' (to write Zstandard-compressed TRAP) and 'none' (the default, to write uncompressed TRAP).\n",
                                      "type" : "string",
                                      "pattern" : "^(none|gzip|zstd)$"
                                    }
                                  }
                                },
                                "cargo_target_dir" : {
                                  "title" : "Directory to use for cargo output files.",
                                  "description" : "This value is an optional path to use as `CARGO_TARGET_DIR` for the internal cargo commands the extractor uses. Pointing it to a persistent directory may reduce execution time of consecutive extractor runs. By default, a new scratch directory is used for each run.\n",
                                  "type" : "string"
                                },
                                "cargo_target" : {
                                  "title" : "Target architecture",
                                  "description" : "Target architecture to use for analysis, analogous to `cargo --target`. By default the host architecture is used.\n",
                                  "type" : "string"
                                },
                                "cargo_features" : {
                                  "title" : "Cargo features to turn on",
                                  "description" : "Comma-separated list of features to turn on. By default all features are enabled. If any features are specified, then only those features are enabled. The `default` feature must be explicitly specified if only default features are desired. Can be repeated.\n",
                                  "type" : "array"
                                },
                                "cargo_cfg_overrides" : {
                                  "title" : "Cargo cfg overrides",
                                  "description" : "Comma-separated list of cfg settings to enable, or disable if prefixed with `-`. Can be repeated.\n",
                                  "type" : "array"
                                },
                                "logging" : {
                                  "title" : "Options pertaining to logging.",
                                  "description" : "Options pertaining to logging.",
                                  "type" : "object",
                                  "properties" : {
                                    "verbosity" : {
                                      "title" : "Extractor logging verbosity level.",
                                      "description" : "Controls the level of verbosity of the extractor. The supported levels are (in order of increasing verbosity):\n  - off\n  - errors\n  - warnings\n  - info or progress\n  - debug or progress+\n  - trace or progress++\n  - progress+++\n",
                                      "type" : "string",
                                      "pattern" : "^(off|errors|warnings|(info|progress)|(debug|progress\\+)|(trace|progress\\+\\+)|progress\\+\\+\\+)$"
                                    },
                                    "flamegraph" : {
                                      "title" : "[Experimental] File path for write flame graph log",
                                      "description" : "Collect flame graph data using the `tracing-flame` crate. To render a flame graph or chart, run the `inferno-flamegraph` command. See also: https://crates.io/crates/tracing-flame\n",
                                      "type" : "string"
                                    }
                                  }
                                },
                                "extract_dependencies_as_source" : {
                                  "title" : "Extract dependencies as source code",
                                  "description" : "Extract the full source code of dependencies instead of only extracting signatures.\n",
                                  "type" : "string",
                                  "pattern" : "^(false|true)$"
                                }
                              }
                            }
                          ],
                          "swift" : [
                            {
                              "extractor_root" : "C:\\Users\\Shaik Firoz\\Downloads\\codeql-win64\\codeql\\swift"
                            }
                          ],
                          "xml" : [
                            {
                              "extractor_root" : "C:\\Users\\Shaik Firoz\\Downloads\\codeql-win64\\codeql\\xml"
                            }
                          ],
                          "yaml" : [
                            {
                              "extractor_root" : "C:\\Users\\Shaik Firoz\\Downloads\\codeql-win64\\codeql\\yaml"
                            }
                          ]
                        }
                      }
[2026-07-27 12:38:56] [PROGRESS] database init> Calculating baseline information in D:\MigrationReportTool\Backend\MigrationReport
[2026-07-27 12:38:56] [SPAMMY] database init> Ignoring the following directories when processing baseline information: .git, .hg, .svn.
[2026-07-27 12:38:56] [DETAILS] database init> Running command in D:\MigrationReportTool\Backend\MigrationReport: C:\Users\Shaik Firoz\Downloads\codeql-win64\codeql\tools\win64\scc.exe --by-file --exclude-dir .git,.hg,.svn --format json --no-large --no-min .
[2026-07-27 12:38:57] [SPAMMY] database init> Found 59 baseline files for java.
[2026-07-27 12:38:57] [PROGRESS] database init> Calculated baseline information for languages: java (538ms).
[2026-07-27 12:38:57] [SPAMMY] database init> Selected JGit Git client for D:\MigrationReportTool\Backend\MigrationReport because the repository uses SHA-1 object format.
[2026-07-27 12:38:57] [PROGRESS] database init> Resolving extractor java.
[2026-07-27 12:38:57] [DETAILS] database init> Found candidate extractor root for java: C:\Users\Shaik Firoz\Downloads\codeql-win64\codeql\java.
[2026-07-27 12:38:57] [PROGRESS] database init> Successfully loaded extractor Java/Kotlin (java) from C:\Users\Shaik Firoz\Downloads\codeql-win64\codeql\java.
[2026-07-27 12:38:57] [PROGRESS] database init> Created skeleton CodeQL database at D:\MigrationReportTool\Backend\MigrationReport\migration-api-db. This in-progress database is ready to be populated by an extractor.
[2026-07-27 12:38:57] Plumbing command codeql database init completed.
[2026-07-27 12:38:57] [PROGRESS] database create> Running build command: [.\mvnw.cmd, clean, install, -DskipTests]
[2026-07-27 12:38:57] Running plumbing command: codeql database trace-command --working-dir=D:\MigrationReportTool\Backend\MigrationReport --index-traceless-dbs --no-db-cluster -- D:\MigrationReportTool\Backend\MigrationReport\migration-api-db .\mvnw.cmd clean install -DskipTests
[2026-07-27 12:38:57] [PROGRESS] database trace-command> Running command in D:\MigrationReportTool\Backend\MigrationReport: [.\mvnw.cmd, clean, install, -DskipTests]
[2026-07-27 12:39:02] [build-stdout] [INFO] Scanning for projects...
[2026-07-27 12:39:03] [build-stdout] [INFO] 
[2026-07-27 12:39:03] [build-stdout] [INFO] ----------------< com.migrationreport:migrationreport >-----------------
[2026-07-27 12:39:03] [build-stdout] [INFO] Building MigrationReport 0.0.1-SNAPSHOT
[2026-07-27 12:39:03] [build-stdout] [INFO]   from pom.xml
[2026-07-27 12:39:03] [build-stdout] [INFO] --------------------------------[ jar ]---------------------------------
[2026-07-27 12:39:04] [build-stdout] [INFO] 
[2026-07-27 12:39:04] [build-stdout] [INFO] --- clean:3.5.0:clean (default-clean) @ migrationreport ---
[2026-07-27 12:39:04] [build-stdout] [INFO] Deleting D:\MigrationReportTool\Backend\MigrationReport\target
[2026-07-27 12:39:04] [build-stdout] [INFO] 
[2026-07-27 12:39:04] [build-stdout] [INFO] --- resources:3.5.0:resources (default-resources) @ migrationreport ---
[2026-07-27 12:39:04] [build-stdout] [INFO] Copying 1 resource from src\main\resources to target\classes
[2026-07-27 12:39:04] [build-stdout] [INFO] Copying 2 resources from src\main\resources to target\classes
[2026-07-27 12:39:04] [build-stdout] [INFO] 
[2026-07-27 12:39:04] [build-stdout] [INFO] --- compiler:3.15.0:compile (default-compile) @ migrationreport ---
[2026-07-27 12:39:04] [build-stdout] [INFO] Recompiling the module because of changed source code.
[2026-07-27 12:39:04] [build-stdout] [INFO] Compiling 58 source files with javac [debug parameters release 21] to target\classes
[2026-07-27 12:40:03] [build-stdout] [INFO] Annotation processing is enabled because one or more processors were found
[2026-07-27 12:40:03] [build-stdout]   on the class path. A future release of javac may disable annotation processing
[2026-07-27 12:40:03] [build-stdout]   unless at least one processor is specified by name (-processor), or a search
[2026-07-27 12:40:03] [build-stdout]   path is specified (--processor-path, --processor-module-path), or annotation
[2026-07-27 12:40:03] [build-stdout]   processing is enabled explicitly (-proc:only, -proc:full).
[2026-07-27 12:40:03] [build-stdout]   Use -Xlint:-options to suppress this message.
[2026-07-27 12:40:03] [build-stdout]   Use -proc:none to disable annotation processing.
[2026-07-27 12:40:03] [build-stdout] [INFO] 
[2026-07-27 12:40:03] [build-stdout] [INFO] --- resources:3.5.0:testResources (default-testResources) @ migrationreport ---
[2026-07-27 12:40:03] [build-stdout] [INFO] Copying 0 resource from src\test\resources to target\test-classes
[2026-07-27 12:40:03] [build-stdout] [INFO] 
[2026-07-27 12:40:03] [build-stdout] [INFO] --- compiler:3.15.0:testCompile (default-testCompile) @ migrationreport ---
[2026-07-27 12:40:03] [build-stdout] [INFO] Recompiling the module because of changed dependency.
[2026-07-27 12:40:03] [build-stdout] [INFO] Compiling 1 source file with javac [debug parameters release 21] to target\test-classes
[2026-07-27 12:40:15] [build-stdout] [INFO] Annotation processing is enabled because one or more processors were found
[2026-07-27 12:40:15] [build-stdout]   on the class path. A future release of javac may disable annotation processing
[2026-07-27 12:40:15] [build-stdout]   unless at least one processor is specified by name (-processor), or a search
[2026-07-27 12:40:15] [build-stdout]   path is specified (--processor-path, --processor-module-path), or annotation
[2026-07-27 12:40:15] [build-stdout]   processing is enabled explicitly (-proc:only, -proc:full).
[2026-07-27 12:40:15] [build-stdout]   Use -Xlint:-options to suppress this message.
[2026-07-27 12:40:15] [build-stdout]   Use -proc:none to disable annotation processing.
[2026-07-27 12:40:15] [build-stdout] [INFO] 
[2026-07-27 12:40:15] [build-stdout] [INFO] --- surefire:3.5.6:test (default-test) @ migrationreport ---
[2026-07-27 12:40:15] [build-stdout] [INFO] Tests are skipped.
[2026-07-27 12:40:15] [build-stdout] [INFO] 
[2026-07-27 12:40:15] [build-stdout] [INFO] --- jar:3.5.0:jar (default-jar) @ migrationreport ---
[2026-07-27 12:40:16] [build-stdout] [INFO] Building jar: D:\MigrationReportTool\Backend\MigrationReport\target\migrationreport-0.0.1-SNAPSHOT.jar
[2026-07-27 12:40:16] [build-stdout] [INFO] 
[2026-07-27 12:40:16] [build-stdout] [INFO] --- spring-boot:4.1.0:repackage (repackage) @ migrationreport ---
[2026-07-27 12:40:18] [build-stdout] [INFO] Replacing main artifact D:\MigrationReportTool\Backend\MigrationReport\target\migrationreport-0.0.1-SNAPSHOT.jar with repackaged archive, adding nested dependencies in BOOT-INF/.
[2026-07-27 12:40:18] [build-stdout] [INFO] The original artifact has been renamed to D:\MigrationReportTool\Backend\MigrationReport\target\migrationreport-0.0.1-SNAPSHOT.jar.original
[2026-07-27 12:40:18] [build-stdout] [INFO] 
[2026-07-27 12:40:18] [build-stdout] [INFO] --- install:3.1.4:install (default-install) @ migrationreport ---
[2026-07-27 12:40:19] [build-stdout] [INFO] Installing D:\MigrationReportTool\Backend\MigrationReport\pom.xml to C:\Users\Shaik Firoz\.m2\repository\com\migrationreport\migrationreport\0.0.1-SNAPSHOT\migrationreport-0.0.1-SNAPSHOT.pom
[2026-07-27 12:40:19] [build-stdout] [INFO] Installing D:\MigrationReportTool\Backend\MigrationReport\target\migrationreport-0.0.1-SNAPSHOT.jar to C:\Users\Shaik Firoz\.m2\repository\com\migrationreport\migrationreport\0.0.1-SNAPSHOT\migrationreport-0.0.1-SNAPSHOT.jar
[2026-07-27 12:40:19] [build-stdout] [INFO] ------------------------------------------------------------------------
[2026-07-27 12:40:19] [build-stdout] [INFO] BUILD SUCCESS
[2026-07-27 12:40:19] [build-stdout] [INFO] ------------------------------------------------------------------------
[2026-07-27 12:40:19] [build-stdout] [INFO] Total time:  01:17 min
[2026-07-27 12:40:19] [build-stdout] [INFO] Finished at: 2026-07-27T12:40:19+05:30
[2026-07-27 12:40:19] [build-stdout] [INFO] ------------------------------------------------------------------------
[2026-07-27 12:40:19] Plumbing command codeql database trace-command completed.
[2026-07-27 12:40:19] [PROGRESS] database create> Finalizing database at D:\MigrationReportTool\Backend\MigrationReport\migration-api-db.
[2026-07-27 12:40:19] Running plumbing command: codeql database finalize --no-db-cluster -- D:\MigrationReportTool\Backend\MigrationReport\migration-api-db
[2026-07-27 12:40:19] Using pre-finalize script C:\Users\Shaik Firoz\Downloads\codeql-win64\codeql\java\tools\pre-finalize.cmd.
[2026-07-27 12:40:19] [PROGRESS] database finalize> Running pre-finalize script C:\Users\Shaik Firoz\Downloads\codeql-win64\codeql\java\tools\pre-finalize.cmd in D:\MigrationReportTool\Backend\MigrationReport.
[2026-07-27 12:40:19] Running plumbing command: codeql database trace-command --working-dir=D:\MigrationReportTool\Backend\MigrationReport --no-tracing -- D:\MigrationReportTool\Backend\MigrationReport\migration-api-db C:\Users\Shaik Firoz\Downloads\codeql-win64\codeql\java\tools\pre-finalize.cmd
[2026-07-27 12:40:19] [PROGRESS] database trace-command> Running command in D:\MigrationReportTool\Backend\MigrationReport: [C:\Users\Shaik Firoz\Downloads\codeql-win64\codeql\java\tools\pre-finalize.cmd]
[2026-07-27 12:40:25] [build-stderr] Scanning for files in D:\MigrationReportTool\Backend\MigrationReport...
[2026-07-27 12:40:29] [build-stderr] D:\MigrationReportTool\Backend\MigrationReport\migration-api-db: Indexing files in in D:\MigrationReportTool\Backend\MigrationReport...
[2026-07-27 12:40:29] [build-stderr] Running command in D:\MigrationReportTool\Backend\MigrationReport: [C:\Users\Shaik Firoz\Downloads\codeql-win64\codeql\xml\tools\index-files.cmd, D:\MigrationReportTool\Backend\MigrationReport\migration-api-db\working\files-to-index15909369066436557855.list]
[2026-07-27 12:40:34] [build-stderr] Scanning for files in D:\MigrationReportTool\Backend\MigrationReport...
[2026-07-27 12:40:35] [build-stderr] D:\MigrationReportTool\Backend\MigrationReport\migration-api-db: Indexing files in in D:\MigrationReportTool\Backend\MigrationReport...
[2026-07-27 12:40:35] [build-stderr] Running command in D:\MigrationReportTool\Backend\MigrationReport: [C:\Users\Shaik Firoz\Downloads\codeql-win64\codeql\properties\tools\index-files.cmd, D:\MigrationReportTool\Backend\MigrationReport\migration-api-db\working\files-to-index3571119943833836098.list]
[2026-07-27 12:40:36] Plumbing command codeql database trace-command completed.
[2026-07-27 12:40:36] [PROGRESS] database finalize> Pre-finalize script C:\Users\Shaik Firoz\Downloads\codeql-win64\codeql\java\tools\pre-finalize.cmd completed in 17128 ms.
[2026-07-27 12:40:36] [PROGRESS] database finalize> Running TRAP import for CodeQL database at D:\MigrationReportTool\Backend\MigrationReport\migration-api-db...
[2026-07-27 12:40:36] Running plumbing command: codeql dataset import --dbscheme=C:\Users\Shaik Firoz\Downloads\codeql-win64\codeql\java\semmlecode.dbscheme -- D:\MigrationReportTool\Backend\MigrationReport\migration-api-db\db-java D:\MigrationReportTool\Backend\MigrationReport\migration-api-db\trap\java
[2026-07-27 12:40:37] Clearing disk cache since the version file D:\MigrationReportTool\Backend\MigrationReport\migration-api-db\db-java\default\cache\version does not exist
[2026-07-27 12:40:37] Tuple pool not found. Clearing relations with cached strings
[2026-07-27 12:40:37] Trimming disk cache at D:\MigrationReportTool\Backend\MigrationReport\migration-api-db\db-java\default\cache in mode clear.
[2026-07-27 12:40:37] Sequence stamp origin is -5886784237092958487
[2026-07-27 12:40:37] Pausing evaluation to hard-clear memory at sequence stamp o+0
[2026-07-27 12:40:37] Unpausing evaluation
[2026-07-27 12:40:37] Pausing evaluation to quickly trim disk at sequence stamp o+1
[2026-07-27 12:40:37] Unpausing evaluation
[2026-07-27 12:40:37] Pausing evaluation to zealously trim disk at sequence stamp o+2
[2026-07-27 12:40:37] Unpausing evaluation
[2026-07-27 12:40:37] Trimming completed (17ms): Purged everything.
[2026-07-27 12:40:37] Scanning for files in D:\MigrationReportTool\Backend\MigrationReport\migration-api-db\trap\java
[2026-07-27 12:40:37] Found 2666 TRAP files (8.80 MiB)
[2026-07-27 12:40:37] [PROGRESS] dataset import> Importing TRAP files
[2026-07-27 12:40:38] Importing maven-wrapper.properties.trap.gz (1 of 2666)
[2026-07-27 12:40:38] Importing pom.xml.trap.gz (2 of 2666)
[2026-07-27 12:40:38] Importing MigrationReportApplication.java.trap.gz (3 of 2666)
[2026-07-27 12:40:38] Importing DataSourceConfig.java.trap.gz (4 of 2666)
[2026-07-27 12:40:38] Importing SecurityHeadersFilter.java.trap.gz (5 of 2666)
[2026-07-27 12:40:38] Importing WebConfig.java.trap.gz (6 of 2666)
[2026-07-27 12:40:38] Importing AuthController.java.trap.gz (7 of 2666)
[2026-07-27 12:40:38] Importing ChecksumController.java.trap.gz (8 of 2666)
[2026-07-27 12:40:38] Importing ColumnConfigController.java.trap.gz (9 of 2666)
[2026-07-27 12:40:38] Importing ConfigurationController.java.trap.gz (10 of 2666)
[2026-07-27 12:40:38] Importing DeliverableController.java.trap.gz (11 of 2666)
[2026-07-27 12:40:39] Importing DiscoveryController.java.trap.gz (12 of 2666)
[2026-07-27 12:40:39] Importing ExceptionController.java.trap.gz (13 of 2666)
[2026-07-27 12:40:39] Importing MonitorController.java.trap.gz (14 of 2666)
[2026-07-27 12:40:39] Importing PropertyMappingController.java.trap.gz (15 of 2666)
[2026-07-27 12:40:39] Importing SearchController.java.trap.gz (16 of 2666)
[2026-07-27 12:40:39] Importing DialectConfig.java.trap.gz (17 of 2666)
[2026-07-27 12:40:39] Importing PostgresDialect.java.trap.gz (18 of 2666)
[2026-07-27 12:40:39] Importing SqlDialect.java.trap.gz (19 of 2666)
[2026-07-27 12:40:39] Importing SqlServerDialect.java.trap.gz (20 of 2666)
[2026-07-27 12:40:39] Importing ChecksumRecordDTO.java.trap.gz (21 of 2666)
[2026-07-27 12:40:39] Importing ChecksumReportRequest.java.trap.gz (22 of 2666)
[2026-07-27 12:40:39] Importing ChecksumReportResponse.java.trap.gz (23 of 2666)
[2026-07-27 12:40:39] Importing CustomMetadataFilter.java.trap.gz (24 of 2666)
[2026-07-27 12:40:39] Importing DeliverableRequest.java.trap.gz (25 of 2666)
[2026-07-27 12:40:39] Importing DeliverableRowDTO.java.trap.gz (26 of 2666)
[2026-07-27 12:40:39] Importing DiscoveryCriteria.java.trap.gz (27 of 2666)
[2026-07-27 12:40:39] Importing ExceptionCriteria.java.trap.gz (28 of 2666)
[2026-07-27 12:40:39] Importing LogConfigDTO.java.trap.gz (29 of 2666)
[2026-07-27 12:40:39] Importing LogEntryDTO.java.trap.gz (30 of 2666)
[2026-07-27 12:40:39] Importing LoginRequest.java.trap.gz (31 of 2666)
[2026-07-27 12:40:39] Importing MetadataFieldDTO.java.trap.gz (32 of 2666)
[2026-07-27 12:40:39] Importing QuerySearchRequest.java.trap.gz (33 of 2666)
[2026-07-27 12:40:39] Importing SearchRequest.java.trap.gz (34 of 2666)
[2026-07-27 12:40:39] Importing DbConfigWrapper.java.trap.gz (35 of 2666)
[2026-07-27 12:40:39] Importing TenantConfig.java.trap.gz (36 of 2666)
[2026-07-27 12:40:39] Importing PropertyMappingTemplate.java.trap.gz (37 of 2666)
[2026-07-27 12:40:39] Importing BaseDocVersion.java.trap.gz (38 of 2666)
[2026-07-27 12:40:39] Importing User.java.trap.gz (39 of 2666)
[2026-07-27 12:40:39] Importing ConfigurationException.java.trap.gz (40 of 2666)
[2026-07-27 12:40:39] Importing DatabaseQueryException.java.trap.gz (41 of 2666)
[2026-07-27 12:40:39] Importing EncryptionException.java.trap.gz (42 of 2666)
[2026-07-27 12:40:39] Importing GlobalExceptionHandler.java.trap.gz (43 of 2666)
[2026-07-27 12:40:39] Importing LogParsingException.java.trap.gz (44 of 2666)
[2026-07-27 12:40:39] Importing ResourceNotFoundException.java.trap.gz (45 of 2666)
[2026-07-27 12:40:39] Importing UserRepository.java.trap.gz (46 of 2666)
[2026-07-27 12:40:39] Importing PathValidator.java.trap.gz (47 of 2666)
[2026-07-27 12:40:39] Importing QueryValidator.java.trap.gz (48 of 2666)
[2026-07-27 12:40:39] Importing SqlIdentifierValidator.java.trap.gz (49 of 2666)
[2026-07-27 12:40:39] Importing AuthService.java.trap.gz (50 of 2666)
[2026-07-27 12:40:39] Importing ChecksumService.java.trap.gz (51 of 2666)
[2026-07-27 12:40:39] Importing ConfigurationService.java.trap.gz (52 of 2666)
[2026-07-27 12:40:39] Importing DeliverableService.java.trap.gz (53 of 2666)
[2026-07-27 12:40:39] Importing DiscoveryService.java.trap.gz (54 of 2666)
[2026-07-27 12:40:39] Importing ExceptionService.java.trap.gz (55 of 2666)
[2026-07-27 12:40:39] Importing MonitorService.java.trap.gz (56 of 2666)
[2026-07-27 12:40:39] Importing PropertyMappingService.java.trap.gz (57 of 2666)
[2026-07-27 12:40:39] Importing SearchService.java.trap.gz (58 of 2666)
[2026-07-27 12:40:39] Importing EncryptionUtil.java.trap.gz (59 of 2666)
[2026-07-27 12:40:39] Importing TempUpdate.java.trap.gz (60 of 2666)
[2026-07-27 12:40:39] Importing application.properties.trap.gz (61 of 2666)
[2026-07-27 12:40:39] Importing MigrationReportApplicationTests.java.trap.gz (62 of 2666)
[2026-07-27 12:40:39] Importing application.properties.trap.gz (63 of 2666)
[2026-07-27 12:40:39] Importing pom.properties.trap.gz (64 of 2666)
[2026-07-27 12:40:39] Importing JacksonAnnotation.members#52.0-1768727806000-java.trap.gz (65 of 2666)
[2026-07-27 12:40:39] Importing JacksonAnnotationValue.members#52.0-1768727806000-java.trap.gz (66 of 2666)
[2026-07-27 12:40:39] Importing JacksonInject$Value.members#52.0-1768727806000-java.trap.gz (67 of 2666)
[2026-07-27 12:40:39] Importing JacksonInject.members#52.0-1768727806000-java.trap.gz (68 of 2666)
[2026-07-27 12:40:39] Importing JsonAutoDetect$Value.members#52.0-1768727806000-java.trap.gz (69 of 2666)
[2026-07-27 12:40:39] Importing JsonAutoDetect$Visibility.members#52.0-1768727806000-java.trap.gz (70 of 2666)
[2026-07-27 12:40:39] Importing JsonAutoDetect.members#52.0-1768727806000-java.trap.gz (71 of 2666)
[2026-07-27 12:40:39] Importing JsonCreator$Mode.members#52.0-1768727806000-java.trap.gz (72 of 2666)
[2026-07-27 12:40:39] Importing JsonCreator.members#52.0-1768727806000-java.trap.gz (73 of 2666)
[2026-07-27 12:40:39] Importing JsonFormat$Feature.members#52.0-1768727806000-java.trap.gz (74 of 2666)
[2026-07-27 12:40:39] Importing JsonFormat$Features.members#52.0-1768727806000-java.trap.gz (75 of 2666)
[2026-07-27 12:40:39] Importing JsonFormat$Shape.members#52.0-1768727806000-java.trap.gz (76 of 2666)
[2026-07-27 12:40:39] Importing JsonFormat$Value.members#52.0-1768727806000-java.trap.gz (77 of 2666)
[2026-07-27 12:40:39] Importing JsonFormat.members#52.0-1768727806000-java.trap.gz (78 of 2666)
[2026-07-27 12:40:39] Importing JsonIgnore.members#52.0-1768727806000-java.trap.gz (79 of 2666)
[2026-07-27 12:40:39] Importing JsonIgnoreProperties$Value.members#52.0-1768727806000-java.trap.gz (80 of 2666)
[2026-07-27 12:40:39] Importing JsonIgnoreProperties.members#52.0-1768727806000-java.trap.gz (81 of 2666)
[2026-07-27 12:40:39] Importing JsonInclude$Include.members#52.0-1768727806000-java.trap.gz (82 of 2666)
[2026-07-27 12:40:39] Importing JsonInclude$Value.members#52.0-1768727806000-java.trap.gz (83 of 2666)
[2026-07-27 12:40:39] Importing JsonInclude.members#52.0-1768727806000-java.trap.gz (84 of 2666)
[2026-07-27 12:40:39] Importing JsonIncludeProperties$Value.members#52.0-1768727806000-java.trap.gz (85 of 2666)
[2026-07-27 12:40:39] Importing JsonIncludeProperties.members#52.0-1768727806000-java.trap.gz (86 of 2666)
[2026-07-27 12:40:39] Importing JsonProperty$Access.members#52.0-1768727806000-java.trap.gz (87 of 2666)
[2026-07-27 12:40:39] Importing JsonProperty.members#52.0-1768727806000-java.trap.gz (88 of 2666)
[2026-07-27 12:40:39] Importing JsonSetter$Value.members#52.0-1768727806000-java.trap.gz (89 of 2666)
[2026-07-27 12:40:39] Importing JsonSetter.members#52.0-1768727806000-java.trap.gz (90 of 2666)
[2026-07-27 12:40:39] Importing JsonTypeInfo$As.members#52.0-1768727806000-java.trap.gz (91 of 2666)
[2026-07-27 12:40:39] Importing JsonTypeInfo$Id.members#52.0-1768727806000-java.trap.gz (92 of 2666)
[2026-07-27 12:40:39] Importing JsonTypeInfo$Value.members#52.0-1768727806000-java.trap.gz (93 of 2666)
[2026-07-27 12:40:39] Importing JsonTypeInfo.members#52.0-1768727806000-java.trap.gz (94 of 2666)
[2026-07-27 12:40:39] Importing JsonValue.members#52.0-1768727806000-java.trap.gz (95 of 2666)
[2026-07-27 12:40:39] Importing Nulls.members#52.0-1768727806000-java.trap.gz (96 of 2666)
[2026-07-27 12:40:39] Importing ObjectIdGenerator$IdKey.members#52.0-1768727806000-java.trap.gz (97 of 2666)
[2026-07-27 12:40:39] Importing ObjectIdGenerator.members#52.0-1768727806000-java.trap.gz (98 of 2666)
[2026-07-27 12:40:39] Importing ObjectIdResolver.members#52.0-1768727806000-java.trap.gz (99 of 2666)
[2026-07-27 12:40:39] Importing OptBoolean.members#52.0-1768727806000-java.trap.gz (100 of 2666)
[2026-07-27 12:40:40] Importing PropertyAccessor.members#52.0-1768727806000-java.trap.gz (101 of 2666)
[2026-07-27 12:40:40] Importing Base64Variant$PaddingReadBehaviour.members#52.0-1779982898000-java.trap.gz (102 of 2666)
[2026-07-27 12:40:40] Importing Base64Variant.members#52.0-1779982898000-java.trap.gz (103 of 2666)
[2026-07-27 12:40:40] Importing ErrorReportConfiguration$Builder.members#52.0-1779982898000-java.trap.gz (104 of 2666)
[2026-07-27 12:40:40] Importing ErrorReportConfiguration.members#52.0-1779982898000-java.trap.gz (105 of 2666)
[2026-07-27 12:40:40] Importing FormatFeature.members#52.0-1779982898000-java.trap.gz (106 of 2666)
[2026-07-27 12:40:40] Importing FormatSchema.members#52.0-1779982898000-java.trap.gz (107 of 2666)
[2026-07-27 12:40:40] Importing JacksonException.members#52.0-1779982898000-java.trap.gz (108 of 2666)
[2026-07-27 12:40:40] Importing JsonEncoding.members#52.0-1779982898000-java.trap.gz (109 of 2666)
[2026-07-27 12:40:40] Importing JsonFactory$Feature.members#52.0-1779982898000-java.trap.gz (110 of 2666)
[2026-07-27 12:40:40] Importing JsonFactory.members#52.0-1779982898000-java.trap.gz (111 of 2666)
[2026-07-27 12:40:40] Importing JsonFactoryBuilder.members#52.0-1779982898000-java.trap.gz (112 of 2666)
[2026-07-27 12:40:40] Importing JsonGenerationException.members#52.0-1779982898000-java.trap.gz (113 of 2666)
[2026-07-27 12:40:40] Importing JsonGenerator$Feature.members#52.0-1779982898000-java.trap.gz (114 of 2666)
[2026-07-27 12:40:40] Importing JsonGenerator.members#52.0-1779982898000-java.trap.gz (115 of 2666)
[2026-07-27 12:40:40] Importing JsonLocation.members#52.0-1779982898000-java.trap.gz (116 of 2666)
[2026-07-27 12:40:40] Importing JsonParseException.members#52.0-1779982898000-java.trap.gz (117 of 2666)
[2026-07-27 12:40:40] Importing JsonParser$Feature.members#52.0-1779982898000-java.trap.gz (118 of 2666)
[2026-07-27 12:40:40] Importing JsonParser$NumberType.members#52.0-1779982898000-java.trap.gz (119 of 2666)
[2026-07-27 12:40:40] Importing JsonParser$NumberTypeFP.members#52.0-1779982898000-java.trap.gz (120 of 2666)
[2026-07-27 12:40:40] Importing JsonParser.members#52.0-1779982898000-java.trap.gz (121 of 2666)
[2026-07-27 12:40:40] Importing JsonPointer.members#52.0-1779982898000-java.trap.gz (122 of 2666)
[2026-07-27 12:40:40] Importing JsonProcessingException.members#52.0-1779982898000-java.trap.gz (123 of 2666)
[2026-07-27 12:40:40] Importing JsonStreamContext.members#52.0-1779982898000-java.trap.gz (124 of 2666)
[2026-07-27 12:40:40] Importing JsonToken.members#52.0-1779982898000-java.trap.gz (125 of 2666)
[2026-07-27 12:40:40] Importing ObjectCodec.members#52.0-1779982898000-java.trap.gz (126 of 2666)
[2026-07-27 12:40:40] Importing PrettyPrinter.members#52.0-1779982898000-java.trap.gz (127 of 2666)
[2026-07-27 12:40:40] Importing SerializableString.members#52.0-1779982898000-java.trap.gz (128 of 2666)
[2026-07-27 12:40:40] Importing StreamReadCapability.members#52.0-1779982898000-java.trap.gz (129 of 2666)
[2026-07-27 12:40:40] Importing StreamReadConstraints$Builder.members#52.0-1779982898000-java.trap.gz (130 of 2666)
[2026-07-27 12:40:40] Importing StreamReadConstraints.members#52.0-1779982898000-java.trap.gz (131 of 2666)
[2026-07-27 12:40:40] Importing StreamReadFeature.members#52.0-1779982898000-java.trap.gz (132 of 2666)
[2026-07-27 12:40:40] Importing StreamWriteCapability.members#52.0-1779982898000-java.trap.gz (133 of 2666)
[2026-07-27 12:40:40] Importing StreamWriteConstraints$Builder.members#52.0-1779982898000-java.trap.gz (134 of 2666)
[2026-07-27 12:40:40] Importing StreamWriteConstraints.members#52.0-1779982898000-java.trap.gz (135 of 2666)
[2026-07-27 12:40:40] Importing StreamWriteFeature.members#52.0-1779982898000-java.trap.gz (136 of 2666)
[2026-07-27 12:40:40] Importing TSFBuilder.members#52.0-1779982898000-java.trap.gz (137 of 2666)
[2026-07-27 12:40:40] Importing TokenStreamFactory.members#52.0-1779982898000-java.trap.gz (138 of 2666)
[2026-07-27 12:40:40] Importing TreeCodec.members#52.0-1779982898000-java.trap.gz (139 of 2666)
[2026-07-27 12:40:40] Importing TreeNode.members#52.0-1779982898000-java.trap.gz (140 of 2666)
[2026-07-27 12:40:40] Importing Version.members#52.0-1779982898000-java.trap.gz (141 of 2666)
[2026-07-27 12:40:40] Importing Versioned.members#52.0-1779982898000-java.trap.gz (142 of 2666)
[2026-07-27 12:40:40] Importing NonBlockingInputFeeder.members#52.0-1779982898000-java.trap.gz (143 of 2666)
[2026-07-27 12:40:40] Importing StreamConstraintsException.members#52.0-1779982898000-java.trap.gz (144 of 2666)
[2026-07-27 12:40:40] Importing StreamReadException.members#52.0-1779982898000-java.trap.gz (145 of 2666)
[2026-07-27 12:40:40] Importing StreamWriteException.members#52.0-1779982898000-java.trap.gz (146 of 2666)
[2026-07-27 12:40:40] Importing TokenFilter.members#52.0-1779982898000-java.trap.gz (147 of 2666)
[2026-07-27 12:40:40] Importing InputAccessor.members#52.0-1779982898000-java.trap.gz (148 of 2666)
[2026-07-27 12:40:40] Importing MatchStrength.members#52.0-1779982898000-java.trap.gz (149 of 2666)
[2026-07-27 12:40:40] Importing CharacterEscapes.members#52.0-1779982898000-java.trap.gz (150 of 2666)
[2026-07-27 12:40:40] Importing ContentReference.members#52.0-1779982898000-java.trap.gz (151 of 2666)
[2026-07-27 12:40:40] Importing IOContext.members#52.0-1779982898000-java.trap.gz (152 of 2666)
[2026-07-27 12:40:40] Importing InputDecorator.members#52.0-1779982898000-java.trap.gz (153 of 2666)
[2026-07-27 12:40:40] Importing OutputDecorator.members#52.0-1779982898000-java.trap.gz (154 of 2666)
[2026-07-27 12:40:40] Importing SerializedString.members#52.0-1779982898000-java.trap.gz (155 of 2666)
[2026-07-27 12:40:40] Importing DupDetector.members#52.0-1779982898000-java.trap.gz (156 of 2666)
[2026-07-27 12:40:40] Importing JsonReadFeature.members#52.0-1779982898000-java.trap.gz (157 of 2666)
[2026-07-27 12:40:40] Importing JsonWriteContext.members#52.0-1779982898000-java.trap.gz (158 of 2666)
[2026-07-27 12:40:40] Importing JsonWriteFeature.members#52.0-1779982898000-java.trap.gz (159 of 2666)
[2026-07-27 12:40:40] Importing ByteQuadsCanonicalizer$TableInfo.members#52.0-1779982898000-java.trap.gz (160 of 2666)
[2026-07-27 12:40:40] Importing ByteQuadsCanonicalizer.members#52.0-1779982898000-java.trap.gz (161 of 2666)
[2026-07-27 12:40:40] Importing CharsToNameCanonicalizer$Bucket.members#52.0-1779982898000-java.trap.gz (162 of 2666)
[2026-07-27 12:40:40] Importing CharsToNameCanonicalizer$TableInfo.members#52.0-1779982898000-java.trap.gz (163 of 2666)
[2026-07-27 12:40:40] Importing CharsToNameCanonicalizer.members#52.0-1779982898000-java.trap.gz (164 of 2666)
[2026-07-27 12:40:40] Importing ResolvedType.members#52.0-1779982898000-java.trap.gz (165 of 2666)
[2026-07-27 12:40:40] Importing TypeReference.members#52.0-1779982898000-java.trap.gz (166 of 2666)
[2026-07-27 12:40:40] Importing WritableTypeId$Inclusion.members#52.0-1779982898000-java.trap.gz (167 of 2666)
[2026-07-27 12:40:40] Importing WritableTypeId.members#52.0-1779982898000-java.trap.gz (168 of 2666)
[2026-07-27 12:40:40] Importing BufferRecycler$Gettable.members#52.0-1779982898000-java.trap.gz (169 of 2666)
[2026-07-27 12:40:40] Importing BufferRecycler.members#52.0-1779982898000-java.trap.gz (170 of 2666)
[2026-07-27 12:40:40] Importing ByteArrayBuilder.members#52.0-1779982898000-java.trap.gz (171 of 2666)
[2026-07-27 12:40:40] Importing InternCache.members#52.0-1779982898000-java.trap.gz (172 of 2666)
[2026-07-27 12:40:40] Importing JacksonFeature.members#52.0-1779982898000-java.trap.gz (173 of 2666)
[2026-07-27 12:40:40] Importing JacksonFeatureSet.members#52.0-1779982898000-java.trap.gz (174 of 2666)
[2026-07-27 12:40:40] Importing JsonGeneratorDecorator.members#52.0-1779982898000-java.trap.gz (175 of 2666)
[2026-07-27 12:40:40] Importing RecyclerPool$WithPool.members#52.0-1779982898000-java.trap.gz (176 of 2666)
[2026-07-27 12:40:40] Importing RecyclerPool.members#52.0-1779982898000-java.trap.gz (177 of 2666)
[2026-07-27 12:40:40] Importing RequestPayload.members#52.0-1779982898000-java.trap.gz (178 of 2666)
[2026-07-27 12:40:40] Importing Separators$Spacing.members#52.0-1779982898000-java.trap.gz (179 of 2666)
[2026-07-27 12:40:40] Importing Separators.members#52.0-1779982898000-java.trap.gz (180 of 2666)
[2026-07-27 12:40:40] Importing TextBuffer.members#52.0-1779982898000-java.trap.gz (181 of 2666)
[2026-07-27 12:40:40] Importing AbstractTypeResolver.members#52.0-1783345134000-java.trap.gz (182 of 2666)
[2026-07-27 12:40:40] Importing AnnotationIntrospector$ReferenceProperty$Type.members#52.0-1783345134000-java.trap.gz (183 of 2666)
[2026-07-27 12:40:40] Importing AnnotationIntrospector$ReferenceProperty.members#52.0-1783345134000-java.trap.gz (184 of 2666)
[2026-07-27 12:40:40] Importing AnnotationIntrospector.members#52.0-1783345134000-java.trap.gz (185 of 2666)
[2026-07-27 12:40:40] Importing BeanDescription.members#52.0-1783345134000-java.trap.gz (186 of 2666)
[2026-07-27 12:40:40] Importing BeanProperty$Std.members#52.0-1783345134000-java.trap.gz (187 of 2666)
[2026-07-27 12:40:40] Importing BeanProperty.members#52.0-1783345134000-java.trap.gz (188 of 2666)
[2026-07-27 12:40:40] Importing DatabindContext.members#52.0-1783345134000-java.trap.gz (189 of 2666)
[2026-07-27 12:40:40] Importing DatabindException.members#52.0-1783345134000-java.trap.gz (190 of 2666)
[2026-07-27 12:40:40] Importing DeserializationConfig.members#52.0-1783345134000-java.trap.gz (191 of 2666)
[2026-07-27 12:40:40] Importing DeserializationContext.members#52.0-1783345134000-java.trap.gz (192 of 2666)
[2026-07-27 12:40:40] Importing DeserializationFeature.members#52.0-1783345134000-java.trap.gz (193 of 2666)
[2026-07-27 12:40:40] Importing EnumNamingStrategy.members#52.0-1783345134000-java.trap.gz (194 of 2666)
[2026-07-27 12:40:40] Importing InjectableValues.members#52.0-1783345134000-java.trap.gz (195 of 2666)
[2026-07-27 12:40:40] Importing JavaType.members#52.0-1783345134000-java.trap.gz (196 of 2666)
[2026-07-27 12:40:40] Importing JsonDeserializer.members#52.0-1783345134000-java.trap.gz (197 of 2666)
[2026-07-27 12:40:40] Importing JsonMappingException$Reference.members#52.0-1783345134000-java.trap.gz (198 of 2666)
[2026-07-27 12:40:40] Importing JsonMappingException.members#52.0-1783345134000-java.trap.gz (199 of 2666)
[2026-07-27 12:40:40] Importing JsonNode$OverwriteMode.members#52.0-1783345134000-java.trap.gz (200 of 2666)
[2026-07-27 12:40:40] Importing JsonNode.members#52.0-1783345134000-java.trap.gz (201 of 2666)
[2026-07-27 12:40:40] Importing JsonSerializable$Base.members#52.0-1783345134000-java.trap.gz (202 of 2666)
[2026-07-27 12:40:40] Importing JsonSerializable.members#52.0-1783345134000-java.trap.gz (203 of 2666)
[2026-07-27 12:40:40] Importing JsonSerializer.members#52.0-1783345134000-java.trap.gz (204 of 2666)
[2026-07-27 12:40:40] Importing KeyDeserializer.members#52.0-1783345134000-java.trap.gz (205 of 2666)
[2026-07-27 12:40:40] Importing MapperFeature.members#52.0-1783345134000-java.trap.gz (206 of 2666)
[2026-07-27 12:40:40] Importing MappingIterator.members#52.0-1783345134000-java.trap.gz (207 of 2666)
[2026-07-27 12:40:40] Importing Module$SetupContext.members#52.0-1783345134000-java.trap.gz (208 of 2666)
[2026-07-27 12:40:40] Importing Module.members#52.0-1783345134000-java.trap.gz (209 of 2666)
[2026-07-27 12:40:40] Importing ObjectMapper$DefaultTyping.members#52.0-1783345134000-java.trap.gz (210 of 2666)
[2026-07-27 12:40:40] Importing ObjectMapper.members#52.0-1783345134000-java.trap.gz (211 of 2666)
[2026-07-27 12:40:40] Importing ObjectReader.members#52.0-1783345134000-java.trap.gz (212 of 2666)
[2026-07-27 12:40:40] Importing ObjectWriter$GeneratorSettings.members#52.0-1783345134000-java.trap.gz (213 of 2666)
[2026-07-27 12:40:40] Importing ObjectWriter$Prefetch.members#52.0-1783345134000-java.trap.gz (214 of 2666)
[2026-07-27 12:40:40] Importing ObjectWriter.members#52.0-1783345134000-java.trap.gz (215 of 2666)
[2026-07-27 12:40:40] Importing PropertyMetadata$MergeInfo.members#52.0-1783345134000-java.trap.gz (216 of 2666)
[2026-07-27 12:40:40] Importing PropertyMetadata.members#52.0-1783345134000-java.trap.gz (217 of 2666)
[2026-07-27 12:40:40] Importing PropertyName.members#52.0-1783345134000-java.trap.gz (218 of 2666)
[2026-07-27 12:40:40] Importing PropertyNamingStrategy.members#52.0-1783345134000-java.trap.gz (219 of 2666)
[2026-07-27 12:40:40] Importing SequenceWriter.members#52.0-1783345134000-java.trap.gz (220 of 2666)
[2026-07-27 12:40:40] Importing SerializationConfig.members#52.0-1783345134000-java.trap.gz (221 of 2666)
[2026-07-27 12:40:40] Importing SerializationFeature.members#52.0-1783345134000-java.trap.gz (222 of 2666)
[2026-07-27 12:40:40] Importing SerializerProvider.members#52.0-1783345134000-java.trap.gz (223 of 2666)
[2026-07-27 12:40:40] Importing JacksonStdImpl.members#52.0-1783345134000-java.trap.gz (224 of 2666)
[2026-07-27 12:40:40] Importing JsonPOJOBuilder$Value.members#52.0-1783345134000-java.trap.gz (225 of 2666)
[2026-07-27 12:40:40] Importing JsonPOJOBuilder.members#52.0-1783345134000-java.trap.gz (226 of 2666)
[2026-07-27 12:40:40] Importing JsonSerialize$Inclusion.members#52.0-1783345134000-java.trap.gz (227 of 2666)
[2026-07-27 12:40:40] Importing JsonSerialize$Typing.members#52.0-1783345134000-java.trap.gz (228 of 2666)
[2026-07-27 12:40:40] Importing JsonSerialize.members#52.0-1783345134000-java.trap.gz (229 of 2666)
[2026-07-27 12:40:40] Importing BaseSettings.members#52.0-1783345134000-java.trap.gz (230 of 2666)
[2026-07-27 12:40:40] Importing CacheProvider.members#52.0-1783345134000-java.trap.gz (231 of 2666)
[2026-07-27 12:40:40] Importing CoercionAction.members#52.0-1783345134000-java.trap.gz (232 of 2666)
[2026-07-27 12:40:40] Importing CoercionConfig.members#52.0-1783345134000-java.trap.gz (233 of 2666)
[2026-07-27 12:40:40] Importing CoercionConfigs.members#52.0-1783345134000-java.trap.gz (234 of 2666)
[2026-07-27 12:40:40] Importing CoercionInputShape.members#52.0-1783345134000-java.trap.gz (235 of 2666)
[2026-07-27 12:40:40] Importing ConfigFeature.members#52.0-1783345134000-java.trap.gz (236 of 2666)
[2026-07-27 12:40:40] Importing ConfigOverride.members#52.0-1783345134000-java.trap.gz (237 of 2666)
[2026-07-27 12:40:40] Importing ConfigOverrides.members#52.0-1783345134000-java.trap.gz (238 of 2666)
[2026-07-27 12:40:40] Importing ConstructorDetector$SingleArgConstructor.members#52.0-1783345134000-java.trap.gz (239 of 2666)
[2026-07-27 12:40:40] Importing ConstructorDetector.members#52.0-1783345134000-java.trap.gz (240 of 2666)
[2026-07-27 12:40:40] Importing ContextAttributes.members#52.0-1783345134000-java.trap.gz (241 of 2666)
[2026-07-27 12:40:40] Importing DatatypeFeature.members#52.0-1783345134000-java.trap.gz (242 of 2666)
[2026-07-27 12:40:40] Importing DatatypeFeatures.members#52.0-1783345134000-java.trap.gz (243 of 2666)
[2026-07-27 12:40:40] Importing HandlerInstantiator.members#52.0-1783345134000-java.trap.gz (244 of 2666)
[2026-07-27 12:40:40] Importing MapperConfig.members#52.0-1783345134000-java.trap.gz (245 of 2666)
[2026-07-27 12:40:40] Importing MapperConfigBase.members#52.0-1783345134000-java.trap.gz (246 of 2666)
[2026-07-27 12:40:40] Importing MutableCoercionConfig.members#52.0-1783345134000-java.trap.gz (247 of 2666)
[2026-07-27 12:40:40] Importing MutableConfigOverride.members#52.0-1783345134000-java.trap.gz (248 of 2666)
[2026-07-27 12:40:40] Importing AbstractDeserializer.members#52.0-1783345134000-java.trap.gz (249 of 2666)
[2026-07-27 12:40:40] Importing BeanDeserializerBuilder.members#52.0-1783345134000-java.trap.gz (250 of 2666)
[2026-07-27 12:40:40] Importing BeanDeserializerModifier.members#52.0-1783345134000-java.trap.gz (251 of 2666)
[2026-07-27 12:40:40] Importing ContextualDeserializer.members#52.0-1783345134000-java.trap.gz (252 of 2666)
[2026-07-27 12:40:40] Importing DataFormatReaders$Match.members#52.0-1783345134000-java.trap.gz (253 of 2666)
[2026-07-27 12:40:40] Importing DataFormatReaders.members#52.0-1783345134000-java.trap.gz (254 of 2666)
[2026-07-27 12:40:40] Importing DefaultDeserializationContext.members#52.0-1783345134000-java.trap.gz (255 of 2666)
[2026-07-27 12:40:40] Importing DeserializationProblemHandler.members#52.0-1783345134000-java.trap.gz (256 of 2666)
[2026-07-27 12:40:40] Importing DeserializerCache.members#52.0-1783345134000-java.trap.gz (257 of 2666)
[2026-07-27 12:40:40] Importing DeserializerFactory.members#52.0-1783345134000-java.trap.gz (258 of 2666)
[2026-07-27 12:40:40] Importing Deserializers.members#52.0-1783345134000-java.trap.gz (259 of 2666)
[2026-07-27 12:40:40] Importing KeyDeserializers.members#52.0-1783345134000-java.trap.gz (260 of 2666)
[2026-07-27 12:40:40] Importing NullValueProvider.members#52.0-1783345134000-java.trap.gz (261 of 2666)
[2026-07-27 12:40:40] Importing SettableAnyProperty.members#52.0-1783345134000-java.trap.gz (262 of 2666)
[2026-07-27 12:40:40] Importing SettableBeanProperty.members#52.0-1783345134000-java.trap.gz (263 of 2666)
[2026-07-27 12:40:40] Importing UnresolvedForwardReference.members#52.0-1783345134000-java.trap.gz (264 of 2666)
[2026-07-27 12:40:40] Importing UnresolvedId.members#52.0-1783345134000-java.trap.gz (265 of 2666)
[2026-07-27 12:40:40] Importing ValueInstantiator.members#52.0-1783345134000-java.trap.gz (266 of 2666)
[2026-07-27 12:40:40] Importing ValueInstantiators.members#52.0-1783345134000-java.trap.gz (267 of 2666)
[2026-07-27 12:40:40] Importing BeanPropertyMap.members#52.0-1783345134000-java.trap.gz (268 of 2666)
[2026-07-27 12:40:40] Importing ObjectIdReader.members#52.0-1783345134000-java.trap.gz (269 of 2666)
[2026-07-27 12:40:40] Importing PropertyValue.members#52.0-1783345134000-java.trap.gz (270 of 2666)
[2026-07-27 12:40:40] Importing PropertyValueBuffer.members#52.0-1783345134000-java.trap.gz (271 of 2666)
[2026-07-27 12:40:40] Importing ReadableObjectId$Referring.members#52.0-1783345134000-java.trap.gz (272 of 2666)
[2026-07-27 12:40:40] Importing ReadableObjectId.members#52.0-1783345134000-java.trap.gz (273 of 2666)
[2026-07-27 12:40:40] Importing ValueInjector.members#52.0-1783345134000-java.trap.gz (274 of 2666)
[2026-07-27 12:40:40] Importing AccessorNamingStrategy$Provider.members#52.0-1783345134000-java.trap.gz (275 of 2666)
[2026-07-27 12:40:40] Importing AccessorNamingStrategy.members#52.0-1783345134000-java.trap.gz (276 of 2666)
[2026-07-27 12:40:40] Importing Annotated.members#52.0-1783345134000-java.trap.gz (277 of 2666)
[2026-07-27 12:40:40] Importing AnnotatedAndMetadata.members#52.0-1783345134000-java.trap.gz (278 of 2666)
[2026-07-27 12:40:40] Importing AnnotatedClass$Creators.members#52.0-1783345134000-java.trap.gz (279 of 2666)
[2026-07-27 12:40:40] Importing AnnotatedClass.members#52.0-1783345134000-java.trap.gz (280 of 2666)
[2026-07-27 12:40:40] Importing AnnotatedConstructor$Serialization.members#52.0-1783345134000-java.trap.gz (281 of 2666)
[2026-07-27 12:40:40] Importing AnnotatedConstructor.members#52.0-1783345134000-java.trap.gz (282 of 2666)
[2026-07-27 12:40:40] Importing AnnotatedField$Serialization.members#52.0-1783345134000-java.trap.gz (283 of 2666)
[2026-07-27 12:40:40] Importing AnnotatedField.members#52.0-1783345134000-java.trap.gz (284 of 2666)
[2026-07-27 12:40:40] Importing AnnotatedMember.members#52.0-1783345134000-java.trap.gz (285 of 2666)
[2026-07-27 12:40:40] Importing AnnotatedMethod$Serialization.members#52.0-1783345134000-java.trap.gz (286 of 2666)
[2026-07-27 12:40:40] Importing AnnotatedMethod.members#52.0-1783345134000-java.trap.gz (287 of 2666)
[2026-07-27 12:40:40] Importing AnnotatedMethodMap.members#52.0-1783345134000-java.trap.gz (288 of 2666)
[2026-07-27 12:40:40] Importing AnnotatedParameter.members#52.0-1783345134000-java.trap.gz (289 of 2666)
[2026-07-27 12:40:40] Importing AnnotatedWithParams.members#52.0-1783345134000-java.trap.gz (290 of 2666)
[2026-07-27 12:40:40] Importing AnnotationMap.members#52.0-1783345134000-java.trap.gz (291 of 2666)
[2026-07-27 12:40:40] Importing BeanPropertyDefinition.members#52.0-1783345134000-java.trap.gz (292 of 2666)
[2026-07-27 12:40:40] Importing ClassIntrospector$MixInResolver.members#52.0-1783345134000-java.trap.gz (293 of 2666)
[2026-07-27 12:40:40] Importing ClassIntrospector.members#52.0-1783345134000-java.trap.gz (294 of 2666)
[2026-07-27 12:40:40] Importing ConcreteBeanPropertyBase.members#52.0-1783345134000-java.trap.gz (295 of 2666)
[2026-07-27 12:40:40] Importing MemberKey.members#52.0-1783345134000-java.trap.gz (296 of 2666)
[2026-07-27 12:40:40] Importing ObjectIdInfo.members#52.0-1783345134000-java.trap.gz (297 of 2666)
[2026-07-27 12:40:40] Importing PotentialCreator.members#52.0-1783345134000-java.trap.gz (298 of 2666)
[2026-07-27 12:40:40] Importing PotentialCreators.members#52.0-1783345134000-java.trap.gz (299 of 2666)
[2026-07-27 12:40:40] Importing SimpleMixInResolver.members#52.0-1783345134000-java.trap.gz (300 of 2666)
[2026-07-27 12:40:40] Importing TypeResolutionContext.members#52.0-1783345134000-java.trap.gz (301 of 2666)
[2026-07-27 12:40:40] Importing VisibilityChecker.members#52.0-1783345134000-java.trap.gz (302 of 2666)
[2026-07-27 12:40:40] Importing JsonAnyFormatVisitor.members#52.0-1783345134000-java.trap.gz (303 of 2666)
[2026-07-27 12:40:40] Importing JsonArrayFormatVisitor.members#52.0-1783345134000-java.trap.gz (304 of 2666)
[2026-07-27 12:40:40] Importing JsonBooleanFormatVisitor.members#52.0-1783345134000-java.trap.gz (305 of 2666)
[2026-07-27 12:40:40] Importing JsonFormatTypes.members#52.0-1783345134000-java.trap.gz (306 of 2666)
[2026-07-27 12:40:40] Importing JsonFormatVisitable.members#52.0-1783345134000-java.trap.gz (307 of 2666)
[2026-07-27 12:40:40] Importing JsonFormatVisitorWithSerializerProvider.members#52.0-1783345134000-java.trap.gz (308 of 2666)
[2026-07-27 12:40:40] Importing JsonFormatVisitorWrapper.members#52.0-1783345134000-java.trap.gz (309 of 2666)
[2026-07-27 12:40:40] Importing JsonIntegerFormatVisitor.members#52.0-1783345134000-java.trap.gz (310 of 2666)
[2026-07-27 12:40:40] Importing JsonMapFormatVisitor.members#52.0-1783345134000-java.trap.gz (311 of 2666)
[2026-07-27 12:40:40] Importing JsonNullFormatVisitor.members#52.0-1783345134000-java.trap.gz (312 of 2666)
[2026-07-27 12:40:40] Importing JsonNumberFormatVisitor.members#52.0-1783345134000-java.trap.gz (313 of 2666)
[2026-07-27 12:40:40] Importing JsonObjectFormatVisitor.members#52.0-1783345134000-java.trap.gz (314 of 2666)
[2026-07-27 12:40:40] Importing JsonStringFormatVisitor.members#52.0-1783345134000-java.trap.gz (315 of 2666)
[2026-07-27 12:40:40] Importing JsonValueFormat.members#52.0-1783345134000-java.trap.gz (316 of 2666)
[2026-07-27 12:40:40] Importing JsonValueFormatVisitor.members#52.0-1783345134000-java.trap.gz (317 of 2666)
[2026-07-27 12:40:40] Importing JsonSchema.members#52.0-1783345134000-java.trap.gz (318 of 2666)
[2026-07-27 12:40:40] Importing SchemaAware.members#52.0-1783345134000-java.trap.gz (319 of 2666)
[2026-07-27 12:40:40] Importing NamedType.members#52.0-1783345134000-java.trap.gz (320 of 2666)
[2026-07-27 12:40:40] Importing PolymorphicTypeValidator$Validity.members#52.0-1783345134000-java.trap.gz (321 of 2666)
[2026-07-27 12:40:40] Importing PolymorphicTypeValidator.members#52.0-1783345134000-java.trap.gz (322 of 2666)
[2026-07-27 12:40:40] Importing SubtypeResolver.members#52.0-1783345134000-java.trap.gz (323 of 2666)
[2026-07-27 12:40:40] Importing TypeDeserializer.members#52.0-1783345134000-java.trap.gz (324 of 2666)
[2026-07-27 12:40:40] Importing TypeIdResolver.members#52.0-1783345134000-java.trap.gz (325 of 2666)
[2026-07-27 12:40:40] Importing TypeResolverBuilder.members#52.0-1783345134000-java.trap.gz (326 of 2666)
[2026-07-27 12:40:40] Importing TypeSerializer.members#52.0-1783345134000-java.trap.gz (327 of 2666)
[2026-07-27 12:40:40] Importing ArrayNode.members#52.0-1783345134000-java.trap.gz (328 of 2666)
[2026-07-27 12:40:40] Importing BaseJsonNode.members#52.0-1783345134000-java.trap.gz (329 of 2666)
[2026-07-27 12:40:40] Importing BinaryNode.members#52.0-1783345134000-java.trap.gz (330 of 2666)
[2026-07-27 12:40:40] Importing BooleanNode.members#52.0-1783345134000-java.trap.gz (331 of 2666)
[2026-07-27 12:40:40] Importing ContainerNode.members#52.0-1783345134000-java.trap.gz (332 of 2666)
[2026-07-27 12:40:40] Importing JsonNodeCreator.members#52.0-1783345134000-java.trap.gz (333 of 2666)
[2026-07-27 12:40:40] Importing JsonNodeFactory.members#52.0-1783345134000-java.trap.gz (334 of 2666)
[2026-07-27 12:40:40] Importing JsonNodeType.members#52.0-1783345134000-java.trap.gz (335 of 2666)
[2026-07-27 12:40:40] Importing NullNode.members#52.0-1783345134000-java.trap.gz (336 of 2666)
[2026-07-27 12:40:40] Importing NumericNode.members#52.0-1783345134000-java.trap.gz (337 of 2666)
[2026-07-27 12:40:40] Importing ObjectNode.members#52.0-1783345134000-java.trap.gz (338 of 2666)
[2026-07-27 12:40:40] Importing TextNode.members#52.0-1783345134000-java.trap.gz (339 of 2666)
[2026-07-27 12:40:40] Importing ValueNode.members#52.0-1783345134000-java.trap.gz (340 of 2666)
[2026-07-27 12:40:40] Importing AnyGetterWriter.members#52.0-1783345134000-java.trap.gz (341 of 2666)
[2026-07-27 12:40:40] Importing BeanPropertyFilter.members#52.0-1783345134000-java.trap.gz (342 of 2666)
[2026-07-27 12:40:40] Importing BeanPropertyWriter.members#52.0-1783345134000-java.trap.gz (343 of 2666)
[2026-07-27 12:40:40] Importing BeanSerializer.members#52.0-1783345134000-java.trap.gz (344 of 2666)
[2026-07-27 12:40:40] Importing BeanSerializerBuilder.members#52.0-1783345134000-java.trap.gz (345 of 2666)
[2026-07-27 12:40:40] Importing BeanSerializerModifier.members#52.0-1783345134000-java.trap.gz (346 of 2666)
[2026-07-27 12:40:40] Importing ContainerSerializer.members#52.0-1783345134000-java.trap.gz (347 of 2666)
[2026-07-27 12:40:40] Importing ContextualSerializer.members#52.0-1783345134000-java.trap.gz (348 of 2666)
[2026-07-27 12:40:40] Importing DefaultSerializerProvider.members#52.0-1783345134000-java.trap.gz (349 of 2666)
[2026-07-27 12:40:40] Importing FilterProvider.members#52.0-1783345134000-java.trap.gz (350 of 2666)
[2026-07-27 12:40:40] Importing PropertyFilter.members#52.0-1783345134000-java.trap.gz (351 of 2666)
[2026-07-27 12:40:40] Importing PropertyWriter.members#52.0-1783345134000-java.trap.gz (352 of 2666)
[2026-07-27 12:40:40] Importing ResolvableSerializer.members#52.0-1783345134000-java.trap.gz (353 of 2666)
[2026-07-27 12:40:40] Importing SerializerCache.members#52.0-1783345134000-java.trap.gz (354 of 2666)
[2026-07-27 12:40:40] Importing SerializerFactory.members#52.0-1783345134000-java.trap.gz (355 of 2666)
[2026-07-27 12:40:40] Importing Serializers.members#52.0-1783345134000-java.trap.gz (356 of 2666)
[2026-07-27 12:40:40] Importing VirtualBeanPropertyWriter.members#52.0-1783345134000-java.trap.gz (357 of 2666)
[2026-07-27 12:40:40] Importing ObjectIdWriter.members#52.0-1783345134000-java.trap.gz (358 of 2666)
[2026-07-27 12:40:40] Importing PropertySerializerMap$SerializerAndMapResult.members#52.0-1783345134000-java.trap.gz (359 of 2666)
[2026-07-27 12:40:40] Importing PropertySerializerMap.members#52.0-1783345134000-java.trap.gz (360 of 2666)
[2026-07-27 12:40:40] Importing ReadOnlyClassToSerializerMap.members#52.0-1783345134000-java.trap.gz (361 of 2666)
[2026-07-27 12:40:40] Importing WritableObjectId.members#52.0-1783345134000-java.trap.gz (362 of 2666)
[2026-07-27 12:40:40] Importing BeanSerializerBase.members#52.0-1783345134000-java.trap.gz (363 of 2666)
[2026-07-27 12:40:40] Importing MapSerializer.members#52.0-1783345134000-java.trap.gz (364 of 2666)
[2026-07-27 12:40:40] Importing StdSerializer.members#52.0-1783345134000-java.trap.gz (365 of 2666)
[2026-07-27 12:40:40] Importing ArrayType.members#52.0-1783345134000-java.trap.gz (366 of 2666)
[2026-07-27 12:40:40] Importing ClassKey.members#52.0-1783345134000-java.trap.gz (367 of 2666)
[2026-07-27 12:40:40] Importing ClassStack.members#52.0-1783345134000-java.trap.gz (368 of 2666)
[2026-07-27 12:40:40] Importing CollectionLikeType.members#52.0-1783345134000-java.trap.gz (369 of 2666)
[2026-07-27 12:40:40] Importing CollectionType.members#52.0-1783345134000-java.trap.gz (370 of 2666)
[2026-07-27 12:40:40] Importing IdentityEqualityType.members#52.0-1783345134000-java.trap.gz (371 of 2666)
[2026-07-27 12:40:40] Importing LogicalType.members#52.0-1783345134000-java.trap.gz (372 of 2666)
[2026-07-27 12:40:40] Importing MapLikeType.members#52.0-1783345134000-java.trap.gz (373 of 2666)
[2026-07-27 12:40:40] Importing MapType.members#52.0-1783345134000-java.trap.gz (374 of 2666)
[2026-07-27 12:40:40] Importing ReferenceType.members#52.0-1783345134000-java.trap.gz (375 of 2666)
[2026-07-27 12:40:40] Importing ResolvedRecursiveType.members#52.0-1783345134000-java.trap.gz (376 of 2666)
[2026-07-27 12:40:40] Importing SimpleType.members#52.0-1783345134000-java.trap.gz (377 of 2666)
[2026-07-27 12:40:40] Importing TypeBase.members#52.0-1783345134000-java.trap.gz (378 of 2666)
[2026-07-27 12:40:40] Importing TypeBindings.members#52.0-1783345134000-java.trap.gz (379 of 2666)
[2026-07-27 12:40:40] Importing TypeFactory.members#52.0-1783345134000-java.trap.gz (380 of 2666)
[2026-07-27 12:40:40] Importing TypeModifier.members#52.0-1783345134000-java.trap.gz (381 of 2666)
[2026-07-27 12:40:40] Importing TypeParser$MyTokenizer.members#52.0-1783345134000-java.trap.gz (382 of 2666)
[2026-07-27 12:40:40] Importing TypeParser.members#52.0-1783345134000-java.trap.gz (383 of 2666)
[2026-07-27 12:40:40] Importing AccessPattern.members#52.0-1783345134000-java.trap.gz (384 of 2666)
[2026-07-27 12:40:40] Importing Annotations.members#52.0-1783345134000-java.trap.gz (385 of 2666)
[2026-07-27 12:40:40] Importing ArrayBuilders$BooleanBuilder.members#52.0-1783345134000-java.trap.gz (386 of 2666)
[2026-07-27 12:40:40] Importing ArrayBuilders$ByteBuilder.members#52.0-1783345134000-java.trap.gz (387 of 2666)
[2026-07-27 12:40:40] Importing ArrayBuilders$DoubleBuilder.members#52.0-1783345134000-java.trap.gz (388 of 2666)
[2026-07-27 12:40:40] Importing ArrayBuilders$FloatBuilder.members#52.0-1783345134000-java.trap.gz (389 of 2666)
[2026-07-27 12:40:40] Importing ArrayBuilders$IntBuilder.members#52.0-1783345134000-java.trap.gz (390 of 2666)
[2026-07-27 12:40:40] Importing ArrayBuilders$LongBuilder.members#52.0-1783345134000-java.trap.gz (391 of 2666)
[2026-07-27 12:40:40] Importing ArrayBuilders$ShortBuilder.members#52.0-1783345134000-java.trap.gz (392 of 2666)
[2026-07-27 12:40:40] Importing ArrayBuilders.members#52.0-1783345134000-java.trap.gz (393 of 2666)
[2026-07-27 12:40:40] Importing Converter.members#52.0-1783345134000-java.trap.gz (394 of 2666)
[2026-07-27 12:40:40] Importing IgnorePropertiesUtil$Checker.members#52.0-1783345134000-java.trap.gz (395 of 2666)
[2026-07-27 12:40:40] Importing IgnorePropertiesUtil.members#52.0-1783345134000-java.trap.gz (396 of 2666)
[2026-07-27 12:40:40] Importing LRUMap.members#52.0-1783345134000-java.trap.gz (397 of 2666)
[2026-07-27 12:40:40] Importing LinkedNode.members#52.0-1783345134000-java.trap.gz (398 of 2666)
[2026-07-27 12:40:40] Importing LookupCache.members#52.0-1783345134000-java.trap.gz (399 of 2666)
[2026-07-27 12:40:40] Importing NameTransformer.members#52.0-1783345134000-java.trap.gz (400 of 2666)
[2026-07-27 12:40:40] Importing Named.members#52.0-1783345134000-java.trap.gz (401 of 2666)
[2026-07-27 12:40:40] Importing ObjectBuffer.members#52.0-1783345134000-java.trap.gz (402 of 2666)
[2026-07-27 12:40:40] Importing PrimitiveArrayBuilder$Node.members#52.0-1783345134000-java.trap.gz (403 of 2666)
[2026-07-27 12:40:40] Importing PrimitiveArrayBuilder.members#52.0-1783345134000-java.trap.gz (404 of 2666)
[2026-07-27 12:40:40] Importing RawValue.members#52.0-1783345134000-java.trap.gz (405 of 2666)
[2026-07-27 12:40:40] Importing RootNameLookup.members#52.0-1783345134000-java.trap.gz (406 of 2666)
[2026-07-27 12:40:40] Importing TokenBuffer$Segment.members#52.0-1783345134000-java.trap.gz (407 of 2666)
[2026-07-27 12:40:40] Importing TokenBuffer.members#52.0-1783345134000-java.trap.gz (408 of 2666)
[2026-07-27 12:40:40] Importing TypeKey.members#52.0-1783345134000-java.trap.gz (409 of 2666)
[2026-07-27 12:40:40] Importing ViewMatcher.members#52.0-1783345134000-java.trap.gz (410 of 2666)
[2026-07-27 12:40:40] Importing Linked.members#52.0-1783345134000-java.trap.gz (411 of 2666)
[2026-07-27 12:40:40] Importing LinkedDeque.members#52.0-1783345134000-java.trap.gz (412 of 2666)
[2026-07-27 12:40:40] Importing PrivateMaxEntriesMap$Builder.members#52.0-1783345134000-java.trap.gz (413 of 2666)
[2026-07-27 12:40:40] Importing PrivateMaxEntriesMap$DrainStatus.members#52.0-1783345134000-java.trap.gz (414 of 2666)
[2026-07-27 12:40:40] Importing PrivateMaxEntriesMap$Node.members#52.0-1783345134000-java.trap.gz (415 of 2666)
[2026-07-27 12:40:40] Importing PrivateMaxEntriesMap$WeightedValue.members#52.0-1783345134000-java.trap.gz (416 of 2666)
[2026-07-27 12:40:40] Importing PrivateMaxEntriesMap.members#52.0-1783345134000-java.trap.gz (417 of 2666)
[2026-07-27 12:40:40] Importing MigrationReportApplication.members#0.0-1785133764586-java.trap.gz (418 of 2666)
[2026-07-27 12:40:40] Importing MigrationReportApplicationTests.members#0.0-1784146163174-java.trap.gz (419 of 2666)
[2026-07-27 12:40:40] Importing DataSourceConfig.members#0.0-1784541219062-java.trap.gz (420 of 2666)
[2026-07-27 12:40:40] Importing SecurityHeadersFilter.members#0.0-1784541219065-java.trap.gz (421 of 2666)
[2026-07-27 12:40:40] Importing WebConfig.members#0.0-1784625594393-java.trap.gz (422 of 2666)
[2026-07-27 12:40:40] Importing AuthController.members#0.0-1785128320539-java.trap.gz (423 of 2666)
[2026-07-27 12:40:40] Importing ChecksumController.members#0.0-1784615838937-java.trap.gz (424 of 2666)
[2026-07-27 12:40:40] Importing ColumnConfigController.members#0.0-1784784532759-java.trap.gz (425 of 2666)
[2026-07-27 12:40:40] Importing ConfigurationController.members#0.0-1785135092311-java.trap.gz (426 of 2666)
[2026-07-27 12:40:40] Importing DeliverableController.members#0.0-1784615838956-java.trap.gz (427 of 2666)
[2026-07-27 12:40:40] Importing DiscoveryController.members#0.0-1785134740879-java.trap.gz (428 of 2666)
[2026-07-27 12:40:40] Importing ExceptionController.members#0.0-1784615838967-java.trap.gz (429 of 2666)
[2026-07-27 12:40:40] Importing MonitorController.members#0.0-1784615838971-java.trap.gz (430 of 2666)
[2026-07-27 12:40:40] Importing PropertyMappingController.members#0.0-1784615838976-java.trap.gz (431 of 2666)
[2026-07-27 12:40:40] Importing SearchController.members#0.0-1784615838982-java.trap.gz (432 of 2666)
[2026-07-27 12:40:40] Importing DialectConfig.members#0.0-1784538180435-java.trap.gz (433 of 2666)
[2026-07-27 12:40:40] Importing PostgresDialect.members#0.0-1784538180437-java.trap.gz (434 of 2666)
[2026-07-27 12:40:40] Importing SqlDialect.members#0.0-1784538180438-java.trap.gz (435 of 2666)
[2026-07-27 12:40:40] Importing SqlServerDialect.members#0.0-1784538180440-java.trap.gz (436 of 2666)
[2026-07-27 12:40:40] Importing ChecksumRecordDTO.members#0.0-1784538180441-java.trap.gz (437 of 2666)
[2026-07-27 12:40:40] Importing ChecksumReportRequest.members#0.0-1784538180441-java.trap.gz (438 of 2666)
[2026-07-27 12:40:40] Importing ChecksumReportResponse.members#0.0-1784538180442-java.trap.gz (439 of 2666)
[2026-07-27 12:40:40] Importing CustomMetadataFilter.members#0.0-1784538180444-java.trap.gz (440 of 2666)
[2026-07-27 12:40:40] Importing DeliverableRequest.members#0.0-1784538180444-java.trap.gz (441 of 2666)
[2026-07-27 12:40:40] Importing DeliverableRowDTO.members#0.0-1784538180445-java.trap.gz (442 of 2666)
[2026-07-27 12:40:40] Importing DiscoveryCriteria.members#0.0-1784538180446-java.trap.gz (443 of 2666)
[2026-07-27 12:40:40] Importing ExceptionCriteria.members#0.0-1784538180448-java.trap.gz (444 of 2666)
[2026-07-27 12:40:40] Importing LogConfigDTO.members#0.0-1784538180451-java.trap.gz (445 of 2666)
[2026-07-27 12:40:40] Importing LogEntryDTO.members#0.0-1784538180453-java.trap.gz (446 of 2666)
[2026-07-27 12:40:40] Importing LoginRequest.members#0.0-1784538180454-java.trap.gz (447 of 2666)
[2026-07-27 12:40:40] Importing MetadataFieldDTO.members#0.0-1784538180455-java.trap.gz (448 of 2666)
[2026-07-27 12:40:40] Importing QuerySearchRequest.members#0.0-1784538180459-java.trap.gz (449 of 2666)
[2026-07-27 12:40:40] Importing SearchRequest.members#0.0-1784538180461-java.trap.gz (450 of 2666)
[2026-07-27 12:40:40] Importing DbConfigWrapper.members#0.0-1784541219073-java.trap.gz (451 of 2666)
[2026-07-27 12:40:40] Importing TenantConfig$ApplicationConfig.members#0.0-1784541219077-java.trap.gz (452 of 2666)
[2026-07-27 12:40:40] Importing TenantConfig.members#0.0-1784541219077-java.trap.gz (453 of 2666)
[2026-07-27 12:40:40] Importing PropertyMappingTemplate$PropertyMap.members#0.0-1784631277642-java.trap.gz (454 of 2666)
[2026-07-27 12:40:40] Importing PropertyMappingTemplate.members#0.0-1784631277642-java.trap.gz (455 of 2666)
[2026-07-27 12:40:40] Importing BaseDocVersion.members#0.0-1784538180471-java.trap.gz (456 of 2666)
[2026-07-27 12:40:40] Importing User.members#0.0-1784538180473-java.trap.gz (457 of 2666)
[2026-07-27 12:40:40] Importing ConfigurationException.members#0.0-1784538180474-java.trap.gz (458 of 2666)
[2026-07-27 12:40:40] Importing DatabaseQueryException.members#0.0-1784538180476-java.trap.gz (459 of 2666)
[2026-07-27 12:40:40] Importing EncryptionException.members#0.0-1784541219087-java.trap.gz (460 of 2666)
[2026-07-27 12:40:40] Importing GlobalExceptionHandler.members#0.0-1784541219092-java.trap.gz (461 of 2666)
[2026-07-27 12:40:40] Importing LogParsingException.members#0.0-1784541219096-java.trap.gz (462 of 2666)
[2026-07-27 12:40:40] Importing ResourceNotFoundException.members#0.0-1784538180486-java.trap.gz (463 of 2666)
[2026-07-27 12:40:40] Importing UserRepository.members#0.0-1784538180490-java.trap.gz (464 of 2666)
[2026-07-27 12:40:40] Importing PathValidator.members#0.0-1784538180492-java.trap.gz (465 of 2666)
[2026-07-27 12:40:40] Importing QueryValidator.members#0.0-1784538180494-java.trap.gz (466 of 2666)
[2026-07-27 12:40:40] Importing SqlIdentifierValidator.members#0.0-1784895378157-java.trap.gz (467 of 2666)
[2026-07-27 12:40:40] Importing AuthService.members#0.0-1784538180495-java.trap.gz (468 of 2666)
[2026-07-27 12:40:40] Importing ChecksumService.members#0.0-1784892504278-java.trap.gz (469 of 2666)
[2026-07-27 12:40:40] Importing ConfigurationService.members#0.0-1784895031046-java.trap.gz (470 of 2666)
[2026-07-27 12:40:40] Importing DeliverableService.members#0.0-1784784524835-java.trap.gz (471 of 2666)
[2026-07-27 12:40:40] Importing DiscoveryService.members#0.0-1785132473529-java.trap.gz (472 of 2666)
[2026-07-27 12:40:40] Importing ExceptionService.members#0.0-1785134751199-java.trap.gz (473 of 2666)
[2026-07-27 12:40:40] Importing MonitorService.members#0.0-1784538180508-java.trap.gz (474 of 2666)
[2026-07-27 12:40:40] Importing PropertyMappingService.members#0.0-1784630936459-java.trap.gz (475 of 2666)
[2026-07-27 12:40:40] Importing SearchService.members#0.0-1784895915112-java.trap.gz (476 of 2666)
[2026-07-27 12:40:40] Importing EncryptionUtil.members#0.0-1784541219098-java.trap.gz (477 of 2666)
[2026-07-27 12:40:40] Importing TempUpdate.members#0.0-1784538180515-java.trap.gz (478 of 2666)
[2026-07-27 12:40:40] Importing PostConstruct.members#55.0-1698431400000-java.trap.gz (479 of 2666)
[2026-07-27 12:40:40] Importing CheckConstraint.members#61.0-1712719166000-java.trap.gz (480 of 2666)
[2026-07-27 12:40:40] Importing Column.members#61.0-1712719166000-java.trap.gz (481 of 2666)
[2026-07-27 12:40:40] Importing Entity.members#61.0-1712719166000-java.trap.gz (482 of 2666)
[2026-07-27 12:40:40] Importing Id.members#61.0-1712719166000-java.trap.gz (483 of 2666)
[2026-07-27 12:40:40] Importing Index.members#61.0-1712719166000-java.trap.gz (484 of 2666)
[2026-07-27 12:40:40] Importing MappedSuperclass.members#61.0-1712719166000-java.trap.gz (485 of 2666)
[2026-07-27 12:40:40] Importing Table.members#61.0-1712719166000-java.trap.gz (486 of 2666)
[2026-07-27 12:40:40] Importing UniqueConstraint.members#61.0-1712719166000-java.trap.gz (487 of 2666)
[2026-07-27 12:40:40] Importing AsyncContext.members#61.0-1783042294000-java.trap.gz (488 of 2666)
[2026-07-27 12:40:40] Importing AsyncEvent.members#61.0-1783042294000-java.trap.gz (489 of 2666)
[2026-07-27 12:40:40] Importing AsyncListener.members#61.0-1783042294000-java.trap.gz (490 of 2666)
[2026-07-27 12:40:40] Importing DispatcherType.members#61.0-1783042294000-java.trap.gz (491 of 2666)
[2026-07-27 12:40:40] Importing Filter.members#61.0-1783042294000-java.trap.gz (492 of 2666)
[2026-07-27 12:40:40] Importing FilterChain.members#61.0-1783042294000-java.trap.gz (493 of 2666)
[2026-07-27 12:40:40] Importing FilterConfig.members#61.0-1783042294000-java.trap.gz (494 of 2666)
[2026-07-27 12:40:40] Importing FilterRegistration$Dynamic.members#61.0-1783042294000-java.trap.gz (495 of 2666)
[2026-07-27 12:40:40] Importing FilterRegistration.members#61.0-1783042294000-java.trap.gz (496 of 2666)
[2026-07-27 12:40:40] Importing HttpConstraintElement.members#61.0-1783042294000-java.trap.gz (497 of 2666)
[2026-07-27 12:40:40] Importing HttpMethodConstraintElement.members#61.0-1783042294000-java.trap.gz (498 of 2666)
[2026-07-27 12:40:40] Importing MultipartConfigElement.members#61.0-1783042294000-java.trap.gz (499 of 2666)
[2026-07-27 12:40:40] Importing ReadListener.members#61.0-1783042294000-java.trap.gz (500 of 2666)
[2026-07-27 12:40:40] Importing Registration$Dynamic.members#61.0-1783042294000-java.trap.gz (501 of 2666)
[2026-07-27 12:40:40] Importing Registration.members#61.0-1783042294000-java.trap.gz (502 of 2666)
[2026-07-27 12:40:40] Importing RequestDispatcher.members#61.0-1783042294000-java.trap.gz (503 of 2666)
[2026-07-27 12:40:40] Importing Servlet.members#61.0-1783042294000-java.trap.gz (504 of 2666)
[2026-07-27 12:40:40] Importing ServletConfig.members#61.0-1783042294000-java.trap.gz (505 of 2666)
[2026-07-27 12:40:40] Importing ServletConnection.members#61.0-1783042294000-java.trap.gz (506 of 2666)
[2026-07-27 12:40:40] Importing ServletContext.members#61.0-1783042294000-java.trap.gz (507 of 2666)
[2026-07-27 12:40:40] Importing ServletException.members#61.0-1783042294000-java.trap.gz (508 of 2666)
[2026-07-27 12:40:40] Importing ServletInputStream.members#61.0-1783042294000-java.trap.gz (509 of 2666)
[2026-07-27 12:40:40] Importing ServletOutputStream.members#61.0-1783042294000-java.trap.gz (510 of 2666)
[2026-07-27 12:40:40] Importing ServletRegistration$Dynamic.members#61.0-1783042294000-java.trap.gz (511 of 2666)
[2026-07-27 12:40:40] Importing ServletRegistration.members#61.0-1783042294000-java.trap.gz (512 of 2666)
[2026-07-27 12:40:40] Importing ServletRequest.members#61.0-1783042294000-java.trap.gz (513 of 2666)
[2026-07-27 12:40:40] Importing ServletResponse.members#61.0-1783042294000-java.trap.gz (514 of 2666)
[2026-07-27 12:40:40] Importing ServletSecurityElement.members#61.0-1783042294000-java.trap.gz (515 of 2666)
[2026-07-27 12:40:40] Importing SessionCookieConfig.members#61.0-1783042294000-java.trap.gz (516 of 2666)
[2026-07-27 12:40:40] Importing SessionTrackingMode.members#61.0-1783042294000-java.trap.gz (517 of 2666)
[2026-07-27 12:40:40] Importing WriteListener.members#61.0-1783042294000-java.trap.gz (518 of 2666)
[2026-07-27 12:40:40] Importing HttpConstraint.members#61.0-1783042294000-java.trap.gz (519 of 2666)
[2026-07-27 12:40:40] Importing HttpMethodConstraint.members#61.0-1783042294000-java.trap.gz (520 of 2666)
[2026-07-27 12:40:40] Importing MultipartConfig.members#61.0-1783042294000-java.trap.gz (521 of 2666)
[2026-07-27 12:40:40] Importing ServletSecurity$EmptyRoleSemantic.members#61.0-1783042294000-java.trap.gz (522 of 2666)
[2026-07-27 12:40:40] Importing ServletSecurity$TransportGuarantee.members#61.0-1783042294000-java.trap.gz (523 of 2666)
[2026-07-27 12:40:40] Importing ServletSecurity.members#61.0-1783042294000-java.trap.gz (524 of 2666)
[2026-07-27 12:40:40] Importing JspConfigDescriptor.members#61.0-1783042294000-java.trap.gz (525 of 2666)
[2026-07-27 12:40:40] Importing JspPropertyGroupDescriptor.members#61.0-1783042294000-java.trap.gz (526 of 2666)
[2026-07-27 12:40:40] Importing TaglibDescriptor.members#61.0-1783042294000-java.trap.gz (527 of 2666)
[2026-07-27 12:40:40] Importing Cookie.members#61.0-1783042294000-java.trap.gz (528 of 2666)
[2026-07-27 12:40:40] Importing HttpServletMapping.members#61.0-1783042294000-java.trap.gz (529 of 2666)
[2026-07-27 12:40:40] Importing HttpServletRequest.members#61.0-1783042294000-java.trap.gz (530 of 2666)
[2026-07-27 12:40:40] Importing HttpServletResponse.members#61.0-1783042294000-java.trap.gz (531 of 2666)
[2026-07-27 12:40:40] Importing HttpSession$Accessor.members#61.0-1783042294000-java.trap.gz (532 of 2666)
[2026-07-27 12:40:40] Importing HttpSession.members#61.0-1783042294000-java.trap.gz (533 of 2666)
[2026-07-27 12:40:40] Importing HttpUpgradeHandler.members#61.0-1783042294000-java.trap.gz (534 of 2666)
[2026-07-27 12:40:40] Importing MappingMatch.members#61.0-1783042294000-java.trap.gz (535 of 2666)
[2026-07-27 12:40:40] Importing Part.members#61.0-1783042294000-java.trap.gz (536 of 2666)
[2026-07-27 12:40:40] Importing PushBuilder.members#61.0-1783042294000-java.trap.gz (537 of 2666)
[2026-07-27 12:40:40] Importing WebConnection.members#61.0-1783042294000-java.trap.gz (538 of 2666)
[2026-07-27 12:40:40] Importing AWTEvent.members#65.0-1749716035193-java.trap.gz (539 of 2666)
[2026-07-27 12:40:40] Importing AWTException.members#65.0-1749716035193-java.trap.gz (540 of 2666)
[2026-07-27 12:40:40] Importing AWTKeyStroke.members#65.0-1749716035193-java.trap.gz (541 of 2666)
[2026-07-27 12:40:40] Importing Adjustable.members#65.0-1749716035193-java.trap.gz (542 of 2666)
[2026-07-27 12:40:40] Importing AlphaComposite.members#65.0-1749716035193-java.trap.gz (543 of 2666)
[2026-07-27 12:40:40] Importing AttributeValue.members#65.0-1749716035193-java.trap.gz (544 of 2666)
[2026-07-27 12:40:40] Importing BasicStroke.members#65.0-1749716035193-java.trap.gz (545 of 2666)
[2026-07-27 12:40:40] Importing BufferCapabilities$FlipContents.members#65.0-1749716035193-java.trap.gz (546 of 2666)
[2026-07-27 12:40:40] Importing BufferCapabilities.members#65.0-1749716035193-java.trap.gz (547 of 2666)
[2026-07-27 12:40:40] Importing Button.members#65.0-1749716035193-java.trap.gz (548 of 2666)
[2026-07-27 12:40:40] Importing Canvas.members#65.0-1749716035193-java.trap.gz (549 of 2666)
[2026-07-27 12:40:40] Importing Checkbox.members#65.0-1749716035193-java.trap.gz (550 of 2666)
[2026-07-27 12:40:40] Importing CheckboxGroup.members#65.0-1749716035193-java.trap.gz (551 of 2666)
[2026-07-27 12:40:40] Importing CheckboxMenuItem.members#65.0-1749716035193-java.trap.gz (552 of 2666)
[2026-07-27 12:40:40] Importing Choice.members#65.0-1749716035193-java.trap.gz (553 of 2666)
[2026-07-27 12:40:40] Importing Color.members#65.0-1749716035193-java.trap.gz (554 of 2666)
[2026-07-27 12:40:40] Importing Component$BaselineResizeBehavior.members#65.0-1749716035193-java.trap.gz (555 of 2666)
[2026-07-27 12:40:40] Importing Component.members#65.0-1749716035193-java.trap.gz (556 of 2666)
[2026-07-27 12:40:40] Importing ComponentOrientation.members#65.0-1749716035193-java.trap.gz (557 of 2666)
[2026-07-27 12:40:40] Importing Composite.members#65.0-1749716035193-java.trap.gz (558 of 2666)
[2026-07-27 12:40:40] Importing CompositeContext.members#65.0-1749716035193-java.trap.gz (559 of 2666)
[2026-07-27 12:40:40] Importing Conditional.members#65.0-1749716035193-java.trap.gz (560 of 2666)
[2026-07-27 12:40:40] Importing Container.members#65.0-1749716035193-java.trap.gz (561 of 2666)
[2026-07-27 12:40:40] Importing Cursor$CursorDisposer.members#65.0-1749716035193-java.trap.gz (562 of 2666)
[2026-07-27 12:40:40] Importing Cursor.members#65.0-1749716035193-java.trap.gz (563 of 2666)
[2026-07-27 12:40:40] Importing Desktop$Action.members#65.0-1749716035193-java.trap.gz (564 of 2666)
[2026-07-27 12:40:40] Importing Desktop.members#65.0-1749716035193-java.trap.gz (565 of 2666)
[2026-07-27 12:40:40] Importing Dialog$ModalExclusionType.members#65.0-1749716035193-java.trap.gz (566 of 2666)
[2026-07-27 12:40:40] Importing Dialog$ModalityType.members#65.0-1749716035193-java.trap.gz (567 of 2666)
[2026-07-27 12:40:40] Importing Dialog.members#65.0-1749716035193-java.trap.gz (568 of 2666)
[2026-07-27 12:40:40] Importing Dimension.members#65.0-1749716035193-java.trap.gz (569 of 2666)
[2026-07-27 12:40:40] Importing DisplayMode.members#65.0-1749716035193-java.trap.gz (570 of 2666)
[2026-07-27 12:40:40] Importing Event.members#65.0-1749716035193-java.trap.gz (571 of 2666)
[2026-07-27 12:40:40] Importing EventDispatchThread.members#65.0-1749716035193-java.trap.gz (572 of 2666)
[2026-07-27 12:40:40] Importing EventFilter$FilterAction.members#65.0-1749716035193-java.trap.gz (573 of 2666)
[2026-07-27 12:40:40] Importing EventFilter.members#65.0-1749716035193-java.trap.gz (574 of 2666)
[2026-07-27 12:40:40] Importing EventQueue.members#65.0-1749716035193-java.trap.gz (575 of 2666)
[2026-07-27 12:40:40] Importing FileDialog.members#65.0-1749716035193-java.trap.gz (576 of 2666)
[2026-07-27 12:40:40] Importing FocusTraversalPolicy.members#65.0-1749716035193-java.trap.gz (577 of 2666)
[2026-07-27 12:40:40] Importing Font.members#65.0-1749716035193-java.trap.gz (578 of 2666)
[2026-07-27 12:40:40] Importing FontFormatException.members#65.0-1749716035193-java.trap.gz (579 of 2666)
[2026-07-27 12:40:40] Importing FontMetrics.members#65.0-1749716035193-java.trap.gz (580 of 2666)
[2026-07-27 12:40:40] Importing Frame.members#65.0-1749716035193-java.trap.gz (581 of 2666)
[2026-07-27 12:40:40] Importing Graphics.members#65.0-1749716035193-java.trap.gz (582 of 2666)
[2026-07-27 12:40:40] Importing Graphics2D.members#65.0-1749716035193-java.trap.gz (583 of 2666)
[2026-07-27 12:40:40] Importing GraphicsConfigTemplate.members#65.0-1749716035193-java.trap.gz (584 of 2666)
[2026-07-27 12:40:40] Importing GraphicsConfiguration.members#65.0-1749716035193-java.trap.gz (585 of 2666)
[2026-07-27 12:40:40] Importing GraphicsDevice$WindowTranslucency.members#65.0-1749716035193-java.trap.gz (586 of 2666)
[2026-07-27 12:40:40] Importing GraphicsDevice.members#65.0-1749716035193-java.trap.gz (587 of 2666)
[2026-07-27 12:40:40] Importing HeadlessException.members#65.0-1749716035193-java.trap.gz (588 of 2666)
[2026-07-27 12:40:40] Importing IllegalComponentStateException.members#65.0-1749716035193-java.trap.gz (589 of 2666)
[2026-07-27 12:40:40] Importing Image.members#65.0-1749716035193-java.trap.gz (590 of 2666)
[2026-07-27 12:40:40] Importing ImageCapabilities.members#65.0-1749716035193-java.trap.gz (591 of 2666)
[2026-07-27 12:40:40] Importing Insets.members#65.0-1749716035193-java.trap.gz (592 of 2666)
[2026-07-27 12:40:40] Importing ItemSelectable.members#65.0-1749716035193-java.trap.gz (593 of 2666)
[2026-07-27 12:40:40] Importing JobAttributes$DefaultSelectionType.members#65.0-1749716035193-java.trap.gz (594 of 2666)
[2026-07-27 12:40:40] Importing JobAttributes$DestinationType.members#65.0-1749716035193-java.trap.gz (595 of 2666)
[2026-07-27 12:40:40] Importing JobAttributes$DialogType.members#65.0-1749716035193-java.trap.gz (596 of 2666)
[2026-07-27 12:40:40] Importing JobAttributes$MultipleDocumentHandlingType.members#65.0-1749716035193-java.trap.gz (597 of 2666)
[2026-07-27 12:40:40] Importing JobAttributes$SidesType.members#65.0-1749716035193-java.trap.gz (598 of 2666)
[2026-07-27 12:40:40] Importing JobAttributes.members#65.0-1749716035193-java.trap.gz (599 of 2666)
[2026-07-27 12:40:40] Importing Label.members#65.0-1749716035193-java.trap.gz (600 of 2666)
[2026-07-27 12:40:40] Importing LayoutManager.members#65.0-1749716035193-java.trap.gz (601 of 2666)
[2026-07-27 12:40:40] Importing List.members#65.0-1749716035193-java.trap.gz (602 of 2666)
[2026-07-27 12:40:40] Importing Menu.members#65.0-1749716035193-java.trap.gz (603 of 2666)
[2026-07-27 12:40:40] Importing MenuBar.members#65.0-1749716035193-java.trap.gz (604 of 2666)
[2026-07-27 12:40:40] Importing MenuComponent.members#65.0-1749716035193-java.trap.gz (605 of 2666)
[2026-07-27 12:40:40] Importing MenuContainer.members#65.0-1749716035193-java.trap.gz (606 of 2666)
[2026-07-27 12:40:40] Importing MenuItem.members#65.0-1749716035193-java.trap.gz (607 of 2666)
[2026-07-27 12:40:40] Importing MenuShortcut.members#65.0-1749716035193-java.trap.gz (608 of 2666)
[2026-07-27 12:40:40] Importing PageAttributes$ColorType.members#65.0-1749716035193-java.trap.gz (609 of 2666)
[2026-07-27 12:40:40] Importing PageAttributes$MediaType.members#65.0-1749716035193-java.trap.gz (610 of 2666)
[2026-07-27 12:40:40] Importing PageAttributes$OrientationRequestedType.members#65.0-1749716035193-java.trap.gz (611 of 2666)
[2026-07-27 12:40:40] Importing PageAttributes$OriginType.members#65.0-1749716035193-java.trap.gz (612 of 2666)
[2026-07-27 12:40:40] Importing PageAttributes$PrintQualityType.members#65.0-1749716035193-java.trap.gz (613 of 2666)
[2026-07-27 12:40:40] Importing PageAttributes.members#65.0-1749716035193-java.trap.gz (614 of 2666)
[2026-07-27 12:40:40] Importing Paint.members#65.0-1749716035193-java.trap.gz (615 of 2666)
[2026-07-27 12:40:40] Importing PaintContext.members#65.0-1749716035193-java.trap.gz (616 of 2666)
[2026-07-27 12:40:40] Importing Panel.members#65.0-1749716035193-java.trap.gz (617 of 2666)
[2026-07-27 12:40:40] Importing Point.members#65.0-1749716035193-java.trap.gz (618 of 2666)
[2026-07-27 12:40:40] Importing PointerInfo.members#65.0-1749716035193-java.trap.gz (619 of 2666)
[2026-07-27 12:40:40] Importing Polygon.members#65.0-1749716035193-java.trap.gz (620 of 2666)
[2026-07-27 12:40:40] Importing PopupMenu.members#65.0-1749716035193-java.trap.gz (621 of 2666)
[2026-07-27 12:40:40] Importing PrintJob.members#65.0-1749716035193-java.trap.gz (622 of 2666)
[2026-07-27 12:40:40] Importing Rectangle.members#65.0-1749716035193-java.trap.gz (623 of 2666)
[2026-07-27 12:40:40] Importing RenderingHints$Key.members#65.0-1749716035193-java.trap.gz (624 of 2666)
[2026-07-27 12:40:40] Importing RenderingHints.members#65.0-1749716035193-java.trap.gz (625 of 2666)
[2026-07-27 12:40:40] Importing ScrollPane.members#65.0-1749716035193-java.trap.gz (626 of 2666)
[2026-07-27 12:40:40] Importing Scrollbar.members#65.0-1749716035193-java.trap.gz (627 of 2666)
[2026-07-27 12:40:40] Importing SecondaryLoop.members#65.0-1749716035193-java.trap.gz (628 of 2666)
[2026-07-27 12:40:40] Importing Shape.members#65.0-1749716035193-java.trap.gz (629 of 2666)
[2026-07-27 12:40:40] Importing Stroke.members#65.0-1749716035193-java.trap.gz (630 of 2666)
[2026-07-27 12:40:40] Importing Taskbar$Feature.members#65.0-1749716035193-java.trap.gz (631 of 2666)
[2026-07-27 12:40:40] Importing Taskbar$State.members#65.0-1749716035193-java.trap.gz (632 of 2666)
[2026-07-27 12:40:40] Importing Taskbar.members#65.0-1749716035193-java.trap.gz (633 of 2666)
[2026-07-27 12:40:40] Importing TextArea.members#65.0-1749716035193-java.trap.gz (634 of 2666)
[2026-07-27 12:40:40] Importing TextComponent.members#65.0-1749716035193-java.trap.gz (635 of 2666)
[2026-07-27 12:40:40] Importing TextField.members#65.0-1749716035193-java.trap.gz (636 of 2666)
[2026-07-27 12:40:40] Importing Toolkit.members#65.0-1749716035193-java.trap.gz (637 of 2666)
[2026-07-27 12:40:40] Importing Transparency.members#65.0-1749716035193-java.trap.gz (638 of 2666)
[2026-07-27 12:40:40] Importing Window$Type.members#65.0-1749716035193-java.trap.gz (639 of 2666)
[2026-07-27 12:40:40] Importing Window$WindowDisposerRecord.members#65.0-1749716035193-java.trap.gz (640 of 2666)
[2026-07-27 12:40:40] Importing Window.members#65.0-1749716035193-java.trap.gz (641 of 2666)
[2026-07-27 12:40:40] Importing ColorSpace.members#65.0-1749716035193-java.trap.gz (642 of 2666)
[2026-07-27 12:40:40] Importing ICC_ColorSpace.members#65.0-1749716035193-java.trap.gz (643 of 2666)
[2026-07-27 12:40:40] Importing ICC_Profile.members#65.0-1749716035193-java.trap.gz (644 of 2666)
[2026-07-27 12:40:40] Importing ICC_ProfileGray.members#65.0-1749716035193-java.trap.gz (645 of 2666)
[2026-07-27 12:40:40] Importing ICC_ProfileRGB.members#65.0-1749716035193-java.trap.gz (646 of 2666)
[2026-07-27 12:40:40] Importing Clipboard.members#65.0-1749716035193-java.trap.gz (647 of 2666)
[2026-07-27 12:40:40] Importing ClipboardOwner.members#65.0-1749716035193-java.trap.gz (648 of 2666)
[2026-07-27 12:40:40] Importing DataFlavor.members#65.0-1749716035193-java.trap.gz (649 of 2666)
[2026-07-27 12:40:40] Importing FlavorEvent.members#65.0-1749716035193-java.trap.gz (650 of 2666)
[2026-07-27 12:40:40] Importing FlavorListener.members#65.0-1749716035193-java.trap.gz (651 of 2666)
[2026-07-27 12:40:40] Importing FlavorMap.members#65.0-1749716035193-java.trap.gz (652 of 2666)
[2026-07-27 12:40:40] Importing FlavorTable.members#65.0-1749716035193-java.trap.gz (653 of 2666)
[2026-07-27 12:40:40] Importing MimeType.members#65.0-1749716035193-java.trap.gz (654 of 2666)
[2026-07-27 12:40:40] Importing MimeTypeParameterList.members#65.0-1749716035193-java.trap.gz (655 of 2666)
[2026-07-27 12:40:40] Importing MimeTypeParseException.members#65.0-1749716035193-java.trap.gz (656 of 2666)
[2026-07-27 12:40:40] Importing Transferable.members#65.0-1749716035193-java.trap.gz (657 of 2666)
[2026-07-27 12:40:40] Importing UnsupportedFlavorException.members#65.0-1749716035193-java.trap.gz (658 of 2666)
[2026-07-27 12:40:40] Importing AboutEvent.members#65.0-1749716035193-java.trap.gz (659 of 2666)
[2026-07-27 12:40:40] Importing AboutHandler.members#65.0-1749716035193-java.trap.gz (660 of 2666)
[2026-07-27 12:40:40] Importing AppEvent.members#65.0-1749716035193-java.trap.gz (661 of 2666)
[2026-07-27 12:40:40] Importing AppForegroundEvent.members#65.0-1749716035193-java.trap.gz (662 of 2666)
[2026-07-27 12:40:40] Importing AppHiddenEvent.members#65.0-1749716035193-java.trap.gz (663 of 2666)
[2026-07-27 12:40:40] Importing AppReopenedEvent.members#65.0-1749716035193-java.trap.gz (664 of 2666)
[2026-07-27 12:40:40] Importing FilesEvent.members#65.0-1749716035193-java.trap.gz (665 of 2666)
[2026-07-27 12:40:40] Importing OpenFilesEvent.members#65.0-1749716035193-java.trap.gz (666 of 2666)
[2026-07-27 12:40:40] Importing OpenFilesHandler.members#65.0-1749716035193-java.trap.gz (667 of 2666)
[2026-07-27 12:40:40] Importing OpenURIEvent.members#65.0-1749716035193-java.trap.gz (668 of 2666)
[2026-07-27 12:40:40] Importing OpenURIHandler.members#65.0-1749716035193-java.trap.gz (669 of 2666)
[2026-07-27 12:40:40] Importing PreferencesEvent.members#65.0-1749716035193-java.trap.gz (670 of 2666)
[2026-07-27 12:40:40] Importing PreferencesHandler.members#65.0-1749716035193-java.trap.gz (671 of 2666)
[2026-07-27 12:40:40] Importing PrintFilesEvent.members#65.0-1749716035193-java.trap.gz (672 of 2666)
[2026-07-27 12:40:40] Importing PrintFilesHandler.members#65.0-1749716035193-java.trap.gz (673 of 2666)
[2026-07-27 12:40:40] Importing QuitEvent.members#65.0-1749716035193-java.trap.gz (674 of 2666)
[2026-07-27 12:40:40] Importing QuitHandler.members#65.0-1749716035193-java.trap.gz (675 of 2666)
[2026-07-27 12:40:40] Importing QuitResponse.members#65.0-1749716035193-java.trap.gz (676 of 2666)
[2026-07-27 12:40:40] Importing QuitStrategy.members#65.0-1749716035193-java.trap.gz (677 of 2666)
[2026-07-27 12:40:40] Importing ScreenSleepEvent.members#65.0-1749716035193-java.trap.gz (678 of 2666)
[2026-07-27 12:40:40] Importing SystemEventListener.members#65.0-1749716035193-java.trap.gz (679 of 2666)
[2026-07-27 12:40:40] Importing SystemSleepEvent.members#65.0-1749716035193-java.trap.gz (680 of 2666)
[2026-07-27 12:40:40] Importing UserSessionEvent$Reason.members#65.0-1749716035193-java.trap.gz (681 of 2666)
[2026-07-27 12:40:40] Importing UserSessionEvent.members#65.0-1749716035193-java.trap.gz (682 of 2666)
[2026-07-27 12:40:40] Importing DragGestureEvent.members#65.0-1749716035193-java.trap.gz (683 of 2666)
[2026-07-27 12:40:40] Importing DragGestureListener.members#65.0-1749716035193-java.trap.gz (684 of 2666)
[2026-07-27 12:40:40] Importing DragGestureRecognizer.members#65.0-1749716035193-java.trap.gz (685 of 2666)
[2026-07-27 12:40:40] Importing DragSource.members#65.0-1749716035193-java.trap.gz (686 of 2666)
[2026-07-27 12:40:40] Importing DragSourceContext.members#65.0-1749716035193-java.trap.gz (687 of 2666)
[2026-07-27 12:40:40] Importing DragSourceDragEvent.members#65.0-1749716035193-java.trap.gz (688 of 2666)
[2026-07-27 12:40:40] Importing DragSourceDropEvent.members#65.0-1749716035193-java.trap.gz (689 of 2666)
[2026-07-27 12:40:40] Importing DragSourceEvent.members#65.0-1749716035193-java.trap.gz (690 of 2666)
[2026-07-27 12:40:40] Importing DragSourceListener.members#65.0-1749716035193-java.trap.gz (691 of 2666)
[2026-07-27 12:40:40] Importing DragSourceMotionListener.members#65.0-1749716035193-java.trap.gz (692 of 2666)
[2026-07-27 12:40:40] Importing DropTarget$DropTargetAutoScroller.members#65.0-1749716035193-java.trap.gz (693 of 2666)
[2026-07-27 12:40:40] Importing DropTarget.members#65.0-1749716035193-java.trap.gz (694 of 2666)
[2026-07-27 12:40:40] Importing DropTargetContext.members#65.0-1749716035193-java.trap.gz (695 of 2666)
[2026-07-27 12:40:40] Importing DropTargetDragEvent.members#65.0-1749716035193-java.trap.gz (696 of 2666)
[2026-07-27 12:40:40] Importing DropTargetDropEvent.members#65.0-1749716035193-java.trap.gz (697 of 2666)
[2026-07-27 12:40:40] Importing DropTargetEvent.members#65.0-1749716035193-java.trap.gz (698 of 2666)
[2026-07-27 12:40:40] Importing DropTargetListener.members#65.0-1749716035193-java.trap.gz (699 of 2666)
[2026-07-27 12:40:40] Importing InvalidDnDOperationException.members#65.0-1749716035193-java.trap.gz (700 of 2666)
[2026-07-27 12:40:40] Importing DragSourceContextPeer.members#65.0-1749716035193-java.trap.gz (701 of 2666)
[2026-07-27 12:40:40] Importing DropTargetContextPeer.members#65.0-1749716035193-java.trap.gz (702 of 2666)
[2026-07-27 12:40:40] Importing AWTEventListener.members#65.0-1749716035193-java.trap.gz (703 of 2666)
[2026-07-27 12:40:40] Importing ActionEvent.members#65.0-1749716035193-java.trap.gz (704 of 2666)
[2026-07-27 12:40:40] Importing ActionListener.members#65.0-1749716035193-java.trap.gz (705 of 2666)
[2026-07-27 12:40:40] Importing AdjustmentEvent.members#65.0-1749716035193-java.trap.gz (706 of 2666)
[2026-07-27 12:40:40] Importing AdjustmentListener.members#65.0-1749716035193-java.trap.gz (707 of 2666)
[2026-07-27 12:40:40] Importing ComponentEvent.members#65.0-1749716035193-java.trap.gz (708 of 2666)
[2026-07-27 12:40:40] Importing ComponentListener.members#65.0-1749716035193-java.trap.gz (709 of 2666)
[2026-07-27 12:40:40] Importing ContainerEvent.members#65.0-1749716035193-java.trap.gz (710 of 2666)
[2026-07-27 12:40:40] Importing ContainerListener.members#65.0-1749716035193-java.trap.gz (711 of 2666)
[2026-07-27 12:40:40] Importing FocusEvent$Cause.members#65.0-1749716035193-java.trap.gz (712 of 2666)
[2026-07-27 12:40:40] Importing FocusEvent.members#65.0-1749716035193-java.trap.gz (713 of 2666)
[2026-07-27 12:40:40] Importing FocusListener.members#65.0-1749716035193-java.trap.gz (714 of 2666)
[2026-07-27 12:40:40] Importing HierarchyBoundsListener.members#65.0-1749716035193-java.trap.gz (715 of 2666)
[2026-07-27 12:40:40] Importing HierarchyEvent.members#65.0-1749716035193-java.trap.gz (716 of 2666)
[2026-07-27 12:40:40] Importing HierarchyListener.members#65.0-1749716035193-java.trap.gz (717 of 2666)
[2026-07-27 12:40:40] Importing InputEvent.members#65.0-1749716035193-java.trap.gz (718 of 2666)
[2026-07-27 12:40:40] Importing InputMethodEvent.members#65.0-1749716035193-java.trap.gz (719 of 2666)
[2026-07-27 12:40:40] Importing InputMethodListener.members#65.0-1749716035193-java.trap.gz (720 of 2666)
[2026-07-27 12:40:40] Importing ItemEvent.members#65.0-1749716035193-java.trap.gz (721 of 2666)
[2026-07-27 12:40:40] Importing ItemListener.members#65.0-1749716035193-java.trap.gz (722 of 2666)
[2026-07-27 12:40:40] Importing KeyEvent.members#65.0-1749716035193-java.trap.gz (723 of 2666)
[2026-07-27 12:40:40] Importing KeyListener.members#65.0-1749716035193-java.trap.gz (724 of 2666)
[2026-07-27 12:40:40] Importing MouseEvent.members#65.0-1749716035193-java.trap.gz (725 of 2666)
[2026-07-27 12:40:40] Importing MouseListener.members#65.0-1749716035193-java.trap.gz (726 of 2666)
[2026-07-27 12:40:40] Importing MouseMotionListener.members#65.0-1749716035193-java.trap.gz (727 of 2666)
[2026-07-27 12:40:40] Importing MouseWheelEvent.members#65.0-1749716035193-java.trap.gz (728 of 2666)
[2026-07-27 12:40:40] Importing MouseWheelListener.members#65.0-1749716035193-java.trap.gz (729 of 2666)
[2026-07-27 12:40:40] Importing PaintEvent.members#65.0-1749716035193-java.trap.gz (730 of 2666)
[2026-07-27 12:40:40] Importing TextEvent.members#65.0-1749716035193-java.trap.gz (731 of 2666)
[2026-07-27 12:40:40] Importing TextListener.members#65.0-1749716035193-java.trap.gz (732 of 2666)
[2026-07-27 12:40:40] Importing WindowAdapter.members#65.0-1749716035193-java.trap.gz (733 of 2666)
[2026-07-27 12:40:40] Importing WindowEvent.members#65.0-1749716035193-java.trap.gz (734 of 2666)
[2026-07-27 12:40:40] Importing WindowFocusListener.members#65.0-1749716035193-java.trap.gz (735 of 2666)
[2026-07-27 12:40:40] Importing WindowListener.members#65.0-1749716035193-java.trap.gz (736 of 2666)
[2026-07-27 12:40:40] Importing WindowStateListener.members#65.0-1749716035193-java.trap.gz (737 of 2666)
[2026-07-27 12:40:40] Importing FontRenderContext.members#65.0-1749716035193-java.trap.gz (738 of 2666)
[2026-07-27 12:40:40] Importing GlyphJustificationInfo.members#65.0-1749716035193-java.trap.gz (739 of 2666)
[2026-07-27 12:40:40] Importing GlyphMetrics.members#65.0-1749716035193-java.trap.gz (740 of 2666)
[2026-07-27 12:40:40] Importing GlyphVector.members#65.0-1749716035193-java.trap.gz (741 of 2666)
[2026-07-27 12:40:40] Importing LineMetrics.members#65.0-1749716035193-java.trap.gz (742 of 2666)
[2026-07-27 12:40:40] Importing TextAttribute.members#65.0-1749716035193-java.trap.gz (743 of 2666)
[2026-07-27 12:40:40] Importing TextHitInfo.members#65.0-1749716035193-java.trap.gz (744 of 2666)
[2026-07-27 12:40:40] Importing AffineTransform.members#65.0-1749716035193-java.trap.gz (745 of 2666)
[2026-07-27 12:40:40] Importing Dimension2D.members#65.0-1749716035193-java.trap.gz (746 of 2666)
[2026-07-27 12:40:40] Importing GeneralPath.members#65.0-1749716035193-java.trap.gz (747 of 2666)
[2026-07-27 12:40:40] Importing Line2D.members#65.0-1749716035193-java.trap.gz (748 of 2666)
[2026-07-27 12:40:40] Importing NoninvertibleTransformException.members#65.0-1749716035193-java.trap.gz (749 of 2666)
[2026-07-27 12:40:40] Importing Path2D$Double.members#65.0-1749716035193-java.trap.gz (750 of 2666)
[2026-07-27 12:40:40] Importing Path2D$Float.members#65.0-1749716035193-java.trap.gz (751 of 2666)
[2026-07-27 12:40:40] Importing Path2D.members#65.0-1749716035193-java.trap.gz (752 of 2666)
[2026-07-27 12:40:40] Importing PathIterator.members#65.0-1749716035193-java.trap.gz (753 of 2666)
[2026-07-27 12:40:40] Importing Point2D$Float.members#65.0-1749716035193-java.trap.gz (754 of 2666)
[2026-07-27 12:40:40] Importing Point2D.members#65.0-1749716035193-java.trap.gz (755 of 2666)
[2026-07-27 12:40:40] Importing Rectangle2D$Float.members#65.0-1749716035193-java.trap.gz (756 of 2666)
[2026-07-27 12:40:40] Importing Rectangle2D.members#65.0-1749716035193-java.trap.gz (757 of 2666)
[2026-07-27 12:40:40] Importing RectangularShape.members#65.0-1749716035193-java.trap.gz (758 of 2666)
[2026-07-27 12:40:40] Importing InputContext.members#65.0-1749716035193-java.trap.gz (759 of 2666)
[2026-07-27 12:40:40] Importing InputMethodHighlight.members#65.0-1749716035193-java.trap.gz (760 of 2666)
[2026-07-27 12:40:40] Importing InputMethodRequests.members#65.0-1749716035193-java.trap.gz (761 of 2666)
[2026-07-27 12:40:40] Importing BufferStrategy.members#65.0-1749716035193-java.trap.gz (762 of 2666)
[2026-07-27 12:40:40] Importing BufferedImage.members#65.0-1749716035193-java.trap.gz (763 of 2666)
[2026-07-27 12:40:40] Importing BufferedImageOp.members#65.0-1749716035193-java.trap.gz (764 of 2666)
[2026-07-27 12:40:40] Importing ColorModel.members#65.0-1749716035193-java.trap.gz (765 of 2666)
[2026-07-27 12:40:40] Importing DataBuffer.members#65.0-1749716035193-java.trap.gz (766 of 2666)
[2026-07-27 12:40:40] Importing ImageConsumer.members#65.0-1749716035193-java.trap.gz (767 of 2666)
[2026-07-27 12:40:40] Importing ImageObserver.members#65.0-1749716035193-java.trap.gz (768 of 2666)
[2026-07-27 12:40:40] Importing ImageProducer.members#65.0-1749716035193-java.trap.gz (769 of 2666)
[2026-07-27 12:40:40] Importing IndexColorModel.members#65.0-1749716035193-java.trap.gz (770 of 2666)
[2026-07-27 12:40:40] Importing Raster.members#65.0-1749716035193-java.trap.gz (771 of 2666)
[2026-07-27 12:40:40] Importing RenderedImage.members#65.0-1749716035193-java.trap.gz (772 of 2666)
[2026-07-27 12:40:40] Importing SampleModel.members#65.0-1749716035193-java.trap.gz (773 of 2666)
[2026-07-27 12:40:40] Importing TileObserver.members#65.0-1749716035193-java.trap.gz (774 of 2666)
[2026-07-27 12:40:40] Importing VolatileImage.members#65.0-1749716035193-java.trap.gz (775 of 2666)
[2026-07-27 12:40:40] Importing WritableRaster.members#65.0-1749716035193-java.trap.gz (776 of 2666)
[2026-07-27 12:40:40] Importing WritableRenderedImage.members#65.0-1749716035193-java.trap.gz (777 of 2666)
[2026-07-27 12:40:40] Importing RenderContext.members#65.0-1749716035193-java.trap.gz (778 of 2666)
[2026-07-27 12:40:40] Importing RenderableImage.members#65.0-1749716035193-java.trap.gz (779 of 2666)
[2026-07-27 12:40:40] Importing ButtonPeer.members#65.0-1749716035193-java.trap.gz (780 of 2666)
[2026-07-27 12:40:40] Importing CanvasPeer.members#65.0-1749716035193-java.trap.gz (781 of 2666)
[2026-07-27 12:40:40] Importing CheckboxMenuItemPeer.members#65.0-1749716035193-java.trap.gz (782 of 2666)
[2026-07-27 12:40:40] Importing CheckboxPeer.members#65.0-1749716035193-java.trap.gz (783 of 2666)
[2026-07-27 12:40:40] Importing ChoicePeer.members#65.0-1749716035193-java.trap.gz (784 of 2666)
[2026-07-27 12:40:40] Importing ComponentPeer.members#65.0-1749716035193-java.trap.gz (785 of 2666)
[2026-07-27 12:40:40] Importing ContainerPeer.members#65.0-1749716035193-java.trap.gz (786 of 2666)
[2026-07-27 12:40:40] Importing DesktopPeer.members#65.0-1749716035193-java.trap.gz (787 of 2666)
[2026-07-27 12:40:40] Importing DialogPeer.members#65.0-1749716035193-java.trap.gz (788 of 2666)
[2026-07-27 12:40:40] Importing FileDialogPeer.members#65.0-1749716035193-java.trap.gz (789 of 2666)
[2026-07-27 12:40:40] Importing FontPeer.members#65.0-1749716035193-java.trap.gz (790 of 2666)
[2026-07-27 12:40:40] Importing FramePeer.members#65.0-1749716035193-java.trap.gz (791 of 2666)
[2026-07-27 12:40:40] Importing LabelPeer.members#65.0-1749716035193-java.trap.gz (792 of 2666)
[2026-07-27 12:40:40] Importing LightweightPeer.members#65.0-1749716035193-java.trap.gz (793 of 2666)
[2026-07-27 12:40:40] Importing ListPeer.members#65.0-1749716035193-java.trap.gz (794 of 2666)
[2026-07-27 12:40:40] Importing MenuBarPeer.members#65.0-1749716035193-java.trap.gz (795 of 2666)
[2026-07-27 12:40:40] Importing MenuComponentPeer.members#65.0-1749716035193-java.trap.gz (796 of 2666)
[2026-07-27 12:40:40] Importing MenuItemPeer.members#65.0-1749716035193-java.trap.gz (797 of 2666)
[2026-07-27 12:40:41] Importing MenuPeer.members#65.0-1749716035193-java.trap.gz (798 of 2666)
[2026-07-27 12:40:41] Importing MouseInfoPeer.members#65.0-1749716035193-java.trap.gz (799 of 2666)
[2026-07-27 12:40:41] Importing PanelPeer.members#65.0-1749716035193-java.trap.gz (800 of 2666)
[2026-07-27 12:40:41] Importing PopupMenuPeer.members#65.0-1749716035193-java.trap.gz (801 of 2666)
[2026-07-27 12:40:41] Importing RobotPeer.members#65.0-1749716035193-java.trap.gz (802 of 2666)
[2026-07-27 12:40:41] Importing ScrollPanePeer.members#65.0-1749716035193-java.trap.gz (803 of 2666)
[2026-07-27 12:40:41] Importing ScrollbarPeer.members#65.0-1749716035193-java.trap.gz (804 of 2666)
[2026-07-27 12:40:41] Importing TaskbarPeer.members#65.0-1749716035193-java.trap.gz (805 of 2666)
[2026-07-27 12:40:41] Importing TextAreaPeer.members#65.0-1749716035193-java.trap.gz (806 of 2666)
[2026-07-27 12:40:41] Importing TextComponentPeer.members#65.0-1749716035193-java.trap.gz (807 of 2666)
[2026-07-27 12:40:41] Importing TextFieldPeer.members#65.0-1749716035193-java.trap.gz (808 of 2666)
[2026-07-27 12:40:41] Importing WindowPeer.members#65.0-1749716035193-java.trap.gz (809 of 2666)
[2026-07-27 12:40:41] Importing BeanProperty.members#65.0-1749716035193-java.trap.gz (810 of 2666)
[2026-07-27 12:40:41] Importing ConstructorProperties.members#65.0-1749716035193-java.trap.gz (811 of 2666)
[2026-07-27 12:40:41] Importing JavaBean.members#65.0-1749716035193-java.trap.gz (812 of 2666)
[2026-07-27 12:40:41] Importing PropertyChangeEvent.members#65.0-1749716035193-java.trap.gz (813 of 2666)
[2026-07-27 12:40:41] Importing PropertyChangeListener.members#65.0-1749716035193-java.trap.gz (814 of 2666)
[2026-07-27 12:40:41] Importing PropertyChangeSupport.members#65.0-1749716035193-java.trap.gz (815 of 2666)
[2026-07-27 12:40:41] Importing PropertyEditor.members#65.0-1749716035193-java.trap.gz (816 of 2666)
[2026-07-27 12:40:41] Importing PropertyVetoException.members#65.0-1749716035193-java.trap.gz (817 of 2666)
[2026-07-27 12:40:41] Importing Transient.members#65.0-1749716035193-java.trap.gz (818 of 2666)
[2026-07-27 12:40:41] Importing VetoableChangeListener.members#65.0-1749716035193-java.trap.gz (819 of 2666)
[2026-07-27 12:40:41] Importing BufferedReader.members#65.0-1749716035193-java.trap.gz (820 of 2666)
[2026-07-27 12:40:41] Importing BufferedWriter.members#65.0-1749716035193-java.trap.gz (821 of 2666)
[2026-07-27 12:40:41] Importing ByteArrayOutputStream.members#65.0-1749716035193-java.trap.gz (822 of 2666)
[2026-07-27 12:40:41] Importing Closeable.members#65.0-1749716035193-java.trap.gz (823 of 2666)
[2026-07-27 12:40:41] Importing Console.members#65.0-1749716035193-java.trap.gz (824 of 2666)
[2026-07-27 12:40:41] Importing DataInput.members#65.0-1749716035193-java.trap.gz (825 of 2666)
[2026-07-27 12:40:41] Importing DataOutput.members#65.0-1749716035193-java.trap.gz (826 of 2666)
[2026-07-27 12:40:41] Importing Externalizable.members#65.0-1749716035193-java.trap.gz (827 of 2666)
[2026-07-27 12:40:41] Importing File.members#65.0-1749716035193-java.trap.gz (828 of 2666)
[2026-07-27 12:40:41] Importing FileDescriptor.members#65.0-1749716035193-java.trap.gz (829 of 2666)
[2026-07-27 12:40:41] Importing FileFilter.members#65.0-1749716035193-java.trap.gz (830 of 2666)
[2026-07-27 12:40:41] Importing FileNotFoundException.members#65.0-1749716035193-java.trap.gz (831 of 2666)
[2026-07-27 12:40:41] Importing FileReader.members#65.0-1749716035193-java.trap.gz (832 of 2666)
[2026-07-27 12:40:41] Importing FilenameFilter.members#65.0-1749716035193-java.trap.gz (833 of 2666)
[2026-07-27 12:40:41] Importing FilterOutputStream.members#65.0-1749716035193-java.trap.gz (834 of 2666)
[2026-07-27 12:40:41] Importing Flushable.members#65.0-1749716035193-java.trap.gz (835 of 2666)
[2026-07-27 12:40:41] Importing IOException.members#65.0-1749716035193-java.trap.gz (836 of 2666)
[2026-07-27 12:40:41] Importing InputStream.members#65.0-1749716035193-java.trap.gz (837 of 2666)
[2026-07-27 12:40:41] Importing InputStreamReader.members#65.0-1749716035193-java.trap.gz (838 of 2666)
[2026-07-27 12:40:41] Importing InvalidClassException.members#65.0-1749716035193-java.trap.gz (839 of 2666)
[2026-07-27 12:40:41] Importing InvalidObjectException.members#65.0-1749716035193-java.trap.gz (840 of 2666)
[2026-07-27 12:40:41] Importing NotActiveException.members#65.0-1749716035193-java.trap.gz (841 of 2666)
[2026-07-27 12:40:41] Importing ObjectInput.members#65.0-1749716035193-java.trap.gz (842 of 2666)
[2026-07-27 12:40:41] Importing ObjectInputFilter$FilterInfo.members#65.0-1749716035193-java.trap.gz (843 of 2666)
[2026-07-27 12:40:41] Importing ObjectInputFilter$Status.members#65.0-1749716035193-java.trap.gz (844 of 2666)
[2026-07-27 12:40:41] Importing ObjectInputFilter.members#65.0-1749716035193-java.trap.gz (845 of 2666)
[2026-07-27 12:40:41] Importing ObjectInputStream$GetField.members#65.0-1749716035193-java.trap.gz (846 of 2666)
[2026-07-27 12:40:41] Importing ObjectInputStream.members#65.0-1749716035193-java.trap.gz (847 of 2666)
[2026-07-27 12:40:41] Importing ObjectInputValidation.members#65.0-1749716035193-java.trap.gz (848 of 2666)
[2026-07-27 12:40:41] Importing ObjectOutput.members#65.0-1749716035193-java.trap.gz (849 of 2666)
[2026-07-27 12:40:41] Importing ObjectOutputStream$PutField.members#65.0-1749716035193-java.trap.gz (850 of 2666)
[2026-07-27 12:40:41] Importing ObjectOutputStream.members#65.0-1749716035193-java.trap.gz (851 of 2666)
[2026-07-27 12:40:41] Importing ObjectStreamClass$ClassDataSlot.members#65.0-1749716035193-java.trap.gz (852 of 2666)
[2026-07-27 12:40:41] Importing ObjectStreamClass.members#65.0-1749716035193-java.trap.gz (853 of 2666)
[2026-07-27 12:40:41] Importing ObjectStreamConstants.members#65.0-1749716035193-java.trap.gz (854 of 2666)
[2026-07-27 12:40:41] Importing ObjectStreamException.members#65.0-1749716035193-java.trap.gz (855 of 2666)
[2026-07-27 12:40:41] Importing ObjectStreamField.members#65.0-1749716035193-java.trap.gz (856 of 2666)
[2026-07-27 12:40:41] Importing OptionalDataException.members#65.0-1749716035193-java.trap.gz (857 of 2666)
[2026-07-27 12:40:41] Importing OutputStream.members#65.0-1749716035193-java.trap.gz (858 of 2666)
[2026-07-27 12:40:41] Importing PrintStream.members#65.0-1749716035193-java.trap.gz (859 of 2666)
[2026-07-27 12:40:41] Importing PrintWriter.members#65.0-1749716035193-java.trap.gz (860 of 2666)
[2026-07-27 12:40:41] Importing ProxyingConsole.members#65.0-1749716035193-java.trap.gz (861 of 2666)
[2026-07-27 12:40:41] Importing Reader.members#65.0-1749716035193-java.trap.gz (862 of 2666)
[2026-07-27 12:40:41] Importing Serializable.members#65.0-1749716035193-java.trap.gz (863 of 2666)
[2026-07-27 12:40:41] Importing SerializablePermission.members#65.0-1749716035193-java.trap.gz (864 of 2666)
[2026-07-27 12:40:41] Importing StreamCorruptedException.members#65.0-1749716035193-java.trap.gz (865 of 2666)
[2026-07-27 12:40:41] Importing SyncFailedException.members#65.0-1749716035193-java.trap.gz (866 of 2666)
[2026-07-27 12:40:41] Importing UnsupportedEncodingException.members#65.0-1749716035193-java.trap.gz (867 of 2666)
[2026-07-27 12:40:41] Importing Writer.members#65.0-1749716035193-java.trap.gz (868 of 2666)
[2026-07-27 12:40:41] Importing AbstractStringBuilder.members#65.0-1749716035193-java.trap.gz (869 of 2666)
[2026-07-27 12:40:41] Importing Appendable.members#65.0-1749716035193-java.trap.gz (870 of 2666)
[2026-07-27 12:40:41] Importing AssertionError.members#65.0-1749716035193-java.trap.gz (871 of 2666)
[2026-07-27 12:40:41] Importing AutoCloseable.members#65.0-1749716035193-java.trap.gz (872 of 2666)
[2026-07-27 12:40:41] Importing Boolean.members#65.0-1749716035193-java.trap.gz (873 of 2666)
[2026-07-27 12:40:41] Importing Byte.members#65.0-1749716035193-java.trap.gz (874 of 2666)
[2026-07-27 12:40:41] Importing CharSequence.members#65.0-1749716035193-java.trap.gz (875 of 2666)
[2026-07-27 12:40:41] Importing Character$Subset.members#65.0-1749716035193-java.trap.gz (876 of 2666)
[2026-07-27 12:40:41] Importing Character.members#65.0-1749716035193-java.trap.gz (877 of 2666)
[2026-07-27 12:40:41] Importing Class.members#65.0-1749716035193-java.trap.gz (878 of 2666)
[2026-07-27 12:40:41] Importing ClassFormatError.members#65.0-1749716035193-java.trap.gz (879 of 2666)
[2026-07-27 12:40:41] Importing ClassLoader.members#65.0-1749716035193-java.trap.gz (880 of 2666)
[2026-07-27 12:40:41] Importing ClassNotFoundException.members#65.0-1749716035193-java.trap.gz (881 of 2666)
[2026-07-27 12:40:41] Importing ClassValue$ClassValueMap.members#65.0-1749716035193-java.trap.gz (882 of 2666)
[2026-07-27 12:40:41] Importing ClassValue$Entry.members#65.0-1749716035193-java.trap.gz (883 of 2666)
[2026-07-27 12:40:41] Importing ClassValue$Identity.members#65.0-1749716035193-java.trap.gz (884 of 2666)
[2026-07-27 12:40:41] Importing ClassValue$Version.members#65.0-1749716035193-java.trap.gz (885 of 2666)
[2026-07-27 12:40:41] Importing ClassValue.members#65.0-1749716035193-java.trap.gz (886 of 2666)
[2026-07-27 12:40:41] Importing CloneNotSupportedException.members#65.0-1749716035193-java.trap.gz (887 of 2666)
[2026-07-27 12:40:41] Importing Cloneable.members#65.0-1749716035193-java.trap.gz (888 of 2666)
[2026-07-27 12:40:41] Importing Comparable.members#65.0-1749716035193-java.trap.gz (889 of 2666)
[2026-07-27 12:40:41] Importing Deprecated.members#65.0-1749716035193-java.trap.gz (890 of 2666)
[2026-07-27 12:40:41] Importing Double.members#65.0-1749716035193-java.trap.gz (891 of 2666)
[2026-07-27 12:40:41] Importing Enum$EnumDesc.members#65.0-1749716035193-java.trap.gz (892 of 2666)
[2026-07-27 12:40:41] Importing Enum.members#65.0-1749716035193-java.trap.gz (893 of 2666)
[2026-07-27 12:40:41] Importing Error.members#65.0-1749716035193-java.trap.gz (894 of 2666)
[2026-07-27 12:40:41] Importing Exception.members#65.0-1749716035193-java.trap.gz (895 of 2666)
[2026-07-27 12:40:41] Importing Float.members#65.0-1749716035193-java.trap.gz (896 of 2666)
[2026-07-27 12:40:41] Importing FunctionalInterface.members#65.0-1749716035193-java.trap.gz (897 of 2666)
[2026-07-27 12:40:41] Importing IllegalAccessException.members#65.0-1749716035193-java.trap.gz (898 of 2666)
[2026-07-27 12:40:41] Importing IllegalArgumentException.members#65.0-1749716035193-java.trap.gz (899 of 2666)
[2026-07-27 12:40:41] Importing IllegalStateException.members#65.0-1749716035193-java.trap.gz (900 of 2666)
[2026-07-27 12:40:41] Importing IllegalThreadStateException.members#65.0-1749716035193-java.trap.gz (901 of 2666)
[2026-07-27 12:40:41] Importing IndexOutOfBoundsException.members#65.0-1749716035193-java.trap.gz (902 of 2666)
[2026-07-27 12:40:41] Importing InstantiationException.members#65.0-1749716035193-java.trap.gz (903 of 2666)
[2026-07-27 12:40:41] Importing Integer.members#65.0-1749716035193-java.trap.gz (904 of 2666)
[2026-07-27 12:40:41] Importing InternalError.members#65.0-1749716035193-java.trap.gz (905 of 2666)
[2026-07-27 12:40:41] Importing InterruptedException.members#65.0-1749716035193-java.trap.gz (906 of 2666)
[2026-07-27 12:40:41] Importing Iterable.members#65.0-1749716035193-java.trap.gz (907 of 2666)
[2026-07-27 12:40:41] Importing LinkageError.members#65.0-1749716035193-java.trap.gz (908 of 2666)
[2026-07-27 12:40:41] Importing Long.members#65.0-1749716035193-java.trap.gz (909 of 2666)
[2026-07-27 12:40:41] Importing Module.members#65.0-1749716035193-java.trap.gz (910 of 2666)
[2026-07-27 12:40:41] Importing ModuleLayer$Controller.members#65.0-1749716035193-java.trap.gz (911 of 2666)
[2026-07-27 12:40:41] Importing ModuleLayer.members#65.0-1749716035193-java.trap.gz (912 of 2666)
[2026-07-27 12:40:41] Importing NamedPackage.members#65.0-1749716035193-java.trap.gz (913 of 2666)
[2026-07-27 12:40:41] Importing NoSuchFieldException.members#65.0-1749716035193-java.trap.gz (914 of 2666)
[2026-07-27 12:40:41] Importing NoSuchMethodException.members#65.0-1749716035193-java.trap.gz (915 of 2666)
[2026-07-27 12:40:41] Importing Number.members#65.0-1749716035193-java.trap.gz (916 of 2666)
[2026-07-27 12:40:41] Importing NumberFormatException.members#65.0-1749716035193-java.trap.gz (917 of 2666)
[2026-07-27 12:40:41] Importing Object.members#65.0-1749716035193-java.trap.gz (918 of 2666)
[2026-07-27 12:40:41] Importing Override.members#65.0-1749716035193-java.trap.gz (919 of 2666)
[2026-07-27 12:40:41] Importing Package.members#65.0-1749716035193-java.trap.gz (920 of 2666)
[2026-07-27 12:40:41] Importing Process.members#65.0-1749716035193-java.trap.gz (921 of 2666)
[2026-07-27 12:40:41] Importing ProcessHandle$Info.members#65.0-1749716035193-java.trap.gz (922 of 2666)
[2026-07-27 12:40:41] Importing ProcessHandle.members#65.0-1749716035193-java.trap.gz (923 of 2666)
[2026-07-27 12:40:41] Importing Readable.members#65.0-1749716035193-java.trap.gz (924 of 2666)
[2026-07-27 12:40:41] Importing Record.members#65.0-1749716035193-java.trap.gz (925 of 2666)
[2026-07-27 12:40:41] Importing ReflectiveOperationException.members#65.0-1749716035193-java.trap.gz (926 of 2666)
[2026-07-27 12:40:41] Importing Runnable.members#65.0-1749716035193-java.trap.gz (927 of 2666)
[2026-07-27 12:40:41] Importing Runtime$Version.members#65.0-1749716035193-java.trap.gz (928 of 2666)
[2026-07-27 12:40:41] Importing Runtime.members#65.0-1749716035193-java.trap.gz (929 of 2666)
[2026-07-27 12:40:41] Importing RuntimeException.members#65.0-1749716035193-java.trap.gz (930 of 2666)
[2026-07-27 12:40:41] Importing RuntimePermission.members#65.0-1749716035193-java.trap.gz (931 of 2666)
[2026-07-27 12:40:41] Importing SafeVarargs.members#65.0-1749716035193-java.trap.gz (932 of 2666)
[2026-07-27 12:40:41] Importing SecurityException.members#65.0-1749716035193-java.trap.gz (933 of 2666)
[2026-07-27 12:40:41] Importing SecurityManager.members#65.0-1749716035193-java.trap.gz (934 of 2666)
[2026-07-27 12:40:41] Importing Short.members#65.0-1749716035193-java.trap.gz (935 of 2666)
[2026-07-27 12:40:41] Importing StackFrameInfo.members#65.0-1749716035193-java.trap.gz (936 of 2666)
[2026-07-27 12:40:41] Importing StackTraceElement.members#65.0-1749716035193-java.trap.gz (937 of 2666)
[2026-07-27 12:40:41] Importing StackWalker$ExtendedOption.members#65.0-1749716035193-java.trap.gz (938 of 2666)
[2026-07-27 12:40:41] Importing StackWalker$Option.members#65.0-1749716035193-java.trap.gz (939 of 2666)
[2026-07-27 12:40:41] Importing StackWalker$StackFrame.members#65.0-1749716035193-java.trap.gz (940 of 2666)
[2026-07-27 12:40:41] Importing StackWalker.members#65.0-1749716035193-java.trap.gz (941 of 2666)
[2026-07-27 12:40:41] Importing String.members#65.0-1749716035193-java.trap.gz (942 of 2666)
[2026-07-27 12:40:41] Importing StringBuffer.members#65.0-1749716035193-java.trap.gz (943 of 2666)
[2026-07-27 12:40:41] Importing StringBuilder.members#65.0-1749716035193-java.trap.gz (944 of 2666)
[2026-07-27 12:40:41] Importing SuppressWarnings.members#65.0-1749716035193-java.trap.gz (945 of 2666)
[2026-07-27 12:40:41] Importing System$Logger$Level.members#65.0-1749716035193-java.trap.gz (946 of 2666)
[2026-07-27 12:40:41] Importing System$Logger.members#65.0-1749716035193-java.trap.gz (947 of 2666)
[2026-07-27 12:40:41] Importing System.members#65.0-1749716035193-java.trap.gz (948 of 2666)
[2026-07-27 12:40:41] Importing Thread$Builder$OfPlatform.members#65.0-1749716035193-java.trap.gz (949 of 2666)
[2026-07-27 12:40:41] Importing Thread$Builder$OfVirtual.members#65.0-1749716035193-java.trap.gz (950 of 2666)
[2026-07-27 12:40:41] Importing Thread$Builder.members#65.0-1749716035193-java.trap.gz (951 of 2666)
[2026-07-27 12:40:41] Importing Thread$State.members#65.0-1749716035193-java.trap.gz (952 of 2666)
[2026-07-27 12:40:41] Importing Thread$UncaughtExceptionHandler.members#65.0-1749716035193-java.trap.gz (953 of 2666)
[2026-07-27 12:40:41] Importing Thread.members#65.0-1749716035193-java.trap.gz (954 of 2666)
[2026-07-27 12:40:41] Importing ThreadBuilders$BaseThreadBuilder.members#65.0-1749716035193-java.trap.gz (955 of 2666)
[2026-07-27 12:40:41] Importing ThreadBuilders$PlatformThreadBuilder.members#65.0-1749716035193-java.trap.gz (956 of 2666)
[2026-07-27 12:40:41] Importing ThreadBuilders$VirtualThreadBuilder.members#65.0-1749716035193-java.trap.gz (957 of 2666)
[2026-07-27 12:40:41] Importing ThreadBuilders.members#65.0-1749716035193-java.trap.gz (958 of 2666)
[2026-07-27 12:40:41] Importing ThreadGroup.members#65.0-1749716035193-java.trap.gz (959 of 2666)
[2026-07-27 12:40:41] Importing ThreadLocal$ThreadLocalMap.members#65.0-1749716035193-java.trap.gz (960 of 2666)
[2026-07-27 12:40:41] Importing ThreadLocal.members#65.0-1749716035193-java.trap.gz (961 of 2666)
[2026-07-27 12:40:41] Importing Throwable.members#65.0-1749716035193-java.trap.gz (962 of 2666)
[2026-07-27 12:40:41] Importing TypeNotPresentException.members#65.0-1749716035193-java.trap.gz (963 of 2666)
[2026-07-27 12:40:41] Importing UnsupportedOperationException.members#65.0-1749716035193-java.trap.gz (964 of 2666)
[2026-07-27 12:40:41] Importing VirtualMachineError.members#65.0-1749716035193-java.trap.gz (965 of 2666)
[2026-07-27 12:40:41] Importing Void.members#65.0-1749716035193-java.trap.gz (966 of 2666)
[2026-07-27 12:40:41] Importing WrongThreadException.members#65.0-1749716035193-java.trap.gz (967 of 2666)
[2026-07-27 12:40:41] Importing Annotation.members#65.0-1749716035193-java.trap.gz (968 of 2666)
[2026-07-27 12:40:41] Importing Documented.members#65.0-1749716035193-java.trap.gz (969 of 2666)
[2026-07-27 12:40:41] Importing ElementType.members#65.0-1749716035193-java.trap.gz (970 of 2666)
[2026-07-27 12:40:41] Importing Inherited.members#65.0-1749716035193-java.trap.gz (971 of 2666)
[2026-07-27 12:40:41] Importing Repeatable.members#65.0-1749716035193-java.trap.gz (972 of 2666)
[2026-07-27 12:40:41] Importing Retention.members#65.0-1749716035193-java.trap.gz (973 of 2666)
[2026-07-27 12:40:41] Importing RetentionPolicy.members#65.0-1749716035193-java.trap.gz (974 of 2666)
[2026-07-27 12:40:41] Importing Target.members#65.0-1749716035193-java.trap.gz (975 of 2666)
[2026-07-27 12:40:41] Importing AsTypeMethodHandleDesc.members#65.0-1749716035193-java.trap.gz (976 of 2666)
[2026-07-27 12:40:41] Importing ClassDesc.members#65.0-1749716035193-java.trap.gz (977 of 2666)
[2026-07-27 12:40:41] Importing Constable.members#65.0-1749716035193-java.trap.gz (978 of 2666)
[2026-07-27 12:40:41] Importing ConstantDesc.members#65.0-1749716035193-java.trap.gz (979 of 2666)
[2026-07-27 12:40:41] Importing DirectMethodHandleDesc$Kind.members#65.0-1749716035193-java.trap.gz (980 of 2666)
[2026-07-27 12:40:41] Importing DirectMethodHandleDesc.members#65.0-1749716035193-java.trap.gz (981 of 2666)
[2026-07-27 12:40:41] Importing DirectMethodHandleDescImpl.members#65.0-1749716035193-java.trap.gz (982 of 2666)
[2026-07-27 12:40:41] Importing DynamicConstantDesc.members#65.0-1749716035193-java.trap.gz (983 of 2666)
[2026-07-27 12:40:41] Importing MethodHandleDesc.members#65.0-1749716035193-java.trap.gz (984 of 2666)
[2026-07-27 12:40:41] Importing MethodTypeDesc.members#65.0-1749716035193-java.trap.gz (985 of 2666)
[2026-07-27 12:40:41] Importing MethodTypeDescImpl.members#65.0-1749716035193-java.trap.gz (986 of 2666)
[2026-07-27 12:40:41] Importing PrimitiveClassDescImpl.members#65.0-1749716035193-java.trap.gz (987 of 2666)
[2026-07-27 12:40:41] Importing ReferenceClassDescImpl.members#65.0-1749716035193-java.trap.gz (988 of 2666)
[2026-07-27 12:40:41] Importing AddressLayout.members#65.0-1749716035193-java.trap.gz (989 of 2666)
[2026-07-27 12:40:41] Importing Arena.members#65.0-1749716035193-java.trap.gz (990 of 2666)
[2026-07-27 12:40:41] Importing GroupLayout.members#65.0-1749716035193-java.trap.gz (991 of 2666)
[2026-07-27 12:40:41] Importing MemoryLayout$PathElement.members#65.0-1749716035193-java.trap.gz (992 of 2666)
[2026-07-27 12:40:41] Importing MemoryLayout.members#65.0-1749716035193-java.trap.gz (993 of 2666)
[2026-07-27 12:40:41] Importing MemorySegment$Scope.members#65.0-1749716035193-java.trap.gz (994 of 2666)
[2026-07-27 12:40:41] Importing MemorySegment.members#65.0-1749716035193-java.trap.gz (995 of 2666)
[2026-07-27 12:40:41] Importing PaddingLayout.members#65.0-1749716035193-java.trap.gz (996 of 2666)
[2026-07-27 12:40:41] Importing SegmentAllocator.members#65.0-1749716035193-java.trap.gz (997 of 2666)
[2026-07-27 12:40:41] Importing SequenceLayout.members#65.0-1749716035193-java.trap.gz (998 of 2666)
[2026-07-27 12:40:41] Importing StructLayout.members#65.0-1749716035193-java.trap.gz (999 of 2666)
[2026-07-27 12:40:41] Importing UnionLayout.members#65.0-1749716035193-java.trap.gz (1000 of 2666)
[2026-07-27 12:40:41] Importing ValueLayout$OfBoolean.members#65.0-1749716035193-java.trap.gz (1001 of 2666)
[2026-07-27 12:40:41] Importing ValueLayout$OfByte.members#65.0-1749716035193-java.trap.gz (1002 of 2666)
[2026-07-27 12:40:41] Importing ValueLayout$OfChar.members#65.0-1749716035193-java.trap.gz (1003 of 2666)
[2026-07-27 12:40:41] Importing ValueLayout$OfDouble.members#65.0-1749716035193-java.trap.gz (1004 of 2666)
[2026-07-27 12:40:41] Importing ValueLayout$OfFloat.members#65.0-1749716035193-java.trap.gz (1005 of 2666)
[2026-07-27 12:40:41] Importing ValueLayout$OfInt.members#65.0-1749716035193-java.trap.gz (1006 of 2666)
[2026-07-27 12:40:41] Importing ValueLayout$OfLong.members#65.0-1749716035193-java.trap.gz (1007 of 2666)
[2026-07-27 12:40:41] Importing ValueLayout$OfShort.members#65.0-1749716035193-java.trap.gz (1008 of 2666)
[2026-07-27 12:40:41] Importing ValueLayout.members#65.0-1749716035193-java.trap.gz (1009 of 2666)
[2026-07-27 12:40:41] Importing BoundMethodHandle$Specializer$Factory.members#65.0-1749716035193-java.trap.gz (1010 of 2666)
[2026-07-27 12:40:41] Importing BoundMethodHandle$Specializer.members#65.0-1749716035193-java.trap.gz (1011 of 2666)
[2026-07-27 12:40:41] Importing BoundMethodHandle$SpeciesData.members#65.0-1749716035193-java.trap.gz (1012 of 2666)
[2026-07-27 12:40:41] Importing BoundMethodHandle.members#65.0-1749716035193-java.trap.gz (1013 of 2666)
[2026-07-27 12:40:41] Importing CallSite.members#65.0-1749716035193-java.trap.gz (1014 of 2666)
[2026-07-27 12:40:41] Importing ClassSpecializer$Factory.members#65.0-1749716035193-java.trap.gz (1015 of 2666)
[2026-07-27 12:40:41] Importing ClassSpecializer$SpeciesData.members#65.0-1749716035193-java.trap.gz (1016 of 2666)
[2026-07-27 12:40:41] Importing ClassSpecializer.members#65.0-1749716035193-java.trap.gz (1017 of 2666)
[2026-07-27 12:40:41] Importing ConstantCallSite.members#65.0-1749716035193-java.trap.gz (1018 of 2666)
[2026-07-27 12:40:41] Importing DelegatingMethodHandle.members#65.0-1749716035193-java.trap.gz (1019 of 2666)
[2026-07-27 12:40:41] Importing DirectMethodHandle$Accessor.members#65.0-1749716035193-java.trap.gz (1020 of 2666)
[2026-07-27 12:40:41] Importing DirectMethodHandle$Constructor.members#65.0-1749716035193-java.trap.gz (1021 of 2666)
[2026-07-27 12:40:41] Importing DirectMethodHandle$Interface.members#65.0-1749716035193-java.trap.gz (1022 of 2666)
[2026-07-27 12:40:41] Importing DirectMethodHandle$Special.members#65.0-1749716035193-java.trap.gz (1023 of 2666)
[2026-07-27 12:40:41] Importing DirectMethodHandle$StaticAccessor.members#65.0-1749716035193-java.trap.gz (1024 of 2666)
[2026-07-27 12:40:41] Importing DirectMethodHandle.members#65.0-1749716035193-java.trap.gz (1025 of 2666)
[2026-07-27 12:40:41] Importing IndirectVarHandle.members#65.0-1749716035193-java.trap.gz (1026 of 2666)
[2026-07-27 12:40:41] Importing Invokers.members#65.0-1749716035193-java.trap.gz (1027 of 2666)
[2026-07-27 12:40:41] Importing LambdaForm$BasicType.members#65.0-1749716035193-java.trap.gz (1028 of 2666)
[2026-07-27 12:40:41] Importing LambdaForm$Kind.members#65.0-1749716035193-java.trap.gz (1029 of 2666)
[2026-07-27 12:40:41] Importing LambdaForm$Name.members#65.0-1749716035193-java.trap.gz (1030 of 2666)
[2026-07-27 12:40:41] Importing LambdaForm$NamedFunction.members#65.0-1749716035193-java.trap.gz (1031 of 2666)
[2026-07-27 12:40:41] Importing LambdaForm.members#65.0-1749716035193-java.trap.gz (1032 of 2666)
[2026-07-27 12:40:41] Importing LambdaFormEditor.members#65.0-1749716035193-java.trap.gz (1033 of 2666)
[2026-07-27 12:40:41] Importing MemberName$Factory.members#65.0-1749716035193-java.trap.gz (1034 of 2666)
[2026-07-27 12:40:41] Importing MemberName.members#65.0-1749716035193-java.trap.gz (1035 of 2666)
[2026-07-27 12:40:41] Importing MethodHandle$PolymorphicSignature.members#65.0-1749716035193-java.trap.gz (1036 of 2666)
[2026-07-27 12:40:41] Importing MethodHandle.members#65.0-1749716035193-java.trap.gz (1037 of 2666)
[2026-07-27 12:40:41] Importing MethodHandleImpl$ArrayAccess.members#65.0-1749716035193-java.trap.gz (1038 of 2666)
[2026-07-27 12:40:41] Importing MethodHandleImpl$AsVarargsCollector.members#65.0-1749716035193-java.trap.gz (1039 of 2666)
[2026-07-27 12:40:41] Importing MethodHandleImpl$CasesHolder.members#65.0-1749716035193-java.trap.gz (1040 of 2666)
[2026-07-27 12:40:41] Importing MethodHandleImpl$CountingWrapper.members#65.0-1749716035193-java.trap.gz (1041 of 2666)
[2026-07-27 12:40:41] Importing MethodHandleImpl$Intrinsic.members#65.0-1749716035193-java.trap.gz (1042 of 2666)
[2026-07-27 12:40:41] Importing MethodHandleImpl$IntrinsicMethodHandle.members#65.0-1749716035193-java.trap.gz (1043 of 2666)
[2026-07-27 12:40:41] Importing MethodHandleImpl$LoopClauses.members#65.0-1749716035193-java.trap.gz (1044 of 2666)
[2026-07-27 12:40:41] Importing MethodHandleImpl$WrappedMember.members#65.0-1749716035193-java.trap.gz (1045 of 2666)
[2026-07-27 12:40:41] Importing MethodHandleImpl.members#65.0-1749716035193-java.trap.gz (1046 of 2666)
[2026-07-27 12:40:41] Importing MethodHandleInfo.members#65.0-1749716035193-java.trap.gz (1047 of 2666)
[2026-07-27 12:40:41] Importing MethodHandles$Lookup$ClassDefiner.members#65.0-1749716035193-java.trap.gz (1048 of 2666)
[2026-07-27 12:40:41] Importing MethodHandles$Lookup$ClassOption.members#65.0-1749716035193-java.trap.gz (1049 of 2666)
[2026-07-27 12:40:41] Importing MethodHandles$Lookup.members#65.0-1749716035193-java.trap.gz (1050 of 2666)
[2026-07-27 12:40:41] Importing MethodHandles.members#65.0-1749716035193-java.trap.gz (1051 of 2666)
[2026-07-27 12:40:41] Importing MethodType$ConcurrentWeakInternSet.members#65.0-1749716035193-java.trap.gz (1052 of 2666)
[2026-07-27 12:40:41] Importing MethodType.members#65.0-1749716035193-java.trap.gz (1053 of 2666)
[2026-07-27 12:40:41] Importing MethodTypeForm.members#65.0-1749716035193-java.trap.gz (1054 of 2666)
[2026-07-27 12:40:41] Importing MutableCallSite.members#65.0-1749716035193-java.trap.gz (1055 of 2666)
[2026-07-27 12:40:41] Importing NativeMethodHandle.members#65.0-1749716035193-java.trap.gz (1056 of 2666)
[2026-07-27 12:40:41] Importing TypeDescriptor$OfField.members#65.0-1749716035193-java.trap.gz (1057 of 2666)
[2026-07-27 12:40:41] Importing TypeDescriptor$OfMethod.members#65.0-1749716035193-java.trap.gz (1058 of 2666)
[2026-07-27 12:40:41] Importing TypeDescriptor.members#65.0-1749716035193-java.trap.gz (1059 of 2666)
[2026-07-27 12:40:41] Importing VarForm.members#65.0-1749716035193-java.trap.gz (1060 of 2666)
[2026-07-27 12:40:41] Importing VarHandle$AccessDescriptor.members#65.0-1749716035193-java.trap.gz (1061 of 2666)
[2026-07-27 12:40:41] Importing VarHandle$AccessMode.members#65.0-1749716035193-java.trap.gz (1062 of 2666)
[2026-07-27 12:40:41] Importing VarHandle$AccessType.members#65.0-1749716035193-java.trap.gz (1063 of 2666)
[2026-07-27 12:40:41] Importing VarHandle$VarHandleDesc.members#65.0-1749716035193-java.trap.gz (1064 of 2666)
[2026-07-27 12:40:41] Importing VarHandle.members#65.0-1749716035193-java.trap.gz (1065 of 2666)
[2026-07-27 12:40:41] Importing VarHandleBooleans$Array.members#65.0-1749716035193-java.trap.gz (1066 of 2666)
[2026-07-27 12:40:41] Importing VarHandleBooleans$FieldInstanceReadOnly.members#65.0-1749716035193-java.trap.gz (1067 of 2666)
[2026-07-27 12:40:41] Importing VarHandleBooleans$FieldInstanceReadWrite.members#65.0-1749716035193-java.trap.gz (1068 of 2666)
[2026-07-27 12:40:41] Importing VarHandleBooleans$FieldStaticReadOnly.members#65.0-1749716035193-java.trap.gz (1069 of 2666)
[2026-07-27 12:40:41] Importing VarHandleBooleans$FieldStaticReadWrite.members#65.0-1749716035193-java.trap.gz (1070 of 2666)
[2026-07-27 12:40:41] Importing VarHandleBooleans.members#65.0-1749716035193-java.trap.gz (1071 of 2666)
[2026-07-27 12:40:41] Importing VarHandleByteArrayAsChars$ArrayHandle.members#65.0-1749716035193-java.trap.gz (1072 of 2666)
[2026-07-27 12:40:41] Importing VarHandleByteArrayAsChars$ByteArrayViewVarHandle.members#65.0-1749716035193-java.trap.gz (1073 of 2666)
[2026-07-27 12:40:41] Importing VarHandleByteArrayAsChars$ByteBufferHandle.members#65.0-1749716035193-java.trap.gz (1074 of 2666)
[2026-07-27 12:40:41] Importing VarHandleByteArrayAsChars.members#65.0-1749716035193-java.trap.gz (1075 of 2666)
[2026-07-27 12:40:41] Importing VarHandleByteArrayAsDoubles$ArrayHandle.members#65.0-1749716035193-java.trap.gz (1076 of 2666)
[2026-07-27 12:40:41] Importing VarHandleByteArrayAsDoubles$ByteArrayViewVarHandle.members#65.0-1749716035193-java.trap.gz (1077 of 2666)
[2026-07-27 12:40:41] Importing VarHandleByteArrayAsDoubles$ByteBufferHandle.members#65.0-1749716035193-java.trap.gz (1078 of 2666)
[2026-07-27 12:40:41] Importing VarHandleByteArrayAsDoubles.members#65.0-1749716035193-java.trap.gz (1079 of 2666)
[2026-07-27 12:40:41] Importing VarHandleByteArrayAsFloats$ArrayHandle.members#65.0-1749716035193-java.trap.gz (1080 of 2666)
[2026-07-27 12:40:41] Importing VarHandleByteArrayAsFloats$ByteArrayViewVarHandle.members#65.0-1749716035193-java.trap.gz (1081 of 2666)
[2026-07-27 12:40:41] Importing VarHandleByteArrayAsFloats$ByteBufferHandle.members#65.0-1749716035193-java.trap.gz (1082 of 2666)
[2026-07-27 12:40:41] Importing VarHandleByteArrayAsFloats.members#65.0-1749716035193-java.trap.gz (1083 of 2666)
[2026-07-27 12:40:41] Importing VarHandleByteArrayAsInts$ArrayHandle.members#65.0-1749716035193-java.trap.gz (1084 of 2666)
[2026-07-27 12:40:41] Importing VarHandleByteArrayAsInts$ByteArrayViewVarHandle.members#65.0-1749716035193-java.trap.gz (1085 of 2666)
[2026-07-27 12:40:41] Importing VarHandleByteArrayAsInts$ByteBufferHandle.members#65.0-1749716035193-java.trap.gz (1086 of 2666)
[2026-07-27 12:40:41] Importing VarHandleByteArrayAsInts.members#65.0-1749716035193-java.trap.gz (1087 of 2666)
[2026-07-27 12:40:41] Importing VarHandleByteArrayAsLongs$ArrayHandle.members#65.0-1749716035193-java.trap.gz (1088 of 2666)
[2026-07-27 12:40:41] Importing VarHandleByteArrayAsLongs$ByteArrayViewVarHandle.members#65.0-1749716035193-java.trap.gz (1089 of 2666)
[2026-07-27 12:40:41] Importing VarHandleByteArrayAsLongs$ByteBufferHandle.members#65.0-1749716035193-java.trap.gz (1090 of 2666)
[2026-07-27 12:40:41] Importing VarHandleByteArrayAsLongs.members#65.0-1749716035193-java.trap.gz (1091 of 2666)
[2026-07-27 12:40:41] Importing VarHandleByteArrayAsShorts$ArrayHandle.members#65.0-1749716035193-java.trap.gz (1092 of 2666)
[2026-07-27 12:40:41] Importing VarHandleByteArrayAsShorts$ByteArrayViewVarHandle.members#65.0-1749716035193-java.trap.gz (1093 of 2666)
[2026-07-27 12:40:41] Importing VarHandleByteArrayAsShorts$ByteBufferHandle.members#65.0-1749716035193-java.trap.gz (1094 of 2666)
[2026-07-27 12:40:41] Importing VarHandleByteArrayAsShorts.members#65.0-1749716035193-java.trap.gz (1095 of 2666)
[2026-07-27 12:40:41] Importing VarHandleByteArrayBase.members#65.0-1749716035193-java.trap.gz (1096 of 2666)
[2026-07-27 12:40:41] Importing VarHandleBytes$Array.members#65.0-1749716035193-java.trap.gz (1097 of 2666)
[2026-07-27 12:40:41] Importing VarHandleBytes$FieldInstanceReadOnly.members#65.0-1749716035193-java.trap.gz (1098 of 2666)
[2026-07-27 12:40:41] Importing VarHandleBytes$FieldInstanceReadWrite.members#65.0-1749716035193-java.trap.gz (1099 of 2666)
[2026-07-27 12:40:41] Importing VarHandleBytes$FieldStaticReadOnly.members#65.0-1749716035193-java.trap.gz (1100 of 2666)
[2026-07-27 12:40:41] Importing VarHandleBytes$FieldStaticReadWrite.members#65.0-1749716035193-java.trap.gz (1101 of 2666)
[2026-07-27 12:40:41] Importing VarHandleBytes.members#65.0-1749716035193-java.trap.gz (1102 of 2666)
[2026-07-27 12:40:41] Importing VarHandleChars$Array.members#65.0-1749716035193-java.trap.gz (1103 of 2666)
[2026-07-27 12:40:41] Importing VarHandleChars$FieldInstanceReadOnly.members#65.0-1749716035193-java.trap.gz (1104 of 2666)
[2026-07-27 12:40:41] Importing VarHandleChars$FieldInstanceReadWrite.members#65.0-1749716035193-java.trap.gz (1105 of 2666)
[2026-07-27 12:40:41] Importing VarHandleChars$FieldStaticReadOnly.members#65.0-1749716035193-java.trap.gz (1106 of 2666)
[2026-07-27 12:40:41] Importing VarHandleChars$FieldStaticReadWrite.members#65.0-1749716035193-java.trap.gz (1107 of 2666)
[2026-07-27 12:40:41] Importing VarHandleChars.members#65.0-1749716035193-java.trap.gz (1108 of 2666)
[2026-07-27 12:40:41] Importing VarHandleDoubles$Array.members#65.0-1749716035193-java.trap.gz (1109 of 2666)
[2026-07-27 12:40:41] Importing VarHandleDoubles$FieldInstanceReadOnly.members#65.0-1749716035193-java.trap.gz (1110 of 2666)
[2026-07-27 12:40:41] Importing VarHandleDoubles$FieldInstanceReadWrite.members#65.0-1749716035193-java.trap.gz (1111 of 2666)
[2026-07-27 12:40:41] Importing VarHandleDoubles$FieldStaticReadOnly.members#65.0-1749716035193-java.trap.gz (1112 of 2666)
[2026-07-27 12:40:41] Importing VarHandleDoubles$FieldStaticReadWrite.members#65.0-1749716035193-java.trap.gz (1113 of 2666)
[2026-07-27 12:40:41] Importing VarHandleDoubles.members#65.0-1749716035193-java.trap.gz (1114 of 2666)
[2026-07-27 12:40:41] Importing VarHandleFloats$Array.members#65.0-1749716035193-java.trap.gz (1115 of 2666)
[2026-07-27 12:40:41] Importing VarHandleFloats$FieldInstanceReadOnly.members#65.0-1749716035193-java.trap.gz (1116 of 2666)
[2026-07-27 12:40:41] Importing VarHandleFloats$FieldInstanceReadWrite.members#65.0-1749716035193-java.trap.gz (1117 of 2666)
[2026-07-27 12:40:41] Importing VarHandleFloats$FieldStaticReadOnly.members#65.0-1749716035193-java.trap.gz (1118 of 2666)
[2026-07-27 12:40:41] Importing VarHandleFloats$FieldStaticReadWrite.members#65.0-1749716035193-java.trap.gz (1119 of 2666)
[2026-07-27 12:40:41] Importing VarHandleFloats.members#65.0-1749716035193-java.trap.gz (1120 of 2666)
[2026-07-27 12:40:41] Importing VarHandleInts$Array.members#65.0-1749716035193-java.trap.gz (1121 of 2666)
[2026-07-27 12:40:41] Importing VarHandleInts$FieldInstanceReadOnly.members#65.0-1749716035193-java.trap.gz (1122 of 2666)
[2026-07-27 12:40:41] Importing VarHandleInts$FieldInstanceReadWrite.members#65.0-1749716035193-java.trap.gz (1123 of 2666)
[2026-07-27 12:40:41] Importing VarHandleInts$FieldStaticReadOnly.members#65.0-1749716035193-java.trap.gz (1124 of 2666)
[2026-07-27 12:40:41] Importing VarHandleInts$FieldStaticReadWrite.members#65.0-1749716035193-java.trap.gz (1125 of 2666)
[2026-07-27 12:40:41] Importing VarHandleInts.members#65.0-1749716035193-java.trap.gz (1126 of 2666)
[2026-07-27 12:40:41] Importing VarHandleLongs$Array.members#65.0-1749716035193-java.trap.gz (1127 of 2666)
[2026-07-27 12:40:41] Importing VarHandleLongs$FieldInstanceReadOnly.members#65.0-1749716035193-java.trap.gz (1128 of 2666)
[2026-07-27 12:40:41] Importing VarHandleLongs$FieldInstanceReadWrite.members#65.0-1749716035193-java.trap.gz (1129 of 2666)
[2026-07-27 12:40:41] Importing VarHandleLongs$FieldStaticReadOnly.members#65.0-1749716035193-java.trap.gz (1130 of 2666)
[2026-07-27 12:40:41] Importing VarHandleLongs$FieldStaticReadWrite.members#65.0-1749716035193-java.trap.gz (1131 of 2666)
[2026-07-27 12:40:41] Importing VarHandleLongs.members#65.0-1749716035193-java.trap.gz (1132 of 2666)
[2026-07-27 12:40:41] Importing VarHandleReferences$Array.members#65.0-1749716035193-java.trap.gz (1133 of 2666)
[2026-07-27 12:40:41] Importing VarHandleReferences$FieldInstanceReadOnly.members#65.0-1749716035193-java.trap.gz (1134 of 2666)
[2026-07-27 12:40:41] Importing VarHandleReferences$FieldInstanceReadWrite.members#65.0-1749716035193-java.trap.gz (1135 of 2666)
[2026-07-27 12:40:41] Importing VarHandleReferences$FieldStaticReadOnly.members#65.0-1749716035193-java.trap.gz (1136 of 2666)
[2026-07-27 12:40:41] Importing VarHandleReferences$FieldStaticReadWrite.members#65.0-1749716035193-java.trap.gz (1137 of 2666)
[2026-07-27 12:40:41] Importing VarHandleReferences.members#65.0-1749716035193-java.trap.gz (1138 of 2666)
[2026-07-27 12:40:41] Importing VarHandleSegmentAsBytes.members#65.0-1749716035193-java.trap.gz (1139 of 2666)
[2026-07-27 12:40:41] Importing VarHandleSegmentAsChars.members#65.0-1749716035193-java.trap.gz (1140 of 2666)
[2026-07-27 12:40:41] Importing VarHandleSegmentAsDoubles.members#65.0-1749716035193-java.trap.gz (1141 of 2666)
[2026-07-27 12:40:41] Importing VarHandleSegmentAsFloats.members#65.0-1749716035193-java.trap.gz (1142 of 2666)
[2026-07-27 12:40:41] Importing VarHandleSegmentAsInts.members#65.0-1749716035193-java.trap.gz (1143 of 2666)
[2026-07-27 12:40:41] Importing VarHandleSegmentAsLongs.members#65.0-1749716035193-java.trap.gz (1144 of 2666)
[2026-07-27 12:40:41] Importing VarHandleSegmentAsShorts.members#65.0-1749716035193-java.trap.gz (1145 of 2666)
[2026-07-27 12:40:41] Importing VarHandleSegmentViewBase.members#65.0-1749716035193-java.trap.gz (1146 of 2666)
[2026-07-27 12:40:41] Importing VarHandleShorts$Array.members#65.0-1749716035193-java.trap.gz (1147 of 2666)
[2026-07-27 12:40:41] Importing VarHandleShorts$FieldInstanceReadOnly.members#65.0-1749716035193-java.trap.gz (1148 of 2666)
[2026-07-27 12:40:41] Importing VarHandleShorts$FieldInstanceReadWrite.members#65.0-1749716035193-java.trap.gz (1149 of 2666)
[2026-07-27 12:40:41] Importing VarHandleShorts$FieldStaticReadOnly.members#65.0-1749716035193-java.trap.gz (1150 of 2666)
[2026-07-27 12:40:41] Importing VarHandleShorts$FieldStaticReadWrite.members#65.0-1749716035193-java.trap.gz (1151 of 2666)
[2026-07-27 12:40:41] Importing VarHandleShorts.members#65.0-1749716035193-java.trap.gz (1152 of 2666)
[2026-07-27 12:40:41] Importing VolatileCallSite.members#65.0-1749716035193-java.trap.gz (1153 of 2666)
[2026-07-27 12:40:41] Importing WrongMethodTypeException.members#65.0-1749716035193-java.trap.gz (1154 of 2666)
[2026-07-27 12:40:41] Importing Configuration.members#65.0-1749716035193-java.trap.gz (1155 of 2666)
[2026-07-27 12:40:41] Importing ModuleDescriptor$Builder.members#65.0-1749716035193-java.trap.gz (1156 of 2666)
[2026-07-27 12:40:41] Importing ModuleDescriptor$Exports$Modifier.members#65.0-1749716035193-java.trap.gz (1157 of 2666)
[2026-07-27 12:40:41] Importing ModuleDescriptor$Exports.members#65.0-1749716035193-java.trap.gz (1158 of 2666)
[2026-07-27 12:40:41] Importing ModuleDescriptor$Modifier.members#65.0-1749716035193-java.trap.gz (1159 of 2666)
[2026-07-27 12:40:41] Importing ModuleDescriptor$Opens$Modifier.members#65.0-1749716035193-java.trap.gz (1160 of 2666)
[2026-07-27 12:40:41] Importing ModuleDescriptor$Opens.members#65.0-1749716035193-java.trap.gz (1161 of 2666)
[2026-07-27 12:40:41] Importing ModuleDescriptor$Provides.members#65.0-1749716035193-java.trap.gz (1162 of 2666)
[2026-07-27 12:40:41] Importing ModuleDescriptor$Requires$Modifier.members#65.0-1749716035193-java.trap.gz (1163 of 2666)
[2026-07-27 12:40:41] Importing ModuleDescriptor$Requires.members#65.0-1749716035193-java.trap.gz (1164 of 2666)
[2026-07-27 12:40:41] Importing ModuleDescriptor$Version.members#65.0-1749716035193-java.trap.gz (1165 of 2666)
[2026-07-27 12:40:41] Importing ModuleDescriptor.members#65.0-1749716035193-java.trap.gz (1166 of 2666)
[2026-07-27 12:40:41] Importing ModuleFinder.members#65.0-1749716035193-java.trap.gz (1167 of 2666)
[2026-07-27 12:40:41] Importing ModuleReader.members#65.0-1749716035193-java.trap.gz (1168 of 2666)
[2026-07-27 12:40:41] Importing ModuleReference.members#65.0-1749716035193-java.trap.gz (1169 of 2666)
[2026-07-27 12:40:41] Importing ResolvedModule.members#65.0-1749716035193-java.trap.gz (1170 of 2666)
[2026-07-27 12:40:41] Importing Cleaner$Cleanable.members#65.0-1749716035193-java.trap.gz (1171 of 2666)
[2026-07-27 12:40:41] Importing Cleaner.members#65.0-1749716035193-java.trap.gz (1172 of 2666)
[2026-07-27 12:40:41] Importing FinalReference.members#65.0-1749716035193-java.trap.gz (1173 of 2666)
[2026-07-27 12:40:41] Importing Finalizer.members#65.0-1749716035193-java.trap.gz (1174 of 2666)
[2026-07-27 12:40:41] Importing PhantomReference.members#65.0-1749716035193-java.trap.gz (1175 of 2666)
[2026-07-27 12:40:41] Importing Reference.members#65.0-1749716035193-java.trap.gz (1176 of 2666)
[2026-07-27 12:40:41] Importing ReferenceQueue.members#65.0-1749716035193-java.trap.gz (1177 of 2666)
[2026-07-27 12:40:41] Importing SoftReference.members#65.0-1749716035193-java.trap.gz (1178 of 2666)
[2026-07-27 12:40:41] Importing WeakReference.members#65.0-1749716035193-java.trap.gz (1179 of 2666)
[2026-07-27 12:40:41] Importing AccessFlag$Location.members#65.0-1749716035193-java.trap.gz (1180 of 2666)
[2026-07-27 12:40:41] Importing AccessFlag.members#65.0-1749716035193-java.trap.gz (1181 of 2666)
[2026-07-27 12:40:41] Importing AccessibleObject.members#65.0-1749716035193-java.trap.gz (1182 of 2666)
[2026-07-27 12:40:41] Importing AnnotatedElement.members#65.0-1749716035193-java.trap.gz (1183 of 2666)
[2026-07-27 12:40:41] Importing AnnotatedType.members#65.0-1749716035193-java.trap.gz (1184 of 2666)
[2026-07-27 12:40:41] Importing ClassFileFormatVersion.members#65.0-1749716035193-java.trap.gz (1185 of 2666)
[2026-07-27 12:40:41] Importing Constructor.members#65.0-1749716035193-java.trap.gz (1186 of 2666)
[2026-07-27 12:40:41] Importing Executable.members#65.0-1749716035193-java.trap.gz (1187 of 2666)
[2026-07-27 12:40:41] Importing Field.members#65.0-1749716035193-java.trap.gz (1188 of 2666)
[2026-07-27 12:40:41] Importing GenericArrayType.members#65.0-1749716035193-java.trap.gz (1189 of 2666)
[2026-07-27 12:40:41] Importing GenericDeclaration.members#65.0-1749716035193-java.trap.gz (1190 of 2666)
[2026-07-27 12:40:41] Importing InvocationTargetException.members#65.0-1749716035193-java.trap.gz (1191 of 2666)
[2026-07-27 12:40:41] Importing Member.members#65.0-1749716035193-java.trap.gz (1192 of 2666)
[2026-07-27 12:40:41] Importing Method.members#65.0-1749716035193-java.trap.gz (1193 of 2666)
[2026-07-27 12:40:41] Importing Parameter.members#65.0-1749716035193-java.trap.gz (1194 of 2666)
[2026-07-27 12:40:41] Importing ParameterizedType.members#65.0-1749716035193-java.trap.gz (1195 of 2666)
[2026-07-27 12:40:41] Importing RecordComponent.members#65.0-1749716035193-java.trap.gz (1196 of 2666)
[2026-07-27 12:40:41] Importing Type.members#65.0-1749716035193-java.trap.gz (1197 of 2666)
[2026-07-27 12:40:41] Importing TypeVariable.members#65.0-1749716035193-java.trap.gz (1198 of 2666)
[2026-07-27 12:40:41] Importing WildcardType.members#65.0-1749716035193-java.trap.gz (1199 of 2666)
[2026-07-27 12:40:41] Importing BigDecimal.members#65.0-1749716035193-java.trap.gz (1200 of 2666)
[2026-07-27 12:40:41] Importing BigInteger.members#65.0-1749716035193-java.trap.gz (1201 of 2666)
[2026-07-27 12:40:41] Importing MathContext.members#65.0-1749716035193-java.trap.gz (1202 of 2666)
[2026-07-27 12:40:41] Importing RoundingMode.members#65.0-1749716035193-java.trap.gz (1203 of 2666)
[2026-07-27 12:40:41] Importing ContentHandler.members#65.0-1749716035193-java.trap.gz (1204 of 2666)
[2026-07-27 12:40:41] Importing ContentHandlerFactory.members#65.0-1749716035193-java.trap.gz (1205 of 2666)
[2026-07-27 12:40:41] Importing FileNameMap.members#65.0-1749716035193-java.trap.gz (1206 of 2666)
[2026-07-27 12:40:41] Importing Inet4Address.members#65.0-1749716035193-java.trap.gz (1207 of 2666)
[2026-07-27 12:40:41] Importing Inet4AddressImpl.members#65.0-1749716035193-java.trap.gz (1208 of 2666)
[2026-07-27 12:40:41] Importing Inet6Address.members#65.0-1749716035193-java.trap.gz (1209 of 2666)
[2026-07-27 12:40:41] Importing Inet6AddressImpl.members#65.0-1749716035193-java.trap.gz (1210 of 2666)
[2026-07-27 12:40:41] Importing InetAddress$InetAddressHolder.members#65.0-1749716035193-java.trap.gz (1211 of 2666)
[2026-07-27 12:40:41] Importing InetAddress.members#65.0-1749716035193-java.trap.gz (1212 of 2666)
[2026-07-27 12:40:41] Importing InetAddressImpl.members#65.0-1749716035193-java.trap.gz (1213 of 2666)
[2026-07-27 12:40:41] Importing InetSocketAddress.members#65.0-1749716035193-java.trap.gz (1214 of 2666)
[2026-07-27 12:40:41] Importing InterfaceAddress.members#65.0-1749716035193-java.trap.gz (1215 of 2666)
[2026-07-27 12:40:41] Importing MalformedURLException.members#65.0-1749716035193-java.trap.gz (1216 of 2666)
[2026-07-27 12:40:41] Importing NetworkInterface.members#65.0-1749716035193-java.trap.gz (1217 of 2666)
[2026-07-27 12:40:41] Importing Proxy$Type.members#65.0-1749716035193-java.trap.gz (1218 of 2666)
[2026-07-27 12:40:41] Importing Proxy.members#65.0-1749716035193-java.trap.gz (1219 of 2666)
[2026-07-27 12:40:41] Importing SocketAddress.members#65.0-1749716035193-java.trap.gz (1220 of 2666)
[2026-07-27 12:40:41] Importing SocketException.members#65.0-1749716035193-java.trap.gz (1221 of 2666)
[2026-07-27 12:40:41] Importing URI.members#65.0-1749716035193-java.trap.gz (1222 of 2666)
[2026-07-27 12:40:41] Importing URISyntaxException.members#65.0-1749716035193-java.trap.gz (1223 of 2666)
[2026-07-27 12:40:41] Importing URL.members#65.0-1749716035193-java.trap.gz (1224 of 2666)
[2026-07-27 12:40:41] Importing URLConnection.members#65.0-1749716035193-java.trap.gz (1225 of 2666)
[2026-07-27 12:40:41] Importing URLStreamHandler.members#65.0-1749716035193-java.trap.gz (1226 of 2666)
[2026-07-27 12:40:41] Importing URLStreamHandlerFactory.members#65.0-1749716035193-java.trap.gz (1227 of 2666)
[2026-07-27 12:40:41] Importing UnknownHostException.members#65.0-1749716035193-java.trap.gz (1228 of 2666)
[2026-07-27 12:40:41] Importing InetAddressResolver$LookupPolicy.members#65.0-1749716035193-java.trap.gz (1229 of 2666)
[2026-07-27 12:40:41] Importing InetAddressResolver.members#65.0-1749716035193-java.trap.gz (1230 of 2666)
[2026-07-27 12:40:41] Importing Buffer.members#65.0-1749716035193-java.trap.gz (1231 of 2666)
[2026-07-27 12:40:41] Importing ByteBuffer.members#65.0-1749716035193-java.trap.gz (1232 of 2666)
[2026-07-27 12:40:41] Importing ByteBufferAsCharBufferB.members#65.0-1749716035193-java.trap.gz (1233 of 2666)
[2026-07-27 12:40:41] Importing ByteBufferAsCharBufferL.members#65.0-1749716035193-java.trap.gz (1234 of 2666)
[2026-07-27 12:40:41] Importing ByteBufferAsCharBufferRB.members#65.0-1749716035193-java.trap.gz (1235 of 2666)
[2026-07-27 12:40:41] Importing ByteBufferAsCharBufferRL.members#65.0-1749716035193-java.trap.gz (1236 of 2666)
[2026-07-27 12:40:41] Importing ByteBufferAsDoubleBufferB.members#65.0-1749716035193-java.trap.gz (1237 of 2666)
[2026-07-27 12:40:41] Importing ByteBufferAsDoubleBufferL.members#65.0-1749716035193-java.trap.gz (1238 of 2666)
[2026-07-27 12:40:41] Importing ByteBufferAsDoubleBufferRB.members#65.0-1749716035193-java.trap.gz (1239 of 2666)
[2026-07-27 12:40:41] Importing ByteBufferAsDoubleBufferRL.members#65.0-1749716035193-java.trap.gz (1240 of 2666)
[2026-07-27 12:40:41] Importing ByteBufferAsFloatBufferB.members#65.0-1749716035193-java.trap.gz (1241 of 2666)
[2026-07-27 12:40:41] Importing ByteBufferAsFloatBufferL.members#65.0-1749716035193-java.trap.gz (1242 of 2666)
[2026-07-27 12:40:41] Importing ByteBufferAsFloatBufferRB.members#65.0-1749716035193-java.trap.gz (1243 of 2666)
[2026-07-27 12:40:41] Importing ByteBufferAsFloatBufferRL.members#65.0-1749716035193-java.trap.gz (1244 of 2666)
[2026-07-27 12:40:41] Importing ByteBufferAsIntBufferB.members#65.0-1749716035193-java.trap.gz (1245 of 2666)
[2026-07-27 12:40:41] Importing ByteBufferAsIntBufferL.members#65.0-1749716035193-java.trap.gz (1246 of 2666)
[2026-07-27 12:40:41] Importing ByteBufferAsIntBufferRB.members#65.0-1749716035193-java.trap.gz (1247 of 2666)
[2026-07-27 12:40:41] Importing ByteBufferAsIntBufferRL.members#65.0-1749716035193-java.trap.gz (1248 of 2666)
[2026-07-27 12:40:41] Importing ByteBufferAsLongBufferB.members#65.0-1749716035193-java.trap.gz (1249 of 2666)
[2026-07-27 12:40:41] Importing ByteBufferAsLongBufferL.members#65.0-1749716035193-java.trap.gz (1250 of 2666)
[2026-07-27 12:40:41] Importing ByteBufferAsLongBufferRB.members#65.0-1749716035193-java.trap.gz (1251 of 2666)
[2026-07-27 12:40:41] Importing ByteBufferAsLongBufferRL.members#65.0-1749716035193-java.trap.gz (1252 of 2666)
[2026-07-27 12:40:41] Importing ByteBufferAsShortBufferB.members#65.0-1749716035193-java.trap.gz (1253 of 2666)
[2026-07-27 12:40:41] Importing ByteBufferAsShortBufferL.members#65.0-1749716035193-java.trap.gz (1254 of 2666)
[2026-07-27 12:40:41] Importing ByteBufferAsShortBufferRB.members#65.0-1749716035193-java.trap.gz (1255 of 2666)
[2026-07-27 12:40:41] Importing ByteBufferAsShortBufferRL.members#65.0-1749716035193-java.trap.gz (1256 of 2666)
[2026-07-27 12:40:41] Importing ByteOrder.members#65.0-1749716035193-java.trap.gz (1257 of 2666)
[2026-07-27 12:40:41] Importing CharBuffer.members#65.0-1749716035193-java.trap.gz (1258 of 2666)
[2026-07-27 12:40:41] Importing DirectByteBuffer.members#65.0-1749716035193-java.trap.gz (1259 of 2666)
[2026-07-27 12:40:41] Importing DirectByteBufferR.members#65.0-1749716035193-java.trap.gz (1260 of 2666)
[2026-07-27 12:40:41] Importing DirectCharBufferRS.members#65.0-1749716035193-java.trap.gz (1261 of 2666)
[2026-07-27 12:40:41] Importing DirectCharBufferRU.members#65.0-1749716035193-java.trap.gz (1262 of 2666)
[2026-07-27 12:40:41] Importing DirectCharBufferS.members#65.0-1749716035193-java.trap.gz (1263 of 2666)
[2026-07-27 12:40:41] Importing DirectCharBufferU.members#65.0-1749716035193-java.trap.gz (1264 of 2666)
[2026-07-27 12:40:41] Importing DirectDoubleBufferRS.members#65.0-1749716035193-java.trap.gz (1265 of 2666)
[2026-07-27 12:40:41] Importing DirectDoubleBufferRU.members#65.0-1749716035193-java.trap.gz (1266 of 2666)
[2026-07-27 12:40:41] Importing DirectDoubleBufferS.members#65.0-1749716035193-java.trap.gz (1267 of 2666)
[2026-07-27 12:40:41] Importing DirectDoubleBufferU.members#65.0-1749716035193-java.trap.gz (1268 of 2666)
[2026-07-27 12:40:41] Importing DirectFloatBufferRS.members#65.0-1749716035193-java.trap.gz (1269 of 2666)
[2026-07-27 12:40:41] Importing DirectFloatBufferRU.members#65.0-1749716035193-java.trap.gz (1270 of 2666)
[2026-07-27 12:40:41] Importing DirectFloatBufferS.members#65.0-1749716035193-java.trap.gz (1271 of 2666)
[2026-07-27 12:40:41] Importing DirectFloatBufferU.members#65.0-1749716035193-java.trap.gz (1272 of 2666)
[2026-07-27 12:40:41] Importing DirectIntBufferRS.members#65.0-1749716035193-java.trap.gz (1273 of 2666)
[2026-07-27 12:40:41] Importing DirectIntBufferRU.members#65.0-1749716035193-java.trap.gz (1274 of 2666)
[2026-07-27 12:40:41] Importing DirectIntBufferS.members#65.0-1749716035193-java.trap.gz (1275 of 2666)
[2026-07-27 12:40:41] Importing DirectIntBufferU.members#65.0-1749716035193-java.trap.gz (1276 of 2666)
[2026-07-27 12:40:41] Importing DirectLongBufferRS.members#65.0-1749716035193-java.trap.gz (1277 of 2666)
[2026-07-27 12:40:41] Importing DirectLongBufferRU.members#65.0-1749716035193-java.trap.gz (1278 of 2666)
[2026-07-27 12:40:41] Importing DirectLongBufferS.members#65.0-1749716035193-java.trap.gz (1279 of 2666)
[2026-07-27 12:40:41] Importing DirectLongBufferU.members#65.0-1749716035193-java.trap.gz (1280 of 2666)
[2026-07-27 12:40:41] Importing DirectShortBufferRS.members#65.0-1749716035193-java.trap.gz (1281 of 2666)
[2026-07-27 12:40:41] Importing DirectShortBufferRU.members#65.0-1749716035193-java.trap.gz (1282 of 2666)
[2026-07-27 12:40:41] Importing DirectShortBufferS.members#65.0-1749716035193-java.trap.gz (1283 of 2666)
[2026-07-27 12:40:41] Importing DirectShortBufferU.members#65.0-1749716035193-java.trap.gz (1284 of 2666)
[2026-07-27 12:40:41] Importing DoubleBuffer.members#65.0-1749716035193-java.trap.gz (1285 of 2666)
[2026-07-27 12:40:41] Importing FloatBuffer.members#65.0-1749716035193-java.trap.gz (1286 of 2666)
[2026-07-27 12:40:41] Importing HeapByteBuffer.members#65.0-1749716035193-java.trap.gz (1287 of 2666)
[2026-07-27 12:40:41] Importing HeapByteBufferR.members#65.0-1749716035193-java.trap.gz (1288 of 2666)
[2026-07-27 12:40:41] Importing HeapCharBuffer.members#65.0-1749716035193-java.trap.gz (1289 of 2666)
[2026-07-27 12:40:41] Importing HeapCharBufferR.members#65.0-1749716035193-java.trap.gz (1290 of 2666)
[2026-07-27 12:40:41] Importing HeapDoubleBuffer.members#65.0-1749716035193-java.trap.gz (1291 of 2666)
[2026-07-27 12:40:41] Importing HeapDoubleBufferR.members#65.0-1749716035193-java.trap.gz (1292 of 2666)
[2026-07-27 12:40:41] Importing HeapFloatBuffer.members#65.0-1749716035193-java.trap.gz (1293 of 2666)
[2026-07-27 12:40:41] Importing HeapFloatBufferR.members#65.0-1749716035193-java.trap.gz (1294 of 2666)
[2026-07-27 12:40:41] Importing HeapIntBuffer.members#65.0-1749716035193-java.trap.gz (1295 of 2666)
[2026-07-27 12:40:41] Importing HeapIntBufferR.members#65.0-1749716035193-java.trap.gz (1296 of 2666)
[2026-07-27 12:40:41] Importing HeapLongBuffer.members#65.0-1749716035193-java.trap.gz (1297 of 2666)
[2026-07-27 12:40:41] Importing HeapLongBufferR.members#65.0-1749716035193-java.trap.gz (1298 of 2666)
[2026-07-27 12:40:41] Importing HeapShortBuffer.members#65.0-1749716035193-java.trap.gz (1299 of 2666)
[2026-07-27 12:40:41] Importing HeapShortBufferR.members#65.0-1749716035193-java.trap.gz (1300 of 2666)
[2026-07-27 12:40:41] Importing IntBuffer.members#65.0-1749716035193-java.trap.gz (1301 of 2666)
[2026-07-27 12:40:41] Importing LongBuffer.members#65.0-1749716035193-java.trap.gz (1302 of 2666)
[2026-07-27 12:40:41] Importing MappedByteBuffer.members#65.0-1749716035193-java.trap.gz (1303 of 2666)
[2026-07-27 12:40:41] Importing ShortBuffer.members#65.0-1749716035193-java.trap.gz (1304 of 2666)
[2026-07-27 12:40:41] Importing StringCharBuffer.members#65.0-1749716035193-java.trap.gz (1305 of 2666)
[2026-07-27 12:40:41] Importing AsynchronousChannel.members#65.0-1749716035193-java.trap.gz (1306 of 2666)
[2026-07-27 12:40:41] Importing AsynchronousCloseException.members#65.0-1749716035193-java.trap.gz (1307 of 2666)
[2026-07-27 12:40:41] Importing AsynchronousFileChannel.members#65.0-1749716035193-java.trap.gz (1308 of 2666)
[2026-07-27 12:40:41] Importing ByteChannel.members#65.0-1749716035193-java.trap.gz (1309 of 2666)
[2026-07-27 12:40:41] Importing Channel.members#65.0-1749716035193-java.trap.gz (1310 of 2666)
[2026-07-27 12:40:41] Importing ClosedChannelException.members#65.0-1749716035193-java.trap.gz (1311 of 2666)
[2026-07-27 12:40:41] Importing CompletionHandler.members#65.0-1749716035193-java.trap.gz (1312 of 2666)
[2026-07-27 12:40:41] Importing FileChannel$MapMode.members#65.0-1749716035193-java.trap.gz (1313 of 2666)
[2026-07-27 12:40:41] Importing FileChannel.members#65.0-1749716035193-java.trap.gz (1314 of 2666)
[2026-07-27 12:40:41] Importing FileLock.members#65.0-1749716035193-java.trap.gz (1315 of 2666)
[2026-07-27 12:40:41] Importing GatheringByteChannel.members#65.0-1749716035193-java.trap.gz (1316 of 2666)
[2026-07-27 12:40:41] Importing InterruptibleChannel.members#65.0-1749716035193-java.trap.gz (1317 of 2666)
[2026-07-27 12:40:41] Importing ReadableByteChannel.members#65.0-1749716035193-java.trap.gz (1318 of 2666)
[2026-07-27 12:40:41] Importing ScatteringByteChannel.members#65.0-1749716035193-java.trap.gz (1319 of 2666)
[2026-07-27 12:40:41] Importing SeekableByteChannel.members#65.0-1749716035193-java.trap.gz (1320 of 2666)
[2026-07-27 12:40:41] Importing WritableByteChannel.members#65.0-1749716035193-java.trap.gz (1321 of 2666)
[2026-07-27 12:40:41] Importing AbstractInterruptibleChannel.members#65.0-1749716035193-java.trap.gz (1322 of 2666)
[2026-07-27 12:40:41] Importing CharacterCodingException.members#65.0-1749716035193-java.trap.gz (1323 of 2666)
[2026-07-27 12:40:41] Importing Charset.members#65.0-1749716035193-java.trap.gz (1324 of 2666)
[2026-07-27 12:40:41] Importing CharsetDecoder.members#65.0-1749716035193-java.trap.gz (1325 of 2666)
[2026-07-27 12:40:41] Importing CharsetEncoder.members#65.0-1749716035193-java.trap.gz (1326 of 2666)
[2026-07-27 12:40:41] Importing CoderResult.members#65.0-1749716035193-java.trap.gz (1327 of 2666)
[2026-07-27 12:40:41] Importing CodingErrorAction.members#65.0-1749716035193-java.trap.gz (1328 of 2666)
[2026-07-27 12:40:41] Importing StandardCharsets.members#65.0-1749716035193-java.trap.gz (1329 of 2666)
[2026-07-27 12:40:41] Importing AccessMode.members#65.0-1749716035193-java.trap.gz (1330 of 2666)
[2026-07-27 12:40:41] Importing CopyOption.members#65.0-1749716035193-java.trap.gz (1331 of 2666)
[2026-07-27 12:40:41] Importing DirectoryStream$Filter.members#65.0-1749716035193-java.trap.gz (1332 of 2666)
[2026-07-27 12:40:41] Importing DirectoryStream.members#65.0-1749716035193-java.trap.gz (1333 of 2666)
[2026-07-27 12:40:41] Importing FileStore.members#65.0-1749716035193-java.trap.gz (1334 of 2666)
[2026-07-27 12:40:41] Importing FileSystem.members#65.0-1749716035193-java.trap.gz (1335 of 2666)
[2026-07-27 12:40:41] Importing FileVisitOption.members#65.0-1749716035193-java.trap.gz (1336 of 2666)
[2026-07-27 12:40:41] Importing FileVisitResult.members#65.0-1749716035193-java.trap.gz (1337 of 2666)
[2026-07-27 12:40:41] Importing FileVisitor.members#65.0-1749716035193-java.trap.gz (1338 of 2666)
[2026-07-27 12:40:41] Importing Files.members#65.0-1749716035193-java.trap.gz (1339 of 2666)
[2026-07-27 12:40:41] Importing LinkOption.members#65.0-1749716035193-java.trap.gz (1340 of 2666)
[2026-07-27 12:40:41] Importing OpenOption.members#65.0-1749716035193-java.trap.gz (1341 of 2666)
[2026-07-27 12:40:41] Importing Path.members#65.0-1749716035193-java.trap.gz (1342 of 2666)
[2026-07-27 12:40:41] Importing PathMatcher.members#65.0-1749716035193-java.trap.gz (1343 of 2666)
[2026-07-27 12:40:41] Importing Paths.members#65.0-1749716035193-java.trap.gz (1344 of 2666)
[2026-07-27 12:40:41] Importing WatchEvent$Kind.members#65.0-1749716035193-java.trap.gz (1345 of 2666)
[2026-07-27 12:40:41] Importing WatchEvent$Modifier.members#65.0-1749716035193-java.trap.gz (1346 of 2666)
[2026-07-27 12:40:41] Importing WatchEvent.members#65.0-1749716035193-java.trap.gz (1347 of 2666)
[2026-07-27 12:40:41] Importing WatchKey.members#65.0-1749716035193-java.trap.gz (1348 of 2666)
[2026-07-27 12:40:41] Importing WatchService.members#65.0-1749716035193-java.trap.gz (1349 of 2666)
[2026-07-27 12:40:41] Importing Watchable.members#65.0-1749716035193-java.trap.gz (1350 of 2666)
[2026-07-27 12:40:41] Importing AttributeView.members#65.0-1749716035193-java.trap.gz (1351 of 2666)
[2026-07-27 12:40:41] Importing BasicFileAttributes.members#65.0-1749716035193-java.trap.gz (1352 of 2666)
[2026-07-27 12:40:41] Importing FileAttribute.members#65.0-1749716035193-java.trap.gz (1353 of 2666)
[2026-07-27 12:40:41] Importing FileAttributeView.members#65.0-1749716035193-java.trap.gz (1354 of 2666)
[2026-07-27 12:40:41] Importing FileStoreAttributeView.members#65.0-1749716035193-java.trap.gz (1355 of 2666)
[2026-07-27 12:40:41] Importing FileTime.members#65.0-1749716035193-java.trap.gz (1356 of 2666)
[2026-07-27 12:40:41] Importing GroupPrincipal.members#65.0-1749716035193-java.trap.gz (1357 of 2666)
[2026-07-27 12:40:41] Importing PosixFilePermission.members#65.0-1749716035193-java.trap.gz (1358 of 2666)
[2026-07-27 12:40:41] Importing UserPrincipal.members#65.0-1749716035193-java.trap.gz (1359 of 2666)
[2026-07-27 12:40:41] Importing UserPrincipalLookupService.members#65.0-1749716035193-java.trap.gz (1360 of 2666)
[2026-07-27 12:40:41] Importing FileSystemProvider.members#65.0-1749716035193-java.trap.gz (1361 of 2666)
[2026-07-27 12:40:41] Importing AccessControlContext.members#65.0-1749716035193-java.trap.gz (1362 of 2666)
[2026-07-27 12:40:41] Importing AccessControlException.members#65.0-1749716035193-java.trap.gz (1363 of 2666)
[2026-07-27 12:40:41] Importing AlgorithmParameters.members#65.0-1749716035193-java.trap.gz (1364 of 2666)
[2026-07-27 12:40:41] Importing AlgorithmParametersSpi.members#65.0-1749716035193-java.trap.gz (1365 of 2666)
[2026-07-27 12:40:41] Importing BasicPermission.members#65.0-1749716035193-java.trap.gz (1366 of 2666)
[2026-07-27 12:40:41] Importing CodeSigner.members#65.0-1749716035193-java.trap.gz (1367 of 2666)
[2026-07-27 12:40:41] Importing CodeSource.members#65.0-1749716035193-java.trap.gz (1368 of 2666)
[2026-07-27 12:40:41] Importing DigestException.members#65.0-1749716035193-java.trap.gz (1369 of 2666)
[2026-07-27 12:40:41] Importing DomainCombiner.members#65.0-1749716035193-java.trap.gz (1370 of 2666)
[2026-07-27 12:40:41] Importing GeneralSecurityException.members#65.0-1749716035193-java.trap.gz (1371 of 2666)
[2026-07-27 12:40:41] Importing Guard.members#65.0-1749716035193-java.trap.gz (1372 of 2666)
[2026-07-27 12:40:41] Importing InvalidAlgorithmParameterException.members#65.0-1749716035193-java.trap.gz (1373 of 2666)
[2026-07-27 12:40:41] Importing InvalidKeyException.members#65.0-1749716035193-java.trap.gz (1374 of 2666)
[2026-07-27 12:40:41] Importing Key.members#65.0-1749716035193-java.trap.gz (1375 of 2666)
[2026-07-27 12:40:41] Importing KeyException.members#65.0-1749716035193-java.trap.gz (1376 of 2666)
[2026-07-27 12:40:41] Importing MessageDigest.members#65.0-1749716035193-java.trap.gz (1377 of 2666)
[2026-07-27 12:40:41] Importing MessageDigestSpi.members#65.0-1749716035193-java.trap.gz (1378 of 2666)
[2026-07-27 12:40:41] Importing NoSuchAlgorithmException.members#65.0-1749716035193-java.trap.gz (1379 of 2666)
[2026-07-27 12:40:41] Importing NoSuchProviderException.members#65.0-1749716035193-java.trap.gz (1380 of 2666)
[2026-07-27 12:40:41] Importing Permission.members#65.0-1749716035193-java.trap.gz (1381 of 2666)
[2026-07-27 12:40:41] Importing PermissionCollection.members#65.0-1749716035193-java.trap.gz (1382 of 2666)
[2026-07-27 12:40:41] Importing Principal.members#65.0-1749716035193-java.trap.gz (1383 of 2666)
[2026-07-27 12:40:41] Importing PrivilegedAction.members#65.0-1749716035193-java.trap.gz (1384 of 2666)
[2026-07-27 12:40:41] Importing PrivilegedActionException.members#65.0-1749716035193-java.trap.gz (1385 of 2666)
[2026-07-27 12:40:41] Importing PrivilegedExceptionAction.members#65.0-1749716035193-java.trap.gz (1386 of 2666)
[2026-07-27 12:40:41] Importing ProtectionDomain$Key.members#65.0-1749716035193-java.trap.gz (1387 of 2666)
[2026-07-27 12:40:41] Importing ProtectionDomain.members#65.0-1749716035193-java.trap.gz (1388 of 2666)
[2026-07-27 12:40:41] Importing Provider$Service.members#65.0-1749716035193-java.trap.gz (1389 of 2666)
[2026-07-27 12:40:41] Importing Provider.members#65.0-1749716035193-java.trap.gz (1390 of 2666)
[2026-07-27 12:40:41] Importing PublicKey.members#65.0-1749716035193-java.trap.gz (1391 of 2666)
[2026-07-27 12:40:41] Importing SecureRandom.members#65.0-1749716035193-java.trap.gz (1392 of 2666)
[2026-07-27 12:40:41] Importing SecureRandomParameters.members#65.0-1749716035193-java.trap.gz (1393 of 2666)
[2026-07-27 12:40:41] Importing SecureRandomSpi.members#65.0-1749716035193-java.trap.gz (1394 of 2666)
[2026-07-27 12:40:41] Importing SignatureException.members#65.0-1749716035193-java.trap.gz (1395 of 2666)
[2026-07-27 12:40:41] Importing Timestamp.members#65.0-1749716035193-java.trap.gz (1396 of 2666)
[2026-07-27 12:40:41] Importing CertPath.members#65.0-1749716035193-java.trap.gz (1397 of 2666)
[2026-07-27 12:40:41] Importing Certificate.members#65.0-1749716035193-java.trap.gz (1398 of 2666)
[2026-07-27 12:40:41] Importing CertificateEncodingException.members#65.0-1749716035193-java.trap.gz (1399 of 2666)
[2026-07-27 12:40:41] Importing CertificateException.members#65.0-1749716035193-java.trap.gz (1400 of 2666)
[2026-07-27 12:40:41] Importing AlgorithmParameterSpec.members#65.0-1749716035193-java.trap.gz (1401 of 2666)
[2026-07-27 12:40:41] Importing InvalidParameterSpecException.members#65.0-1749716035193-java.trap.gz (1402 of 2666)
[2026-07-27 12:40:41] Importing KeySpec.members#65.0-1749716035193-java.trap.gz (1403 of 2666)
[2026-07-27 12:40:41] Importing Array.members#65.0-1749716035193-java.trap.gz (1404 of 2666)
[2026-07-27 12:40:41] Importing Blob.members#65.0-1749716035193-java.trap.gz (1405 of 2666)
[2026-07-27 12:40:41] Importing CallableStatement.members#65.0-1749716035193-java.trap.gz (1406 of 2666)
[2026-07-27 12:40:41] Importing ClientInfoStatus.members#65.0-1749716035193-java.trap.gz (1407 of 2666)
[2026-07-27 12:40:41] Importing Clob.members#65.0-1749716035193-java.trap.gz (1408 of 2666)
[2026-07-27 12:40:41] Importing Connection.members#65.0-1749716035193-java.trap.gz (1409 of 2666)
[2026-07-27 12:40:41] Importing ConnectionBuilder.members#65.0-1749716035193-java.trap.gz (1410 of 2666)
[2026-07-27 12:40:41] Importing DatabaseMetaData.members#65.0-1749716035193-java.trap.gz (1411 of 2666)
[2026-07-27 12:40:41] Importing Date.members#65.0-1749716035193-java.trap.gz (1412 of 2666)
[2026-07-27 12:40:41] Importing Driver.members#65.0-1749716035193-java.trap.gz (1413 of 2666)
[2026-07-27 12:40:41] Importing DriverAction.members#65.0-1749716035193-java.trap.gz (1414 of 2666)
[2026-07-27 12:40:41] Importing DriverManager.members#65.0-1749716035193-java.trap.gz (1415 of 2666)
[2026-07-27 12:40:41] Importing DriverPropertyInfo.members#65.0-1749716035193-java.trap.gz (1416 of 2666)
[2026-07-27 12:40:41] Importing NClob.members#65.0-1749716035193-java.trap.gz (1417 of 2666)
[2026-07-27 12:40:41] Importing ParameterMetaData.members#65.0-1749716035193-java.trap.gz (1418 of 2666)
[2026-07-27 12:40:41] Importing PreparedStatement.members#65.0-1749716035193-java.trap.gz (1419 of 2666)
[2026-07-27 12:40:41] Importing Ref.members#65.0-1749716035193-java.trap.gz (1420 of 2666)
[2026-07-27 12:40:41] Importing ResultSet.members#65.0-1749716035193-java.trap.gz (1421 of 2666)
[2026-07-27 12:40:41] Importing ResultSetMetaData.members#65.0-1749716035193-java.trap.gz (1422 of 2666)
[2026-07-27 12:40:41] Importing RowId.members#65.0-1749716035193-java.trap.gz (1423 of 2666)
[2026-07-27 12:40:41] Importing RowIdLifetime.members#65.0-1749716035193-java.trap.gz (1424 of 2666)
[2026-07-27 12:40:41] Importing SQLClientInfoException.members#65.0-1749716035193-java.trap.gz (1425 of 2666)
[2026-07-27 12:40:41] Importing SQLException.members#65.0-1749716035193-java.trap.gz (1426 of 2666)
[2026-07-27 12:40:41] Importing SQLFeatureNotSupportedException.members#65.0-1749716035193-java.trap.gz (1427 of 2666)
[2026-07-27 12:40:41] Importing SQLNonTransientException.members#65.0-1749716035193-java.trap.gz (1428 of 2666)
[2026-07-27 12:40:41] Importing SQLPermission.members#65.0-1749716035193-java.trap.gz (1429 of 2666)
[2026-07-27 12:40:41] Importing SQLType.members#65.0-1749716035193-java.trap.gz (1430 of 2666)
[2026-07-27 12:40:41] Importing SQLWarning.members#65.0-1749716035193-java.trap.gz (1431 of 2666)
[2026-07-27 12:40:41] Importing SQLXML.members#65.0-1749716035193-java.trap.gz (1432 of 2666)
[2026-07-27 12:40:41] Importing Savepoint.members#65.0-1749716035193-java.trap.gz (1433 of 2666)
[2026-07-27 12:40:41] Importing ShardingKey.members#65.0-1749716035193-java.trap.gz (1434 of 2666)
[2026-07-27 12:40:41] Importing ShardingKeyBuilder.members#65.0-1749716035193-java.trap.gz (1435 of 2666)
[2026-07-27 12:40:41] Importing Statement.members#65.0-1749716035193-java.trap.gz (1436 of 2666)
[2026-07-27 12:40:41] Importing Struct.members#65.0-1749716035193-java.trap.gz (1437 of 2666)
[2026-07-27 12:40:41] Importing Time.members#65.0-1749716035193-java.trap.gz (1438 of 2666)
[2026-07-27 12:40:41] Importing Timestamp.members#65.0-1749716035193-java.trap.gz (1439 of 2666)
[2026-07-27 12:40:41] Importing Wrapper.members#65.0-1749716035193-java.trap.gz (1440 of 2666)
[2026-07-27 12:40:41] Importing AttributedCharacterIterator$Attribute.members#65.0-1749716035193-java.trap.gz (1441 of 2666)
[2026-07-27 12:40:41] Importing AttributedCharacterIterator.members#65.0-1749716035193-java.trap.gz (1442 of 2666)
[2026-07-27 12:40:41] Importing CharacterIterator.members#65.0-1749716035193-java.trap.gz (1443 of 2666)
[2026-07-27 12:40:41] Importing DateFormat.members#65.0-1749716035193-java.trap.gz (1444 of 2666)
[2026-07-27 12:40:41] Importing FieldPosition.members#65.0-1749716035193-java.trap.gz (1445 of 2666)
[2026-07-27 12:40:41] Importing Format$Field.members#65.0-1749716035193-java.trap.gz (1446 of 2666)
[2026-07-27 12:40:41] Importing Format$FieldDelegate.members#65.0-1749716035193-java.trap.gz (1447 of 2666)
[2026-07-27 12:40:41] Importing Format.members#65.0-1749716035193-java.trap.gz (1448 of 2666)
[2026-07-27 12:40:41] Importing NumberFormat$Style.members#65.0-1749716035193-java.trap.gz (1449 of 2666)
[2026-07-27 12:40:41] Importing NumberFormat.members#65.0-1749716035193-java.trap.gz (1450 of 2666)
[2026-07-27 12:40:41] Importing ParseException.members#65.0-1749716035193-java.trap.gz (1451 of 2666)
[2026-07-27 12:40:41] Importing ParsePosition.members#65.0-1749716035193-java.trap.gz (1452 of 2666)
[2026-07-27 12:40:41] Importing Clock.members#65.0-1749716035193-java.trap.gz (1453 of 2666)
[2026-07-27 12:40:41] Importing DayOfWeek.members#65.0-1749716035193-java.trap.gz (1454 of 2666)
[2026-07-27 12:40:41] Importing Duration.members#65.0-1749716035193-java.trap.gz (1455 of 2666)
[2026-07-27 12:40:41] Importing Instant.members#65.0-1749716035193-java.trap.gz (1456 of 2666)
[2026-07-27 12:40:41] Importing InstantSource.members#65.0-1749716035193-java.trap.gz (1457 of 2666)
[2026-07-27 12:40:41] Importing LocalDate.members#65.0-1749716035193-java.trap.gz (1458 of 2666)
[2026-07-27 12:40:41] Importing LocalDateTime.members#65.0-1749716035193-java.trap.gz (1459 of 2666)
[2026-07-27 12:40:41] Importing LocalTime.members#65.0-1749716035193-java.trap.gz (1460 of 2666)
[2026-07-27 12:40:41] Importing Month.members#65.0-1749716035193-java.trap.gz (1461 of 2666)
[2026-07-27 12:40:41] Importing OffsetDateTime.members#65.0-1749716035193-java.trap.gz (1462 of 2666)
[2026-07-27 12:40:41] Importing OffsetTime.members#65.0-1749716035193-java.trap.gz (1463 of 2666)
[2026-07-27 12:40:41] Importing Period.members#65.0-1749716035193-java.trap.gz (1464 of 2666)
[2026-07-27 12:40:41] Importing ZoneId.members#65.0-1749716035193-java.trap.gz (1465 of 2666)
[2026-07-27 12:40:41] Importing ZoneOffset.members#65.0-1749716035193-java.trap.gz (1466 of 2666)
[2026-07-27 12:40:41] Importing ZoneRegion.members#65.0-1749716035193-java.trap.gz (1467 of 2666)
[2026-07-27 12:40:41] Importing ZonedDateTime.members#65.0-1749716035193-java.trap.gz (1468 of 2666)
[2026-07-27 12:40:41] Importing AbstractChronology.members#65.0-1749716035193-java.trap.gz (1469 of 2666)
[2026-07-27 12:40:41] Importing ChronoLocalDate.members#65.0-1749716035193-java.trap.gz (1470 of 2666)
[2026-07-27 12:40:41] Importing ChronoLocalDateTime.members#65.0-1749716035193-java.trap.gz (1471 of 2666)
[2026-07-27 12:40:41] Importing ChronoPeriod.members#65.0-1749716035193-java.trap.gz (1472 of 2666)
[2026-07-27 12:40:41] Importing ChronoZonedDateTime.members#65.0-1749716035193-java.trap.gz (1473 of 2666)
[2026-07-27 12:40:41] Importing Chronology.members#65.0-1749716035193-java.trap.gz (1474 of 2666)
[2026-07-27 12:40:41] Importing Era.members#65.0-1749716035193-java.trap.gz (1475 of 2666)
[2026-07-27 12:40:41] Importing IsoChronology.members#65.0-1749716035193-java.trap.gz (1476 of 2666)
[2026-07-27 12:40:41] Importing IsoEra.members#65.0-1749716035193-java.trap.gz (1477 of 2666)
[2026-07-27 12:40:41] Importing DateTimeFormatter.members#65.0-1749716035193-java.trap.gz (1478 of 2666)
[2026-07-27 12:40:41] Importing DateTimeFormatterBuilder$CompositePrinterParser.members#65.0-1749716035193-java.trap.gz (1479 of 2666)
[2026-07-27 12:40:41] Importing DateTimeFormatterBuilder$DateTimePrinterParser.members#65.0-1749716035193-java.trap.gz (1480 of 2666)
[2026-07-27 12:40:41] Importing DateTimeFormatterBuilder$DayPeriod.members#65.0-1749716035193-java.trap.gz (1481 of 2666)
[2026-07-27 12:40:41] Importing DateTimeFormatterBuilder.members#65.0-1749716035193-java.trap.gz (1482 of 2666)
[2026-07-27 12:40:41] Importing DateTimeParseContext.members#65.0-1749716035193-java.trap.gz (1483 of 2666)
[2026-07-27 12:40:41] Importing DateTimePrintContext.members#65.0-1749716035193-java.trap.gz (1484 of 2666)
[2026-07-27 12:40:41] Importing DecimalStyle.members#65.0-1749716035193-java.trap.gz (1485 of 2666)
[2026-07-27 12:40:41] Importing FormatStyle.members#65.0-1749716035193-java.trap.gz (1486 of 2666)
[2026-07-27 12:40:41] Importing Parsed.members#65.0-1749716035193-java.trap.gz (1487 of 2666)
[2026-07-27 12:40:41] Importing ResolverStyle.members#65.0-1749716035193-java.trap.gz (1488 of 2666)
[2026-07-27 12:40:41] Importing SignStyle.members#65.0-1749716035193-java.trap.gz (1489 of 2666)
[2026-07-27 12:40:41] Importing TextStyle.members#65.0-1749716035193-java.trap.gz (1490 of 2666)
[2026-07-27 12:40:41] Importing ChronoField.members#65.0-1749716035193-java.trap.gz (1491 of 2666)
[2026-07-27 12:40:41] Importing ChronoUnit.members#65.0-1749716035193-java.trap.gz (1492 of 2666)
[2026-07-27 12:40:41] Importing Temporal.members#65.0-1749716035193-java.trap.gz (1493 of 2666)
[2026-07-27 12:40:41] Importing TemporalAccessor.members#65.0-1749716035193-java.trap.gz (1494 of 2666)
[2026-07-27 12:40:41] Importing TemporalAdjuster.members#65.0-1749716035193-java.trap.gz (1495 of 2666)
[2026-07-27 12:40:41] Importing TemporalAmount.members#65.0-1749716035193-java.trap.gz (1496 of 2666)
[2026-07-27 12:40:41] Importing TemporalField.members#65.0-1749716035193-java.trap.gz (1497 of 2666)
[2026-07-27 12:40:41] Importing TemporalQuery.members#65.0-1749716035193-java.trap.gz (1498 of 2666)
[2026-07-27 12:40:41] Importing TemporalUnit.members#65.0-1749716035193-java.trap.gz (1499 of 2666)
[2026-07-27 12:40:41] Importing ValueRange.members#65.0-1749716035193-java.trap.gz (1500 of 2666)
[2026-07-27 12:40:41] Importing ZoneOffsetTransition.members#65.0-1749716035193-java.trap.gz (1501 of 2666)
[2026-07-27 12:40:41] Importing ZoneOffsetTransitionRule$TimeDefinition.members#65.0-1749716035193-java.trap.gz (1502 of 2666)
[2026-07-27 12:40:41] Importing ZoneOffsetTransitionRule.members#65.0-1749716035193-java.trap.gz (1503 of 2666)
[2026-07-27 12:40:41] Importing ZoneRules.members#65.0-1749716035193-java.trap.gz (1504 of 2666)
[2026-07-27 12:40:41] Importing AbstractCollection.members#65.0-1749716035193-java.trap.gz (1505 of 2666)
[2026-07-27 12:40:41] Importing AbstractList.members#65.0-1749716035193-java.trap.gz (1506 of 2666)
[2026-07-27 12:40:41] Importing AbstractMap.members#65.0-1749716035193-java.trap.gz (1507 of 2666)
[2026-07-27 12:40:41] Importing AbstractQueue.members#65.0-1749716035193-java.trap.gz (1508 of 2666)
[2026-07-27 12:40:41] Importing AbstractSequentialList.members#65.0-1749716035193-java.trap.gz (1509 of 2666)
[2026-07-27 12:40:41] Importing AbstractSet.members#65.0-1749716035193-java.trap.gz (1510 of 2666)
[2026-07-27 12:40:41] Importing ArrayList.members#65.0-1749716035193-java.trap.gz (1511 of 2666)
[2026-07-27 12:40:41] Importing Arrays.members#65.0-1749716035193-java.trap.gz (1512 of 2666)
[2026-07-27 12:40:41] Importing Base64$Decoder.members#65.0-1749716035193-java.trap.gz (1513 of 2666)
[2026-07-27 12:40:41] Importing Base64$Encoder.members#65.0-1749716035193-java.trap.gz (1514 of 2666)
[2026-07-27 12:40:41] Importing Base64.members#65.0-1749716035193-java.trap.gz (1515 of 2666)
[2026-07-27 12:40:41] Importing BitSet.members#65.0-1749716035193-java.trap.gz (1516 of 2666)
[2026-07-27 12:40:41] Importing Calendar.members#65.0-1749716035193-java.trap.gz (1517 of 2666)
[2026-07-27 12:40:41] Importing Collection.members#65.0-1749716035193-java.trap.gz (1518 of 2666)
[2026-07-27 12:40:41] Importing Collections.members#65.0-1749716035193-java.trap.gz (1519 of 2666)
[2026-07-27 12:40:41] Importing Comparator.members#65.0-1749716035193-java.trap.gz (1520 of 2666)
[2026-07-27 12:40:41] Importing Currency$OtherCurrencyEntry.members#65.0-1749716035193-java.trap.gz (1521 of 2666)
[2026-07-27 12:40:41] Importing Currency$SpecialCaseEntry.members#65.0-1749716035193-java.trap.gz (1522 of 2666)
[2026-07-27 12:40:41] Importing Currency.members#65.0-1749716035193-java.trap.gz (1523 of 2666)
[2026-07-27 12:40:41] Importing Date.members#65.0-1749716035193-java.trap.gz (1524 of 2666)
[2026-07-27 12:40:41] Importing Deque.members#65.0-1749716035193-java.trap.gz (1525 of 2666)
[2026-07-27 12:40:41] Importing Dictionary.members#65.0-1749716035193-java.trap.gz (1526 of 2666)
[2026-07-27 12:40:41] Importing DoubleSummaryStatistics.members#65.0-1749716035193-java.trap.gz (1527 of 2666)
[2026-07-27 12:40:41] Importing EmptyStackException.members#65.0-1749716035193-java.trap.gz (1528 of 2666)
[2026-07-27 12:40:41] Importing EnumSet.members#65.0-1749716035193-java.trap.gz (1529 of 2666)
[2026-07-27 12:40:41] Importing Enumeration.members#65.0-1749716035193-java.trap.gz (1530 of 2666)
[2026-07-27 12:40:41] Importing EventListener.members#65.0-1749716035193-java.trap.gz (1531 of 2666)
[2026-07-27 12:40:41] Importing EventObject.members#65.0-1749716035193-java.trap.gz (1532 of 2666)
[2026-07-27 12:40:41] Importing HashMap$Node.members#65.0-1749716035193-java.trap.gz (1533 of 2666)
[2026-07-27 12:40:41] Importing HashMap$TreeNode.members#65.0-1749716035193-java.trap.gz (1534 of 2666)
[2026-07-27 12:40:41] Importing HashMap.members#65.0-1749716035193-java.trap.gz (1535 of 2666)
[2026-07-27 12:40:41] Importing HashSet.members#65.0-1749716035193-java.trap.gz (1536 of 2666)
[2026-07-27 12:40:41] Importing Hashtable.members#65.0-1749716035193-java.trap.gz (1537 of 2666)
[2026-07-27 12:40:41] Importing IntSummaryStatistics.members#65.0-1749716035193-java.trap.gz (1538 of 2666)
[2026-07-27 12:40:41] Importing InvalidPropertiesFormatException.members#65.0-1749716035193-java.trap.gz (1539 of 2666)
[2026-07-27 12:40:41] Importing Iterator.members#65.0-1749716035193-java.trap.gz (1540 of 2666)
[2026-07-27 12:40:41] Importing JumboEnumSet.members#65.0-1749716035193-java.trap.gz (1541 of 2666)
[2026-07-27 12:40:41] Importing LinkedHashMap$Entry.members#65.0-1749716035193-java.trap.gz (1542 of 2666)
[2026-07-27 12:40:41] Importing LinkedHashMap.members#65.0-1749716035193-java.trap.gz (1543 of 2666)
[2026-07-27 12:40:41] Importing LinkedHashSet.members#65.0-1749716035193-java.trap.gz (1544 of 2666)
[2026-07-27 12:40:41] Importing LinkedList$Node.members#65.0-1749716035193-java.trap.gz (1545 of 2666)
[2026-07-27 12:40:41] Importing LinkedList.members#65.0-1749716035193-java.trap.gz (1546 of 2666)
[2026-07-27 12:40:41] Importing List.members#65.0-1749716035193-java.trap.gz (1547 of 2666)
[2026-07-27 12:40:41] Importing ListIterator.members#65.0-1749716035193-java.trap.gz (1548 of 2666)
[2026-07-27 12:40:41] Importing Locale$Category.members#65.0-1749716035193-java.trap.gz (1549 of 2666)
[2026-07-27 12:40:41] Importing Locale$FilteringMode.members#65.0-1749716035193-java.trap.gz (1550 of 2666)
[2026-07-27 12:40:41] Importing Locale$IsoCountryCode.members#65.0-1749716035193-java.trap.gz (1551 of 2666)
[2026-07-27 12:40:41] Importing Locale$LanguageRange.members#65.0-1749716035193-java.trap.gz (1552 of 2666)
[2026-07-27 12:40:41] Importing Locale.members#65.0-1749716035193-java.trap.gz (1553 of 2666)
[2026-07-27 12:40:41] Importing LongSummaryStatistics.members#65.0-1749716035193-java.trap.gz (1554 of 2666)
[2026-07-27 12:40:41] Importing Map$Entry.members#65.0-1749716035193-java.trap.gz (1555 of 2666)
[2026-07-27 12:40:41] Importing Map.members#65.0-1749716035193-java.trap.gz (1556 of 2666)
[2026-07-27 12:40:41] Importing MissingResourceException.members#65.0-1749716035193-java.trap.gz (1557 of 2666)
[2026-07-27 12:40:41] Importing NavigableMap.members#65.0-1749716035193-java.trap.gz (1558 of 2666)
[2026-07-27 12:40:41] Importing NavigableSet.members#65.0-1749716035193-java.trap.gz (1559 of 2666)
[2026-07-27 12:40:41] Importing NoSuchElementException.members#65.0-1749716035193-java.trap.gz (1560 of 2666)
[2026-07-27 12:40:41] Importing Optional.members#65.0-1749716035193-java.trap.gz (1561 of 2666)
[2026-07-27 12:40:41] Importing OptionalDouble.members#65.0-1749716035193-java.trap.gz (1562 of 2666)
[2026-07-27 12:40:41] Importing OptionalInt.members#65.0-1749716035193-java.trap.gz (1563 of 2666)
[2026-07-27 12:40:41] Importing OptionalLong.members#65.0-1749716035193-java.trap.gz (1564 of 2666)
[2026-07-27 12:40:41] Importing PrimitiveIterator$OfDouble.members#65.0-1749716035193-java.trap.gz (1565 of 2666)
[2026-07-27 12:40:41] Importing PrimitiveIterator$OfInt.members#65.0-1749716035193-java.trap.gz (1566 of 2666)
[2026-07-27 12:40:41] Importing PrimitiveIterator$OfLong.members#65.0-1749716035193-java.trap.gz (1567 of 2666)
[2026-07-27 12:40:41] Importing PrimitiveIterator.members#65.0-1749716035193-java.trap.gz (1568 of 2666)
[2026-07-27 12:40:41] Importing Properties.members#65.0-1749716035193-java.trap.gz (1569 of 2666)
[2026-07-27 12:40:41] Importing Queue.members#65.0-1749716035193-java.trap.gz (1570 of 2666)
[2026-07-27 12:40:41] Importing Random.members#65.0-1749716035193-java.trap.gz (1571 of 2666)
[2026-07-27 12:40:41] Importing RandomAccess.members#65.0-1749716035193-java.trap.gz (1572 of 2666)
[2026-07-27 12:40:41] Importing RegularEnumSet.members#65.0-1749716035193-java.trap.gz (1573 of 2666)
[2026-07-27 12:40:41] Importing ResourceBundle$Control.members#65.0-1749716035193-java.trap.gz (1574 of 2666)
[2026-07-27 12:40:41] Importing ResourceBundle.members#65.0-1749716035193-java.trap.gz (1575 of 2666)
[2026-07-27 12:40:41] Importing SequencedCollection.members#65.0-1749716035193-java.trap.gz (1576 of 2666)
[2026-07-27 12:40:41] Importing SequencedMap.members#65.0-1749716035193-java.trap.gz (1577 of 2666)
[2026-07-27 12:40:41] Importing SequencedSet.members#65.0-1749716035193-java.trap.gz (1578 of 2666)
[2026-07-27 12:40:41] Importing Set.members#65.0-1749716035193-java.trap.gz (1579 of 2666)
[2026-07-27 12:40:41] Importing SortedMap.members#65.0-1749716035193-java.trap.gz (1580 of 2666)
[2026-07-27 12:40:41] Importing SortedSet.members#65.0-1749716035193-java.trap.gz (1581 of 2666)
[2026-07-27 12:40:41] Importing Spliterator$OfDouble.members#65.0-1749716035193-java.trap.gz (1582 of 2666)
[2026-07-27 12:40:41] Importing Spliterator$OfInt.members#65.0-1749716035193-java.trap.gz (1583 of 2666)
[2026-07-27 12:40:41] Importing Spliterator$OfLong.members#65.0-1749716035193-java.trap.gz (1584 of 2666)
[2026-07-27 12:40:41] Importing Spliterator$OfPrimitive.members#65.0-1749716035193-java.trap.gz (1585 of 2666)
[2026-07-27 12:40:41] Importing Spliterator.members#65.0-1749716035193-java.trap.gz (1586 of 2666)
[2026-07-27 12:40:41] Importing StringTokenizer.members#65.0-1749716035193-java.trap.gz (1587 of 2666)
[2026-07-27 12:40:41] Importing TimeZone.members#65.0-1749716035193-java.trap.gz (1588 of 2666)
[2026-07-27 12:40:41] Importing TooManyListenersException.members#65.0-1749716035193-java.trap.gz (1589 of 2666)
[2026-07-27 12:40:41] Importing TreeMap$Entry.members#65.0-1749716035193-java.trap.gz (1590 of 2666)
[2026-07-27 12:40:41] Importing TreeMap.members#65.0-1749716035193-java.trap.gz (1591 of 2666)
[2026-07-27 12:40:41] Importing UUID.members#65.0-1749716035193-java.trap.gz (1592 of 2666)
[2026-07-27 12:40:41] Importing Vector.members#65.0-1749716035193-java.trap.gz (1593 of 2666)
[2026-07-27 12:40:41] Importing WeakHashMap$Entry.members#65.0-1749716035193-java.trap.gz (1594 of 2666)
[2026-07-27 12:40:41] Importing WeakHashMap.members#65.0-1749716035193-java.trap.gz (1595 of 2666)
[2026-07-27 12:40:41] Importing AbstractExecutorService.members#65.0-1749716035193-java.trap.gz (1596 of 2666)
[2026-07-27 12:40:41] Importing BlockingQueue.members#65.0-1749716035193-java.trap.gz (1597 of 2666)
[2026-07-27 12:40:41] Importing Callable.members#65.0-1749716035193-java.trap.gz (1598 of 2666)
[2026-07-27 12:40:41] Importing CompletableFuture$AltResult.members#65.0-1749716035193-java.trap.gz (1599 of 2666)
[2026-07-27 12:40:41] Importing CompletableFuture$AsynchronousCompletionTask.members#65.0-1749716035193-java.trap.gz (1600 of 2666)
[2026-07-27 12:40:41] Importing CompletableFuture$BiAccept.members#65.0-1749716035193-java.trap.gz (1601 of 2666)
[2026-07-27 12:40:41] Importing CompletableFuture$BiApply.members#65.0-1749716035193-java.trap.gz (1602 of 2666)
[2026-07-27 12:40:41] Importing CompletableFuture$BiCompletion.members#65.0-1749716035193-java.trap.gz (1603 of 2666)
[2026-07-27 12:40:41] Importing CompletableFuture$BiRun.members#65.0-1749716035193-java.trap.gz (1604 of 2666)
[2026-07-27 12:40:41] Importing CompletableFuture$Completion.members#65.0-1749716035193-java.trap.gz (1605 of 2666)
[2026-07-27 12:40:41] Importing CompletableFuture$UniCompletion.members#65.0-1749716035193-java.trap.gz (1606 of 2666)
[2026-07-27 12:40:41] Importing CompletableFuture$UniExceptionally.members#65.0-1749716035193-java.trap.gz (1607 of 2666)
[2026-07-27 12:40:42] Importing CompletableFuture$UniHandle.members#65.0-1749716035193-java.trap.gz (1608 of 2666)
[2026-07-27 12:40:42] Importing CompletableFuture$UniWhenComplete.members#65.0-1749716035193-java.trap.gz (1609 of 2666)
[2026-07-27 12:40:42] Importing CompletableFuture.members#65.0-1749716035193-java.trap.gz (1610 of 2666)
[2026-07-27 12:40:42] Importing CompletionException.members#65.0-1749716035193-java.trap.gz (1611 of 2666)
[2026-07-27 12:40:42] Importing CompletionStage.members#65.0-1749716035193-java.trap.gz (1612 of 2666)
[2026-07-27 12:40:42] Importing ConcurrentHashMap$CollectionView.members#65.0-1749716035193-java.trap.gz (1613 of 2666)
[2026-07-27 12:40:42] Importing ConcurrentHashMap$EntrySetView.members#65.0-1749716035193-java.trap.gz (1614 of 2666)
[2026-07-27 12:40:42] Importing ConcurrentHashMap$KeySetView.members#65.0-1749716035193-java.trap.gz (1615 of 2666)
[2026-07-27 12:40:42] Importing ConcurrentHashMap$Node.members#65.0-1749716035193-java.trap.gz (1616 of 2666)
[2026-07-27 12:40:42] Importing ConcurrentHashMap$ValuesView.members#65.0-1749716035193-java.trap.gz (1617 of 2666)
[2026-07-27 12:40:42] Importing ConcurrentHashMap.members#65.0-1749716035193-java.trap.gz (1618 of 2666)
[2026-07-27 12:40:42] Importing ConcurrentMap.members#65.0-1749716035193-java.trap.gz (1619 of 2666)
[2026-07-27 12:40:42] Importing ExecutionException.members#65.0-1749716035193-java.trap.gz (1620 of 2666)
[2026-07-27 12:40:42] Importing Executor.members#65.0-1749716035193-java.trap.gz (1621 of 2666)
[2026-07-27 12:40:42] Importing ExecutorService.members#65.0-1749716035193-java.trap.gz (1622 of 2666)
[2026-07-27 12:40:42] Importing ForkJoinPool$ForkJoinWorkerThreadFactory.members#65.0-1749716035193-java.trap.gz (1623 of 2666)
[2026-07-27 12:40:42] Importing ForkJoinPool$ManagedBlocker.members#65.0-1749716035193-java.trap.gz (1624 of 2666)
[2026-07-27 12:40:42] Importing ForkJoinPool$WorkQueue.members#65.0-1749716035193-java.trap.gz (1625 of 2666)
[2026-07-27 12:40:42] Importing ForkJoinPool.members#65.0-1749716035193-java.trap.gz (1626 of 2666)
[2026-07-27 12:40:42] Importing ForkJoinTask.members#65.0-1749716035193-java.trap.gz (1627 of 2666)
[2026-07-27 12:40:42] Importing ForkJoinWorkerThread.members#65.0-1749716035193-java.trap.gz (1628 of 2666)
[2026-07-27 12:40:42] Importing Future$State.members#65.0-1749716035193-java.trap.gz (1629 of 2666)
[2026-07-27 12:40:42] Importing Future.members#65.0-1749716035193-java.trap.gz (1630 of 2666)
[2026-07-27 12:40:42] Importing LinkedBlockingQueue$Node.members#65.0-1749716035193-java.trap.gz (1631 of 2666)
[2026-07-27 12:40:42] Importing LinkedBlockingQueue.members#65.0-1749716035193-java.trap.gz (1632 of 2666)
[2026-07-27 12:40:42] Importing RunnableFuture.members#65.0-1749716035193-java.trap.gz (1633 of 2666)
[2026-07-27 12:40:42] Importing ThreadFactory.members#65.0-1749716035193-java.trap.gz (1634 of 2666)
[2026-07-27 12:40:42] Importing TimeUnit.members#65.0-1749716035193-java.trap.gz (1635 of 2666)
[2026-07-27 12:40:42] Importing TimeoutException.members#65.0-1749716035193-java.trap.gz (1636 of 2666)
[2026-07-27 12:40:42] Importing AtomicLong.members#65.0-1749716035193-java.trap.gz (1637 of 2666)
[2026-07-27 12:40:42] Importing AtomicLongArray.members#65.0-1749716035193-java.trap.gz (1638 of 2666)
[2026-07-27 12:40:42] Importing AtomicReference.members#65.0-1749716035193-java.trap.gz (1639 of 2666)
[2026-07-27 12:40:42] Importing AtomicReferenceArray.members#65.0-1749716035193-java.trap.gz (1640 of 2666)
[2026-07-27 12:40:42] Importing Condition.members#65.0-1749716035193-java.trap.gz (1641 of 2666)
[2026-07-27 12:40:42] Importing Lock.members#65.0-1749716035193-java.trap.gz (1642 of 2666)
[2026-07-27 12:40:42] Importing ReentrantLock.members#65.0-1749716035193-java.trap.gz (1643 of 2666)
[2026-07-27 12:40:42] Importing BiConsumer.members#65.0-1749716035193-java.trap.gz (1644 of 2666)
[2026-07-27 12:40:42] Importing BiFunction.members#65.0-1749716035193-java.trap.gz (1645 of 2666)
[2026-07-27 12:40:42] Importing BiPredicate.members#65.0-1749716035193-java.trap.gz (1646 of 2666)
[2026-07-27 12:40:42] Importing BinaryOperator.members#65.0-1749716035193-java.trap.gz (1647 of 2666)
[2026-07-27 12:40:42] Importing BooleanSupplier.members#65.0-1749716035193-java.trap.gz (1648 of 2666)
[2026-07-27 12:40:42] Importing Consumer.members#65.0-1749716035193-java.trap.gz (1649 of 2666)
[2026-07-27 12:40:42] Importing DoubleBinaryOperator.members#65.0-1749716035193-java.trap.gz (1650 of 2666)
[2026-07-27 12:40:42] Importing DoubleConsumer.members#65.0-1749716035193-java.trap.gz (1651 of 2666)
[2026-07-27 12:40:42] Importing DoubleFunction.members#65.0-1749716035193-java.trap.gz (1652 of 2666)
[2026-07-27 12:40:42] Importing DoublePredicate.members#65.0-1749716035193-java.trap.gz (1653 of 2666)
[2026-07-27 12:40:42] Importing DoubleSupplier.members#65.0-1749716035193-java.trap.gz (1654 of 2666)
[2026-07-27 12:40:42] Importing DoubleToIntFunction.members#65.0-1749716035193-java.trap.gz (1655 of 2666)
[2026-07-27 12:40:42] Importing DoubleToLongFunction.members#65.0-1749716035193-java.trap.gz (1656 of 2666)
[2026-07-27 12:40:42] Importing DoubleUnaryOperator.members#65.0-1749716035193-java.trap.gz (1657 of 2666)
[2026-07-27 12:40:42] Importing Function.members#65.0-1749716035193-java.trap.gz (1658 of 2666)
[2026-07-27 12:40:42] Importing IntBinaryOperator.members#65.0-1749716035193-java.trap.gz (1659 of 2666)
[2026-07-27 12:40:42] Importing IntConsumer.members#65.0-1749716035193-java.trap.gz (1660 of 2666)
[2026-07-27 12:40:42] Importing IntFunction.members#65.0-1749716035193-java.trap.gz (1661 of 2666)
[2026-07-27 12:40:42] Importing IntPredicate.members#65.0-1749716035193-java.trap.gz (1662 of 2666)
[2026-07-27 12:40:42] Importing IntSupplier.members#65.0-1749716035193-java.trap.gz (1663 of 2666)
[2026-07-27 12:40:42] Importing IntToDoubleFunction.members#65.0-1749716035193-java.trap.gz (1664 of 2666)
[2026-07-27 12:40:42] Importing IntToLongFunction.members#65.0-1749716035193-java.trap.gz (1665 of 2666)
[2026-07-27 12:40:42] Importing IntUnaryOperator.members#65.0-1749716035193-java.trap.gz (1666 of 2666)
[2026-07-27 12:40:42] Importing LongBinaryOperator.members#65.0-1749716035193-java.trap.gz (1667 of 2666)
[2026-07-27 12:40:42] Importing LongConsumer.members#65.0-1749716035193-java.trap.gz (1668 of 2666)
[2026-07-27 12:40:42] Importing LongFunction.members#65.0-1749716035193-java.trap.gz (1669 of 2666)
[2026-07-27 12:40:42] Importing LongPredicate.members#65.0-1749716035193-java.trap.gz (1670 of 2666)
[2026-07-27 12:40:42] Importing LongSupplier.members#65.0-1749716035193-java.trap.gz (1671 of 2666)
[2026-07-27 12:40:42] Importing LongToDoubleFunction.members#65.0-1749716035193-java.trap.gz (1672 of 2666)
[2026-07-27 12:40:42] Importing LongToIntFunction.members#65.0-1749716035193-java.trap.gz (1673 of 2666)
[2026-07-27 12:40:42] Importing LongUnaryOperator.members#65.0-1749716035193-java.trap.gz (1674 of 2666)
[2026-07-27 12:40:42] Importing ObjDoubleConsumer.members#65.0-1749716035193-java.trap.gz (1675 of 2666)
[2026-07-27 12:40:42] Importing ObjIntConsumer.members#65.0-1749716035193-java.trap.gz (1676 of 2666)
[2026-07-27 12:40:42] Importing ObjLongConsumer.members#65.0-1749716035193-java.trap.gz (1677 of 2666)
[2026-07-27 12:40:42] Importing Predicate.members#65.0-1749716035193-java.trap.gz (1678 of 2666)
[2026-07-27 12:40:42] Importing Supplier.members#65.0-1749716035193-java.trap.gz (1679 of 2666)
[2026-07-27 12:40:42] Importing ToDoubleBiFunction.members#65.0-1749716035193-java.trap.gz (1680 of 2666)
[2026-07-27 12:40:42] Importing ToDoubleFunction.members#65.0-1749716035193-java.trap.gz (1681 of 2666)
[2026-07-27 12:40:42] Importing ToIntBiFunction.members#65.0-1749716035193-java.trap.gz (1682 of 2666)
[2026-07-27 12:40:42] Importing ToIntFunction.members#65.0-1749716035193-java.trap.gz (1683 of 2666)
[2026-07-27 12:40:42] Importing ToLongBiFunction.members#65.0-1749716035193-java.trap.gz (1684 of 2666)
[2026-07-27 12:40:42] Importing ToLongFunction.members#65.0-1749716035193-java.trap.gz (1685 of 2666)
[2026-07-27 12:40:42] Importing UnaryOperator.members#65.0-1749716035193-java.trap.gz (1686 of 2666)
[2026-07-27 12:40:42] Importing ErrorManager.members#65.0-1749716035193-java.trap.gz (1687 of 2666)
[2026-07-27 12:40:42] Importing Filter.members#65.0-1749716035193-java.trap.gz (1688 of 2666)
[2026-07-27 12:40:42] Importing Formatter.members#65.0-1749716035193-java.trap.gz (1689 of 2666)
[2026-07-27 12:40:42] Importing Handler.members#65.0-1749716035193-java.trap.gz (1690 of 2666)
[2026-07-27 12:40:42] Importing Level.members#65.0-1749716035193-java.trap.gz (1691 of 2666)
[2026-07-27 12:40:42] Importing LogManager$LogNode.members#65.0-1749716035193-java.trap.gz (1692 of 2666)
[2026-07-27 12:40:42] Importing LogManager$LoggerContext.members#65.0-1749716035193-java.trap.gz (1693 of 2666)
[2026-07-27 12:40:42] Importing LogManager$LoggerWeakRef.members#65.0-1749716035193-java.trap.gz (1694 of 2666)
[2026-07-27 12:40:42] Importing LogManager.members#65.0-1749716035193-java.trap.gz (1695 of 2666)
[2026-07-27 12:40:42] Importing LogRecord.members#65.0-1749716035193-java.trap.gz (1696 of 2666)
[2026-07-27 12:40:42] Importing Logger.members#65.0-1749716035193-java.trap.gz (1697 of 2666)
[2026-07-27 12:40:42] Importing LoggingMXBean.members#65.0-1749716035193-java.trap.gz (1698 of 2666)
[2026-07-27 12:40:42] Importing RandomGenerator.members#65.0-1749716035193-java.trap.gz (1699 of 2666)
[2026-07-27 12:40:42] Importing IntHashSet.members#65.0-1749716035193-java.trap.gz (1700 of 2666)
[2026-07-27 12:40:42] Importing MatchResult.members#65.0-1749716035193-java.trap.gz (1701 of 2666)
[2026-07-27 12:40:42] Importing Matcher.members#65.0-1749716035193-java.trap.gz (1702 of 2666)
[2026-07-27 12:40:42] Importing Pattern$BmpCharPredicate.members#65.0-1749716035193-java.trap.gz (1703 of 2666)
[2026-07-27 12:40:42] Importing Pattern$CharPredicate.members#65.0-1749716035193-java.trap.gz (1704 of 2666)
[2026-07-27 12:40:42] Importing Pattern$GroupHead.members#65.0-1749716035193-java.trap.gz (1705 of 2666)
[2026-07-27 12:40:42] Importing Pattern$GroupTail.members#65.0-1749716035193-java.trap.gz (1706 of 2666)
[2026-07-27 12:40:42] Importing Pattern$Node.members#65.0-1749716035193-java.trap.gz (1707 of 2666)
[2026-07-27 12:40:42] Importing Pattern$TreeInfo.members#65.0-1749716035193-java.trap.gz (1708 of 2666)
[2026-07-27 12:40:42] Importing Pattern.members#65.0-1749716035193-java.trap.gz (1709 of 2666)
[2026-07-27 12:40:42] Importing BaseStream.members#65.0-1749716035193-java.trap.gz (1710 of 2666)
[2026-07-27 12:40:42] Importing Collector$Characteristics.members#65.0-1749716035193-java.trap.gz (1711 of 2666)
[2026-07-27 12:40:42] Importing Collector.members#65.0-1749716035193-java.trap.gz (1712 of 2666)
[2026-07-27 12:40:42] Importing Collectors.members#65.0-1749716035193-java.trap.gz (1713 of 2666)
[2026-07-27 12:40:42] Importing DoubleStream$Builder.members#65.0-1749716035193-java.trap.gz (1714 of 2666)
[2026-07-27 12:40:42] Importing DoubleStream$DoubleMapMultiConsumer.members#65.0-1749716035193-java.trap.gz (1715 of 2666)
[2026-07-27 12:40:42] Importing DoubleStream.members#65.0-1749716035193-java.trap.gz (1716 of 2666)
[2026-07-27 12:40:42] Importing IntStream$Builder.members#65.0-1749716035193-java.trap.gz (1717 of 2666)
[2026-07-27 12:40:42] Importing IntStream$IntMapMultiConsumer.members#65.0-1749716035193-java.trap.gz (1718 of 2666)
[2026-07-27 12:40:42] Importing IntStream.members#65.0-1749716035193-java.trap.gz (1719 of 2666)
[2026-07-27 12:40:42] Importing LongStream$Builder.members#65.0-1749716035193-java.trap.gz (1720 of 2666)
[2026-07-27 12:40:42] Importing LongStream$LongMapMultiConsumer.members#65.0-1749716035193-java.trap.gz (1721 of 2666)
[2026-07-27 12:40:42] Importing LongStream.members#65.0-1749716035193-java.trap.gz (1722 of 2666)
[2026-07-27 12:40:42] Importing Stream$Builder.members#65.0-1749716035193-java.trap.gz (1723 of 2666)
[2026-07-27 12:40:42] Importing Stream.members#65.0-1749716035193-java.trap.gz (1724 of 2666)
[2026-07-27 12:40:42] Importing Accessible.members#65.0-1749716035193-java.trap.gz (1725 of 2666)
[2026-07-27 12:40:42] Importing AccessibleAction.members#65.0-1749716035193-java.trap.gz (1726 of 2666)
[2026-07-27 12:40:42] Importing AccessibleBundle.members#65.0-1749716035193-java.trap.gz (1727 of 2666)
[2026-07-27 12:40:42] Importing AccessibleComponent.members#65.0-1749716035193-java.trap.gz (1728 of 2666)
[2026-07-27 12:40:42] Importing AccessibleContext.members#65.0-1749716035193-java.trap.gz (1729 of 2666)
[2026-07-27 12:40:42] Importing AccessibleEditableText.members#65.0-1749716035193-java.trap.gz (1730 of 2666)
[2026-07-27 12:40:42] Importing AccessibleIcon.members#65.0-1749716035193-java.trap.gz (1731 of 2666)
[2026-07-27 12:40:42] Importing AccessibleRelation.members#65.0-1749716035193-java.trap.gz (1732 of 2666)
[2026-07-27 12:40:42] Importing AccessibleRelationSet.members#65.0-1749716035193-java.trap.gz (1733 of 2666)
[2026-07-27 12:40:42] Importing AccessibleRole.members#65.0-1749716035193-java.trap.gz (1734 of 2666)
[2026-07-27 12:40:42] Importing AccessibleSelection.members#65.0-1749716035193-java.trap.gz (1735 of 2666)
[2026-07-27 12:40:42] Importing AccessibleState.members#65.0-1749716035193-java.trap.gz (1736 of 2666)
[2026-07-27 12:40:42] Importing AccessibleStateSet.members#65.0-1749716035193-java.trap.gz (1737 of 2666)
[2026-07-27 12:40:42] Importing AccessibleTable.members#65.0-1749716035193-java.trap.gz (1738 of 2666)
[2026-07-27 12:40:42] Importing AccessibleText.members#65.0-1749716035193-java.trap.gz (1739 of 2666)
[2026-07-27 12:40:42] Importing AccessibleValue.members#65.0-1749716035193-java.trap.gz (1740 of 2666)
[2026-07-27 12:40:42] Importing BadPaddingException.members#65.0-1749716035193-java.trap.gz (1741 of 2666)
[2026-07-27 12:40:42] Importing Cipher.members#65.0-1749716035193-java.trap.gz (1742 of 2666)
[2026-07-27 12:40:42] Importing CipherSpi.members#65.0-1749716035193-java.trap.gz (1743 of 2666)
[2026-07-27 12:40:42] Importing ExemptionMechanism.members#65.0-1749716035193-java.trap.gz (1744 of 2666)
[2026-07-27 12:40:42] Importing ExemptionMechanismException.members#65.0-1749716035193-java.trap.gz (1745 of 2666)
[2026-07-27 12:40:42] Importing ExemptionMechanismSpi.members#65.0-1749716035193-java.trap.gz (1746 of 2666)
[2026-07-27 12:40:42] Importing IllegalBlockSizeException.members#65.0-1749716035193-java.trap.gz (1747 of 2666)
[2026-07-27 12:40:42] Importing NoSuchPaddingException.members#65.0-1749716035193-java.trap.gz (1748 of 2666)
[2026-07-27 12:40:42] Importing SecretKey.members#65.0-1749716035193-java.trap.gz (1749 of 2666)
[2026-07-27 12:40:42] Importing ShortBufferException.members#65.0-1749716035193-java.trap.gz (1750 of 2666)
[2026-07-27 12:40:42] Importing GCMParameterSpec.members#65.0-1749716035193-java.trap.gz (1751 of 2666)
[2026-07-27 12:40:42] Importing SecretKeySpec.members#65.0-1749716035193-java.trap.gz (1752 of 2666)
[2026-07-27 12:40:42] Importing DestroyFailedException.members#65.0-1749716035193-java.trap.gz (1753 of 2666)
[2026-07-27 12:40:42] Importing Destroyable.members#65.0-1749716035193-java.trap.gz (1754 of 2666)
[2026-07-27 12:40:42] Importing Subject.members#65.0-1749716035193-java.trap.gz (1755 of 2666)
[2026-07-27 12:40:42] Importing CommonDataSource.members#65.0-1749716035193-java.trap.gz (1756 of 2666)
[2026-07-27 12:40:42] Importing DataSource.members#65.0-1749716035193-java.trap.gz (1757 of 2666)
[2026-07-27 12:40:42] Importing AbstractButton.members#65.0-1749716035193-java.trap.gz (1758 of 2666)
[2026-07-27 12:40:42] Importing Action.members#65.0-1749716035193-java.trap.gz (1759 of 2666)
[2026-07-27 12:40:42] Importing ActionMap.members#65.0-1749716035193-java.trap.gz (1760 of 2666)
[2026-07-27 12:40:42] Importing ButtonGroup.members#65.0-1749716035193-java.trap.gz (1761 of 2666)
[2026-07-27 12:40:42] Importing ButtonModel.members#65.0-1749716035193-java.trap.gz (1762 of 2666)
[2026-07-27 12:40:42] Importing ComponentInputMap.members#65.0-1749716035193-java.trap.gz (1763 of 2666)
[2026-07-27 12:40:42] Importing Icon.members#65.0-1749716035193-java.trap.gz (1764 of 2666)
[2026-07-27 12:40:42] Importing InputMap.members#65.0-1749716035193-java.trap.gz (1765 of 2666)
[2026-07-27 12:40:42] Importing InputVerifier.members#65.0-1749716035193-java.trap.gz (1766 of 2666)
[2026-07-27 12:40:42] Importing JButton.members#65.0-1749716035193-java.trap.gz (1767 of 2666)
[2026-07-27 12:40:42] Importing JComponent.members#65.0-1749716035193-java.trap.gz (1768 of 2666)
[2026-07-27 12:40:42] Importing JLayeredPane.members#65.0-1749716035193-java.trap.gz (1769 of 2666)
[2026-07-27 12:40:42] Importing JMenu$WinListener.members#65.0-1749716035193-java.trap.gz (1770 of 2666)
[2026-07-27 12:40:42] Importing JMenu.members#65.0-1749716035193-java.trap.gz (1771 of 2666)
[2026-07-27 12:40:42] Importing JMenuBar.members#65.0-1749716035193-java.trap.gz (1772 of 2666)
[2026-07-27 12:40:42] Importing JMenuItem.members#65.0-1749716035193-java.trap.gz (1773 of 2666)
[2026-07-27 12:40:42] Importing JPopupMenu.members#65.0-1749716035193-java.trap.gz (1774 of 2666)
[2026-07-27 12:40:42] Importing JRootPane.members#65.0-1749716035193-java.trap.gz (1775 of 2666)
[2026-07-27 12:40:42] Importing JToolTip.members#65.0-1749716035193-java.trap.gz (1776 of 2666)
[2026-07-27 12:40:42] Importing KeyStroke.members#65.0-1749716035193-java.trap.gz (1777 of 2666)
[2026-07-27 12:40:42] Importing MenuElement.members#65.0-1749716035193-java.trap.gz (1778 of 2666)
[2026-07-27 12:40:42] Importing MenuSelectionManager.members#65.0-1749716035193-java.trap.gz (1779 of 2666)
[2026-07-27 12:40:42] Importing Popup.members#65.0-1749716035193-java.trap.gz (1780 of 2666)
[2026-07-27 12:40:42] Importing SingleSelectionModel.members#65.0-1749716035193-java.trap.gz (1781 of 2666)
[2026-07-27 12:40:42] Importing SwingConstants.members#65.0-1749716035193-java.trap.gz (1782 of 2666)
[2026-07-27 12:40:42] Importing SwingContainer.members#65.0-1749716035193-java.trap.gz (1783 of 2666)
[2026-07-27 12:40:42] Importing TransferHandler$DropLocation.members#65.0-1749716035193-java.trap.gz (1784 of 2666)
[2026-07-27 12:40:42] Importing TransferHandler$HasGetTransferHandler.members#65.0-1749716035193-java.trap.gz (1785 of 2666)
[2026-07-27 12:40:42] Importing TransferHandler$TransferSupport.members#65.0-1749716035193-java.trap.gz (1786 of 2666)
[2026-07-27 12:40:42] Importing TransferHandler.members#65.0-1749716035193-java.trap.gz (1787 of 2666)
[2026-07-27 12:40:42] Importing Border.members#65.0-1749716035193-java.trap.gz (1788 of 2666)
[2026-07-27 12:40:42] Importing AncestorEvent.members#65.0-1749716035193-java.trap.gz (1789 of 2666)
[2026-07-27 12:40:42] Importing AncestorListener.members#65.0-1749716035193-java.trap.gz (1790 of 2666)
[2026-07-27 12:40:42] Importing ChangeEvent.members#65.0-1749716035193-java.trap.gz (1791 of 2666)
[2026-07-27 12:40:42] Importing ChangeListener.members#65.0-1749716035193-java.trap.gz (1792 of 2666)
[2026-07-27 12:40:42] Importing EventListenerList.members#65.0-1749716035193-java.trap.gz (1793 of 2666)
[2026-07-27 12:40:42] Importing MenuDragMouseEvent.members#65.0-1749716035193-java.trap.gz (1794 of 2666)
[2026-07-27 12:40:42] Importing MenuDragMouseListener.members#65.0-1749716035193-java.trap.gz (1795 of 2666)
[2026-07-27 12:40:42] Importing MenuEvent.members#65.0-1749716035193-java.trap.gz (1796 of 2666)
[2026-07-27 12:40:42] Importing MenuKeyEvent.members#65.0-1749716035193-java.trap.gz (1797 of 2666)
[2026-07-27 12:40:42] Importing MenuKeyListener.members#65.0-1749716035193-java.trap.gz (1798 of 2666)
[2026-07-27 12:40:42] Importing MenuListener.members#65.0-1749716035193-java.trap.gz (1799 of 2666)
[2026-07-27 12:40:42] Importing PopupMenuEvent.members#65.0-1749716035193-java.trap.gz (1800 of 2666)
[2026-07-27 12:40:42] Importing PopupMenuListener.members#65.0-1749716035193-java.trap.gz (1801 of 2666)
[2026-07-27 12:40:42] Importing ButtonUI.members#65.0-1749716035193-java.trap.gz (1802 of 2666)
[2026-07-27 12:40:42] Importing ComponentUI.members#65.0-1749716035193-java.trap.gz (1803 of 2666)
[2026-07-27 12:40:42] Importing MenuBarUI.members#65.0-1749716035193-java.trap.gz (1804 of 2666)
[2026-07-27 12:40:42] Importing MenuItemUI.members#65.0-1749716035193-java.trap.gz (1805 of 2666)
[2026-07-27 12:40:42] Importing PopupMenuUI.members#65.0-1749716035193-java.trap.gz (1806 of 2666)
[2026-07-27 12:40:42] Importing RootPaneUI.members#65.0-1749716035193-java.trap.gz (1807 of 2666)
[2026-07-27 12:40:42] Importing ToolTipUI.members#65.0-1749716035193-java.trap.gz (1808 of 2666)
[2026-07-27 12:40:42] Importing AttributeSet.members#65.0-1749716035193-java.trap.gz (1809 of 2666)
[2026-07-27 12:40:42] Importing Result.members#65.0-1749716035193-java.trap.gz (1810 of 2666)
[2026-07-27 12:40:42] Importing Source.members#65.0-1749716035193-java.trap.gz (1811 of 2666)
[2026-07-27 12:40:42] Importing ValueBased.members#65.0-1749716035193-java.trap.gz (1812 of 2666)
[2026-07-27 12:40:42] Importing JavaNioAccess.members#65.0-1749716035193-java.trap.gz (1813 of 2666)
[2026-07-27 12:40:42] Importing UnmapperProxy.members#65.0-1749716035193-java.trap.gz (1814 of 2666)
[2026-07-27 12:40:42] Importing AbstractMemorySegmentImpl.members#65.0-1749716035193-java.trap.gz (1815 of 2666)
[2026-07-27 12:40:42] Importing ConfinedSession.members#65.0-1749716035193-java.trap.gz (1816 of 2666)
[2026-07-27 12:40:42] Importing GlobalSession.members#65.0-1749716035193-java.trap.gz (1817 of 2666)
[2026-07-27 12:40:42] Importing HeapMemorySegmentImpl$OfByte.members#65.0-1749716035193-java.trap.gz (1818 of 2666)
[2026-07-27 12:40:42] Importing HeapMemorySegmentImpl$OfChar.members#65.0-1749716035193-java.trap.gz (1819 of 2666)
[2026-07-27 12:40:42] Importing HeapMemorySegmentImpl$OfDouble.members#65.0-1749716035193-java.trap.gz (1820 of 2666)
[2026-07-27 12:40:42] Importing HeapMemorySegmentImpl$OfFloat.members#65.0-1749716035193-java.trap.gz (1821 of 2666)
[2026-07-27 12:40:42] Importing HeapMemorySegmentImpl$OfInt.members#65.0-1749716035193-java.trap.gz (1822 of 2666)
[2026-07-27 12:40:42] Importing HeapMemorySegmentImpl$OfLong.members#65.0-1749716035193-java.trap.gz (1823 of 2666)
[2026-07-27 12:40:42] Importing HeapMemorySegmentImpl$OfShort.members#65.0-1749716035193-java.trap.gz (1824 of 2666)
[2026-07-27 12:40:42] Importing HeapMemorySegmentImpl.members#65.0-1749716035193-java.trap.gz (1825 of 2666)
[2026-07-27 12:40:42] Importing ImplicitSession.members#65.0-1749716035193-java.trap.gz (1826 of 2666)
[2026-07-27 12:40:42] Importing LayoutPath$PathElementImpl$PathKind.members#65.0-1749716035193-java.trap.gz (1827 of 2666)
[2026-07-27 12:40:42] Importing LayoutPath$PathElementImpl.members#65.0-1749716035193-java.trap.gz (1828 of 2666)
[2026-07-27 12:40:42] Importing LayoutPath.members#65.0-1749716035193-java.trap.gz (1829 of 2666)
[2026-07-27 12:40:42] Importing MappedMemorySegmentImpl.members#65.0-1749716035193-java.trap.gz (1830 of 2666)
[2026-07-27 12:40:42] Importing MemorySessionImpl$ResourceList$ResourceCleanup.members#65.0-1749716035193-java.trap.gz (1831 of 2666)
[2026-07-27 12:40:42] Importing MemorySessionImpl$ResourceList.members#65.0-1749716035193-java.trap.gz (1832 of 2666)
[2026-07-27 12:40:42] Importing MemorySessionImpl.members#65.0-1749716035193-java.trap.gz (1833 of 2666)
[2026-07-27 12:40:42] Importing NativeMemorySegmentImpl.members#65.0-1749716035193-java.trap.gz (1834 of 2666)
[2026-07-27 12:40:42] Importing SharedSession.members#65.0-1749716035193-java.trap.gz (1835 of 2666)
[2026-07-27 12:40:42] Importing ABIDescriptor.members#65.0-1749716035193-java.trap.gz (1836 of 2666)
[2026-07-27 12:40:42] Importing Architecture.members#65.0-1749716035193-java.trap.gz (1837 of 2666)
[2026-07-27 12:40:42] Importing NativeEntryPoint.members#65.0-1749716035193-java.trap.gz (1838 of 2666)
[2026-07-27 12:40:42] Importing VMStorage.members#65.0-1749716035193-java.trap.gz (1839 of 2666)
[2026-07-27 12:40:42] Importing AbstractGroupLayout$Kind.members#65.0-1749716035193-java.trap.gz (1840 of 2666)
[2026-07-27 12:40:42] Importing AbstractGroupLayout.members#65.0-1749716035193-java.trap.gz (1841 of 2666)
[2026-07-27 12:40:42] Importing AbstractLayout.members#65.0-1749716035193-java.trap.gz (1842 of 2666)
[2026-07-27 12:40:42] Importing PaddingLayoutImpl.members#65.0-1749716035193-java.trap.gz (1843 of 2666)
[2026-07-27 12:40:42] Importing SequenceLayoutImpl.members#65.0-1749716035193-java.trap.gz (1844 of 2666)
[2026-07-27 12:40:42] Importing StructLayoutImpl.members#65.0-1749716035193-java.trap.gz (1845 of 2666)
[2026-07-27 12:40:42] Importing UnionLayoutImpl.members#65.0-1749716035193-java.trap.gz (1846 of 2666)
[2026-07-27 12:40:42] Importing ValueLayouts$AbstractValueLayout.members#65.0-1749716035193-java.trap.gz (1847 of 2666)
[2026-07-27 12:40:42] Importing ValueLayouts$OfAddressImpl.members#65.0-1749716035193-java.trap.gz (1848 of 2666)
[2026-07-27 12:40:42] Importing ValueLayouts$OfBooleanImpl.members#65.0-1749716035193-java.trap.gz (1849 of 2666)
[2026-07-27 12:40:42] Importing ValueLayouts$OfByteImpl.members#65.0-1749716035193-java.trap.gz (1850 of 2666)
[2026-07-27 12:40:42] Importing ValueLayouts$OfCharImpl.members#65.0-1749716035193-java.trap.gz (1851 of 2666)
[2026-07-27 12:40:42] Importing ValueLayouts$OfDoubleImpl.members#65.0-1749716035193-java.trap.gz (1852 of 2666)
[2026-07-27 12:40:42] Importing ValueLayouts$OfFloatImpl.members#65.0-1749716035193-java.trap.gz (1853 of 2666)
[2026-07-27 12:40:42] Importing ValueLayouts$OfIntImpl.members#65.0-1749716035193-java.trap.gz (1854 of 2666)
[2026-07-27 12:40:42] Importing ValueLayouts$OfLongImpl.members#65.0-1749716035193-java.trap.gz (1855 of 2666)
[2026-07-27 12:40:42] Importing ValueLayouts$OfShortImpl.members#65.0-1749716035193-java.trap.gz (1856 of 2666)
[2026-07-27 12:40:42] Importing ValueLayouts.members#65.0-1749716035193-java.trap.gz (1857 of 2666)
[2026-07-27 12:40:42] Importing JdkConsole.members#65.0-1749716035193-java.trap.gz (1858 of 2666)
[2026-07-27 12:40:42] Importing PreviewFeature$Feature.members#65.0-1749716035193-java.trap.gz (1859 of 2666)
[2026-07-27 12:40:42] Importing PreviewFeature$JEP.members#65.0-1749716035193-java.trap.gz (1860 of 2666)
[2026-07-27 12:40:42] Importing PreviewFeature.members#65.0-1749716035193-java.trap.gz (1861 of 2666)
[2026-07-27 12:40:42] Importing NativeLibrary.members#65.0-1749716035193-java.trap.gz (1862 of 2666)
[2026-07-27 12:40:42] Importing ScopedMemoryAccess$Scoped.members#65.0-1749716035193-java.trap.gz (1863 of 2666)
[2026-07-27 12:40:42] Importing ScopedMemoryAccess$ScopedAccessError.members#65.0-1749716035193-java.trap.gz (1864 of 2666)
[2026-07-27 12:40:42] Importing ScopedMemoryAccess.members#65.0-1749716035193-java.trap.gz (1865 of 2666)
[2026-07-27 12:40:42] Importing Unsafe.members#65.0-1749716035193-java.trap.gz (1866 of 2666)
[2026-07-27 12:40:42] Importing VM$BufferPool.members#65.0-1749716035193-java.trap.gz (1867 of 2666)
[2026-07-27 12:40:42] Importing VM.members#65.0-1749716035193-java.trap.gz (1868 of 2666)
[2026-07-27 12:40:42] Importing ServicesCatalog$ServiceProvider.members#65.0-1749716035193-java.trap.gz (1869 of 2666)
[2026-07-27 12:40:42] Importing ServicesCatalog.members#65.0-1749716035193-java.trap.gz (1870 of 2666)
[2026-07-27 12:40:42] Importing Cleaner.members#65.0-1749716035193-java.trap.gz (1871 of 2666)
[2026-07-27 12:40:42] Importing CleanerImpl.members#65.0-1749716035193-java.trap.gz (1872 of 2666)
[2026-07-27 12:40:42] Importing PhantomCleanable.members#65.0-1749716035193-java.trap.gz (1873 of 2666)
[2026-07-27 12:40:42] Importing CallerSensitive.members#65.0-1749716035193-java.trap.gz (1874 of 2666)
[2026-07-27 12:40:42] Importing ConstantPool$Tag.members#65.0-1749716035193-java.trap.gz (1875 of 2666)
[2026-07-27 12:40:42] Importing ConstantPool.members#65.0-1749716035193-java.trap.gz (1876 of 2666)
[2026-07-27 12:40:42] Importing ConstructorAccessor.members#65.0-1749716035193-java.trap.gz (1877 of 2666)
[2026-07-27 12:40:42] Importing FieldAccessor.members#65.0-1749716035193-java.trap.gz (1878 of 2666)
[2026-07-27 12:40:42] Importing MagicAccessorImpl.members#65.0-1749716035193-java.trap.gz (1879 of 2666)
[2026-07-27 12:40:42] Importing MethodAccessor.members#65.0-1749716035193-java.trap.gz (1880 of 2666)
[2026-07-27 12:40:42] Importing MethodAccessorImpl.members#65.0-1749716035193-java.trap.gz (1881 of 2666)
[2026-07-27 12:40:42] Importing ReflectionFactory.members#65.0-1749716035193-java.trap.gz (1882 of 2666)
[2026-07-27 12:40:42] Importing ClassFileDumper.members#65.0-1749716035193-java.trap.gz (1883 of 2666)
[2026-07-27 12:40:42] Importing RandomSupport$RandomGeneratorProperties.members#65.0-1749716035193-java.trap.gz (1884 of 2666)
[2026-07-27 12:40:42] Importing RandomSupport.members#65.0-1749716035193-java.trap.gz (1885 of 2666)
[2026-07-27 12:40:42] Importing Continuation$Pinned.members#65.0-1749716035193-java.trap.gz (1886 of 2666)
[2026-07-27 12:40:42] Importing Continuation$PreemptStatus.members#65.0-1749716035193-java.trap.gz (1887 of 2666)
[2026-07-27 12:40:42] Importing Continuation.members#65.0-1749716035193-java.trap.gz (1888 of 2666)
[2026-07-27 12:40:42] Importing ContinuationScope.members#65.0-1749716035193-java.trap.gz (1889 of 2666)
[2026-07-27 12:40:42] Importing ScopedValueContainer$BindingsSnapshot.members#65.0-1749716035193-java.trap.gz (1890 of 2666)
[2026-07-27 12:40:42] Importing ScopedValueContainer.members#65.0-1749716035193-java.trap.gz (1891 of 2666)
[2026-07-27 12:40:42] Importing SharedThreadContainer.members#65.0-1749716035193-java.trap.gz (1892 of 2666)
[2026-07-27 12:40:42] Importing StackableScope.members#65.0-1749716035193-java.trap.gz (1893 of 2666)
[2026-07-27 12:40:42] Importing ThreadContainer.members#65.0-1749716035193-java.trap.gz (1894 of 2666)
[2026-07-27 12:40:42] Importing Contended.members#65.0-1749716035193-java.trap.gz (1895 of 2666)
[2026-07-27 12:40:42] Importing DontInline.members#65.0-1749716035193-java.trap.gz (1896 of 2666)
[2026-07-27 12:40:42] Importing ForceInline.members#65.0-1749716035193-java.trap.gz (1897 of 2666)
[2026-07-27 12:40:42] Importing Hidden.members#65.0-1749716035193-java.trap.gz (1898 of 2666)
[2026-07-27 12:40:42] Importing IntrinsicCandidate.members#65.0-1749716035193-java.trap.gz (1899 of 2666)
[2026-07-27 12:40:42] Importing ReservedStackAccess.members#65.0-1749716035193-java.trap.gz (1900 of 2666)
[2026-07-27 12:40:42] Importing Stable.members#65.0-1749716035193-java.trap.gz (1901 of 2666)
[2026-07-27 12:40:42] Importing VectorSupport$BinaryOperation.members#65.0-1749716035193-java.trap.gz (1902 of 2666)
[2026-07-27 12:40:42] Importing VectorSupport$CompressExpandOperation.members#65.0-1749716035193-java.trap.gz (1903 of 2666)
[2026-07-27 12:40:42] Importing VectorSupport$FromBitsCoercedOperation.members#65.0-1749716035193-java.trap.gz (1904 of 2666)
[2026-07-27 12:40:42] Importing VectorSupport$IndexOperation.members#65.0-1749716035193-java.trap.gz (1905 of 2666)
[2026-07-27 12:40:42] Importing VectorSupport$IndexPartiallyInUpperRangeOperation.members#65.0-1749716035193-java.trap.gz (1906 of 2666)
[2026-07-27 12:40:42] Importing VectorSupport$LoadOperation.members#65.0-1749716035193-java.trap.gz (1907 of 2666)
[2026-07-27 12:40:42] Importing VectorSupport$LoadVectorMaskedOperation.members#65.0-1749716035193-java.trap.gz (1908 of 2666)
[2026-07-27 12:40:42] Importing VectorSupport$LoadVectorOperationWithMap.members#65.0-1749716035193-java.trap.gz (1909 of 2666)
[2026-07-27 12:40:42] Importing VectorSupport$ReductionOperation.members#65.0-1749716035193-java.trap.gz (1910 of 2666)
[2026-07-27 12:40:42] Importing VectorSupport$ShuffleIotaOperation.members#65.0-1749716035193-java.trap.gz (1911 of 2666)
[2026-07-27 12:40:42] Importing VectorSupport$ShuffleToVectorOperation.members#65.0-1749716035193-java.trap.gz (1912 of 2666)
[2026-07-27 12:40:42] Importing VectorSupport$StoreVectorMaskedOperation.members#65.0-1749716035193-java.trap.gz (1913 of 2666)
[2026-07-27 12:40:42] Importing VectorSupport$StoreVectorOperation.members#65.0-1749716035193-java.trap.gz (1914 of 2666)
[2026-07-27 12:40:42] Importing VectorSupport$StoreVectorOperationWithMap.members#65.0-1749716035193-java.trap.gz (1915 of 2666)
[2026-07-27 12:40:42] Importing VectorSupport$TernaryOperation.members#65.0-1749716035193-java.trap.gz (1916 of 2666)
[2026-07-27 12:40:42] Importing VectorSupport$UnaryOperation.members#65.0-1749716035193-java.trap.gz (1917 of 2666)
[2026-07-27 12:40:42] Importing VectorSupport$VecExtractOp.members#65.0-1749716035193-java.trap.gz (1918 of 2666)
[2026-07-27 12:40:42] Importing VectorSupport$VecInsertOp.members#65.0-1749716035193-java.trap.gz (1919 of 2666)
[2026-07-27 12:40:42] Importing VectorSupport$Vector.members#65.0-1749716035193-java.trap.gz (1920 of 2666)
[2026-07-27 12:40:42] Importing VectorSupport$VectorBlendOp.members#65.0-1749716035193-java.trap.gz (1921 of 2666)
[2026-07-27 12:40:42] Importing VectorSupport$VectorBroadcastIntOp.members#65.0-1749716035193-java.trap.gz (1922 of 2666)
[2026-07-27 12:40:42] Importing VectorSupport$VectorCompareOp.members#65.0-1749716035193-java.trap.gz (1923 of 2666)
[2026-07-27 12:40:42] Importing VectorSupport$VectorConvertOp.members#65.0-1749716035193-java.trap.gz (1924 of 2666)
[2026-07-27 12:40:42] Importing VectorSupport$VectorMask.members#65.0-1749716035193-java.trap.gz (1925 of 2666)
[2026-07-27 12:40:42] Importing VectorSupport$VectorMaskOp.members#65.0-1749716035193-java.trap.gz (1926 of 2666)
[2026-07-27 12:40:42] Importing VectorSupport$VectorPayload.members#65.0-1749716035193-java.trap.gz (1927 of 2666)
[2026-07-27 12:40:42] Importing VectorSupport$VectorRearrangeOp.members#65.0-1749716035193-java.trap.gz (1928 of 2666)
[2026-07-27 12:40:42] Importing VectorSupport$VectorShuffle.members#65.0-1749716035193-java.trap.gz (1929 of 2666)
[2026-07-27 12:40:42] Importing VectorSupport$VectorSpecies.members#65.0-1749716035193-java.trap.gz (1930 of 2666)
[2026-07-27 12:40:42] Importing VectorSupport.members#65.0-1749716035193-java.trap.gz (1931 of 2666)
[2026-07-27 12:40:42] Importing AccessLevel.members#50.0-1776800626000-java.trap.gz (1932 of 2666)
[2026-07-27 12:40:42] Importing AllArgsConstructor$AnyAnnotation.members#50.0-1743408962000-java.trap.gz (1933 of 2666)
[2026-07-27 12:40:42] Importing AllArgsConstructor.members#50.0-1743408962000-java.trap.gz (1934 of 2666)
[2026-07-27 12:40:42] Importing Data.members#50.0-1769719540000-java.trap.gz (1935 of 2666)
[2026-07-27 12:40:42] Importing Generated.members#50.0-1769719540000-java.trap.gz (1936 of 2666)
[2026-07-27 12:40:42] Importing NoArgsConstructor$AnyAnnotation.members#50.0-1743408962000-java.trap.gz (1937 of 2666)
[2026-07-27 12:40:42] Importing NoArgsConstructor.members#50.0-1743408962000-java.trap.gz (1938 of 2666)
[2026-07-27 12:40:42] Importing RequiredArgsConstructor$AnyAnnotation.members#50.0-1743408962000-java.trap.gz (1939 of 2666)
[2026-07-27 12:40:42] Importing RequiredArgsConstructor.members#50.0-1743408962000-java.trap.gz (1940 of 2666)
[2026-07-27 12:40:42] Importing Slf4j.members#50.0-1776800626000-java.trap.gz (1941 of 2666)
[2026-07-27 12:40:42] Importing Log.members#52.0-1772645720000-java.trap.gz (1942 of 2666)
[2026-07-27 12:40:42] Importing API$Status.members#50.0-1624778592000-java.trap.gz (1943 of 2666)
[2026-07-27 12:40:42] Importing API.members#50.0-1624778592000-java.trap.gz (1944 of 2666)
[2026-07-27 12:40:42] Importing Assertions.members#61.0-318191400000-java.trap.gz (1945 of 2666)
[2026-07-27 12:40:42] Importing MediaType.members#61.0-318191400000-java.trap.gz (1946 of 2666)
[2026-07-27 12:40:42] Importing Test.members#61.0-318191400000-java.trap.gz (1947 of 2666)
[2026-07-27 12:40:42] Importing TestInstance$Lifecycle.members#61.0-318191400000-java.trap.gz (1948 of 2666)
[2026-07-27 12:40:42] Importing TestInstance.members#61.0-318191400000-java.trap.gz (1949 of 2666)
[2026-07-27 12:40:42] Importing AfterAllCallback.members#61.0-318191400000-java.trap.gz (1950 of 2666)
[2026-07-27 12:40:42] Importing AfterEachCallback.members#61.0-318191400000-java.trap.gz (1951 of 2666)
[2026-07-27 12:40:42] Importing AfterTestExecutionCallback.members#61.0-318191400000-java.trap.gz (1952 of 2666)
[2026-07-27 12:40:42] Importing AnnotatedElementContext.members#61.0-318191400000-java.trap.gz (1953 of 2666)
[2026-07-27 12:40:42] Importing BeforeAllCallback.members#61.0-318191400000-java.trap.gz (1954 of 2666)
[2026-07-27 12:40:42] Importing BeforeEachCallback.members#61.0-318191400000-java.trap.gz (1955 of 2666)
[2026-07-27 12:40:42] Importing BeforeTestExecutionCallback.members#61.0-318191400000-java.trap.gz (1956 of 2666)
[2026-07-27 12:40:42] Importing ExecutableInvoker.members#61.0-318191400000-java.trap.gz (1957 of 2666)
[2026-07-27 12:40:42] Importing ExtendWith.members#61.0-318191400000-java.trap.gz (1958 of 2666)
[2026-07-27 12:40:42] Importing Extension.members#61.0-318191400000-java.trap.gz (1959 of 2666)
[2026-07-27 12:40:42] Importing ExtensionContext$Namespace.members#61.0-318191400000-java.trap.gz (1960 of 2666)
[2026-07-27 12:40:42] Importing ExtensionContext$Store.members#61.0-318191400000-java.trap.gz (1961 of 2666)
[2026-07-27 12:40:42] Importing ExtensionContext$StoreScope.members#61.0-318191400000-java.trap.gz (1962 of 2666)
[2026-07-27 12:40:42] Importing ExtensionContext.members#61.0-318191400000-java.trap.gz (1963 of 2666)
[2026-07-27 12:40:42] Importing Extensions.members#61.0-318191400000-java.trap.gz (1964 of 2666)
[2026-07-27 12:40:42] Importing MediaType.members#61.0-318191400000-java.trap.gz (1965 of 2666)
[2026-07-27 12:40:42] Importing ParameterContext.members#61.0-318191400000-java.trap.gz (1966 of 2666)
[2026-07-27 12:40:42] Importing ParameterResolutionException.members#61.0-318191400000-java.trap.gz (1967 of 2666)
[2026-07-27 12:40:42] Importing ParameterResolver.members#61.0-318191400000-java.trap.gz (1968 of 2666)
[2026-07-27 12:40:42] Importing TestInstancePostProcessor.members#61.0-318191400000-java.trap.gz (1969 of 2666)
[2026-07-27 12:40:42] Importing TestInstances.members#61.0-318191400000-java.trap.gz (1970 of 2666)
[2026-07-27 12:40:42] Importing TestInstantiationAwareExtension$ExtensionContextScope.members#61.0-318191400000-java.trap.gz (1971 of 2666)
[2026-07-27 12:40:42] Importing TestInstantiationAwareExtension.members#61.0-318191400000-java.trap.gz (1972 of 2666)
[2026-07-27 12:40:42] Importing Executable.members#61.0-318191400000-java.trap.gz (1973 of 2666)
[2026-07-27 12:40:42] Importing ThrowingConsumer.members#61.0-318191400000-java.trap.gz (1974 of 2666)
[2026-07-27 12:40:42] Importing ThrowingSupplier.members#61.0-318191400000-java.trap.gz (1975 of 2666)
[2026-07-27 12:40:42] Importing ExecutionMode.members#61.0-318191400000-java.trap.gz (1976 of 2666)
[2026-07-27 12:40:42] Importing JUnitException.members#61.0-318191400000-java.trap.gz (1977 of 2666)
[2026-07-27 12:40:42] Importing Contract.members#61.0-318191400000-java.trap.gz (1978 of 2666)
[2026-07-27 12:40:42] Importing Testable.members#61.0-318191400000-java.trap.gz (1979 of 2666)
[2026-07-27 12:40:42] Importing MultipleFailuresError.members#50.0-1688626508000-java.trap.gz (1980 of 2666)
[2026-07-27 12:40:42] Importing ILoggerFactory.members#52.0-1778589900000-java.trap.gz (1981 of 2666)
[2026-07-27 12:40:42] Importing IMarkerFactory.members#52.0-1778589900000-java.trap.gz (1982 of 2666)
[2026-07-27 12:40:42] Importing Logger.members#52.0-1778589900000-java.trap.gz (1983 of 2666)
[2026-07-27 12:40:42] Importing LoggerFactory.members#52.0-1778589900000-java.trap.gz (1984 of 2666)
[2026-07-27 12:40:42] Importing Marker.members#52.0-1778589900000-java.trap.gz (1985 of 2666)
[2026-07-27 12:40:42] Importing KeyValuePair.members#52.0-1778589900000-java.trap.gz (1986 of 2666)
[2026-07-27 12:40:42] Importing Level.members#52.0-1778589900000-java.trap.gz (1987 of 2666)
[2026-07-27 12:40:42] Importing LoggingEvent.members#52.0-1778589900000-java.trap.gz (1988 of 2666)
[2026-07-27 12:40:42] Importing SubstituteLoggingEvent.members#52.0-1778589900000-java.trap.gz (1989 of 2666)
[2026-07-27 12:40:42] Importing CheckReturnValue.members#52.0-1778589900000-java.trap.gz (1990 of 2666)
[2026-07-27 12:40:42] Importing NOP_FallbackServiceProvider.members#52.0-1778589900000-java.trap.gz (1991 of 2666)
[2026-07-27 12:40:42] Importing SubstituteLogger.members#52.0-1778589900000-java.trap.gz (1992 of 2666)
[2026-07-27 12:40:42] Importing SubstituteLoggerFactory.members#52.0-1778589900000-java.trap.gz (1993 of 2666)
[2026-07-27 12:40:42] Importing SubstituteServiceProvider.members#52.0-1778589900000-java.trap.gz (1994 of 2666)
[2026-07-27 12:40:42] Importing LoggingEventBuilder.members#52.0-1778589900000-java.trap.gz (1995 of 2666)
[2026-07-27 12:40:42] Importing MDCAdapter.members#52.0-1778589900000-java.trap.gz (1996 of 2666)
[2026-07-27 12:40:42] Importing SLF4JServiceProvider.members#52.0-1778589900000-java.trap.gz (1997 of 2666)
[2026-07-27 12:40:42] Importing BindingReflectionHintsRegistrar.members#61.0-318191400000-java.trap.gz (1998 of 2666)
[2026-07-27 12:40:42] Importing ConditionalHint.members#61.0-318191400000-java.trap.gz (1999 of 2666)
[2026-07-27 12:40:42] Importing ExecutableHint$Builder.members#61.0-318191400000-java.trap.gz (2000 of 2666)
[2026-07-27 12:40:42] Importing ExecutableHint.members#61.0-318191400000-java.trap.gz (2001 of 2666)
[2026-07-27 12:40:42] Importing ExecutableMode.members#61.0-318191400000-java.trap.gz (2002 of 2666)
[2026-07-27 12:40:42] Importing FieldHint.members#61.0-318191400000-java.trap.gz (2003 of 2666)
[2026-07-27 12:40:42] Importing LambdaHint$Builder.members#61.0-318191400000-java.trap.gz (2004 of 2666)
[2026-07-27 12:40:42] Importing LambdaHint$DeclaringMethod.members#61.0-318191400000-java.trap.gz (2005 of 2666)
[2026-07-27 12:40:42] Importing LambdaHint.members#61.0-318191400000-java.trap.gz (2006 of 2666)
[2026-07-27 12:40:42] Importing MemberCategory.members#61.0-318191400000-java.trap.gz (2007 of 2666)
[2026-07-27 12:40:42] Importing MemberHint.members#61.0-318191400000-java.trap.gz (2008 of 2666)
[2026-07-27 12:40:42] Importing ReflectionHints.members#61.0-318191400000-java.trap.gz (2009 of 2666)
[2026-07-27 12:40:42] Importing TypeHint$Builder.members#61.0-318191400000-java.trap.gz (2010 of 2666)
[2026-07-27 12:40:42] Importing TypeHint.members#61.0-318191400000-java.trap.gz (2011 of 2666)
[2026-07-27 12:40:42] Importing TypeReference.members#61.0-318191400000-java.trap.gz (2012 of 2666)
[2026-07-27 12:40:42] Importing Reflective.members#61.0-318191400000-java.trap.gz (2013 of 2666)
[2026-07-27 12:40:42] Importing ReflectiveProcessor.members#61.0-318191400000-java.trap.gz (2014 of 2666)
[2026-07-27 12:40:42] Importing SimpleReflectiveProcessor.members#61.0-318191400000-java.trap.gz (2015 of 2666)
[2026-07-27 12:40:42] Importing BeanMetadataAttribute.members#61.0-318191400000-java.trap.gz (2016 of 2666)
[2026-07-27 12:40:42] Importing BeanMetadataAttributeAccessor.members#61.0-318191400000-java.trap.gz (2017 of 2666)
[2026-07-27 12:40:42] Importing BeanMetadataElement.members#61.0-318191400000-java.trap.gz (2018 of 2666)
[2026-07-27 12:40:42] Importing BeansException.members#61.0-318191400000-java.trap.gz (2019 of 2666)
[2026-07-27 12:40:42] Importing ConfigurablePropertyAccessor.members#61.0-318191400000-java.trap.gz (2020 of 2666)
[2026-07-27 12:40:42] Importing FatalBeanException.members#61.0-318191400000-java.trap.gz (2021 of 2666)
[2026-07-27 12:40:42] Importing MutablePropertyValues.members#61.0-318191400000-java.trap.gz (2022 of 2666)
[2026-07-27 12:40:42] Importing PropertyAccessException.members#61.0-318191400000-java.trap.gz (2023 of 2666)
[2026-07-27 12:40:42] Importing PropertyAccessor.members#61.0-318191400000-java.trap.gz (2024 of 2666)
[2026-07-27 12:40:42] Importing PropertyEditorRegistrar.members#61.0-318191400000-java.trap.gz (2025 of 2666)
[2026-07-27 12:40:42] Importing PropertyEditorRegistry.members#61.0-318191400000-java.trap.gz (2026 of 2666)
[2026-07-27 12:40:42] Importing PropertyEditorRegistrySupport.members#61.0-318191400000-java.trap.gz (2027 of 2666)
[2026-07-27 12:40:42] Importing PropertyValue.members#61.0-318191400000-java.trap.gz (2028 of 2666)
[2026-07-27 12:40:42] Importing PropertyValues.members#61.0-318191400000-java.trap.gz (2029 of 2666)
[2026-07-27 12:40:42] Importing SimpleTypeConverter.members#61.0-318191400000-java.trap.gz (2030 of 2666)
[2026-07-27 12:40:42] Importing TypeConverter.members#61.0-318191400000-java.trap.gz (2031 of 2666)
[2026-07-27 12:40:42] Importing TypeConverterDelegate.members#61.0-318191400000-java.trap.gz (2032 of 2666)
[2026-07-27 12:40:42] Importing TypeConverterSupport.members#61.0-318191400000-java.trap.gz (2033 of 2666)
[2026-07-27 12:40:42] Importing TypeMismatchException.members#61.0-318191400000-java.trap.gz (2034 of 2666)
[2026-07-27 12:40:42] Importing Aware.members#61.0-318191400000-java.trap.gz (2035 of 2666)
[2026-07-27 12:40:42] Importing BeanClassLoaderAware.members#61.0-318191400000-java.trap.gz (2036 of 2666)
[2026-07-27 12:40:42] Importing BeanDefinitionStoreException.members#61.0-318191400000-java.trap.gz (2037 of 2666)
[2026-07-27 12:40:42] Importing BeanFactory.members#61.0-318191400000-java.trap.gz (2038 of 2666)
[2026-07-27 12:40:42] Importing BeanFactoryAware.members#61.0-318191400000-java.trap.gz (2039 of 2666)
[2026-07-27 12:40:42] Importing BeanNameAware.members#61.0-318191400000-java.trap.gz (2040 of 2666)
[2026-07-27 12:40:42] Importing HierarchicalBeanFactory.members#61.0-318191400000-java.trap.gz (2041 of 2666)
[2026-07-27 12:40:42] Importing InitializingBean.members#61.0-318191400000-java.trap.gz (2042 of 2666)
[2026-07-27 12:40:42] Importing InjectionPoint.members#61.0-318191400000-java.trap.gz (2043 of 2666)
[2026-07-27 12:40:42] Importing ListableBeanFactory.members#61.0-318191400000-java.trap.gz (2044 of 2666)
[2026-07-27 12:40:42] Importing NamedBean.members#61.0-318191400000-java.trap.gz (2045 of 2666)
[2026-07-27 12:40:42] Importing NoSuchBeanDefinitionException.members#61.0-318191400000-java.trap.gz (2046 of 2666)
[2026-07-27 12:40:42] Importing ObjectFactory.members#61.0-318191400000-java.trap.gz (2047 of 2666)
[2026-07-27 12:40:42] Importing ObjectProvider.members#61.0-318191400000-java.trap.gz (2048 of 2666)
[2026-07-27 12:40:42] Importing Autowired.members#61.0-318191400000-java.trap.gz (2049 of 2666)
[2026-07-27 12:40:42] Importing Value.members#61.0-318191400000-java.trap.gz (2050 of 2666)
[2026-07-27 12:40:42] Importing AutowireCapableBeanFactory.members#61.0-318191400000-java.trap.gz (2051 of 2666)
[2026-07-27 12:40:42] Importing BeanDefinition.members#61.0-318191400000-java.trap.gz (2052 of 2666)
[2026-07-27 12:40:42] Importing BeanExpressionContext.members#61.0-318191400000-java.trap.gz (2053 of 2666)
[2026-07-27 12:40:42] Importing BeanExpressionResolver.members#61.0-318191400000-java.trap.gz (2054 of 2666)
[2026-07-27 12:40:42] Importing BeanFactoryPostProcessor.members#61.0-318191400000-java.trap.gz (2055 of 2666)
[2026-07-27 12:40:42] Importing BeanPostProcessor.members#61.0-318191400000-java.trap.gz (2056 of 2666)
[2026-07-27 12:40:42] Importing ConfigurableBeanFactory.members#61.0-318191400000-java.trap.gz (2057 of 2666)
[2026-07-27 12:40:42] Importing ConfigurableListableBeanFactory.members#61.0-318191400000-java.trap.gz (2058 of 2666)
[2026-07-27 12:40:42] Importing ConstructorArgumentValues$ValueHolder.members#61.0-318191400000-java.trap.gz (2059 of 2666)
[2026-07-27 12:40:42] Importing ConstructorArgumentValues.members#61.0-318191400000-java.trap.gz (2060 of 2666)
[2026-07-27 12:40:42] Importing DependencyDescriptor.members#61.0-318191400000-java.trap.gz (2061 of 2666)
[2026-07-27 12:40:42] Importing NamedBeanHolder.members#61.0-318191400000-java.trap.gz (2062 of 2666)
[2026-07-27 12:40:42] Importing Scope.members#61.0-318191400000-java.trap.gz (2063 of 2666)
[2026-07-27 12:40:42] Importing SingletonBeanRegistry.members#61.0-318191400000-java.trap.gz (2064 of 2666)
[2026-07-27 12:40:42] Importing BeanDefinitionRegistry.members#61.0-318191400000-java.trap.gz (2065 of 2666)
[2026-07-27 12:40:42] Importing BeanNameGenerator.members#61.0-318191400000-java.trap.gz (2066 of 2666)
[2026-07-27 12:40:42] Importing ApplicationArguments.members#61.0-318191400000-java.trap.gz (2067 of 2666)
[2026-07-27 12:40:42] Importing ApplicationContextFactory.members#61.0-318191400000-java.trap.gz (2068 of 2666)
[2026-07-27 12:40:42] Importing ApplicationProperties.members#61.0-318191400000-java.trap.gz (2069 of 2666)
[2026-07-27 12:40:42] Importing Banner$Mode.members#61.0-318191400000-java.trap.gz (2070 of 2666)
[2026-07-27 12:40:42] Importing Banner.members#61.0-318191400000-java.trap.gz (2071 of 2666)
[2026-07-27 12:40:42] Importing BeanDefinitionLoader.members#61.0-318191400000-java.trap.gz (2072 of 2666)
[2026-07-27 12:40:42] Importing ExitCodeGenerator.members#61.0-318191400000-java.trap.gz (2073 of 2666)
[2026-07-27 12:40:42] Importing SpringApplication$Augmented.members#61.0-318191400000-java.trap.gz (2074 of 2666)
[2026-07-27 12:40:42] Importing SpringApplication$Running.members#61.0-318191400000-java.trap.gz (2075 of 2666)
[2026-07-27 12:40:42] Importing SpringApplication.members#61.0-318191400000-java.trap.gz (2076 of 2666)
[2026-07-27 12:40:42] Importing SpringApplicationHook.members#61.0-318191400000-java.trap.gz (2077 of 2666)
[2026-07-27 12:40:42] Importing SpringApplicationRunListener.members#61.0-318191400000-java.trap.gz (2078 of 2666)
[2026-07-27 12:40:42] Importing SpringApplicationShutdownHandlers.members#61.0-318191400000-java.trap.gz (2079 of 2666)
[2026-07-27 12:40:42] Importing SpringApplicationShutdownHook.members#61.0-318191400000-java.trap.gz (2080 of 2666)
[2026-07-27 12:40:42] Importing SpringBootConfiguration.members#61.0-318191400000-java.trap.gz (2081 of 2666)
[2026-07-27 12:40:42] Importing SpringBootExceptionHandler.members#61.0-318191400000-java.trap.gz (2082 of 2666)
[2026-07-27 12:40:42] Importing WebApplicationType.members#61.0-318191400000-java.trap.gz (2083 of 2666)
[2026-07-27 12:40:42] Importing AutoConfigurationExcludeFilter.members#61.0-318191400000-java.trap.gz (2084 of 2666)
[2026-07-27 12:40:42] Importing AutoConfigurationImportEvent.members#61.0-318191400000-java.trap.gz (2085 of 2666)
[2026-07-27 12:40:42] Importing AutoConfigurationImportFilter.members#61.0-318191400000-java.trap.gz (2086 of 2666)
[2026-07-27 12:40:42] Importing AutoConfigurationImportListener.members#61.0-318191400000-java.trap.gz (2087 of 2666)
[2026-07-27 12:40:42] Importing AutoConfigurationImportSelector$AutoConfigurationEntry.members#61.0-318191400000-java.trap.gz (2088 of 2666)
[2026-07-27 12:40:42] Importing AutoConfigurationImportSelector.members#61.0-318191400000-java.trap.gz (2089 of 2666)
[2026-07-27 12:40:42] Importing AutoConfigurationMetadata.members#61.0-318191400000-java.trap.gz (2090 of 2666)
[2026-07-27 12:40:42] Importing AutoConfigurationPackage.members#61.0-318191400000-java.trap.gz (2091 of 2666)
[2026-07-27 12:40:42] Importing AutoConfigurationPackages$Registrar.members#61.0-318191400000-java.trap.gz (2092 of 2666)
[2026-07-27 12:40:42] Importing AutoConfigurationPackages.members#61.0-318191400000-java.trap.gz (2093 of 2666)
[2026-07-27 12:40:42] Importing EnableAutoConfiguration.members#61.0-318191400000-java.trap.gz (2094 of 2666)
[2026-07-27 12:40:42] Importing SpringBootApplication.members#61.0-318191400000-java.trap.gz (2095 of 2666)
[2026-07-27 12:40:42] Importing BootstrapContext.members#61.0-318191400000-java.trap.gz (2096 of 2666)
[2026-07-27 12:40:42] Importing BootstrapContextClosedEvent.members#61.0-318191400000-java.trap.gz (2097 of 2666)
[2026-07-27 12:40:42] Importing BootstrapRegistry$InstanceSupplier.members#61.0-318191400000-java.trap.gz (2098 of 2666)
[2026-07-27 12:40:42] Importing BootstrapRegistry$Scope.members#61.0-318191400000-java.trap.gz (2099 of 2666)
[2026-07-27 12:40:42] Importing BootstrapRegistry.members#61.0-318191400000-java.trap.gz (2100 of 2666)
[2026-07-27 12:40:42] Importing BootstrapRegistryInitializer.members#61.0-318191400000-java.trap.gz (2101 of 2666)
[2026-07-27 12:40:42] Importing ConfigurableBootstrapContext.members#61.0-318191400000-java.trap.gz (2102 of 2666)
[2026-07-27 12:40:42] Importing TypeExcludeFilter.members#61.0-318191400000-java.trap.gz (2103 of 2666)
[2026-07-27 12:40:42] Importing DeterminableImports.members#61.0-318191400000-java.trap.gz (2104 of 2666)
[2026-07-27 12:40:42] Importing ApplicationReadyEvent.members#61.0-318191400000-java.trap.gz (2105 of 2666)
[2026-07-27 12:40:42] Importing SpringApplicationEvent.members#61.0-318191400000-java.trap.gz (2106 of 2666)
[2026-07-27 12:40:42] Importing DataSourceBuilder.members#61.0-318191400000-java.trap.gz (2107 of 2666)
[2026-07-27 12:40:42] Importing SpringBootTest$UseMainMethod.members#61.0-318191400000-java.trap.gz (2108 of 2666)
[2026-07-27 12:40:42] Importing SpringBootTest$WebEnvironment.members#61.0-318191400000-java.trap.gz (2109 of 2666)
[2026-07-27 12:40:42] Importing SpringBootTest.members#61.0-318191400000-java.trap.gz (2110 of 2666)
[2026-07-27 12:40:42] Importing SpringBootTestContextBootstrapper.members#61.0-318191400000-java.trap.gz (2111 of 2666)
[2026-07-27 12:40:42] Importing Cache$ValueWrapper.members#61.0-318191400000-java.trap.gz (2112 of 2666)
[2026-07-27 12:40:42] Importing Cache.members#61.0-318191400000-java.trap.gz (2113 of 2666)
[2026-07-27 12:40:42] Importing ApplicationContext.members#61.0-318191400000-java.trap.gz (2114 of 2666)
[2026-07-27 12:40:42] Importing ApplicationContextAware.members#61.0-318191400000-java.trap.gz (2115 of 2666)
[2026-07-27 12:40:42] Importing ApplicationContextInitializer.members#61.0-318191400000-java.trap.gz (2116 of 2666)
[2026-07-27 12:40:42] Importing ApplicationEvent.members#61.0-318191400000-java.trap.gz (2117 of 2666)
[2026-07-27 12:40:42] Importing ApplicationEventPublisher.members#61.0-318191400000-java.trap.gz (2118 of 2666)
[2026-07-27 12:40:42] Importing ApplicationListener.members#61.0-318191400000-java.trap.gz (2119 of 2666)
[2026-07-27 12:40:42] Importing ConfigurableApplicationContext.members#61.0-318191400000-java.trap.gz (2120 of 2666)
[2026-07-27 12:40:42] Importing EmbeddedValueResolverAware.members#61.0-318191400000-java.trap.gz (2121 of 2666)
[2026-07-27 12:40:42] Importing EnvironmentAware.members#61.0-318191400000-java.trap.gz (2122 of 2666)
[2026-07-27 12:40:42] Importing Lifecycle.members#61.0-318191400000-java.trap.gz (2123 of 2666)
[2026-07-27 12:40:42] Importing MessageSource.members#61.0-318191400000-java.trap.gz (2124 of 2666)
[2026-07-27 12:40:42] Importing MessageSourceResolvable.members#61.0-318191400000-java.trap.gz (2125 of 2666)
[2026-07-27 12:40:42] Importing NoSuchMessageException.members#61.0-318191400000-java.trap.gz (2126 of 2666)
[2026-07-27 12:40:42] Importing PayloadApplicationEvent.members#61.0-318191400000-java.trap.gz (2127 of 2666)
[2026-07-27 12:40:42] Importing ResourceLoaderAware.members#61.0-318191400000-java.trap.gz (2128 of 2666)
[2026-07-27 12:40:42] Importing AnnotationScopeMetadataResolver.members#61.0-318191400000-java.trap.gz (2129 of 2666)
[2026-07-27 12:40:42] Importing Bean$Bootstrap.members#61.0-318191400000-java.trap.gz (2130 of 2666)
[2026-07-27 12:40:42] Importing Bean.members#61.0-318191400000-java.trap.gz (2131 of 2666)
[2026-07-27 12:40:42] Importing ComponentScan$Filter.members#61.0-318191400000-java.trap.gz (2132 of 2666)
[2026-07-27 12:40:42] Importing ComponentScan.members#61.0-318191400000-java.trap.gz (2133 of 2666)
[2026-07-27 12:40:42] Importing ComponentScans.members#61.0-318191400000-java.trap.gz (2134 of 2666)
[2026-07-27 12:40:42] Importing Configuration.members#61.0-318191400000-java.trap.gz (2135 of 2666)
[2026-07-27 12:40:42] Importing DeferredImportSelector$Group$Entry.members#61.0-318191400000-java.trap.gz (2136 of 2666)
[2026-07-27 12:40:42] Importing DeferredImportSelector$Group.members#61.0-318191400000-java.trap.gz (2137 of 2666)
[2026-07-27 12:40:42] Importing DeferredImportSelector.members#61.0-318191400000-java.trap.gz (2138 of 2666)
[2026-07-27 12:40:42] Importing FilterType.members#61.0-318191400000-java.trap.gz (2139 of 2666)
[2026-07-27 12:40:42] Importing Import.members#61.0-318191400000-java.trap.gz (2140 of 2666)
[2026-07-27 12:40:42] Importing ImportBeanDefinitionRegistrar.members#61.0-318191400000-java.trap.gz (2141 of 2666)
[2026-07-27 12:40:42] Importing ImportSelector.members#61.0-318191400000-java.trap.gz (2142 of 2666)
[2026-07-27 12:40:42] Importing Primary.members#61.0-318191400000-java.trap.gz (2143 of 2666)
[2026-07-27 12:40:42] Importing ScopeMetadata.members#61.0-318191400000-java.trap.gz (2144 of 2666)
[2026-07-27 12:40:42] Importing ScopeMetadataResolver.members#61.0-318191400000-java.trap.gz (2145 of 2666)
[2026-07-27 12:40:42] Importing ScopedProxyMode.members#61.0-318191400000-java.trap.gz (2146 of 2666)
[2026-07-27 12:40:42] Importing EventListener.members#61.0-318191400000-java.trap.gz (2147 of 2666)
[2026-07-27 12:40:42] Importing ApplicationObjectSupport.members#61.0-318191400000-java.trap.gz (2148 of 2666)
[2026-07-27 12:40:42] Importing DefaultMessageSourceResolvable.members#61.0-318191400000-java.trap.gz (2149 of 2666)
[2026-07-27 12:40:42] Importing MessageSourceAccessor.members#61.0-318191400000-java.trap.gz (2150 of 2666)
[2026-07-27 12:40:42] Importing AliasRegistry.members#61.0-318191400000-java.trap.gz (2151 of 2666)
[2026-07-27 12:40:42] Importing AttributeAccessor.members#61.0-318191400000-java.trap.gz (2152 of 2666)
[2026-07-27 12:40:42] Importing AttributeAccessorSupport.members#61.0-318191400000-java.trap.gz (2153 of 2666)
[2026-07-27 12:40:42] Importing MethodParameter.members#61.0-318191400000-java.trap.gz (2154 of 2666)
[2026-07-27 12:40:42] Importing NestedRuntimeException.members#61.0-318191400000-java.trap.gz (2155 of 2666)
[2026-07-27 12:40:42] Importing Ordered.members#61.0-318191400000-java.trap.gz (2156 of 2666)
[2026-07-27 12:40:42] Importing ParameterNameDiscoverer.members#61.0-318191400000-java.trap.gz (2157 of 2666)
[2026-07-27 12:40:42] Importing ParameterizedTypeReference.members#61.0-318191400000-java.trap.gz (2158 of 2666)
[2026-07-27 12:40:42] Importing ResolvableType$VariableResolver.members#61.0-318191400000-java.trap.gz (2159 of 2666)
[2026-07-27 12:40:42] Importing ResolvableType.members#61.0-318191400000-java.trap.gz (2160 of 2666)
[2026-07-27 12:40:42] Importing ResolvableTypeProvider.members#61.0-318191400000-java.trap.gz (2161 of 2666)
[2026-07-27 12:40:42] Importing SerializableTypeWrapper$TypeProvider.members#61.0-318191400000-java.trap.gz (2162 of 2666)
[2026-07-27 12:40:42] Importing SerializableTypeWrapper.members#61.0-318191400000-java.trap.gz (2163 of 2666)
[2026-07-27 12:40:42] Importing AliasFor.members#61.0-318191400000-java.trap.gz (2164 of 2666)
[2026-07-27 12:40:42] Importing AnnotationAttributes.members#61.0-318191400000-java.trap.gz (2165 of 2666)
[2026-07-27 12:40:42] Importing AnnotationFilter.members#61.0-318191400000-java.trap.gz (2166 of 2666)
[2026-07-27 12:40:42] Importing MergedAnnotation$Adapt.members#61.0-318191400000-java.trap.gz (2167 of 2666)
[2026-07-27 12:40:42] Importing MergedAnnotation.members#61.0-318191400000-java.trap.gz (2168 of 2666)
[2026-07-27 12:40:42] Importing MergedAnnotationSelector.members#61.0-318191400000-java.trap.gz (2169 of 2666)
[2026-07-27 12:40:42] Importing MergedAnnotations$Search.members#61.0-318191400000-java.trap.gz (2170 of 2666)
[2026-07-27 12:40:42] Importing MergedAnnotations$SearchStrategy.members#61.0-318191400000-java.trap.gz (2171 of 2666)
[2026-07-27 12:40:42] Importing MergedAnnotations.members#61.0-318191400000-java.trap.gz (2172 of 2666)
[2026-07-27 12:40:42] Importing Order.members#61.0-318191400000-java.trap.gz (2173 of 2666)
[2026-07-27 12:40:42] Importing RepeatableContainers.members#61.0-318191400000-java.trap.gz (2174 of 2666)
[2026-07-27 12:40:42] Importing ConversionService.members#61.0-318191400000-java.trap.gz (2175 of 2666)
[2026-07-27 12:40:42] Importing Property.members#61.0-318191400000-java.trap.gz (2176 of 2666)
[2026-07-27 12:40:42] Importing TypeDescriptor.members#61.0-318191400000-java.trap.gz (2177 of 2666)
[2026-07-27 12:40:42] Importing Converter.members#61.0-318191400000-java.trap.gz (2178 of 2666)
[2026-07-27 12:40:42] Importing ConverterFactory.members#61.0-318191400000-java.trap.gz (2179 of 2666)
[2026-07-27 12:40:42] Importing ConverterRegistry.members#61.0-318191400000-java.trap.gz (2180 of 2666)
[2026-07-27 12:40:42] Importing GenericConverter$ConvertiblePair.members#61.0-318191400000-java.trap.gz (2181 of 2666)
[2026-07-27 12:40:42] Importing GenericConverter.members#61.0-318191400000-java.trap.gz (2182 of 2666)
[2026-07-27 12:40:42] Importing ConfigurableConversionService.members#61.0-318191400000-java.trap.gz (2183 of 2666)
[2026-07-27 12:40:42] Importing ConfigurableEnvironment.members#61.0-318191400000-java.trap.gz (2184 of 2666)
[2026-07-27 12:40:42] Importing ConfigurablePropertyResolver.members#61.0-318191400000-java.trap.gz (2185 of 2666)
[2026-07-27 12:40:42] Importing Environment.members#61.0-318191400000-java.trap.gz (2186 of 2666)
[2026-07-27 12:40:42] Importing EnvironmentCapable.members#61.0-318191400000-java.trap.gz (2187 of 2666)
[2026-07-27 12:40:42] Importing MissingRequiredPropertiesException.members#61.0-318191400000-java.trap.gz (2188 of 2666)
[2026-07-27 12:40:42] Importing MutablePropertySources.members#61.0-318191400000-java.trap.gz (2189 of 2666)
[2026-07-27 12:40:42] Importing Profiles.members#61.0-318191400000-java.trap.gz (2190 of 2666)
[2026-07-27 12:40:42] Importing PropertyResolver.members#61.0-318191400000-java.trap.gz (2191 of 2666)
[2026-07-27 12:40:42] Importing PropertySource.members#61.0-318191400000-java.trap.gz (2192 of 2666)
[2026-07-27 12:40:42] Importing PropertySources.members#61.0-318191400000-java.trap.gz (2193 of 2666)
[2026-07-27 12:40:42] Importing InputStreamSource.members#61.0-318191400000-java.trap.gz (2194 of 2666)
[2026-07-27 12:40:42] Importing ProtocolResolver.members#61.0-318191400000-java.trap.gz (2195 of 2666)
[2026-07-27 12:40:42] Importing Resource.members#61.0-318191400000-java.trap.gz (2196 of 2666)
[2026-07-27 12:40:42] Importing ResourceLoader.members#61.0-318191400000-java.trap.gz (2197 of 2666)
[2026-07-27 12:40:42] Importing EncodedResource.members#61.0-318191400000-java.trap.gz (2198 of 2666)
[2026-07-27 12:40:42] Importing PropertySourceDescriptor.members#61.0-318191400000-java.trap.gz (2199 of 2666)
[2026-07-27 12:40:42] Importing PropertySourceFactory.members#61.0-318191400000-java.trap.gz (2200 of 2666)
[2026-07-27 12:40:42] Importing ResourcePatternResolver.members#61.0-318191400000-java.trap.gz (2201 of 2666)
[2026-07-27 12:40:42] Importing ResourceRegion.members#61.0-318191400000-java.trap.gz (2202 of 2666)
[2026-07-27 12:40:42] Importing ApplicationStartup.members#61.0-318191400000-java.trap.gz (2203 of 2666)
[2026-07-27 12:40:42] Importing StartupStep$Tag.members#61.0-318191400000-java.trap.gz (2204 of 2666)
[2026-07-27 12:40:42] Importing StartupStep$Tags.members#61.0-318191400000-java.trap.gz (2205 of 2666)
[2026-07-27 12:40:42] Importing StartupStep.members#61.0-318191400000-java.trap.gz (2206 of 2666)
[2026-07-27 12:40:42] Importing AsyncTaskExecutor.members#61.0-318191400000-java.trap.gz (2207 of 2666)
[2026-07-27 12:40:42] Importing TaskExecutor.members#61.0-318191400000-java.trap.gz (2208 of 2666)
[2026-07-27 12:40:42] Importing AnnotatedTypeMetadata.members#61.0-318191400000-java.trap.gz (2209 of 2666)
[2026-07-27 12:40:42] Importing AnnotationMetadata.members#61.0-318191400000-java.trap.gz (2210 of 2666)
[2026-07-27 12:40:42] Importing ClassMetadata.members#61.0-318191400000-java.trap.gz (2211 of 2666)
[2026-07-27 12:40:42] Importing MethodMetadata.members#61.0-318191400000-java.trap.gz (2212 of 2666)
[2026-07-27 12:40:42] Importing MetadataReader.members#61.0-318191400000-java.trap.gz (2213 of 2666)
[2026-07-27 12:40:42] Importing MetadataReaderFactory.members#61.0-318191400000-java.trap.gz (2214 of 2666)
[2026-07-27 12:40:42] Importing TypeFilter.members#61.0-318191400000-java.trap.gz (2215 of 2666)
[2026-07-27 12:40:42] Importing DataAccessException.members#61.0-318191400000-java.trap.gz (2216 of 2666)
[2026-07-27 12:40:42] Importing InvalidDataAccessApiUsageException.members#61.0-318191400000-java.trap.gz (2217 of 2666)
[2026-07-27 12:40:42] Importing InvalidDataAccessResourceUsageException.members#61.0-318191400000-java.trap.gz (2218 of 2666)
[2026-07-27 12:40:42] Importing NonTransientDataAccessException.members#61.0-318191400000-java.trap.gz (2219 of 2666)
[2026-07-27 12:40:42] Importing UncategorizedDataAccessException.members#61.0-318191400000-java.trap.gz (2220 of 2666)
[2026-07-27 12:40:42] Importing PropertyPath.members#61.0-1780978772000-java.trap.gz (2221 of 2666)
[2026-07-27 12:40:42] Importing PropertyReference.members#61.0-1780978772000-java.trap.gz (2222 of 2666)
[2026-07-27 12:40:42] Importing TypeInformation.members#61.0-1780978772000-java.trap.gz (2223 of 2666)
[2026-07-27 12:40:42] Importing TypedPropertyPath.members#61.0-1780978772000-java.trap.gz (2224 of 2666)
[2026-07-27 12:40:42] Importing Example.members#61.0-1780978772000-java.trap.gz (2225 of 2666)
[2026-07-27 12:40:42] Importing ExampleMatcher$GenericPropertyMatcher.members#61.0-1780978772000-java.trap.gz (2226 of 2666)
[2026-07-27 12:40:42] Importing ExampleMatcher$MatchMode.members#61.0-1780978772000-java.trap.gz (2227 of 2666)
[2026-07-27 12:40:42] Importing ExampleMatcher$MatcherConfigurer.members#61.0-1780978772000-java.trap.gz (2228 of 2666)
[2026-07-27 12:40:42] Importing ExampleMatcher$NullHandler.members#61.0-1780978772000-java.trap.gz (2229 of 2666)
[2026-07-27 12:40:42] Importing ExampleMatcher$PropertySpecifier.members#61.0-1780978772000-java.trap.gz (2230 of 2666)
[2026-07-27 12:40:42] Importing ExampleMatcher$PropertySpecifiers.members#61.0-1780978772000-java.trap.gz (2231 of 2666)
[2026-07-27 12:40:42] Importing ExampleMatcher$PropertyValueTransformer.members#61.0-1780978772000-java.trap.gz (2232 of 2666)
[2026-07-27 12:40:42] Importing ExampleMatcher$StringMatcher.members#61.0-1780978772000-java.trap.gz (2233 of 2666)
[2026-07-27 12:40:42] Importing ExampleMatcher.members#61.0-1780978772000-java.trap.gz (2234 of 2666)
[2026-07-27 12:40:42] Importing KeysetScrollPosition.members#61.0-1780978772000-java.trap.gz (2235 of 2666)
[2026-07-27 12:40:42] Importing Limit$Limited.members#61.0-1780978772000-java.trap.gz (2236 of 2666)
[2026-07-27 12:40:42] Importing Limit$Unlimited.members#61.0-1780978772000-java.trap.gz (2237 of 2666)
[2026-07-27 12:40:42] Importing Limit.members#61.0-1780978772000-java.trap.gz (2238 of 2666)
[2026-07-27 12:40:42] Importing OffsetScrollPosition.members#61.0-1780978772000-java.trap.gz (2239 of 2666)
[2026-07-27 12:40:42] Importing Page.members#61.0-1780978772000-java.trap.gz (2240 of 2666)
[2026-07-27 12:40:42] Importing Pageable.members#61.0-1780978772000-java.trap.gz (2241 of 2666)
[2026-07-27 12:40:42] Importing ScrollPosition$Direction.members#61.0-1780978772000-java.trap.gz (2242 of 2666)
[2026-07-27 12:40:42] Importing ScrollPosition.members#61.0-1780978772000-java.trap.gz (2243 of 2666)
[2026-07-27 12:40:42] Importing Slice.members#61.0-1780978772000-java.trap.gz (2244 of 2666)
[2026-07-27 12:40:42] Importing Sort$Direction.members#61.0-1780978772000-java.trap.gz (2245 of 2666)
[2026-07-27 12:40:42] Importing Sort$NullHandling.members#61.0-1780978772000-java.trap.gz (2246 of 2666)
[2026-07-27 12:40:42] Importing Sort$Order.members#61.0-1780978772000-java.trap.gz (2247 of 2666)
[2026-07-27 12:40:42] Importing Sort$TypedSort.members#61.0-1780978772000-java.trap.gz (2248 of 2666)
[2026-07-27 12:40:42] Importing Sort.members#61.0-1780978772000-java.trap.gz (2249 of 2666)
[2026-07-27 12:40:42] Importing Window.members#61.0-1780978772000-java.trap.gz (2250 of 2666)
[2026-07-27 12:40:42] Importing JpaRepository.members#61.0-1780978862000-java.trap.gz (2251 of 2666)
[2026-07-27 12:40:42] Importing CrudRepository.members#61.0-1780978774000-java.trap.gz (2252 of 2666)
[2026-07-27 12:40:42] Importing ListCrudRepository.members#61.0-1780978774000-java.trap.gz (2253 of 2666)
[2026-07-27 12:40:42] Importing ListPagingAndSortingRepository.members#61.0-1780978774000-java.trap.gz (2254 of 2666)
[2026-07-27 12:40:42] Importing NoRepositoryBean.members#61.0-1780978774000-java.trap.gz (2255 of 2666)
[2026-07-27 12:40:42] Importing PagingAndSortingRepository.members#61.0-1780978774000-java.trap.gz (2256 of 2666)
[2026-07-27 12:40:42] Importing Repository.members#61.0-1780978774000-java.trap.gz (2257 of 2666)
[2026-07-27 12:40:42] Importing FluentQuery$FetchableFluentQuery.members#61.0-1780978774000-java.trap.gz (2258 of 2666)
[2026-07-27 12:40:42] Importing FluentQuery.members#61.0-1780978774000-java.trap.gz (2259 of 2666)
[2026-07-27 12:40:42] Importing QueryByExampleExecutor.members#61.0-1780978774000-java.trap.gz (2260 of 2666)
[2026-07-27 12:40:42] Importing MethodInvocationRecorder$PropertyNameDetectionStrategy.members#61.0-1780978772000-java.trap.gz (2261 of 2666)
[2026-07-27 12:40:42] Importing MethodInvocationRecorder$Recorded$ToCollectionConverter.members#61.0-1780978772000-java.trap.gz (2262 of 2666)
[2026-07-27 12:40:42] Importing MethodInvocationRecorder$Recorded$ToMapConverter.members#61.0-1780978772000-java.trap.gz (2263 of 2666)
[2026-07-27 12:40:42] Importing MethodInvocationRecorder$Recorded.members#61.0-1780978772000-java.trap.gz (2264 of 2666)
[2026-07-27 12:40:42] Importing MethodInvocationRecorder.members#61.0-1780978772000-java.trap.gz (2265 of 2666)
[2026-07-27 12:40:42] Importing Streamable.members#61.0-1780978772000-java.trap.gz (2266 of 2666)
[2026-07-27 12:40:42] Importing AnnotationFormatterFactory.members#61.0-318191400000-java.trap.gz (2267 of 2666)
[2026-07-27 12:40:42] Importing Formatter.members#61.0-318191400000-java.trap.gz (2268 of 2666)
[2026-07-27 12:40:42] Importing FormatterRegistry.members#61.0-318191400000-java.trap.gz (2269 of 2666)
[2026-07-27 12:40:42] Importing Parser.members#61.0-318191400000-java.trap.gz (2270 of 2666)
[2026-07-27 12:40:42] Importing Printer.members#61.0-318191400000-java.trap.gz (2271 of 2666)
[2026-07-27 12:40:42] Importing CacheControl.members#61.0-318191400000-java.trap.gz (2272 of 2666)
[2026-07-27 12:40:42] Importing ContentDisposition$Builder.members#61.0-318191400000-java.trap.gz (2273 of 2666)
[2026-07-27 12:40:42] Importing ContentDisposition.members#61.0-318191400000-java.trap.gz (2274 of 2666)
[2026-07-27 12:40:42] Importing DefaultHttpStatusCode.members#61.0-318191400000-java.trap.gz (2275 of 2666)
[2026-07-27 12:40:42] Importing HttpEntity.members#61.0-318191400000-java.trap.gz (2276 of 2666)
[2026-07-27 12:40:42] Importing HttpHeaders.members#61.0-318191400000-java.trap.gz (2277 of 2666)
[2026-07-27 12:40:42] Importing HttpInputMessage.members#61.0-318191400000-java.trap.gz (2278 of 2666)
[2026-07-27 12:40:42] Importing HttpMessage.members#61.0-318191400000-java.trap.gz (2279 of 2666)
[2026-07-27 12:40:42] Importing HttpMethod.members#61.0-318191400000-java.trap.gz (2280 of 2666)
[2026-07-27 12:40:42] Importing HttpOutputMessage.members#61.0-318191400000-java.trap.gz (2281 of 2666)
[2026-07-27 12:40:42] Importing HttpRange.members#61.0-318191400000-java.trap.gz (2282 of 2666)
[2026-07-27 12:40:42] Importing HttpStatus$Series.members#61.0-318191400000-java.trap.gz (2283 of 2666)
[2026-07-27 12:40:42] Importing HttpStatus.members#61.0-318191400000-java.trap.gz (2284 of 2666)
[2026-07-27 12:40:42] Importing HttpStatusCode.members#61.0-318191400000-java.trap.gz (2285 of 2666)
[2026-07-27 12:40:42] Importing MediaType.members#61.0-318191400000-java.trap.gz (2286 of 2666)
[2026-07-27 12:40:42] Importing ProblemDetail.members#61.0-318191400000-java.trap.gz (2287 of 2666)
[2026-07-27 12:40:42] Importing ResponseEntity$BodyBuilder.members#61.0-318191400000-java.trap.gz (2288 of 2666)
[2026-07-27 12:40:42] Importing ResponseEntity$HeadersBuilder.members#61.0-318191400000-java.trap.gz (2289 of 2666)
[2026-07-27 12:40:42] Importing ResponseEntity.members#61.0-318191400000-java.trap.gz (2290 of 2666)
[2026-07-27 12:40:42] Importing AbstractGenericHttpMessageConverter.members#61.0-318191400000-java.trap.gz (2291 of 2666)
[2026-07-27 12:40:42] Importing AbstractHttpMessageConverter.members#61.0-318191400000-java.trap.gz (2292 of 2666)
[2026-07-27 12:40:42] Importing GenericHttpMessageConverter.members#61.0-318191400000-java.trap.gz (2293 of 2666)
[2026-07-27 12:40:42] Importing HttpMessageConversionException.members#61.0-318191400000-java.trap.gz (2294 of 2666)
[2026-07-27 12:40:42] Importing HttpMessageConverter.members#61.0-318191400000-java.trap.gz (2295 of 2666)
[2026-07-27 12:40:42] Importing HttpMessageConverters$Builder.members#61.0-318191400000-java.trap.gz (2296 of 2666)
[2026-07-27 12:40:42] Importing HttpMessageConverters$ClientBuilder.members#61.0-318191400000-java.trap.gz (2297 of 2666)
[2026-07-27 12:40:42] Importing HttpMessageConverters$ServerBuilder.members#61.0-318191400000-java.trap.gz (2298 of 2666)
[2026-07-27 12:40:42] Importing HttpMessageConverters.members#61.0-318191400000-java.trap.gz (2299 of 2666)
[2026-07-27 12:40:42] Importing HttpMessageNotReadableException.members#61.0-318191400000-java.trap.gz (2300 of 2666)
[2026-07-27 12:40:42] Importing HttpMessageNotWritableException.members#61.0-318191400000-java.trap.gz (2301 of 2666)
[2026-07-27 12:40:42] Importing ResourceHttpMessageConverter.members#61.0-318191400000-java.trap.gz (2302 of 2666)
[2026-07-27 12:40:42] Importing ResourceRegionHttpMessageConverter.members#61.0-318191400000-java.trap.gz (2303 of 2666)
[2026-07-27 12:40:42] Importing PathContainer$Element.members#61.0-318191400000-java.trap.gz (2304 of 2666)
[2026-07-27 12:40:42] Importing PathContainer$Options.members#61.0-318191400000-java.trap.gz (2305 of 2666)
[2026-07-27 12:40:42] Importing PathContainer.members#61.0-318191400000-java.trap.gz (2306 of 2666)
[2026-07-27 12:40:42] Importing RequestPath.members#61.0-318191400000-java.trap.gz (2307 of 2666)
[2026-07-27 12:40:42] Importing InvalidResultSetAccessException.members#61.0-318191400000-java.trap.gz (2308 of 2666)
[2026-07-27 12:40:42] Importing SQLWarningException.members#61.0-318191400000-java.trap.gz (2309 of 2666)
[2026-07-27 12:40:42] Importing BatchPreparedStatementSetter.members#61.0-318191400000-java.trap.gz (2310 of 2666)
[2026-07-27 12:40:42] Importing CallableStatementCallback.members#61.0-318191400000-java.trap.gz (2311 of 2666)
[2026-07-27 12:40:42] Importing CallableStatementCreator.members#61.0-318191400000-java.trap.gz (2312 of 2666)
[2026-07-27 12:40:42] Importing ConnectionCallback.members#61.0-318191400000-java.trap.gz (2313 of 2666)
[2026-07-27 12:40:42] Importing JdbcOperations.members#61.0-318191400000-java.trap.gz (2314 of 2666)
[2026-07-27 12:40:42] Importing JdbcTemplate.members#61.0-318191400000-java.trap.gz (2315 of 2666)
[2026-07-27 12:40:42] Importing ParameterizedPreparedStatementSetter.members#61.0-318191400000-java.trap.gz (2316 of 2666)
[2026-07-27 12:40:42] Importing PreparedStatementCallback.members#61.0-318191400000-java.trap.gz (2317 of 2666)
[2026-07-27 12:40:42] Importing PreparedStatementCreator.members#61.0-318191400000-java.trap.gz (2318 of 2666)
[2026-07-27 12:40:42] Importing PreparedStatementSetter.members#61.0-318191400000-java.trap.gz (2319 of 2666)
[2026-07-27 12:40:42] Importing ResultSetExtractor.members#61.0-318191400000-java.trap.gz (2320 of 2666)
[2026-07-27 12:40:42] Importing ResultSetSupportingSqlParameter.members#61.0-318191400000-java.trap.gz (2321 of 2666)
[2026-07-27 12:40:42] Importing RowCallbackHandler.members#61.0-318191400000-java.trap.gz (2322 of 2666)
[2026-07-27 12:40:42] Importing RowMapper.members#61.0-318191400000-java.trap.gz (2323 of 2666)
[2026-07-27 12:40:42] Importing SqlParameter.members#61.0-318191400000-java.trap.gz (2324 of 2666)
[2026-07-27 12:40:42] Importing StatementCallback.members#61.0-318191400000-java.trap.gz (2325 of 2666)
[2026-07-27 12:40:42] Importing JdbcAccessor.members#61.0-318191400000-java.trap.gz (2326 of 2666)
[2026-07-27 12:40:42] Importing KeyHolder.members#61.0-318191400000-java.trap.gz (2327 of 2666)
[2026-07-27 12:40:42] Importing SQLExceptionTranslator.members#61.0-318191400000-java.trap.gz (2328 of 2666)
[2026-07-27 12:40:42] Importing SqlRowSet.members#61.0-318191400000-java.trap.gz (2329 of 2666)
[2026-07-27 12:40:42] Importing SqlRowSetMetaData.members#61.0-318191400000-java.trap.gz (2330 of 2666)
[2026-07-27 12:40:42] Importing CheckReturnValue.members#61.0-318191400000-java.trap.gz (2331 of 2666)
[2026-07-27 12:40:42] Importing Contract.members#61.0-318191400000-java.trap.gz (2332 of 2666)
[2026-07-27 12:40:42] Importing Component.members#61.0-318191400000-java.trap.gz (2333 of 2666)
[2026-07-27 12:40:42] Importing Controller.members#61.0-318191400000-java.trap.gz (2334 of 2666)
[2026-07-27 12:40:42] Importing Indexed.members#61.0-318191400000-java.trap.gz (2335 of 2666)
[2026-07-27 12:40:42] Importing Repository.members#61.0-318191400000-java.trap.gz (2336 of 2666)
[2026-07-27 12:40:42] Importing Service.members#61.0-318191400000-java.trap.gz (2337 of 2666)
[2026-07-27 12:40:42] Importing DirtiesContext$ClassMode.members#61.0-318191400000-java.trap.gz (2338 of 2666)
[2026-07-27 12:40:42] Importing DirtiesContext$HierarchyMode.members#61.0-318191400000-java.trap.gz (2339 of 2666)
[2026-07-27 12:40:42] Importing DirtiesContext$MethodMode.members#61.0-318191400000-java.trap.gz (2340 of 2666)
[2026-07-27 12:40:42] Importing DirtiesContext.members#61.0-318191400000-java.trap.gz (2341 of 2666)
[2026-07-27 12:40:42] Importing BootstrapContext.members#61.0-318191400000-java.trap.gz (2342 of 2666)
[2026-07-27 12:40:42] Importing BootstrapWith.members#61.0-318191400000-java.trap.gz (2343 of 2666)
[2026-07-27 12:40:42] Importing CacheAwareContextLoaderDelegate.members#61.0-318191400000-java.trap.gz (2344 of 2666)
[2026-07-27 12:40:42] Importing ContextConfiguration.members#61.0-318191400000-java.trap.gz (2345 of 2666)
[2026-07-27 12:40:42] Importing ContextConfigurationAttributes.members#61.0-318191400000-java.trap.gz (2346 of 2666)
[2026-07-27 12:40:42] Importing ContextCustomizer.members#61.0-318191400000-java.trap.gz (2347 of 2666)
[2026-07-27 12:40:42] Importing ContextCustomizerFactory.members#61.0-318191400000-java.trap.gz (2348 of 2666)
[2026-07-27 12:40:42] Importing ContextLoader.members#61.0-318191400000-java.trap.gz (2349 of 2666)
[2026-07-27 12:40:42] Importing MergedContextConfiguration.members#61.0-318191400000-java.trap.gz (2350 of 2666)
[2026-07-27 12:40:42] Importing MethodInvoker.members#61.0-318191400000-java.trap.gz (2351 of 2666)
[2026-07-27 12:40:42] Importing TestContext.members#61.0-318191400000-java.trap.gz (2352 of 2666)
[2026-07-27 12:40:42] Importing TestContextBootstrapper.members#61.0-318191400000-java.trap.gz (2353 of 2666)
[2026-07-27 12:40:42] Importing TestContextManager.members#61.0-318191400000-java.trap.gz (2354 of 2666)
[2026-07-27 12:40:42] Importing TestExecutionListener.members#61.0-318191400000-java.trap.gz (2355 of 2666)
[2026-07-27 12:40:42] Importing AotTestAttributes.members#61.0-318191400000-java.trap.gz (2356 of 2666)
[2026-07-27 12:40:42] Importing SpringExtension.members#61.0-318191400000-java.trap.gz (2357 of 2666)
[2026-07-27 12:40:42] Importing AbstractTestContextBootstrapper.members#61.0-318191400000-java.trap.gz (2358 of 2666)
[2026-07-27 12:40:42] Importing DefaultTestContextBootstrapper.members#61.0-318191400000-java.trap.gz (2359 of 2666)
[2026-07-27 12:40:42] Importing ModelMap.members#61.0-318191400000-java.trap.gz (2360 of 2666)
[2026-07-27 12:40:42] Importing ConcurrentReferenceHashMap$Entry.members#61.0-318191400000-java.trap.gz (2361 of 2666)
[2026-07-27 12:40:42] Importing ConcurrentReferenceHashMap$Reference.members#61.0-318191400000-java.trap.gz (2362 of 2666)
[2026-07-27 12:40:42] Importing ConcurrentReferenceHashMap$ReferenceManager.members#61.0-318191400000-java.trap.gz (2363 of 2666)
[2026-07-27 12:40:42] Importing ConcurrentReferenceHashMap$ReferenceType.members#61.0-318191400000-java.trap.gz (2364 of 2666)
[2026-07-27 12:40:42] Importing ConcurrentReferenceHashMap$Restructure.members#61.0-318191400000-java.trap.gz (2365 of 2666)
[2026-07-27 12:40:42] Importing ConcurrentReferenceHashMap$Segment.members#61.0-318191400000-java.trap.gz (2366 of 2666)
[2026-07-27 12:40:42] Importing ConcurrentReferenceHashMap.members#61.0-318191400000-java.trap.gz (2367 of 2666)
[2026-07-27 12:40:42] Importing MimeType.members#61.0-318191400000-java.trap.gz (2368 of 2666)
[2026-07-27 12:40:42] Importing MultiValueMap.members#61.0-318191400000-java.trap.gz (2369 of 2666)
[2026-07-27 12:40:42] Importing PathMatcher.members#61.0-318191400000-java.trap.gz (2370 of 2666)
[2026-07-27 12:40:42] Importing StringValueResolver.members#61.0-318191400000-java.trap.gz (2371 of 2666)
[2026-07-27 12:40:42] Importing ThrowingConsumer.members#61.0-318191400000-java.trap.gz (2372 of 2666)
[2026-07-27 12:40:42] Importing ThrowingSupplier.members#61.0-318191400000-java.trap.gz (2373 of 2666)
[2026-07-27 12:40:42] Importing AbstractBindingResult.members#61.0-318191400000-java.trap.gz (2374 of 2666)
[2026-07-27 12:40:42] Importing AbstractErrors.members#61.0-318191400000-java.trap.gz (2375 of 2666)
[2026-07-27 12:40:42] Importing AbstractPropertyBindingResult.members#61.0-318191400000-java.trap.gz (2376 of 2666)
[2026-07-27 12:40:42] Importing BindException.members#61.0-318191400000-java.trap.gz (2377 of 2666)
[2026-07-27 12:40:42] Importing BindingErrorProcessor.members#61.0-318191400000-java.trap.gz (2378 of 2666)
[2026-07-27 12:40:42] Importing BindingResult.members#61.0-318191400000-java.trap.gz (2379 of 2666)
[2026-07-27 12:40:42] Importing DataBinder$NameResolver.members#61.0-318191400000-java.trap.gz (2380 of 2666)
[2026-07-27 12:40:42] Importing DataBinder$ValueResolver.members#61.0-318191400000-java.trap.gz (2381 of 2666)
[2026-07-27 12:40:42] Importing DataBinder.members#61.0-318191400000-java.trap.gz (2382 of 2666)
[2026-07-27 12:40:42] Importing Errors.members#61.0-318191400000-java.trap.gz (2383 of 2666)
[2026-07-27 12:40:42] Importing FieldError.members#61.0-318191400000-java.trap.gz (2384 of 2666)
[2026-07-27 12:40:42] Importing MessageCodesResolver.members#61.0-318191400000-java.trap.gz (2385 of 2666)
[2026-07-27 12:40:42] Importing ObjectError.members#61.0-318191400000-java.trap.gz (2386 of 2666)
[2026-07-27 12:40:42] Importing Validator.members#61.0-318191400000-java.trap.gz (2387 of 2666)
[2026-07-27 12:40:42] Importing ErrorResponse$Builder.members#61.0-318191400000-java.trap.gz (2388 of 2666)
[2026-07-27 12:40:42] Importing ErrorResponse$Interceptor.members#61.0-318191400000-java.trap.gz (2389 of 2666)
[2026-07-27 12:40:42] Importing ErrorResponse.members#61.0-318191400000-java.trap.gz (2390 of 2666)
[2026-07-27 12:40:42] Importing ErrorResponseException.members#61.0-318191400000-java.trap.gz (2391 of 2666)
[2026-07-27 12:40:42] Importing HttpMediaTypeException.members#61.0-318191400000-java.trap.gz (2392 of 2666)
[2026-07-27 12:40:42] Importing HttpMediaTypeNotAcceptableException.members#61.0-318191400000-java.trap.gz (2393 of 2666)
[2026-07-27 12:40:42] Importing HttpRequestHandler.members#61.0-318191400000-java.trap.gz (2394 of 2666)
[2026-07-27 12:40:42] Importing ApiVersionDeprecationHandler.members#61.0-318191400000-java.trap.gz (2395 of 2666)
[2026-07-27 12:40:42] Importing ApiVersionParser.members#61.0-318191400000-java.trap.gz (2396 of 2666)
[2026-07-27 12:40:42] Importing ApiVersionResolver.members#61.0-318191400000-java.trap.gz (2397 of 2666)
[2026-07-27 12:40:42] Importing ApiVersionStrategy.members#61.0-318191400000-java.trap.gz (2398 of 2666)
[2026-07-27 12:40:42] Importing ContentNegotiationManager.members#61.0-318191400000-java.trap.gz (2399 of 2666)
[2026-07-27 12:40:42] Importing ContentNegotiationStrategy.members#61.0-318191400000-java.trap.gz (2400 of 2666)
[2026-07-27 12:40:42] Importing InvalidApiVersionException.members#61.0-318191400000-java.trap.gz (2401 of 2666)
[2026-07-27 12:40:42] Importing MediaTypeFileExtensionResolver.members#61.0-318191400000-java.trap.gz (2402 of 2666)
[2026-07-27 12:40:42] Importing MissingApiVersionException.members#61.0-318191400000-java.trap.gz (2403 of 2666)
[2026-07-27 12:40:42] Importing WebDataBinder.members#61.0-318191400000-java.trap.gz (2404 of 2666)
[2026-07-27 12:40:42] Importing ControllerAdvice.members#61.0-318191400000-java.trap.gz (2405 of 2666)
[2026-07-27 12:40:42] Importing ControllerMappingReflectiveProcessor.members#61.0-318191400000-java.trap.gz (2406 of 2666)
[2026-07-27 12:40:42] Importing DeleteMapping.members#61.0-318191400000-java.trap.gz (2407 of 2666)
[2026-07-27 12:40:42] Importing ExceptionHandler.members#61.0-318191400000-java.trap.gz (2408 of 2666)
[2026-07-27 12:40:42] Importing ExceptionHandlerReflectiveProcessor.members#61.0-318191400000-java.trap.gz (2409 of 2666)
[2026-07-27 12:40:42] Importing GetMapping.members#61.0-318191400000-java.trap.gz (2410 of 2666)
[2026-07-27 12:40:42] Importing Mapping.members#61.0-318191400000-java.trap.gz (2411 of 2666)
[2026-07-27 12:40:42] Importing PathVariable.members#61.0-318191400000-java.trap.gz (2412 of 2666)
[2026-07-27 12:40:42] Importing PostMapping.members#61.0-318191400000-java.trap.gz (2413 of 2666)
[2026-07-27 12:40:42] Importing RequestBody.members#61.0-318191400000-java.trap.gz (2414 of 2666)
[2026-07-27 12:40:42] Importing RequestMapping.members#61.0-318191400000-java.trap.gz (2415 of 2666)
[2026-07-27 12:40:42] Importing RequestMethod.members#61.0-318191400000-java.trap.gz (2416 of 2666)
[2026-07-27 12:40:42] Importing RequestParam.members#61.0-318191400000-java.trap.gz (2417 of 2666)
[2026-07-27 12:40:42] Importing ResponseBody.members#61.0-318191400000-java.trap.gz (2418 of 2666)
[2026-07-27 12:40:42] Importing ResponseStatus.members#61.0-318191400000-java.trap.gz (2419 of 2666)
[2026-07-27 12:40:42] Importing RestController.members#61.0-318191400000-java.trap.gz (2420 of 2666)
[2026-07-27 12:40:42] Importing SessionStatus.members#61.0-318191400000-java.trap.gz (2421 of 2666)
[2026-07-27 12:40:42] Importing WebDataBinderFactory.members#61.0-318191400000-java.trap.gz (2422 of 2666)
[2026-07-27 12:40:42] Importing ServletContextAware.members#61.0-318191400000-java.trap.gz (2423 of 2666)
[2026-07-27 12:40:42] Importing WebApplicationContext.members#61.0-318191400000-java.trap.gz (2424 of 2666)
[2026-07-27 12:40:42] Importing NativeWebRequest.members#61.0-318191400000-java.trap.gz (2425 of 2666)
[2026-07-27 12:40:42] Importing RequestAttributes.members#61.0-318191400000-java.trap.gz (2426 of 2666)
[2026-07-27 12:40:42] Importing WebRequest.members#61.0-318191400000-java.trap.gz (2427 of 2666)
[2026-07-27 12:40:42] Importing WebRequestInterceptor.members#61.0-318191400000-java.trap.gz (2428 of 2666)
[2026-07-27 12:40:42] Importing CallableProcessingInterceptor.members#61.0-318191400000-java.trap.gz (2429 of 2666)
[2026-07-27 12:40:42] Importing DeferredResult$DeferredResultHandler.members#61.0-318191400000-java.trap.gz (2430 of 2666)
[2026-07-27 12:40:42] Importing DeferredResult.members#61.0-318191400000-java.trap.gz (2431 of 2666)
[2026-07-27 12:40:42] Importing DeferredResultProcessingInterceptor.members#61.0-318191400000-java.trap.gz (2432 of 2666)
[2026-07-27 12:40:42] Importing WebApplicationObjectSupport.members#61.0-318191400000-java.trap.gz (2433 of 2666)
[2026-07-27 12:40:42] Importing CorsConfiguration.members#61.0-318191400000-java.trap.gz (2434 of 2666)
[2026-07-27 12:40:42] Importing CorsConfigurationSource.members#61.0-318191400000-java.trap.gz (2435 of 2666)
[2026-07-27 12:40:42] Importing CorsProcessor.members#61.0-318191400000-java.trap.gz (2436 of 2666)
[2026-07-27 12:40:42] Importing HandlerMethodArgumentResolver.members#61.0-318191400000-java.trap.gz (2437 of 2666)
[2026-07-27 12:40:42] Importing HandlerMethodReturnValueHandler.members#61.0-318191400000-java.trap.gz (2438 of 2666)
[2026-07-27 12:40:42] Importing ModelAndViewContainer.members#61.0-318191400000-java.trap.gz (2439 of 2666)
[2026-07-27 12:40:42] Importing MultipartFile.members#61.0-318191400000-java.trap.gz (2440 of 2666)
[2026-07-27 12:40:42] Importing ResponseStatusException.members#61.0-318191400000-java.trap.gz (2441 of 2666)
[2026-07-27 12:40:42] Importing HandlerExceptionResolver.members#61.0-318191400000-java.trap.gz (2442 of 2666)
[2026-07-27 12:40:42] Importing HandlerExecutionChain.members#61.0-318191400000-java.trap.gz (2443 of 2666)
[2026-07-27 12:40:42] Importing HandlerInterceptor.members#61.0-318191400000-java.trap.gz (2444 of 2666)
[2026-07-27 12:40:42] Importing HandlerMapping.members#61.0-318191400000-java.trap.gz (2445 of 2666)
[2026-07-27 12:40:42] Importing ModelAndView.members#61.0-318191400000-java.trap.gz (2446 of 2666)
[2026-07-27 12:40:42] Importing View.members#61.0-318191400000-java.trap.gz (2447 of 2666)
[2026-07-27 12:40:42] Importing ViewResolver.members#61.0-318191400000-java.trap.gz (2448 of 2666)
[2026-07-27 12:40:43] Importing ApiVersionConfigurer.members#61.0-318191400000-java.trap.gz (2449 of 2666)
[2026-07-27 12:40:43] Importing AsyncSupportConfigurer.members#61.0-318191400000-java.trap.gz (2450 of 2666)
[2026-07-27 12:40:43] Importing ContentNegotiationConfigurer.members#61.0-318191400000-java.trap.gz (2451 of 2666)
[2026-07-27 12:40:43] Importing CorsRegistration.members#61.0-318191400000-java.trap.gz (2452 of 2666)
[2026-07-27 12:40:43] Importing CorsRegistry.members#61.0-318191400000-java.trap.gz (2453 of 2666)
[2026-07-27 12:40:43] Importing DefaultServletHandlerConfigurer.members#61.0-318191400000-java.trap.gz (2454 of 2666)
[2026-07-27 12:40:43] Importing InterceptorRegistration.members#61.0-318191400000-java.trap.gz (2455 of 2666)
[2026-07-27 12:40:43] Importing InterceptorRegistry.members#61.0-318191400000-java.trap.gz (2456 of 2666)
[2026-07-27 12:40:43] Importing PathMatchConfigurer.members#61.0-318191400000-java.trap.gz (2457 of 2666)
[2026-07-27 12:40:43] Importing RedirectViewControllerRegistration.members#61.0-318191400000-java.trap.gz (2458 of 2666)
[2026-07-27 12:40:43] Importing ResourceChainRegistration.members#61.0-318191400000-java.trap.gz (2459 of 2666)
[2026-07-27 12:40:43] Importing ResourceHandlerRegistration.members#61.0-318191400000-java.trap.gz (2460 of 2666)
[2026-07-27 12:40:43] Importing ResourceHandlerRegistry.members#61.0-318191400000-java.trap.gz (2461 of 2666)
[2026-07-27 12:40:43] Importing UrlBasedViewResolverRegistration.members#61.0-318191400000-java.trap.gz (2462 of 2666)
[2026-07-27 12:40:43] Importing ViewControllerRegistration.members#61.0-318191400000-java.trap.gz (2463 of 2666)
[2026-07-27 12:40:43] Importing ViewControllerRegistry.members#61.0-318191400000-java.trap.gz (2464 of 2666)
[2026-07-27 12:40:43] Importing ViewResolverRegistry.members#61.0-318191400000-java.trap.gz (2465 of 2666)
[2026-07-27 12:40:43] Importing WebMvcConfigurer.members#61.0-318191400000-java.trap.gz (2466 of 2666)
[2026-07-27 12:40:43] Importing AbstractHandlerMapping.members#61.0-318191400000-java.trap.gz (2467 of 2666)
[2026-07-27 12:40:43] Importing AbstractUrlHandlerMapping.members#61.0-318191400000-java.trap.gz (2468 of 2666)
[2026-07-27 12:40:43] Importing MappedInterceptor.members#61.0-318191400000-java.trap.gz (2469 of 2666)
[2026-07-27 12:40:43] Importing MatchableHandlerMapping.members#61.0-318191400000-java.trap.gz (2470 of 2666)
[2026-07-27 12:40:43] Importing RequestMatchResult.members#61.0-318191400000-java.trap.gz (2471 of 2666)
[2026-07-27 12:40:43] Importing SimpleUrlHandlerMapping.members#61.0-318191400000-java.trap.gz (2472 of 2666)
[2026-07-27 12:40:43] Importing AbstractController.members#61.0-318191400000-java.trap.gz (2473 of 2666)
[2026-07-27 12:40:43] Importing Controller.members#61.0-318191400000-java.trap.gz (2474 of 2666)
[2026-07-27 12:40:43] Importing ParameterizableViewController.members#61.0-318191400000-java.trap.gz (2475 of 2666)
[2026-07-27 12:40:43] Importing ResourceHttpRequestHandler.members#61.0-318191400000-java.trap.gz (2476 of 2666)
[2026-07-27 12:40:43] Importing ResourceResolver.members#61.0-318191400000-java.trap.gz (2477 of 2666)
[2026-07-27 12:40:43] Importing ResourceResolverChain.members#61.0-318191400000-java.trap.gz (2478 of 2666)
[2026-07-27 12:40:43] Importing ResourceTransformer.members#61.0-318191400000-java.trap.gz (2479 of 2666)
[2026-07-27 12:40:43] Importing ResourceTransformerChain.members#61.0-318191400000-java.trap.gz (2480 of 2666)
[2026-07-27 12:40:43] Importing BindStatus.members#61.0-318191400000-java.trap.gz (2481 of 2666)
[2026-07-27 12:40:43] Importing RequestContext.members#61.0-318191400000-java.trap.gz (2482 of 2666)
[2026-07-27 12:40:43] Importing RequestDataValueProcessor.members#61.0-318191400000-java.trap.gz (2483 of 2666)
[2026-07-27 12:40:43] Importing WebContentGenerator.members#61.0-318191400000-java.trap.gz (2484 of 2666)
[2026-07-27 12:40:43] Importing AbstractCachingViewResolver$CacheFilter.members#61.0-318191400000-java.trap.gz (2485 of 2666)
[2026-07-27 12:40:43] Importing AbstractCachingViewResolver.members#61.0-318191400000-java.trap.gz (2486 of 2666)
[2026-07-27 12:40:43] Importing AbstractUrlBasedView.members#61.0-318191400000-java.trap.gz (2487 of 2666)
[2026-07-27 12:40:43] Importing AbstractView.members#61.0-318191400000-java.trap.gz (2488 of 2666)
[2026-07-27 12:40:43] Importing UrlBasedViewResolver.members#61.0-318191400000-java.trap.gz (2489 of 2666)
[2026-07-27 12:40:43] Importing UrlPathHelper.members#61.0-318191400000-java.trap.gz (2490 of 2666)
[2026-07-27 12:40:43] Importing PathElement.members#61.0-318191400000-java.trap.gz (2491 of 2666)
[2026-07-27 12:40:43] Importing PathPattern$MatchingContext.members#61.0-318191400000-java.trap.gz (2492 of 2666)
[2026-07-27 12:40:43] Importing PathPattern$PathMatchInfo.members#61.0-318191400000-java.trap.gz (2493 of 2666)
[2026-07-27 12:40:43] Importing PathPattern$PathRemainingMatchInfo.members#61.0-318191400000-java.trap.gz (2494 of 2666)
[2026-07-27 12:40:43] Importing PathPattern.members#61.0-318191400000-java.trap.gz (2495 of 2666)
[2026-07-27 12:40:43] Importing PathPatternParser.members#61.0-318191400000-java.trap.gz (2496 of 2666)
[2026-07-27 12:40:43] Importing PatternParseException$PatternMessage.members#61.0-318191400000-java.trap.gz (2497 of 2666)
[2026-07-27 12:40:43] Importing PatternParseException.members#61.0-318191400000-java.trap.gz (2498 of 2666)
[2026-07-27 12:40:43] Importing AppContext.members#65.0-1749716035193-java.trap.gz (2499 of 2666)
[2026-07-27 12:40:43] Importing ComponentFactory.members#65.0-1749716035193-java.trap.gz (2500 of 2666)
[2026-07-27 12:40:43] Importing ConstrainableGraphics.members#65.0-1749716035193-java.trap.gz (2501 of 2666)
[2026-07-27 12:40:43] Importing DisplayChangedListener.members#65.0-1749716035193-java.trap.gz (2502 of 2666)
[2026-07-27 12:40:43] Importing EventQueueItem.members#65.0-1749716035193-java.trap.gz (2503 of 2666)
[2026-07-27 12:40:43] Importing RequestFocusController.members#65.0-1749716035193-java.trap.gz (2504 of 2666)
[2026-07-27 12:40:43] Importing DataTransferer.members#65.0-1749716035193-java.trap.gz (2505 of 2666)
[2026-07-27 12:40:43] Importing ToolkitThreadBlockedHandler.members#65.0-1749716035193-java.trap.gz (2506 of 2666)
[2026-07-27 12:40:43] Importing PathConsumer2D.members#65.0-1749716035193-java.trap.gz (2507 of 2666)
[2026-07-27 12:40:43] Importing PixelConverter.members#65.0-1749716035193-java.trap.gz (2508 of 2666)
[2026-07-27 12:40:43] Importing SurfaceManager$FlushableCacheData.members#65.0-1749716035193-java.trap.gz (2509 of 2666)
[2026-07-27 12:40:43] Importing SurfaceManager$ImageAccessor.members#65.0-1749716035193-java.trap.gz (2510 of 2666)
[2026-07-27 12:40:43] Importing SurfaceManager.members#65.0-1749716035193-java.trap.gz (2511 of 2666)
[2026-07-27 12:40:43] Importing IdentityArrayList.members#65.0-1749716035193-java.trap.gz (2512 of 2666)
[2026-07-27 12:40:43] Importing CharToGlyphMapper.members#65.0-1749716035193-java.trap.gz (2513 of 2666)
[2026-07-27 12:40:43] Importing Font2D.members#65.0-1749716035193-java.trap.gz (2514 of 2666)
[2026-07-27 12:40:43] Importing Font2DHandle.members#65.0-1749716035193-java.trap.gz (2515 of 2666)
[2026-07-27 12:40:43] Importing FontFamily.members#65.0-1749716035193-java.trap.gz (2516 of 2666)
[2026-07-27 12:40:43] Importing FontStrike.members#65.0-1749716035193-java.trap.gz (2517 of 2666)
[2026-07-27 12:40:43] Importing FontStrikeDesc.members#65.0-1749716035193-java.trap.gz (2518 of 2666)
[2026-07-27 12:40:43] Importing FontStrikeDisposer.members#65.0-1749716035193-java.trap.gz (2519 of 2666)
[2026-07-27 12:40:43] Importing GlyphList.members#65.0-1749716035193-java.trap.gz (2520 of 2666)
[2026-07-27 12:40:43] Importing StrikeMetrics.members#65.0-1749716035193-java.trap.gz (2521 of 2666)
[2026-07-27 12:40:43] Importing Empty.members#65.0-1749716035193-java.trap.gz (2522 of 2666)
[2026-07-27 12:40:43] Importing Wrapper.members#65.0-1749716035193-java.trap.gz (2523 of 2666)
[2026-07-27 12:40:43] Importing DestSurfaceProvider.members#65.0-1749716035193-java.trap.gz (2524 of 2666)
[2026-07-27 12:40:43] Importing Disposer$PollDisposable.members#65.0-1749716035193-java.trap.gz (2525 of 2666)
[2026-07-27 12:40:43] Importing Disposer.members#65.0-1749716035193-java.trap.gz (2526 of 2666)
[2026-07-27 12:40:43] Importing DisposerRecord.members#65.0-1749716035193-java.trap.gz (2527 of 2666)
[2026-07-27 12:40:43] Importing DisposerTarget.members#65.0-1749716035193-java.trap.gz (2528 of 2666)
[2026-07-27 12:40:43] Importing ReentrantContext.members#65.0-1749716035193-java.trap.gz (2529 of 2666)
[2026-07-27 12:40:43] Importing StateTrackable$State.members#65.0-1749716035193-java.trap.gz (2530 of 2666)
[2026-07-27 12:40:43] Importing StateTrackable.members#65.0-1749716035193-java.trap.gz (2531 of 2666)
[2026-07-27 12:40:43] Importing StateTrackableDelegate.members#65.0-1749716035193-java.trap.gz (2532 of 2666)
[2026-07-27 12:40:43] Importing StateTracker.members#65.0-1749716035193-java.trap.gz (2533 of 2666)
[2026-07-27 12:40:43] Importing SunGraphics2D.members#65.0-1749716035193-java.trap.gz (2534 of 2666)
[2026-07-27 12:40:43] Importing Surface.members#65.0-1749716035193-java.trap.gz (2535 of 2666)
[2026-07-27 12:40:43] Importing SurfaceData.members#65.0-1749716035193-java.trap.gz (2536 of 2666)
[2026-07-27 12:40:43] Importing SurfaceDataProxy.members#65.0-1749716035193-java.trap.gz (2537 of 2666)
[2026-07-27 12:40:43] Importing Profile.members#65.0-1749716035193-java.trap.gz (2538 of 2666)
[2026-07-27 12:40:43] Importing ProfileDeferralInfo.members#65.0-1749716035193-java.trap.gz (2539 of 2666)
[2026-07-27 12:40:43] Importing Blit.members#65.0-1749716035193-java.trap.gz (2540 of 2666)
[2026-07-27 12:40:43] Importing CompositeType.members#65.0-1749716035193-java.trap.gz (2541 of 2666)
[2026-07-27 12:40:43] Importing DrawGlyphList.members#65.0-1749716035193-java.trap.gz (2542 of 2666)
[2026-07-27 12:40:43] Importing DrawGlyphListAA.members#65.0-1749716035193-java.trap.gz (2543 of 2666)
[2026-07-27 12:40:43] Importing DrawGlyphListColor.members#65.0-1749716035193-java.trap.gz (2544 of 2666)
[2026-07-27 12:40:43] Importing DrawGlyphListLCD.members#65.0-1749716035193-java.trap.gz (2545 of 2666)
[2026-07-27 12:40:43] Importing DrawLine.members#65.0-1749716035193-java.trap.gz (2546 of 2666)
[2026-07-27 12:40:43] Importing DrawParallelogram.members#65.0-1749716035193-java.trap.gz (2547 of 2666)
[2026-07-27 12:40:43] Importing DrawPath.members#65.0-1749716035193-java.trap.gz (2548 of 2666)
[2026-07-27 12:40:43] Importing DrawPolygons.members#65.0-1749716035193-java.trap.gz (2549 of 2666)
[2026-07-27 12:40:43] Importing DrawRect.members#65.0-1749716035193-java.trap.gz (2550 of 2666)
[2026-07-27 12:40:43] Importing FillParallelogram.members#65.0-1749716035193-java.trap.gz (2551 of 2666)
[2026-07-27 12:40:43] Importing FillPath.members#65.0-1749716035193-java.trap.gz (2552 of 2666)
[2026-07-27 12:40:43] Importing FillRect.members#65.0-1749716035193-java.trap.gz (2553 of 2666)
[2026-07-27 12:40:43] Importing FillSpans.members#65.0-1749716035193-java.trap.gz (2554 of 2666)
[2026-07-27 12:40:43] Importing FontInfo.members#65.0-1749716035193-java.trap.gz (2555 of 2666)
[2026-07-27 12:40:43] Importing GraphicsPrimitive$GeneralBinaryOp.members#65.0-1749716035193-java.trap.gz (2556 of 2666)
[2026-07-27 12:40:43] Importing GraphicsPrimitive$GeneralUnaryOp.members#65.0-1749716035193-java.trap.gz (2557 of 2666)
[2026-07-27 12:40:43] Importing GraphicsPrimitive.members#65.0-1749716035193-java.trap.gz (2558 of 2666)
[2026-07-27 12:40:43] Importing MaskFill.members#65.0-1749716035193-java.trap.gz (2559 of 2666)
[2026-07-27 12:40:43] Importing RenderLoops.members#65.0-1749716035193-java.trap.gz (2560 of 2666)
[2026-07-27 12:40:43] Importing SurfaceType.members#65.0-1749716035193-java.trap.gz (2561 of 2666)
[2026-07-27 12:40:43] Importing AAShapePipe$TileState.members#65.0-1749716035193-java.trap.gz (2562 of 2666)
[2026-07-27 12:40:43] Importing AAShapePipe.members#65.0-1749716035193-java.trap.gz (2563 of 2666)
[2026-07-27 12:40:43] Importing AATileGenerator.members#65.0-1749716035193-java.trap.gz (2564 of 2666)
[2026-07-27 12:40:43] Importing AlphaColorPipe.members#65.0-1749716035193-java.trap.gz (2565 of 2666)
[2026-07-27 12:40:43] Importing CompositePipe.members#65.0-1749716035193-java.trap.gz (2566 of 2666)
[2026-07-27 12:40:43] Importing DrawImagePipe.members#65.0-1749716035193-java.trap.gz (2567 of 2666)
[2026-07-27 12:40:43] Importing LoopBasedPipe.members#65.0-1749716035193-java.trap.gz (2568 of 2666)
[2026-07-27 12:40:43] Importing LoopPipe.members#65.0-1749716035193-java.trap.gz (2569 of 2666)
[2026-07-27 12:40:43] Importing ParallelogramPipe.members#65.0-1749716035193-java.trap.gz (2570 of 2666)
[2026-07-27 12:40:43] Importing PixelDrawPipe.members#65.0-1749716035193-java.trap.gz (2571 of 2666)
[2026-07-27 12:40:43] Importing PixelFillPipe.members#65.0-1749716035193-java.trap.gz (2572 of 2666)
[2026-07-27 12:40:43] Importing PixelToParallelogramConverter.members#65.0-1749716035193-java.trap.gz (2573 of 2666)
[2026-07-27 12:40:43] Importing PixelToShapeConverter.members#65.0-1749716035193-java.trap.gz (2574 of 2666)
[2026-07-27 12:40:43] Importing Region.members#65.0-1749716035193-java.trap.gz (2575 of 2666)
[2026-07-27 12:40:43] Importing RegionIterator.members#65.0-1749716035193-java.trap.gz (2576 of 2666)
[2026-07-27 12:40:43] Importing RenderingEngine.members#65.0-1749716035193-java.trap.gz (2577 of 2666)
[2026-07-27 12:40:43] Importing ShapeDrawPipe.members#65.0-1749716035193-java.trap.gz (2578 of 2666)
[2026-07-27 12:40:43] Importing ShapeSpanIterator.members#65.0-1749716035193-java.trap.gz (2579 of 2666)
[2026-07-27 12:40:43] Importing SpanIterator.members#65.0-1749716035193-java.trap.gz (2580 of 2666)
[2026-07-27 12:40:43] Importing SpanShapeRenderer.members#65.0-1749716035193-java.trap.gz (2581 of 2666)
[2026-07-27 12:40:43] Importing TextPipe.members#65.0-1749716035193-java.trap.gz (2582 of 2666)
[2026-07-27 12:40:43] Importing ValidatePipe.members#65.0-1749716035193-java.trap.gz (2583 of 2666)
[2026-07-27 12:40:43] Importing DirectBuffer.members#65.0-1749716035193-java.trap.gz (2584 of 2666)
[2026-07-27 12:40:43] Importing Interruptible.members#65.0-1749716035193-java.trap.gz (2585 of 2666)
[2026-07-27 12:40:43] Importing AnnotationType.members#65.0-1749716035193-java.trap.gz (2586 of 2666)
[2026-07-27 12:40:43] Importing GenericsFactory.members#65.0-1749716035193-java.trap.gz (2587 of 2666)
[2026-07-27 12:40:43] Importing AbstractRepository.members#65.0-1749716035193-java.trap.gz (2588 of 2666)
[2026-07-27 12:40:43] Importing ConstructorRepository.members#65.0-1749716035193-java.trap.gz (2589 of 2666)
[2026-07-27 12:40:43] Importing GenericDeclRepository.members#65.0-1749716035193-java.trap.gz (2590 of 2666)
[2026-07-27 12:40:43] Importing MethodRepository.members#65.0-1749716035193-java.trap.gz (2591 of 2666)
[2026-07-27 12:40:43] Importing ArrayTypeSignature.members#65.0-1749716035193-java.trap.gz (2592 of 2666)
[2026-07-27 12:40:43] Importing BaseType.members#65.0-1749716035193-java.trap.gz (2593 of 2666)
[2026-07-27 12:40:43] Importing BooleanSignature.members#65.0-1749716035193-java.trap.gz (2594 of 2666)
[2026-07-27 12:40:43] Importing BottomSignature.members#65.0-1749716035193-java.trap.gz (2595 of 2666)
[2026-07-27 12:40:43] Importing ByteSignature.members#65.0-1749716035193-java.trap.gz (2596 of 2666)
[2026-07-27 12:40:43] Importing CharSignature.members#65.0-1749716035193-java.trap.gz (2597 of 2666)
[2026-07-27 12:40:43] Importing ClassSignature.members#65.0-1749716035193-java.trap.gz (2598 of 2666)
[2026-07-27 12:40:43] Importing ClassTypeSignature.members#65.0-1749716035193-java.trap.gz (2599 of 2666)
[2026-07-27 12:40:43] Importing DoubleSignature.members#65.0-1749716035193-java.trap.gz (2600 of 2666)
[2026-07-27 12:40:43] Importing FieldTypeSignature.members#65.0-1749716035193-java.trap.gz (2601 of 2666)
[2026-07-27 12:40:43] Importing FloatSignature.members#65.0-1749716035193-java.trap.gz (2602 of 2666)
[2026-07-27 12:40:43] Importing FormalTypeParameter.members#65.0-1749716035193-java.trap.gz (2603 of 2666)
[2026-07-27 12:40:43] Importing IntSignature.members#65.0-1749716035193-java.trap.gz (2604 of 2666)
[2026-07-27 12:40:43] Importing LongSignature.members#65.0-1749716035193-java.trap.gz (2605 of 2666)
[2026-07-27 12:40:43] Importing MethodTypeSignature.members#65.0-1749716035193-java.trap.gz (2606 of 2666)
[2026-07-27 12:40:43] Importing ReturnType.members#65.0-1749716035193-java.trap.gz (2607 of 2666)
[2026-07-27 12:40:43] Importing ShortSignature.members#65.0-1749716035193-java.trap.gz (2608 of 2666)
[2026-07-27 12:40:43] Importing Signature.members#65.0-1749716035193-java.trap.gz (2609 of 2666)
[2026-07-27 12:40:43] Importing SimpleClassTypeSignature.members#65.0-1749716035193-java.trap.gz (2610 of 2666)
[2026-07-27 12:40:43] Importing Tree.members#65.0-1749716035193-java.trap.gz (2611 of 2666)
[2026-07-27 12:40:43] Importing TypeArgument.members#65.0-1749716035193-java.trap.gz (2612 of 2666)
[2026-07-27 12:40:43] Importing TypeSignature.members#65.0-1749716035193-java.trap.gz (2613 of 2666)
[2026-07-27 12:40:43] Importing TypeTree.members#65.0-1749716035193-java.trap.gz (2614 of 2666)
[2026-07-27 12:40:43] Importing TypeVariableSignature.members#65.0-1749716035193-java.trap.gz (2615 of 2666)
[2026-07-27 12:40:43] Importing VoidDescriptor.members#65.0-1749716035193-java.trap.gz (2616 of 2666)
[2026-07-27 12:40:43] Importing Wildcard.members#65.0-1749716035193-java.trap.gz (2617 of 2666)
[2026-07-27 12:40:43] Importing Reifier.members#65.0-1749716035193-java.trap.gz (2618 of 2666)
[2026-07-27 12:40:43] Importing TypeTreeVisitor.members#65.0-1749716035193-java.trap.gz (2619 of 2666)
[2026-07-27 12:40:43] Importing Visitor.members#65.0-1749716035193-java.trap.gz (2620 of 2666)
[2026-07-27 12:40:43] Importing Debug.members#65.0-1749716035193-java.trap.gz (2621 of 2666)
[2026-07-27 12:40:43] Importing BaseLocale.members#65.0-1749716035193-java.trap.gz (2622 of 2666)
[2026-07-27 12:40:43] Importing Extension.members#65.0-1749716035193-java.trap.gz (2623 of 2666)
[2026-07-27 12:40:43] Importing InternalLocaleBuilder$CaseInsensitiveChar.members#65.0-1749716035193-java.trap.gz (2624 of 2666)
[2026-07-27 12:40:43] Importing InternalLocaleBuilder$CaseInsensitiveString.members#65.0-1749716035193-java.trap.gz (2625 of 2666)
[2026-07-27 12:40:43] Importing InternalLocaleBuilder.members#65.0-1749716035193-java.trap.gz (2626 of 2666)
[2026-07-27 12:40:43] Importing LanguageTag.members#65.0-1749716035193-java.trap.gz (2627 of 2666)
[2026-07-27 12:40:43] Importing LocaleExtensions.members#65.0-1749716035193-java.trap.gz (2628 of 2666)
[2026-07-27 12:40:43] Importing LocaleSyntaxException.members#65.0-1749716035193-java.trap.gz (2629 of 2666)
[2026-07-27 12:40:43] Importing ParseStatus.members#65.0-1749716035193-java.trap.gz (2630 of 2666)
[2026-07-27 12:40:43] Importing diagnostic-1.trap.gz (2631 of 2666)
[2026-07-27 12:40:43] Importing diagnostic.trap.gz (2632 of 2666)
[2026-07-27 12:40:43] Importing jackson-annotations-2.21.jar.trap.gz (2633 of 2666)
[2026-07-27 12:40:43] Importing jackson-core-2.21.4.jar.trap.gz (2634 of 2666)
[2026-07-27 12:40:43] Importing jackson-databind-2.21.5.jar.trap.gz (2635 of 2666)
[2026-07-27 12:40:43] Importing commons-logging-1.3.6.jar.trap.gz (2636 of 2666)
[2026-07-27 12:40:43] Importing jakarta.annotation-api-3.0.0.jar.trap.gz (2637 of 2666)
[2026-07-27 12:40:43] Importing jakarta.persistence-api-3.2.0.jar.trap.gz (2638 of 2666)
[2026-07-27 12:40:43] Importing tomcat-embed-core-11.0.24.jar.trap.gz (2639 of 2666)
[2026-07-27 12:40:43] Importing apiguardian-api-1.1.2.jar.trap.gz (2640 of 2666)
[2026-07-27 12:40:43] Importing junit-jupiter-api-6.0.3.jar.trap.gz (2641 of 2666)
[2026-07-27 12:40:43] Importing junit-platform-commons-6.0.3.jar.trap.gz (2642 of 2666)
[2026-07-27 12:40:43] Importing opentest4j-1.3.0.jar.trap.gz (2643 of 2666)
[2026-07-27 12:40:43] Importing lombok-1.18.46.jar.trap.gz (2644 of 2666)
[2026-07-27 12:40:43] Importing slf4j-api-2.0.18.jar.trap.gz (2645 of 2666)
[2026-07-27 12:40:43] Importing spring-boot-4.1.0.jar.trap.gz (2646 of 2666)
[2026-07-27 12:40:43] Importing spring-boot-autoconfigure-4.1.0.jar.trap.gz (2647 of 2666)
[2026-07-27 12:40:43] Importing spring-boot-jdbc-4.1.0.jar.trap.gz (2648 of 2666)
[2026-07-27 12:40:43] Importing spring-boot-test-4.1.0.jar.trap.gz (2649 of 2666)
[2026-07-27 12:40:43] Importing spring-data-commons-4.1.0.jar.trap.gz (2650 of 2666)
[2026-07-27 12:40:43] Importing spring-data-jpa-4.1.0.jar.trap.gz (2651 of 2666)
[2026-07-27 12:40:43] Importing spring-beans-7.0.8.jar.trap.gz (2652 of 2666)
[2026-07-27 12:40:43] Importing spring-context-7.0.8.jar.trap.gz (2653 of 2666)
[2026-07-27 12:40:43] Importing spring-core-7.0.8.jar.trap.gz (2654 of 2666)
[2026-07-27 12:40:43] Importing spring-jdbc-7.0.8.jar.trap.gz (2655 of 2666)
[2026-07-27 12:40:43] Importing spring-test-7.0.8.jar.trap.gz (2656 of 2666)
[2026-07-27 12:40:43] Importing spring-tx-7.0.8.jar.trap.gz (2657 of 2666)
[2026-07-27 12:40:43] Importing spring-web-7.0.8.jar.trap.gz (2658 of 2666)
[2026-07-27 12:40:43] Importing spring-webmvc-7.0.8.jar.trap.gz (2659 of 2666)
[2026-07-27 12:40:43] Importing metadata.trap.gz (2660 of 2666)
[2026-07-27 12:40:43] Importing java.base.trap.gz (2661 of 2666)
[2026-07-27 12:40:43] Importing java.datatransfer.trap.gz (2662 of 2666)
[2026-07-27 12:40:43] Importing java.desktop.trap.gz (2663 of 2666)
[2026-07-27 12:40:43] Importing java.logging.trap.gz (2664 of 2666)
[2026-07-27 12:40:43] Importing java.sql.trap.gz (2665 of 2666)
[2026-07-27 12:40:43] Importing java.xml.trap.gz (2666 of 2666)
[2026-07-27 12:40:43] [PROGRESS] dataset import> Merging relations
[2026-07-27 12:40:43] Merging 1 fragment for 'files'.
[2026-07-27 12:40:43] Merged 5709 bytes (5.58 KiB) for 'files'.
[2026-07-27 12:40:43] Merging 1 fragment for 'folders'.
[2026-07-27 12:40:43] Merged 1176 bytes (1.15 KiB) for 'folders'.
[2026-07-27 12:40:43] Merging 1 fragment for 'containerparent'.
[2026-07-27 12:40:43] Merged 5199 bytes (5.08 KiB) for 'containerparent'.
[2026-07-27 12:40:43] Merging 1 fragment for 'configs'.
[2026-07-27 12:40:43] Merged 102 bytes for 'configs'.
[2026-07-27 12:40:43] Merging 1 fragment for 'locations_default'.
[2026-07-27 12:40:43] Merged 87791 bytes (85.73 KiB) for 'locations_default'.
[2026-07-27 12:40:43] Merging 1 fragment for 'configLocations'.
[2026-07-27 12:40:43] Merged 515 bytes for 'configLocations'.
[2026-07-27 12:40:43] Merging 1 fragment for 'configNames'.
[2026-07-27 12:40:44] Merged 285 bytes for 'configNames'.
[2026-07-27 12:40:44] Merging 1 fragment for 'configValues'.
[2026-07-27 12:40:44] Merged 321 bytes for 'configValues'.
[2026-07-27 12:40:44] Merging 1 fragment for 'xmllocations'.
[2026-07-27 12:40:44] Merged 284 bytes for 'xmllocations'.
[2026-07-27 12:40:44] Merging 1 fragment for 'xmlNs'.
[2026-07-27 12:40:44] Merged 49 bytes for 'xmlNs'.
[2026-07-27 12:40:44] Merging 1 fragment for 'xmlElements'.
[2026-07-27 12:40:44] Merged 347 bytes for 'xmlElements'.
[2026-07-27 12:40:44] Merging 1 fragment for 'xmlHasNs'.
[2026-07-27 12:40:44] Merged 116 bytes for 'xmlHasNs'.
[2026-07-27 12:40:44] Merging 1 fragment for 'xmlAttrs'.
[2026-07-27 12:40:44] Merged 70 bytes for 'xmlAttrs'.
[2026-07-27 12:40:44] Merging 1 fragment for 'xmlChars'.
[2026-07-27 12:40:44] Merged 193 bytes for 'xmlChars'.
[2026-07-27 12:40:44] Merging 1 fragment for 'numlines'.
[2026-07-27 12:40:44] Merged 2174 bytes (2.12 KiB) for 'numlines'.
[2026-07-27 12:40:44] Merging 1 fragment for 'xmlComments'.
[2026-07-27 12:40:44] Merged 70 bytes for 'xmlComments'.
[2026-07-27 12:40:44] Merging 1 fragment for 'xmlEncoding'.
[2026-07-27 12:40:44] Merged 27 bytes for 'xmlEncoding'.
[2026-07-27 12:40:44] Merging 2 fragments for 'hasLocation'.
[2026-07-27 12:40:44] Merged 186070 bytes (181.71 KiB) for 'hasLocation'.
[2026-07-27 12:40:44] Merging 1 fragment for 'packages'.
[2026-07-27 12:40:44] Merged 1035 bytes (1.01 KiB) for 'packages'.
[2026-07-27 12:40:44] Merging 1 fragment for 'cupackage'.
[2026-07-27 12:40:44] Merged 4149 bytes (4.05 KiB) for 'cupackage'.
[2026-07-27 12:40:44] Merging 1 fragment for 'imports'.
[2026-07-27 12:40:44] Merged 1084 bytes (1.06 KiB) for 'imports'.
[2026-07-27 12:40:44] Merging 1 fragment for 'fields'.
[2026-07-27 12:40:44] Merged 29366 bytes (28.68 KiB) for 'fields'.
[2026-07-27 12:40:44] Merging 1 fragment for 'modifiers'.
[2026-07-27 12:40:44] Merged 63 bytes for 'modifiers'.
[2026-07-27 12:40:44] Merging 2 fragments for 'hasModifier'.
[2026-07-27 12:40:44] Merged 211855 bytes (206.89 KiB) for 'hasModifier'.
[2026-07-27 12:40:44] Merging 1 fragment for 'exprs'.
[2026-07-27 12:40:44] Merged 158914 bytes (155.19 KiB) for 'exprs'.
[2026-07-27 12:40:44] Merging 1 fragment for 'arrays'.
[2026-07-27 12:40:44] Merged 3588 bytes (3.50 KiB) for 'arrays'.
[2026-07-27 12:40:44] Merging 1 fragment for 'methods'.
[2026-07-27 12:40:44] Merged 283418 bytes (276.78 KiB) for 'methods'.
[2026-07-27 12:40:44] Merging 1 fragment for 'extendsReftype'.
[2026-07-27 12:40:44] Merged 26492 bytes (25.87 KiB) for 'extendsReftype'.
[2026-07-27 12:40:44] Merging 1 fragment for 'implInterface'.
[2026-07-27 12:40:44] Merged 16290 bytes (15.91 KiB) for 'implInterface'.
[2026-07-27 12:40:44] Merging 1 fragment for 'namestrings'.
[2026-07-27 12:40:44] Merged 11776 bytes (11.50 KiB) for 'namestrings'.
[2026-07-27 12:40:44] Merging 1 fragment for 'annotValue'.
[2026-07-27 12:40:44] Merged 18611 bytes (18.17 KiB) for 'annotValue'.
[2026-07-27 12:40:44] Merging 1 fragment for 'hasJavadoc'.
[2026-07-27 12:40:44] Merged 181 bytes for 'hasJavadoc'.
[2026-07-27 12:40:44] Merging 1 fragment for 'stmts'.
[2026-07-27 12:40:44] Merged 19322 bytes (18.87 KiB) for 'stmts'.
[2026-07-27 12:40:44] Merging 1 fragment for 'callableEnclosingExpr'.
[2026-07-27 12:40:44] Merged 17901 bytes (17.48 KiB) for 'callableEnclosingExpr'.
[2026-07-27 12:40:44] Merging 1 fragment for 'statementEnclosingExpr'.
[2026-07-27 12:40:44] Merged 23937 bytes (23.38 KiB) for 'statementEnclosingExpr'.
[2026-07-27 12:40:44] Merging 1 fragment for 'variableBinding'.
[2026-07-27 12:40:44] Merged 15123 bytes (14.77 KiB) for 'variableBinding'.
[2026-07-27 12:40:44] Merging 1 fragment for 'wildcards'.
[2026-07-27 12:40:44] Merged 2439 bytes (2.38 KiB) for 'wildcards'.
[2026-07-27 12:40:44] Merging 1 fragment for 'typeBounds'.
[2026-07-27 12:40:44] Merged 4203 bytes (4.10 KiB) for 'typeBounds'.
[2026-07-27 12:40:44] Merging 1 fragment for 'classes_or_interfaces'.
[2026-07-27 12:40:44] Merged 54825 bytes (53.54 KiB) for 'classes_or_interfaces'.
[2026-07-27 12:40:44] Merging 1 fragment for 'cumodule'.
[2026-07-27 12:40:44] Merged 1831 bytes (1.79 KiB) for 'cumodule'.
[2026-07-27 12:40:44] Merging 1 fragment for 'isInterface'.
[2026-07-27 12:40:44] Merged 5716 bytes (5.58 KiB) for 'isInterface'.
[2026-07-27 12:40:44] Merging 1 fragment for 'enclInReftype'.
[2026-07-27 12:40:44] Merged 3026 bytes (2.96 KiB) for 'enclInReftype'.
[2026-07-27 12:40:44] Merging 1 fragment for 'typeArgs'.
[2026-07-27 12:40:44] Merged 19004 bytes (18.56 KiB) for 'typeArgs'.
[2026-07-27 12:40:44] Merging 1 fragment for 'isParameterized'.
[2026-07-27 12:40:44] Merged 6716 bytes (6.56 KiB) for 'isParameterized'.
[2026-07-27 12:40:44] Merging 1 fragment for 'callableBinding'.
[2026-07-27 12:40:44] Merged 7967 bytes (7.78 KiB) for 'callableBinding'.
[2026-07-27 12:40:44] Merging 1 fragment for 'primitives'.
[2026-07-27 12:40:44] Merged 61 bytes for 'primitives'.
[2026-07-27 12:40:44] Merging 1 fragment for 'fielddecls'.
[2026-07-27 12:40:44] Merged 533 bytes for 'fielddecls'.
[2026-07-27 12:40:44] Merging 1 fragment for 'fieldDeclaredIn'.
[2026-07-27 12:40:44] Merged 700 bytes for 'fieldDeclaredIn'.
[2026-07-27 12:40:44] Merging 1 fragment for 'params'.
[2026-07-27 12:40:44] Merged 269318 bytes (263.01 KiB) for 'params'.
[2026-07-27 12:40:44] Merging 1 fragment for 'paramName'.
[2026-07-27 12:40:44] Merged 1295 bytes (1.26 KiB) for 'paramName'.
[2026-07-27 12:40:44] Merging 1 fragment for 'isRaw'.
[2026-07-27 12:40:44] Merged 336 bytes for 'isRaw'.
[2026-07-27 12:40:44] Merging 1 fragment for 'javadoc'.
[2026-07-27 12:40:44] Merged 230 bytes for 'javadoc'.
[2026-07-27 12:40:44] Merging 1 fragment for 'isNormalComment'.
[2026-07-27 12:40:44] Merged 190 bytes for 'isNormalComment'.
[2026-07-27 12:40:44] Merging 1 fragment for 'isEolComment'.
[2026-07-27 12:40:44] Merged 190 bytes for 'isEolComment'.
[2026-07-27 12:40:44] Merging 1 fragment for 'javadocText'.
[2026-07-27 12:40:44] Merged 996 bytes for 'javadocText'.
[2026-07-27 12:40:44] Merging 1 fragment for 'localvars'.
[2026-07-27 12:40:44] Merged 4087 bytes (3.99 KiB) for 'localvars'.
[2026-07-27 12:40:44] Merging 1 fragment for 'typeVars'.
[2026-07-27 12:40:44] Merged 6663 bytes (6.51 KiB) for 'typeVars'.
[2026-07-27 12:40:44] Merging 1 fragment for 'isVarargsParam'.
[2026-07-27 12:40:44] Merged 699 bytes for 'isVarargsParam'.
[2026-07-27 12:40:44] Merging 1 fragment for 'constrs'.
[2026-07-27 12:40:44] Merged 19166 bytes (18.72 KiB) for 'constrs'.
[2026-07-27 12:40:44] Merging 1 fragment for 'exceptions'.
[2026-07-27 12:40:44] Merged 13460 bytes (13.14 KiB) for 'exceptions'.
[2026-07-27 12:40:44] Merging 1 fragment for 'isParenthesized'.
[2026-07-27 12:40:44] Merged 134 bytes for 'isParenthesized'.
[2026-07-27 12:40:44] Merging 1 fragment for 'javadocTag'.
[2026-07-27 12:40:44] Merged 148 bytes for 'javadocTag'.
[2026-07-27 12:40:44] Merging 1 fragment for 'lambdaKind'.
[2026-07-27 12:40:44] Merged 72 bytes for 'lambdaKind'.
[2026-07-27 12:40:44] Merging 1 fragment for 'error_type'.
[2026-07-27 12:40:44] Merged 18 bytes for 'error_type'.
[2026-07-27 12:40:44] Merging 1 fragment for 'isAnonymClass'.
[2026-07-27 12:40:44] Merged 153 bytes for 'isAnonymClass'.
[2026-07-27 12:40:44] Merging 1 fragment for 'isDefConstr'.
[2026-07-27 12:40:44] Merged 113 bytes for 'isDefConstr'.
[2026-07-27 12:40:44] Merging 1 fragment for 'memberRefBinding'.
[2026-07-27 12:40:44] Merged 73 bytes for 'memberRefBinding'.
[2026-07-27 12:40:44] Merging 1 fragment for 'permits'.
[2026-07-27 12:40:44] Merged 1465 bytes (1.43 KiB) for 'permits'.
[2026-07-27 12:40:44] Merging 1 fragment for 'isAnnotType'.
[2026-07-27 12:40:44] Merged 189 bytes for 'isAnnotType'.
[2026-07-27 12:40:44] Merging 1 fragment for 'isAnnotElem'.
[2026-07-27 12:40:44] Merged 344 bytes for 'isAnnotElem'.
[2026-07-27 12:40:44] Merging 1 fragment for 'isEnumType'.
[2026-07-27 12:40:44] Merged 266 bytes for 'isEnumType'.
[2026-07-27 12:40:44] Merging 1 fragment for 'isEnumConst'.
[2026-07-27 12:40:44] Merged 1240 bytes (1.21 KiB) for 'isEnumConst'.
[2026-07-27 12:40:44] Merging 1 fragment for 'isRecord'.
[2026-07-27 12:40:44] Merged 25 bytes for 'isRecord'.
[2026-07-27 12:40:44] Merging 1 fragment for 'compilations'.
[2026-07-27 12:40:44] Merged 58 bytes for 'compilations'.
[2026-07-27 12:40:44] Merging 1 fragment for 'compilation_args'.
[2026-07-27 12:40:44] Merged 69 bytes for 'compilation_args'.
[2026-07-27 12:40:44] Merging 1 fragment for 'compilation_expanded_args'.
[2026-07-27 12:40:44] Merged 263 bytes for 'compilation_expanded_args'.
[2026-07-27 12:40:44] Merging 1 fragment for 'diagnostic_for'.
[2026-07-27 12:40:44] Merged 56 bytes for 'diagnostic_for'.
[2026-07-27 12:40:44] Merging 1 fragment for 'diagnostics'.
[2026-07-27 12:40:44] Merged 93 bytes for 'diagnostics'.
[2026-07-27 12:40:44] Merging 1 fragment for 'compilation_info'.
[2026-07-27 12:40:44] Merged 65 bytes for 'compilation_info'.
[2026-07-27 12:40:44] Merging 1 fragment for 'compilation_time'.
[2026-07-27 12:40:44] Merged 2873 bytes (2.81 KiB) for 'compilation_time'.
[2026-07-27 12:40:44] Merging 1 fragment for 'compilation_compiling_files'.
[2026-07-27 12:40:44] Merged 207 bytes for 'compilation_compiling_files'.
[2026-07-27 12:40:44] Merging 1 fragment for 'compilation_compiling_files_completed'.
[2026-07-27 12:40:44] Merged 101 bytes for 'compilation_compiling_files_completed'.
[2026-07-27 12:40:44] Merging 1 fragment for 'compilation_finished'.
[2026-07-27 12:40:44] Merged 92 bytes for 'compilation_finished'.
[2026-07-27 12:40:44] Merging 1 fragment for 'jarManifestMain'.
[2026-07-27 12:40:44] Merged 1148 bytes (1.12 KiB) for 'jarManifestMain'.
[2026-07-27 12:40:44] Merging 1 fragment for 'jarManifestEntries'.
[2026-07-27 12:40:44] Merged 216 bytes for 'jarManifestEntries'.
[2026-07-27 12:40:44] Merging 1 fragment for 'sourceLocationPrefix'.
[2026-07-27 12:40:44] Merged 17 bytes for 'sourceLocationPrefix'.
[2026-07-27 12:40:44] Merging 1 fragment for 'modules'.
[2026-07-27 12:40:44] Merged 146 bytes for 'modules'.
[2026-07-27 12:40:44] Merging 1 fragment for 'exports'.
[2026-07-27 12:40:44] Merged 629 bytes for 'exports'.
[2026-07-27 12:40:44] Merging 1 fragment for 'directives'.
[2026-07-27 12:40:44] Merged 362 bytes for 'directives'.
[2026-07-27 12:40:44] Merging 1 fragment for 'exportsTo'.
[2026-07-27 12:40:44] Merged 457 bytes for 'exportsTo'.
[2026-07-27 12:40:44] Merging 1 fragment for 'uses'.
[2026-07-27 12:40:44] Merged 160 bytes for 'uses'.
[2026-07-27 12:40:44] Merging 1 fragment for 'provides'.
[2026-07-27 12:40:44] Merged 60 bytes for 'provides'.
[2026-07-27 12:40:44] Merging 1 fragment for 'providesWith'.
[2026-07-27 12:40:44] Merged 93 bytes for 'providesWith'.
[2026-07-27 12:40:44] Merging 1 fragment for 'requires'.
[2026-07-27 12:40:44] Merged 68 bytes for 'requires'.
[2026-07-27 12:40:44] Merging 1 fragment for 'isTransitive'.
[2026-07-27 12:40:44] Merged 24 bytes for 'isTransitive'.
[2026-07-27 12:40:44] Merging 1 fragment for 'opens'.
[2026-07-27 12:40:44] Merged 32 bytes for 'opens'.
[2026-07-27 12:40:44] Merging 1 fragment for 'opensTo'.
[2026-07-27 12:40:44] Merged 33 bytes for 'opensTo'.
[2026-07-27 12:40:44] Saving string and id pools to disk.
[2026-07-27 12:40:45] Finished importing TRAP files.
[2026-07-27 12:40:45] Read 48.03 MiB of uncompressed TRAP data.
[2026-07-27 12:40:45] Uncompressed relation data size: 5.56 MiB
[2026-07-27 12:40:45] Relation data size: 1.50 MiB (merge rate: 1.42 MiB/s)
[2026-07-27 12:40:45] String pool size: 5.53 MiB
[2026-07-27 12:40:45] ID pool size: 10.00 MiB
[2026-07-27 12:40:45] [PROGRESS] dataset import> Finished writing database (relations: 1.50 MiB; string pool: 5.53 MiB).
[2026-07-27 12:40:45] Pausing evaluation to close the cache at sequence stamp o+201
[2026-07-27 12:40:45] The disk cache is freshly trimmed; leave it be.
[2026-07-27 12:40:45] Unpausing evaluation
[2026-07-27 12:40:45] Plumbing command codeql dataset import completed.
[2026-07-27 12:40:45] [PROGRESS] database finalize> TRAP import complete (8.7s).
[2026-07-27 12:40:45] Running plumbing command: codeql database cleanup -- D:\MigrationReportTool\Backend\MigrationReport\migration-api-db
[2026-07-27 12:40:45] [PROGRESS] database cleanup> Cleaning up existing TRAP files after import...
[2026-07-27 12:40:49] [PROGRESS] database cleanup> TRAP files cleaned up (4.3s).
[2026-07-27 12:40:49] [PROGRESS] database cleanup> Cleaning up scratch directory...
[2026-07-27 12:40:49] [PROGRESS] database cleanup> Scratch directory cleaned up (2ms).
[2026-07-27 12:40:49] Running plumbing command: codeql dataset cleanup -- D:\MigrationReportTool\Backend\MigrationReport\migration-api-db\db-java
[2026-07-27 12:40:49] [PROGRESS] dataset cleanup> Cleaning up dataset in D:\MigrationReportTool\Backend\MigrationReport\migration-api-db\db-java.
[2026-07-27 12:40:50] Trimming disk cache at D:\MigrationReportTool\Backend\MigrationReport\migration-api-db\db-java\default\cache in mode trim.
[2026-07-27 12:40:50] Sequence stamp origin is -5886784181322710653
[2026-07-27 12:40:50] Pausing evaluation to quickly trim memory at sequence stamp o+0
[2026-07-27 12:40:50] Unpausing evaluation
[2026-07-27 12:40:50] Pausing evaluation to zealously trim disk at sequence stamp o+1
[2026-07-27 12:40:50] Unpausing evaluation
[2026-07-27 12:40:50] Trimming completed (6ms): Trimmed disposable data from cache.
[2026-07-27 12:40:50] Pausing evaluation to close the cache at sequence stamp o+2
[2026-07-27 12:40:50] The disk cache is freshly trimmed; leave it be.
[2026-07-27 12:40:50] Unpausing evaluation
[2026-07-27 12:40:50] [PROGRESS] dataset cleanup> Trimmed disposable data from cache.
[2026-07-27 12:40:50] [PROGRESS] dataset cleanup> Finalizing dataset in D:\MigrationReportTool\Backend\MigrationReport\migration-api-db\db-java
[2026-07-27 12:40:50] [DETAILS] dataset cleanup> Finished deleting ID pool from D:\MigrationReportTool\Backend\MigrationReport\migration-api-db\db-java (172ms).
[2026-07-27 12:40:50] Plumbing command codeql dataset cleanup completed.
[2026-07-27 12:40:50] Plumbing command codeql database cleanup completed with status 0.
[2026-07-27 12:40:50] [PROGRESS] database finalize> Finished zipping source archive (77.86 KiB).
[2026-07-27 12:40:50] Plumbing command codeql database finalize completed.
[2026-07-27 12:40:50] [PROGRESS] database create> Successfully created database at D:\MigrationReportTool\Backend\MigrationReport\migration-api-db.
[2026-07-27 12:40:50] Terminating normally.
