[2026-07-27 12:40:25] This is codeql database index-files --include-extension=.xml --include-extension=.wsdd --also-match-lgtm-index-filters --size-limit 10m --language xml -- D:\MigrationReportTool\Backend\MigrationReport\migration-api-db
[2026-07-27 12:40:25] Log file was started late.
[2026-07-27 12:40:25] Using index-files script C:\Users\Shaik Firoz\Downloads\codeql-win64\codeql\xml\tools\index-files.cmd.
[2026-07-27 12:40:25] [PROGRESS] database index-files> Scanning for files in D:\MigrationReportTool\Backend\MigrationReport...
[2026-07-27 12:40:25] Calling plumbing command: codeql resolve files --include-extension=.xml --include-extension=.wsdd --also-match-lgtm-index-filters --size-limit=10m D:\MigrationReportTool\Backend\MigrationReport --format=json
[2026-07-27 12:40:26] [PROGRESS] resolve files> Scanning D:\MigrationReportTool\Backend\MigrationReport...
[2026-07-27 12:40:26] [PROGRESS] resolve files> Scanning D:\MigrationReportTool\Backend\MigrationReport\.git...
[2026-07-27 12:40:26] [PROGRESS] resolve files> Scanning D:\MigrationReportTool\Backend\MigrationReport\.git\hooks...
[2026-07-27 12:40:26] [PROGRESS] resolve files> Scanning D:\MigrationReportTool\Backend\MigrationReport\.git\info...
[2026-07-27 12:40:26] [PROGRESS] resolve files> Scanning D:\MigrationReportTool\Backend\MigrationReport\.git\logs...
[2026-07-27 12:40:26] [PROGRESS] resolve files> Scanning D:\MigrationReportTool\Backend\MigrationReport\.git\logs\refs...
[2026-07-27 12:40:26] [PROGRESS] resolve files> Scanning D:\MigrationReportTool\Backend\MigrationReport\.git\logs\refs\heads...
[2026-07-27 12:40:26] [PROGRESS] resolve files> Scanning D:\MigrationReportTool\Backend\MigrationReport\.git\logs\refs\remotes...
[2026-07-27 12:40:26] [PROGRESS] resolve files> Scanning D:\MigrationReportTool\Backend\MigrationReport\.git\logs\refs\remotes\origin...
[2026-07-27 12:40:26] [PROGRESS] resolve files> Scanning D:\MigrationReportTool\Backend\MigrationReport\.git\objects...
[2026-07-27 12:40:26] [PROGRESS] resolve files> Scanning D:\MigrationReportTool\Backend\MigrationReport\.git\objects\00...
[2026-07-27 12:40:26] [PROGRESS] resolve files> Scanning D:\MigrationReportTool\Backend\MigrationReport\.git\objects\01...
[2026-07-27 12:40:26] [PROGRESS] resolve files> Scanning D:\MigrationReportTool\Backend\MigrationReport\.git\objects\02...
[2026-07-27 12:40:26] [PROGRESS] resolve files> Scanning D:\MigrationReportTool\Backend\MigrationReport\.git\objects\03...
[2026-07-27 12:40:26] [PROGRESS] resolve files> Scanning D:\MigrationReportTool\Backend\MigrationReport\.git\objects\04...
[2026-07-27 12:40:26] [PROGRESS] resolve files> Scanning D:\MigrationReportTool\Backend\MigrationReport\.git\objects\05...
[2026-07-27 12:40:26] [PROGRESS] resolve files> Scanning D:\MigrationReportTool\Backend\MigrationReport\.git\objects\06...
[2026-07-27 12:40:26] [PROGRESS] resolve files> Scanning D:\MigrationReportTool\Backend\MigrationReport\.git\objects\07...
[2026-07-27 12:40:26] [PROGRESS] resolve files> Scanning D:\MigrationReportTool\Backend\MigrationReport\.git\objects\08...
[2026-07-27 12:40:26] [PROGRESS] resolve files> Scanning D:\MigrationReportTool\Backend\MigrationReport\.git\objects\09...
[2026-07-27 12:40:26] [PROGRESS] resolve files> Scanning D:\MigrationReportTool\Backend\MigrationReport\.git\objects\0a...
[2026-07-27 12:40:26] [PROGRESS] resolve files> Scanning D:\MigrationReportTool\Backend\MigrationReport\.git\objects\0b...
[2026-07-27 12:40:26] [PROGRESS] resolve files> Scanning D:\MigrationReportTool\Backend\MigrationReport\.git\objects\0c...
[2026-07-27 12:40:26] [PROGRESS] resolve files> Scanning D:\MigrationReportTool\Backend\MigrationReport\.git\objects\0d...
[2026-07-27 12:40:26] [PROGRESS] resolve files> Scanning D:\MigrationReportTool\Backend\MigrationReport\.git\objects\0e...
[2026-07-27 12:40:26] [PROGRESS] resolve files> Scanning D:\MigrationReportTool\Backend\MigrationReport\.git\objects\0f...
[2026-07-27 12:40:26] [PROGRESS] resolve files> Scanning D:\MigrationReportTool\Backend\MigrationReport\.git\objects\10...
[2026-07-27 12:40:26] [PROGRESS] resolve files> Scanning D:\MigrationReportTool\Backend\MigrationReport\.git\objects\11...
[2026-07-27 12:40:26] [PROGRESS] resolve files> Scanning D:\MigrationReportTool\Backend\MigrationReport\.git\objects\12...
[2026-07-27 12:40:26] [PROGRESS] resolve files> Scanning D:\MigrationReportTool\Backend\MigrationReport\.git\objects\13...
[2026-07-27 12:40:26] [PROGRESS] resolve files> Scanning D:\MigrationReportTool\Backend\MigrationReport\.git\objects\14...
[2026-07-27 12:40:26] [PROGRESS] resolve files> Scanning D:\MigrationReportTool\Backend\MigrationReport\.git\objects\15...
[2026-07-27 12:40:26] [PROGRESS] resolve files> Scanning D:\MigrationReportTool\Backend\MigrationReport\.git\objects\16...
[2026-07-27 12:40:26] [PROGRESS] resolve files> Scanning D:\MigrationReportTool\Backend\MigrationReport\.git\objects\17...
[2026-07-27 12:40:26] [PROGRESS] resolve files> Scanning D:\MigrationReportTool\Backend\MigrationReport\.git\objects\18...
[2026-07-27 12:40:26] [PROGRESS] resolve files> Scanning D:\MigrationReportTool\Backend\MigrationReport\.git\objects\19...
[2026-07-27 12:40:26] [PROGRESS] resolve files> Scanning D:\MigrationReportTool\Backend\MigrationReport\.git\objects\1a...
[2026-07-27 12:40:26] [PROGRESS] resolve files> Scanning D:\MigrationReportTool\Backend\MigrationReport\.git\objects\1b...
[2026-07-27 12:40:26] [PROGRESS] resolve files> Scanning D:\MigrationReportTool\Backend\MigrationReport\.git\objects\1c...
[2026-07-27 12:40:26] [PROGRESS] resolve files> Scanning D:\MigrationReportTool\Backend\MigrationReport\.git\objects\1d...
[2026-07-27 12:40:26] [PROGRESS] resolve files> Scanning D:\MigrationReportTool\Backend\MigrationReport\.git\objects\1e...
[2026-07-27 12:40:26] [PROGRESS] resolve files> Scanning D:\MigrationReportTool\Backend\MigrationReport\.git\objects\1f...
[2026-07-27 12:40:26] [PROGRESS] resolve files> Scanning D:\MigrationReportTool\Backend\MigrationReport\.git\objects\20...
[2026-07-27 12:40:26] [PROGRESS] resolve files> Scanning D:\MigrationReportTool\Backend\MigrationReport\.git\objects\21...
[2026-07-27 12:40:26] [PROGRESS] resolve files> Scanning D:\MigrationReportTool\Backend\MigrationReport\.git\objects\22...
[2026-07-27 12:40:26] [PROGRESS] resolve files> Scanning D:\MigrationReportTool\Backend\MigrationReport\.git\objects\23...
[2026-07-27 12:40:26] [PROGRESS] resolve files> Scanning D:\MigrationReportTool\Backend\MigrationReport\.git\objects\24...
[2026-07-27 12:40:26] [PROGRESS] resolve files> Scanning D:\MigrationReportTool\Backend\MigrationReport\.git\objects\25...
[2026-07-27 12:40:26] [PROGRESS] resolve files> Scanning D:\MigrationReportTool\Backend\MigrationReport\.git\objects\26...
[2026-07-27 12:40:26] [PROGRESS] resolve files> Scanning D:\MigrationReportTool\Backend\MigrationReport\.git\objects\27...
[2026-07-27 12:40:26] [PROGRESS] resolve files> Scanning D:\MigrationReportTool\Backend\MigrationReport\.git\objects\28...
[2026-07-27 12:40:26] [PROGRESS] resolve files> Scanning D:\MigrationReportTool\Backend\MigrationReport\.git\objects\29...
[2026-07-27 12:40:26] [PROGRESS] resolve files> Scanning D:\MigrationReportTool\Backend\MigrationReport\.git\objects\2a...
[2026-07-27 12:40:26] [PROGRESS] resolve files> Scanning D:\MigrationReportTool\Backend\MigrationReport\.git\objects\2b...
[2026-07-27 12:40:26] [PROGRESS] resolve files> Scanning D:\MigrationReportTool\Backend\MigrationReport\.git\objects\2c...
[2026-07-27 12:40:26] [PROGRESS] resolve files> Scanning D:\MigrationReportTool\Backend\MigrationReport\.git\objects\2d...
[2026-07-27 12:40:26] [PROGRESS] resolve files> Scanning D:\MigrationReportTool\Backend\MigrationReport\.git\objects\2e...
[2026-07-27 12:40:26] [PROGRESS] resolve files> Scanning D:\MigrationReportTool\Backend\MigrationReport\.git\objects\2f...
[2026-07-27 12:40:26] [PROGRESS] resolve files> Scanning D:\MigrationReportTool\Backend\MigrationReport\.git\objects\30...
[2026-07-27 12:40:26] [PROGRESS] resolve files> Scanning D:\MigrationReportTool\Backend\MigrationReport\.git\objects\31...
[2026-07-27 12:40:26] [PROGRESS] resolve files> Scanning D:\MigrationReportTool\Backend\MigrationReport\.git\objects\32...
[2026-07-27 12:40:26] [PROGRESS] resolve files> Scanning D:\MigrationReportTool\Backend\MigrationReport\.git\objects\33...
[2026-07-27 12:40:26] [PROGRESS] resolve files> Scanning D:\MigrationReportTool\Backend\MigrationReport\.git\objects\34...
[2026-07-27 12:40:26] [PROGRESS] resolve files> Scanning D:\MigrationReportTool\Backend\MigrationReport\.git\objects\35...
[2026-07-27 12:40:26] [PROGRESS] resolve files> Scanning D:\MigrationReportTool\Backend\MigrationReport\.git\objects\36...
[2026-07-27 12:40:26] [PROGRESS] resolve files> Scanning D:\MigrationReportTool\Backend\MigrationReport\.git\objects\37...
[2026-07-27 12:40:26] [PROGRESS] resolve files> Scanning D:\MigrationReportTool\Backend\MigrationReport\.git\objects\38...
[2026-07-27 12:40:26] [PROGRESS] resolve files> Scanning D:\MigrationReportTool\Backend\MigrationReport\.git\objects\39...
[2026-07-27 12:40:26] [PROGRESS] resolve files> Scanning D:\MigrationReportTool\Backend\MigrationReport\.git\objects\3a...
[2026-07-27 12:40:26] [PROGRESS] resolve files> Scanning D:\MigrationReportTool\Backend\MigrationReport\.git\objects\3b...
[2026-07-27 12:40:26] [PROGRESS] resolve files> Scanning D:\MigrationReportTool\Backend\MigrationReport\.git\objects\3c...
[2026-07-27 12:40:26] [PROGRESS] resolve files> Scanning D:\MigrationReportTool\Backend\MigrationReport\.git\objects\3d...
[2026-07-27 12:40:26] [PROGRESS] resolve files> Scanning D:\MigrationReportTool\Backend\MigrationReport\.git\objects\3e...
[2026-07-27 12:40:26] [PROGRESS] resolve files> Scanning D:\MigrationReportTool\Backend\MigrationReport\.git\objects\3f...
[2026-07-27 12:40:26] [PROGRESS] resolve files> Scanning D:\MigrationReportTool\Backend\MigrationReport\.git\objects\40...
[2026-07-27 12:40:26] [PROGRESS] resolve files> Scanning D:\MigrationReportTool\Backend\MigrationReport\.git\objects\41...
[2026-07-27 12:40:26] [PROGRESS] resolve files> Scanning D:\MigrationReportTool\Backend\MigrationReport\.git\objects\42...
[2026-07-27 12:40:26] [PROGRESS] resolve files> Scanning D:\MigrationReportTool\Backend\MigrationReport\.git\objects\43...
[2026-07-27 12:40:26] [PROGRESS] resolve files> Scanning D:\MigrationReportTool\Backend\MigrationReport\.git\objects\44...
[2026-07-27 12:40:26] [PROGRESS] resolve files> Scanning D:\MigrationReportTool\Backend\MigrationReport\.git\objects\45...
[2026-07-27 12:40:26] [PROGRESS] resolve files> Scanning D:\MigrationReportTool\Backend\MigrationReport\.git\objects\46...
[2026-07-27 12:40:26] [PROGRESS] resolve files> Scanning D:\MigrationReportTool\Backend\MigrationReport\.git\objects\47...
[2026-07-27 12:40:26] [PROGRESS] resolve files> Scanning D:\MigrationReportTool\Backend\MigrationReport\.git\objects\48...
[2026-07-27 12:40:26] [PROGRESS] resolve files> Scanning D:\MigrationReportTool\Backend\MigrationReport\.git\objects\49...
[2026-07-27 12:40:26] [PROGRESS] resolve files> Scanning D:\MigrationReportTool\Backend\MigrationReport\.git\objects\4a...
[2026-07-27 12:40:26] [PROGRESS] resolve files> Scanning D:\MigrationReportTool\Backend\MigrationReport\.git\objects\4b...
[2026-07-27 12:40:26] [PROGRESS] resolve files> Scanning D:\MigrationReportTool\Backend\MigrationReport\.git\objects\4c...
[2026-07-27 12:40:26] [PROGRESS] resolve files> Scanning D:\MigrationReportTool\Backend\MigrationReport\.git\objects\4d...
[2026-07-27 12:40:26] [PROGRESS] resolve files> Scanning D:\MigrationReportTool\Backend\MigrationReport\.git\objects\4e...
[2026-07-27 12:40:26] [PROGRESS] resolve files> Scanning D:\MigrationReportTool\Backend\MigrationReport\.git\objects\4f...
[2026-07-27 12:40:26] [PROGRESS] resolve files> Scanning D:\MigrationReportTool\Backend\MigrationReport\.git\objects\50...
[2026-07-27 12:40:26] [PROGRESS] resolve files> Scanning D:\MigrationReportTool\Backend\MigrationReport\.git\objects\51...
[2026-07-27 12:40:26] [PROGRESS] resolve files> Scanning D:\MigrationReportTool\Backend\MigrationReport\.git\objects\52...
[2026-07-27 12:40:26] [PROGRESS] resolve files> Scanning D:\MigrationReportTool\Backend\MigrationReport\.git\objects\53...
[2026-07-27 12:40:26] [PROGRESS] resolve files> Scanning D:\MigrationReportTool\Backend\MigrationReport\.git\objects\54...
[2026-07-27 12:40:26] [PROGRESS] resolve files> Scanning D:\MigrationReportTool\Backend\MigrationReport\.git\objects\55...
[2026-07-27 12:40:26] [PROGRESS] resolve files> Scanning D:\MigrationReportTool\Backend\MigrationReport\.git\objects\56...
[2026-07-27 12:40:26] [PROGRESS] resolve files> Scanning D:\MigrationReportTool\Backend\MigrationReport\.git\objects\57...
[2026-07-27 12:40:26] [PROGRESS] resolve files> Scanning D:\MigrationReportTool\Backend\MigrationReport\.git\objects\58...
[2026-07-27 12:40:26] [PROGRESS] resolve files> Scanning D:\MigrationReportTool\Backend\MigrationReport\.git\objects\59...
[2026-07-27 12:40:26] [PROGRESS] resolve files> Scanning D:\MigrationReportTool\Backend\MigrationReport\.git\objects\5a...
[2026-07-27 12:40:26] [PROGRESS] resolve files> Scanning D:\MigrationReportTool\Backend\MigrationReport\.git\objects\5b...
[2026-07-27 12:40:26] [PROGRESS] resolve files> Scanning D:\MigrationReportTool\Backend\MigrationReport\.git\objects\5c...
[2026-07-27 12:40:26] [PROGRESS] resolve files> Scanning D:\MigrationReportTool\Backend\MigrationReport\.git\objects\5d...
[2026-07-27 12:40:26] [PROGRESS] resolve files> Scanning D:\MigrationReportTool\Backend\MigrationReport\.git\objects\5e...
[2026-07-27 12:40:26] [PROGRESS] resolve files> Scanning D:\MigrationReportTool\Backend\MigrationReport\.git\objects\5f...
[2026-07-27 12:40:26] [PROGRESS] resolve files> Scanning D:\MigrationReportTool\Backend\MigrationReport\.git\objects\60...
[2026-07-27 12:40:26] [PROGRESS] resolve files> Scanning D:\MigrationReportTool\Backend\MigrationReport\.git\objects\61...
[2026-07-27 12:40:26] [PROGRESS] resolve files> Scanning D:\MigrationReportTool\Backend\MigrationReport\.git\objects\62...
[2026-07-27 12:40:26] [PROGRESS] resolve files> Scanning D:\MigrationReportTool\Backend\MigrationReport\.git\objects\63...
[2026-07-27 12:40:26] [PROGRESS] resolve files> Scanning D:\MigrationReportTool\Backend\MigrationReport\.git\objects\64...
[2026-07-27 12:40:26] [PROGRESS] resolve files> Scanning D:\MigrationReportTool\Backend\MigrationReport\.git\objects\65...
[2026-07-27 12:40:26] [PROGRESS] resolve files> Scanning D:\MigrationReportTool\Backend\MigrationReport\.git\objects\66...
[2026-07-27 12:40:26] [PROGRESS] resolve files> Scanning D:\MigrationReportTool\Backend\MigrationReport\.git\objects\67...
[2026-07-27 12:40:26] [PROGRESS] resolve files> Scanning D:\MigrationReportTool\Backend\MigrationReport\.git\objects\68...
[2026-07-27 12:40:26] [PROGRESS] resolve files> Scanning D:\MigrationReportTool\Backend\MigrationReport\.git\objects\69...
[2026-07-27 12:40:26] [PROGRESS] resolve files> Scanning D:\MigrationReportTool\Backend\MigrationReport\.git\objects\6a...
[2026-07-27 12:40:26] [PROGRESS] resolve files> Scanning D:\MigrationReportTool\Backend\MigrationReport\.git\objects\6b...
[2026-07-27 12:40:26] [PROGRESS] resolve files> Scanning D:\MigrationReportTool\Backend\MigrationReport\.git\objects\6c...
[2026-07-27 12:40:26] [PROGRESS] resolve files> Scanning D:\MigrationReportTool\Backend\MigrationReport\.git\objects\6d...
[2026-07-27 12:40:26] [PROGRESS] resolve files> Scanning D:\MigrationReportTool\Backend\MigrationReport\.git\objects\6e...
[2026-07-27 12:40:26] [PROGRESS] resolve files> Scanning D:\MigrationReportTool\Backend\MigrationReport\.git\objects\6f...
[2026-07-27 12:40:26] [PROGRESS] resolve files> Scanning D:\MigrationReportTool\Backend\MigrationReport\.git\objects\70...
[2026-07-27 12:40:26] [PROGRESS] resolve files> Scanning D:\MigrationReportTool\Backend\MigrationReport\.git\objects\71...
[2026-07-27 12:40:26] [PROGRESS] resolve files> Scanning D:\MigrationReportTool\Backend\MigrationReport\.git\objects\72...
[2026-07-27 12:40:26] [PROGRESS] resolve files> Scanning D:\MigrationReportTool\Backend\MigrationReport\.git\objects\73...
[2026-07-27 12:40:26] [PROGRESS] resolve files> Scanning D:\MigrationReportTool\Backend\MigrationReport\.git\objects\74...
[2026-07-27 12:40:26] [PROGRESS] resolve files> Scanning D:\MigrationReportTool\Backend\MigrationReport\.git\objects\75...
[2026-07-27 12:40:26] [PROGRESS] resolve files> Scanning D:\MigrationReportTool\Backend\MigrationReport\.git\objects\76...
[2026-07-27 12:40:26] [PROGRESS] resolve files> Scanning D:\MigrationReportTool\Backend\MigrationReport\.git\objects\77...
[2026-07-27 12:40:26] [PROGRESS] resolve files> Scanning D:\MigrationReportTool\Backend\MigrationReport\.git\objects\78...
[2026-07-27 12:40:26] [PROGRESS] resolve files> Scanning D:\MigrationReportTool\Backend\MigrationReport\.git\objects\79...
[2026-07-27 12:40:26] [PROGRESS] resolve files> Scanning D:\MigrationReportTool\Backend\MigrationReport\.git\objects\7a...
[2026-07-27 12:40:26] [PROGRESS] resolve files> Scanning D:\MigrationReportTool\Backend\MigrationReport\.git\objects\7b...
[2026-07-27 12:40:26] [PROGRESS] resolve files> Scanning D:\MigrationReportTool\Backend\MigrationReport\.git\objects\7c...
[2026-07-27 12:40:26] [PROGRESS] resolve files> Scanning D:\MigrationReportTool\Backend\MigrationReport\.git\objects\7d...
[2026-07-27 12:40:26] [PROGRESS] resolve files> Scanning D:\MigrationReportTool\Backend\MigrationReport\.git\objects\7e...
[2026-07-27 12:40:26] [PROGRESS] resolve files> Scanning D:\MigrationReportTool\Backend\MigrationReport\.git\objects\7f...
[2026-07-27 12:40:26] [PROGRESS] resolve files> Scanning D:\MigrationReportTool\Backend\MigrationReport\.git\objects\80...
[2026-07-27 12:40:26] [PROGRESS] resolve files> Scanning D:\MigrationReportTool\Backend\MigrationReport\.git\objects\81...
[2026-07-27 12:40:26] [PROGRESS] resolve files> Scanning D:\MigrationReportTool\Backend\MigrationReport\.git\objects\82...
[2026-07-27 12:40:26] [PROGRESS] resolve files> Scanning D:\MigrationReportTool\Backend\MigrationReport\.git\objects\83...
[2026-07-27 12:40:26] [PROGRESS] resolve files> Scanning D:\MigrationReportTool\Backend\MigrationReport\.git\objects\84...
[2026-07-27 12:40:26] [PROGRESS] resolve files> Scanning D:\MigrationReportTool\Backend\MigrationReport\.git\objects\85...
[2026-07-27 12:40:26] [PROGRESS] resolve files> Scanning D:\MigrationReportTool\Backend\MigrationReport\.git\objects\86...
[2026-07-27 12:40:26] [PROGRESS] resolve files> Scanning D:\MigrationReportTool\Backend\MigrationReport\.git\objects\87...
[2026-07-27 12:40:26] [PROGRESS] resolve files> Scanning D:\MigrationReportTool\Backend\MigrationReport\.git\objects\88...
[2026-07-27 12:40:26] [PROGRESS] resolve files> Scanning D:\MigrationReportTool\Backend\MigrationReport\.git\objects\89...
[2026-07-27 12:40:26] [PROGRESS] resolve files> Scanning D:\MigrationReportTool\Backend\MigrationReport\.git\objects\8a...
[2026-07-27 12:40:26] [PROGRESS] resolve files> Scanning D:\MigrationReportTool\Backend\MigrationReport\.git\objects\8b...
[2026-07-27 12:40:26] [PROGRESS] resolve files> Scanning D:\MigrationReportTool\Backend\MigrationReport\.git\objects\8c...
[2026-07-27 12:40:26] [PROGRESS] resolve files> Scanning D:\MigrationReportTool\Backend\MigrationReport\.git\objects\8d...
[2026-07-27 12:40:26] [PROGRESS] resolve files> Scanning D:\MigrationReportTool\Backend\MigrationReport\.git\objects\8e...
[2026-07-27 12:40:26] [PROGRESS] resolve files> Scanning D:\MigrationReportTool\Backend\MigrationReport\.git\objects\8f...
[2026-07-27 12:40:26] [PROGRESS] resolve files> Scanning D:\MigrationReportTool\Backend\MigrationReport\.git\objects\90...
[2026-07-27 12:40:26] [PROGRESS] resolve files> Scanning D:\MigrationReportTool\Backend\MigrationReport\.git\objects\91...
[2026-07-27 12:40:26] [PROGRESS] resolve files> Scanning D:\MigrationReportTool\Backend\MigrationReport\.git\objects\92...
[2026-07-27 12:40:26] [PROGRESS] resolve files> Scanning D:\MigrationReportTool\Backend\MigrationReport\.git\objects\93...
[2026-07-27 12:40:26] [PROGRESS] resolve files> Scanning D:\MigrationReportTool\Backend\MigrationReport\.git\objects\94...
[2026-07-27 12:40:26] [PROGRESS] resolve files> Scanning D:\MigrationReportTool\Backend\MigrationReport\.git\objects\95...
[2026-07-27 12:40:26] [PROGRESS] resolve files> Scanning D:\MigrationReportTool\Backend\MigrationReport\.git\objects\96...
[2026-07-27 12:40:26] [PROGRESS] resolve files> Scanning D:\MigrationReportTool\Backend\MigrationReport\.git\objects\97...
[2026-07-27 12:40:26] [PROGRESS] resolve files> Scanning D:\MigrationReportTool\Backend\MigrationReport\.git\objects\98...
[2026-07-27 12:40:26] [PROGRESS] resolve files> Scanning D:\MigrationReportTool\Backend\MigrationReport\.git\objects\99...
[2026-07-27 12:40:26] [PROGRESS] resolve files> Scanning D:\MigrationReportTool\Backend\MigrationReport\.git\objects\9a...
[2026-07-27 12:40:26] [PROGRESS] resolve files> Scanning D:\MigrationReportTool\Backend\MigrationReport\.git\objects\9b...
[2026-07-27 12:40:26] [PROGRESS] resolve files> Scanning D:\MigrationReportTool\Backend\MigrationReport\.git\objects\9c...
[2026-07-27 12:40:26] [PROGRESS] resolve files> Scanning D:\MigrationReportTool\Backend\MigrationReport\.git\objects\9d...
[2026-07-27 12:40:26] [PROGRESS] resolve files> Scanning D:\MigrationReportTool\Backend\MigrationReport\.git\objects\9e...
[2026-07-27 12:40:26] [PROGRESS] resolve files> Scanning D:\MigrationReportTool\Backend\MigrationReport\.git\objects\9f...
[2026-07-27 12:40:26] [PROGRESS] resolve files> Scanning D:\MigrationReportTool\Backend\MigrationReport\.git\objects\a0...
[2026-07-27 12:40:26] [PROGRESS] resolve files> Scanning D:\MigrationReportTool\Backend\MigrationReport\.git\objects\a1...
[2026-07-27 12:40:26] [PROGRESS] resolve files> Scanning D:\MigrationReportTool\Backend\MigrationReport\.git\objects\a2...
[2026-07-27 12:40:26] [PROGRESS] resolve files> Scanning D:\MigrationReportTool\Backend\MigrationReport\.git\objects\a3...
[2026-07-27 12:40:26] [PROGRESS] resolve files> Scanning D:\MigrationReportTool\Backend\MigrationReport\.git\objects\a4...
[2026-07-27 12:40:26] [PROGRESS] resolve files> Scanning D:\MigrationReportTool\Backend\MigrationReport\.git\objects\a5...
[2026-07-27 12:40:26] [PROGRESS] resolve files> Scanning D:\MigrationReportTool\Backend\MigrationReport\.git\objects\a6...
[2026-07-27 12:40:26] [PROGRESS] resolve files> Scanning D:\MigrationReportTool\Backend\MigrationReport\.git\objects\a7...
[2026-07-27 12:40:26] [PROGRESS] resolve files> Scanning D:\MigrationReportTool\Backend\MigrationReport\.git\objects\a8...
[2026-07-27 12:40:26] [PROGRESS] resolve files> Scanning D:\MigrationReportTool\Backend\MigrationReport\.git\objects\a9...
[2026-07-27 12:40:26] [PROGRESS] resolve files> Scanning D:\MigrationReportTool\Backend\MigrationReport\.git\objects\aa...
[2026-07-27 12:40:26] [PROGRESS] resolve files> Scanning D:\MigrationReportTool\Backend\MigrationReport\.git\objects\ab...
[2026-07-27 12:40:26] [PROGRESS] resolve files> Scanning D:\MigrationReportTool\Backend\MigrationReport\.git\objects\ac...
[2026-07-27 12:40:26] [PROGRESS] resolve files> Scanning D:\MigrationReportTool\Backend\MigrationReport\.git\objects\ad...
[2026-07-27 12:40:26] [PROGRESS] resolve files> Scanning D:\MigrationReportTool\Backend\MigrationReport\.git\objects\ae...
[2026-07-27 12:40:26] [PROGRESS] resolve files> Scanning D:\MigrationReportTool\Backend\MigrationReport\.git\objects\af...
[2026-07-27 12:40:26] [PROGRESS] resolve files> Scanning D:\MigrationReportTool\Backend\MigrationReport\.git\objects\b0...
[2026-07-27 12:40:26] [PROGRESS] resolve files> Scanning D:\MigrationReportTool\Backend\MigrationReport\.git\objects\b1...
[2026-07-27 12:40:26] [PROGRESS] resolve files> Scanning D:\MigrationReportTool\Backend\MigrationReport\.git\objects\b2...
[2026-07-27 12:40:26] [PROGRESS] resolve files> Scanning D:\MigrationReportTool\Backend\MigrationReport\.git\objects\b3...
[2026-07-27 12:40:26] [PROGRESS] resolve files> Scanning D:\MigrationReportTool\Backend\MigrationReport\.git\objects\b4...
[2026-07-27 12:40:26] [PROGRESS] resolve files> Scanning D:\MigrationReportTool\Backend\MigrationReport\.git\objects\b5...
[2026-07-27 12:40:26] [PROGRESS] resolve files> Scanning D:\MigrationReportTool\Backend\MigrationReport\.git\objects\b6...
[2026-07-27 12:40:26] [PROGRESS] resolve files> Scanning D:\MigrationReportTool\Backend\MigrationReport\.git\objects\b7...
[2026-07-27 12:40:26] [PROGRESS] resolve files> Scanning D:\MigrationReportTool\Backend\MigrationReport\.git\objects\b8...
[2026-07-27 12:40:26] [PROGRESS] resolve files> Scanning D:\MigrationReportTool\Backend\MigrationReport\.git\objects\b9...
[2026-07-27 12:40:26] [PROGRESS] resolve files> Scanning D:\MigrationReportTool\Backend\MigrationReport\.git\objects\ba...
[2026-07-27 12:40:26] [PROGRESS] resolve files> Scanning D:\MigrationReportTool\Backend\MigrationReport\.git\objects\bb...
[2026-07-27 12:40:26] [PROGRESS] resolve files> Scanning D:\MigrationReportTool\Backend\MigrationReport\.git\objects\bc...
[2026-07-27 12:40:26] [PROGRESS] resolve files> Scanning D:\MigrationReportTool\Backend\MigrationReport\.git\objects\bd...
[2026-07-27 12:40:26] [PROGRESS] resolve files> Scanning D:\MigrationReportTool\Backend\MigrationReport\.git\objects\be...
[2026-07-27 12:40:26] [PROGRESS] resolve files> Scanning D:\MigrationReportTool\Backend\MigrationReport\.git\objects\bf...
[2026-07-27 12:40:26] [PROGRESS] resolve files> Scanning D:\MigrationReportTool\Backend\MigrationReport\.git\objects\c0...
[2026-07-27 12:40:26] [PROGRESS] resolve files> Scanning D:\MigrationReportTool\Backend\MigrationReport\.git\objects\c1...
[2026-07-27 12:40:26] [PROGRESS] resolve files> Scanning D:\MigrationReportTool\Backend\MigrationReport\.git\objects\c2...
[2026-07-27 12:40:26] [PROGRESS] resolve files> Scanning D:\MigrationReportTool\Backend\MigrationReport\.git\objects\c3...
[2026-07-27 12:40:26] [PROGRESS] resolve files> Scanning D:\MigrationReportTool\Backend\MigrationReport\.git\objects\c4...
[2026-07-27 12:40:26] [PROGRESS] resolve files> Scanning D:\MigrationReportTool\Backend\MigrationReport\.git\objects\c5...
[2026-07-27 12:40:26] [PROGRESS] resolve files> Scanning D:\MigrationReportTool\Backend\MigrationReport\.git\objects\c6...
[2026-07-27 12:40:26] [PROGRESS] resolve files> Scanning D:\MigrationReportTool\Backend\MigrationReport\.git\objects\c7...
[2026-07-27 12:40:26] [PROGRESS] resolve files> Scanning D:\MigrationReportTool\Backend\MigrationReport\.git\objects\c8...
[2026-07-27 12:40:26] [PROGRESS] resolve files> Scanning D:\MigrationReportTool\Backend\MigrationReport\.git\objects\c9...
[2026-07-27 12:40:26] [PROGRESS] resolve files> Scanning D:\MigrationReportTool\Backend\MigrationReport\.git\objects\ca...
[2026-07-27 12:40:26] [PROGRESS] resolve files> Scanning D:\MigrationReportTool\Backend\MigrationReport\.git\objects\cb...
[2026-07-27 12:40:26] [PROGRESS] resolve files> Scanning D:\MigrationReportTool\Backend\MigrationReport\.git\objects\cc...
[2026-07-27 12:40:26] [PROGRESS] resolve files> Scanning D:\MigrationReportTool\Backend\MigrationReport\.git\objects\cd...
[2026-07-27 12:40:26] [PROGRESS] resolve files> Scanning D:\MigrationReportTool\Backend\MigrationReport\.git\objects\ce...
[2026-07-27 12:40:26] [PROGRESS] resolve files> Scanning D:\MigrationReportTool\Backend\MigrationReport\.git\objects\cf...
[2026-07-27 12:40:26] [PROGRESS] resolve files> Scanning D:\MigrationReportTool\Backend\MigrationReport\.git\objects\d0...
[2026-07-27 12:40:26] [PROGRESS] resolve files> Scanning D:\MigrationReportTool\Backend\MigrationReport\.git\objects\d1...
[2026-07-27 12:40:26] [PROGRESS] resolve files> Scanning D:\MigrationReportTool\Backend\MigrationReport\.git\objects\d2...
[2026-07-27 12:40:26] [PROGRESS] resolve files> Scanning D:\MigrationReportTool\Backend\MigrationReport\.git\objects\d3...
[2026-07-27 12:40:26] [PROGRESS] resolve files> Scanning D:\MigrationReportTool\Backend\MigrationReport\.git\objects\d4...
[2026-07-27 12:40:26] [PROGRESS] resolve files> Scanning D:\MigrationReportTool\Backend\MigrationReport\.git\objects\d5...
[2026-07-27 12:40:26] [PROGRESS] resolve files> Scanning D:\MigrationReportTool\Backend\MigrationReport\.git\objects\d6...
[2026-07-27 12:40:26] [PROGRESS] resolve files> Scanning D:\MigrationReportTool\Backend\MigrationReport\.git\objects\d7...
[2026-07-27 12:40:26] [PROGRESS] resolve files> Scanning D:\MigrationReportTool\Backend\MigrationReport\.git\objects\d8...
[2026-07-27 12:40:26] [PROGRESS] resolve files> Scanning D:\MigrationReportTool\Backend\MigrationReport\.git\objects\d9...
[2026-07-27 12:40:26] [PROGRESS] resolve files> Scanning D:\MigrationReportTool\Backend\MigrationReport\.git\objects\da...
[2026-07-27 12:40:26] [PROGRESS] resolve files> Scanning D:\MigrationReportTool\Backend\MigrationReport\.git\objects\db...
[2026-07-27 12:40:26] [PROGRESS] resolve files> Scanning D:\MigrationReportTool\Backend\MigrationReport\.git\objects\dc...
[2026-07-27 12:40:26] [PROGRESS] resolve files> Scanning D:\MigrationReportTool\Backend\MigrationReport\.git\objects\dd...
[2026-07-27 12:40:26] [PROGRESS] resolve files> Scanning D:\MigrationReportTool\Backend\MigrationReport\.git\objects\de...
[2026-07-27 12:40:26] [PROGRESS] resolve files> Scanning D:\MigrationReportTool\Backend\MigrationReport\.git\objects\df...
[2026-07-27 12:40:26] [PROGRESS] resolve files> Scanning D:\MigrationReportTool\Backend\MigrationReport\.git\objects\e0...
[2026-07-27 12:40:26] [PROGRESS] resolve files> Scanning D:\MigrationReportTool\Backend\MigrationReport\.git\objects\e1...
[2026-07-27 12:40:26] [PROGRESS] resolve files> Scanning D:\MigrationReportTool\Backend\MigrationReport\.git\objects\e2...
[2026-07-27 12:40:26] [PROGRESS] resolve files> Scanning D:\MigrationReportTool\Backend\MigrationReport\.git\objects\e3...
[2026-07-27 12:40:26] [PROGRESS] resolve files> Scanning D:\MigrationReportTool\Backend\MigrationReport\.git\objects\e4...
[2026-07-27 12:40:26] [PROGRESS] resolve files> Scanning D:\MigrationReportTool\Backend\MigrationReport\.git\objects\e5...
[2026-07-27 12:40:26] [PROGRESS] resolve files> Scanning D:\MigrationReportTool\Backend\MigrationReport\.git\objects\e6...
[2026-07-27 12:40:26] [PROGRESS] resolve files> Scanning D:\MigrationReportTool\Backend\MigrationReport\.git\objects\e7...
[2026-07-27 12:40:26] [PROGRESS] resolve files> Scanning D:\MigrationReportTool\Backend\MigrationReport\.git\objects\e8...
[2026-07-27 12:40:26] [PROGRESS] resolve files> Scanning D:\MigrationReportTool\Backend\MigrationReport\.git\objects\e9...
[2026-07-27 12:40:26] [PROGRESS] resolve files> Scanning D:\MigrationReportTool\Backend\MigrationReport\.git\objects\ea...
[2026-07-27 12:40:26] [PROGRESS] resolve files> Scanning D:\MigrationReportTool\Backend\MigrationReport\.git\objects\eb...
[2026-07-27 12:40:26] [PROGRESS] resolve files> Scanning D:\MigrationReportTool\Backend\MigrationReport\.git\objects\ec...
[2026-07-27 12:40:26] [PROGRESS] resolve files> Scanning D:\MigrationReportTool\Backend\MigrationReport\.git\objects\ed...
[2026-07-27 12:40:26] [PROGRESS] resolve files> Scanning D:\MigrationReportTool\Backend\MigrationReport\.git\objects\ee...
[2026-07-27 12:40:26] [PROGRESS] resolve files> Scanning D:\MigrationReportTool\Backend\MigrationReport\.git\objects\ef...
[2026-07-27 12:40:26] [PROGRESS] resolve files> Scanning D:\MigrationReportTool\Backend\MigrationReport\.git\objects\f0...
[2026-07-27 12:40:26] [PROGRESS] resolve files> Scanning D:\MigrationReportTool\Backend\MigrationReport\.git\objects\f1...
[2026-07-27 12:40:26] [PROGRESS] resolve files> Scanning D:\MigrationReportTool\Backend\MigrationReport\.git\objects\f2...
[2026-07-27 12:40:26] [PROGRESS] resolve files> Scanning D:\MigrationReportTool\Backend\MigrationReport\.git\objects\f3...
[2026-07-27 12:40:26] [PROGRESS] resolve files> Scanning D:\MigrationReportTool\Backend\MigrationReport\.git\objects\f4...
[2026-07-27 12:40:26] [PROGRESS] resolve files> Scanning D:\MigrationReportTool\Backend\MigrationReport\.git\objects\f5...
[2026-07-27 12:40:26] [PROGRESS] resolve files> Scanning D:\MigrationReportTool\Backend\MigrationReport\.git\objects\f6...
[2026-07-27 12:40:26] [PROGRESS] resolve files> Scanning D:\MigrationReportTool\Backend\MigrationReport\.git\objects\f7...
[2026-07-27 12:40:26] [PROGRESS] resolve files> Scanning D:\MigrationReportTool\Backend\MigrationReport\.git\objects\f8...
[2026-07-27 12:40:26] [PROGRESS] resolve files> Scanning D:\MigrationReportTool\Backend\MigrationReport\.git\objects\f9...
[2026-07-27 12:40:26] [PROGRESS] resolve files> Scanning D:\MigrationReportTool\Backend\MigrationReport\.git\objects\fa...
[2026-07-27 12:40:26] [PROGRESS] resolve files> Scanning D:\MigrationReportTool\Backend\MigrationReport\.git\objects\fb...
[2026-07-27 12:40:26] [PROGRESS] resolve files> Scanning D:\MigrationReportTool\Backend\MigrationReport\.git\objects\fc...
[2026-07-27 12:40:26] [PROGRESS] resolve files> Scanning D:\MigrationReportTool\Backend\MigrationReport\.git\objects\fd...
[2026-07-27 12:40:26] [PROGRESS] resolve files> Scanning D:\MigrationReportTool\Backend\MigrationReport\.git\objects\fe...
[2026-07-27 12:40:26] [PROGRESS] resolve files> Scanning D:\MigrationReportTool\Backend\MigrationReport\.git\objects\ff...
[2026-07-27 12:40:26] [PROGRESS] resolve files> Scanning D:\MigrationReportTool\Backend\MigrationReport\.git\objects\info...
[2026-07-27 12:40:26] [PROGRESS] resolve files> Scanning D:\MigrationReportTool\Backend\MigrationReport\.git\objects\pack...
[2026-07-27 12:40:26] [PROGRESS] resolve files> Scanning D:\MigrationReportTool\Backend\MigrationReport\.git\refs...
[2026-07-27 12:40:26] [PROGRESS] resolve files> Scanning D:\MigrationReportTool\Backend\MigrationReport\.git\refs\heads...
[2026-07-27 12:40:26] [PROGRESS] resolve files> Scanning D:\MigrationReportTool\Backend\MigrationReport\.git\refs\remotes...
[2026-07-27 12:40:26] [PROGRESS] resolve files> Scanning D:\MigrationReportTool\Backend\MigrationReport\.git\refs\remotes\origin...
[2026-07-27 12:40:26] [PROGRESS] resolve files> Scanning D:\MigrationReportTool\Backend\MigrationReport\.git\refs\tags...
[2026-07-27 12:40:26] [PROGRESS] resolve files> Scanning D:\MigrationReportTool\Backend\MigrationReport\.mvn...
[2026-07-27 12:40:26] [PROGRESS] resolve files> Scanning D:\MigrationReportTool\Backend\MigrationReport\.mvn\wrapper...
[2026-07-27 12:40:26] [PROGRESS] resolve files> Scanning D:\MigrationReportTool\Backend\MigrationReport\.settings...
[2026-07-27 12:40:26] [PROGRESS] resolve files> Scanning D:\MigrationReportTool\Backend\MigrationReport\config...
[2026-07-27 12:40:26] [PROGRESS] resolve files> Scanning D:\MigrationReportTool\Backend\MigrationReport\logs...
[2026-07-27 12:40:26] [PROGRESS] resolve files> Scanning D:\MigrationReportTool\Backend\MigrationReport\migration-api-db...
[2026-07-27 12:40:26] [PROGRESS] resolve files> Scanning D:\MigrationReportTool\Backend\MigrationReport\migration-api-db\diagnostic...
[2026-07-27 12:40:26] [PROGRESS] resolve files> Scanning D:\MigrationReportTool\Backend\MigrationReport\migration-api-db\diagnostic\extractors...
[2026-07-27 12:40:26] [PROGRESS] resolve files> Scanning D:\MigrationReportTool\Backend\MigrationReport\migration-api-db\diagnostic\extractors\java...
[2026-07-27 12:40:26] [PROGRESS] resolve files> Scanning D:\MigrationReportTool\Backend\MigrationReport\migration-api-db\diagnostic\tracer...
[2026-07-27 12:40:26] [PROGRESS] resolve files> Scanning D:\MigrationReportTool\Backend\MigrationReport\migration-api-db\log...
[2026-07-27 12:40:26] [PROGRESS] resolve files> Scanning D:\MigrationReportTool\Backend\MigrationReport\migration-api-db\log\ext...
[2026-07-27 12:40:26] [PROGRESS] resolve files> Scanning D:\MigrationReportTool\Backend\MigrationReport\migration-api-db\src...
[2026-07-27 12:40:26] [PROGRESS] resolve files> Scanning D:\MigrationReportTool\Backend\MigrationReport\migration-api-db\src\D_...
[2026-07-27 12:40:26] [PROGRESS] resolve files> Scanning D:\MigrationReportTool\Backend\MigrationReport\migration-api-db\src\D_\MigrationReportTool...
[2026-07-27 12:40:26] [PROGRESS] resolve files> Scanning D:\MigrationReportTool\Backend\MigrationReport\migration-api-db\src\D_\MigrationReportTool\Backend...
[2026-07-27 12:40:26] [PROGRESS] resolve files> Scanning D:\MigrationReportTool\Backend\MigrationReport\migration-api-db\src\D_\MigrationReportTool\Backend\MigrationReport...
[2026-07-27 12:40:26] [PROGRESS] resolve files> Scanning D:\MigrationReportTool\Backend\MigrationReport\migration-api-db\src\D_\MigrationReportTool\Backend\MigrationReport\src...
[2026-07-27 12:40:26] [PROGRESS] resolve files> Scanning D:\MigrationReportTool\Backend\MigrationReport\migration-api-db\src\D_\MigrationReportTool\Backend\MigrationReport\src\main...
[2026-07-27 12:40:26] [PROGRESS] resolve files> Scanning D:\MigrationReportTool\Backend\MigrationReport\migration-api-db\src\D_\MigrationReportTool\Backend\MigrationReport\src\main\java...
[2026-07-27 12:40:26] [PROGRESS] resolve files> Scanning D:\MigrationReportTool\Backend\MigrationReport\migration-api-db\src\D_\MigrationReportTool\Backend\MigrationReport\src\main\java\com...
[2026-07-27 12:40:26] [PROGRESS] resolve files> Scanning D:\MigrationReportTool\Backend\MigrationReport\migration-api-db\src\D_\MigrationReportTool\Backend\MigrationReport\src\main\java\com\migrationreport...
[2026-07-27 12:40:26] [PROGRESS] resolve files> Scanning D:\MigrationReportTool\Backend\MigrationReport\migration-api-db\src\D_\MigrationReportTool\Backend\MigrationReport\src\main\java\com\migrationreport\config...
[2026-07-27 12:40:26] [PROGRESS] resolve files> Scanning D:\MigrationReportTool\Backend\MigrationReport\migration-api-db\src\D_\MigrationReportTool\Backend\MigrationReport\src\main\java\com\migrationreport\controller...
[2026-07-27 12:40:26] [PROGRESS] resolve files> Scanning D:\MigrationReportTool\Backend\MigrationReport\migration-api-db\src\D_\MigrationReportTool\Backend\MigrationReport\src\main\java\com\migrationreport\dialect...
[2026-07-27 12:40:26] [PROGRESS] resolve files> Scanning D:\MigrationReportTool\Backend\MigrationReport\migration-api-db\src\D_\MigrationReportTool\Backend\MigrationReport\src\main\java\com\migrationreport\dto...
[2026-07-27 12:40:26] [PROGRESS] resolve files> Scanning D:\MigrationReportTool\Backend\MigrationReport\migration-api-db\src\D_\MigrationReportTool\Backend\MigrationReport\src\main\java\com\migrationreport\dto\config...
[2026-07-27 12:40:26] [PROGRESS] resolve files> Scanning D:\MigrationReportTool\Backend\MigrationReport\migration-api-db\src\D_\MigrationReportTool\Backend\MigrationReport\src\main\java\com\migrationreport\dto\mapping...
[2026-07-27 12:40:26] [PROGRESS] resolve files> Scanning D:\MigrationReportTool\Backend\MigrationReport\migration-api-db\src\D_\MigrationReportTool\Backend\MigrationReport\src\main\java\com\migrationreport\entity...
[2026-07-27 12:40:26] [PROGRESS] resolve files> Scanning D:\MigrationReportTool\Backend\MigrationReport\migration-api-db\src\D_\MigrationReportTool\Backend\MigrationReport\src\main\java\com\migrationreport\exception...
[2026-07-27 12:40:26] [PROGRESS] resolve files> Scanning D:\MigrationReportTool\Backend\MigrationReport\migration-api-db\src\D_\MigrationReportTool\Backend\MigrationReport\src\main\java\com\migrationreport\repository...
[2026-07-27 12:40:26] [PROGRESS] resolve files> Scanning D:\MigrationReportTool\Backend\MigrationReport\migration-api-db\src\D_\MigrationReportTool\Backend\MigrationReport\src\main\java\com\migrationreport\security...
[2026-07-27 12:40:26] [PROGRESS] resolve files> Scanning D:\MigrationReportTool\Backend\MigrationReport\migration-api-db\src\D_\MigrationReportTool\Backend\MigrationReport\src\main\java\com\migrationreport\service...
[2026-07-27 12:40:26] [PROGRESS] resolve files> Scanning D:\MigrationReportTool\Backend\MigrationReport\migration-api-db\src\D_\MigrationReportTool\Backend\MigrationReport\src\main\java\com\migrationreport\util...
[2026-07-27 12:40:26] [PROGRESS] resolve files> Scanning D:\MigrationReportTool\Backend\MigrationReport\migration-api-db\src\D_\MigrationReportTool\Backend\MigrationReport\src\test...
[2026-07-27 12:40:26] [PROGRESS] resolve files> Scanning D:\MigrationReportTool\Backend\MigrationReport\migration-api-db\src\D_\MigrationReportTool\Backend\MigrationReport\src\test\java...
[2026-07-27 12:40:26] [PROGRESS] resolve files> Scanning D:\MigrationReportTool\Backend\MigrationReport\migration-api-db\src\D_\MigrationReportTool\Backend\MigrationReport\src\test\java\com...
[2026-07-27 12:40:26] [PROGRESS] resolve files> Scanning D:\MigrationReportTool\Backend\MigrationReport\migration-api-db\src\D_\MigrationReportTool\Backend\MigrationReport\src\test\java\com\migrationreport...
[2026-07-27 12:40:26] [PROGRESS] resolve files> Scanning D:\MigrationReportTool\Backend\MigrationReport\migration-api-db\trap...
[2026-07-27 12:40:26] [PROGRESS] resolve files> Scanning D:\MigrationReportTool\Backend\MigrationReport\migration-api-db\trap\java...
[2026-07-27 12:40:26] [PROGRESS] resolve files> Scanning D:\MigrationReportTool\Backend\MigrationReport\migration-api-db\trap\java\classes...
[2026-07-27 12:40:26] [PROGRESS] resolve files> Scanning D:\MigrationReportTool\Backend\MigrationReport\migration-api-db\trap\java\classes\com...
[2026-07-27 12:40:26] [PROGRESS] resolve files> Scanning D:\MigrationReportTool\Backend\MigrationReport\migration-api-db\trap\java\classes\com\fasterxml...
[2026-07-27 12:40:26] [PROGRESS] resolve files> Scanning D:\MigrationReportTool\Backend\MigrationReport\migration-api-db\trap\java\classes\com\fasterxml\jackson...
[2026-07-27 12:40:26] [PROGRESS] resolve files> Scanning D:\MigrationReportTool\Backend\MigrationReport\migration-api-db\trap\java\classes\com\fasterxml\jackson\annotation...
[2026-07-27 12:40:26] [PROGRESS] resolve files> Scanning D:\MigrationReportTool\Backend\MigrationReport\migration-api-db\trap\java\classes\com\fasterxml\jackson\annotation\JacksonAnnotation.members...
[2026-07-27 12:40:26] [PROGRESS] resolve files> Scanning D:\MigrationReportTool\Backend\MigrationReport\migration-api-db\trap\java\classes\com\fasterxml\jackson\annotation\JacksonAnnotationValue.members...
[2026-07-27 12:40:26] [PROGRESS] resolve files> Scanning D:\MigrationReportTool\Backend\MigrationReport\migration-api-db\trap\java\classes\com\fasterxml\jackson\annotation\JacksonInject$Value.members...
[2026-07-27 12:40:26] [PROGRESS] resolve files> Scanning D:\MigrationReportTool\Backend\MigrationReport\migration-api-db\trap\java\classes\com\fasterxml\jackson\annotation\JacksonInject.members...
[2026-07-27 12:40:26] [PROGRESS] resolve files> Scanning D:\MigrationReportTool\Backend\MigrationReport\migration-api-db\trap\java\classes\com\fasterxml\jackson\annotation\JsonAutoDetect$Value.members...
[2026-07-27 12:40:26] [PROGRESS] resolve files> Scanning D:\MigrationReportTool\Backend\MigrationReport\migration-api-db\trap\java\classes\com\fasterxml\jackson\annotation\JsonAutoDetect$Visibility.members...
[2026-07-27 12:40:26] [PROGRESS] resolve files> Scanning D:\MigrationReportTool\Backend\MigrationReport\migration-api-db\trap\java\classes\com\fasterxml\jackson\annotation\JsonAutoDetect.members...
[2026-07-27 12:40:26] [PROGRESS] resolve files> Scanning D:\MigrationReportTool\Backend\MigrationReport\migration-api-db\trap\java\classes\com\fasterxml\jackson\annotation\JsonCreator$Mode.members...
[2026-07-27 12:40:26] [PROGRESS] resolve files> Scanning D:\MigrationReportTool\Backend\MigrationReport\migration-api-db\trap\java\classes\com\fasterxml\jackson\annotation\JsonCreator.members...
[2026-07-27 12:40:26] [PROGRESS] resolve files> Scanning D:\MigrationReportTool\Backend\MigrationReport\migration-api-db\trap\java\classes\com\fasterxml\jackson\annotation\JsonFormat$Feature.members...
[2026-07-27 12:40:26] [PROGRESS] resolve files> Scanning D:\MigrationReportTool\Backend\MigrationReport\migration-api-db\trap\java\classes\com\fasterxml\jackson\annotation\JsonFormat$Features.members...
[2026-07-27 12:40:26] [PROGRESS] resolve files> Scanning D:\MigrationReportTool\Backend\MigrationReport\migration-api-db\trap\java\classes\com\fasterxml\jackson\annotation\JsonFormat$Shape.members...
[2026-07-27 12:40:26] [PROGRESS] resolve files> Scanning D:\MigrationReportTool\Backend\MigrationReport\migration-api-db\trap\java\classes\com\fasterxml\jackson\annotation\JsonFormat$Value.members...
[2026-07-27 12:40:26] [PROGRESS] resolve files> Scanning D:\MigrationReportTool\Backend\MigrationReport\migration-api-db\trap\java\classes\com\fasterxml\jackson\annotation\JsonFormat.members...
[2026-07-27 12:40:26] [PROGRESS] resolve files> Scanning D:\MigrationReportTool\Backend\MigrationReport\migration-api-db\trap\java\classes\com\fasterxml\jackson\annotation\JsonIgnore.members...
[2026-07-27 12:40:26] [PROGRESS] resolve files> Scanning D:\MigrationReportTool\Backend\MigrationReport\migration-api-db\trap\java\classes\com\fasterxml\jackson\annotation\JsonIgnoreProperties$Value.members...
[2026-07-27 12:40:26] [PROGRESS] resolve files> Scanning D:\MigrationReportTool\Backend\MigrationReport\migration-api-db\trap\java\classes\com\fasterxml\jackson\annotation\JsonIgnoreProperties.members...
[2026-07-27 12:40:26] [PROGRESS] resolve files> Scanning D:\MigrationReportTool\Backend\MigrationReport\migration-api-db\trap\java\classes\com\fasterxml\jackson\annotation\JsonInclude$Include.members...
[2026-07-27 12:40:26] [PROGRESS] resolve files> Scanning D:\MigrationReportTool\Backend\MigrationReport\migration-api-db\trap\java\classes\com\fasterxml\jackson\annotation\JsonInclude$Value.members...
[2026-07-27 12:40:26] [PROGRESS] resolve files> Scanning D:\MigrationReportTool\Backend\MigrationReport\migration-api-db\trap\java\classes\com\fasterxml\jackson\annotation\JsonInclude.members...
[2026-07-27 12:40:26] [PROGRESS] resolve files> Scanning D:\MigrationReportTool\Backend\MigrationReport\migration-api-db\trap\java\classes\com\fasterxml\jackson\annotation\JsonIncludeProperties$Value.members...
[2026-07-27 12:40:26] [PROGRESS] resolve files> Scanning D:\MigrationReportTool\Backend\MigrationReport\migration-api-db\trap\java\classes\com\fasterxml\jackson\annotation\JsonIncludeProperties.members...
[2026-07-27 12:40:26] [PROGRESS] resolve files> Scanning D:\MigrationReportTool\Backend\MigrationReport\migration-api-db\trap\java\classes\com\fasterxml\jackson\annotation\JsonProperty$Access.members...
[2026-07-27 12:40:26] [PROGRESS] resolve files> Scanning D:\MigrationReportTool\Backend\MigrationReport\migration-api-db\trap\java\classes\com\fasterxml\jackson\annotation\JsonProperty.members...
[2026-07-27 12:40:26] [PROGRESS] resolve files> Scanning D:\MigrationReportTool\Backend\MigrationReport\migration-api-db\trap\java\classes\com\fasterxml\jackson\annotation\JsonSetter$Value.members...
[2026-07-27 12:40:26] [PROGRESS] resolve files> Scanning D:\MigrationReportTool\Backend\MigrationReport\migration-api-db\trap\java\classes\com\fasterxml\jackson\annotation\JsonSetter.members...
[2026-07-27 12:40:26] [PROGRESS] resolve files> Scanning D:\MigrationReportTool\Backend\MigrationReport\migration-api-db\trap\java\classes\com\fasterxml\jackson\annotation\JsonTypeInfo$As.members...
[2026-07-27 12:40:26] [PROGRESS] resolve files> Scanning D:\MigrationReportTool\Backend\MigrationReport\migration-api-db\trap\java\classes\com\fasterxml\jackson\annotation\JsonTypeInfo$Id.members...
[2026-07-27 12:40:26] [PROGRESS] resolve files> Scanning D:\MigrationReportTool\Backend\MigrationReport\migration-api-db\trap\java\classes\com\fasterxml\jackson\annotation\JsonTypeInfo$Value.members...
[2026-07-27 12:40:26] [PROGRESS] resolve files> Scanning D:\MigrationReportTool\Backend\MigrationReport\migration-api-db\trap\java\classes\com\fasterxml\jackson\annotation\JsonTypeInfo.members...
[2026-07-27 12:40:26] [PROGRESS] resolve files> Scanning D:\MigrationReportTool\Backend\MigrationReport\migration-api-db\trap\java\classes\com\fasterxml\jackson\annotation\JsonValue.members...
[2026-07-27 12:40:26] [PROGRESS] resolve files> Scanning D:\MigrationReportTool\Backend\MigrationReport\migration-api-db\trap\java\classes\com\fasterxml\jackson\annotation\Nulls.members...
[2026-07-27 12:40:26] [PROGRESS] resolve files> Scanning D:\MigrationReportTool\Backend\MigrationReport\migration-api-db\trap\java\classes\com\fasterxml\jackson\annotation\ObjectIdGenerator$IdKey.members...
[2026-07-27 12:40:26] [PROGRESS] resolve files> Scanning D:\MigrationReportTool\Backend\MigrationReport\migration-api-db\trap\java\classes\com\fasterxml\jackson\annotation\ObjectIdGenerator.members...
[2026-07-27 12:40:26] [PROGRESS] resolve files> Scanning D:\MigrationReportTool\Backend\MigrationReport\migration-api-db\trap\java\classes\com\fasterxml\jackson\annotation\ObjectIdResolver.members...
[2026-07-27 12:40:26] [PROGRESS] resolve files> Scanning D:\MigrationReportTool\Backend\MigrationReport\migration-api-db\trap\java\classes\com\fasterxml\jackson\annotation\OptBoolean.members...
[2026-07-27 12:40:26] [PROGRESS] resolve files> Scanning D:\MigrationReportTool\Backend\MigrationReport\migration-api-db\trap\java\classes\com\fasterxml\jackson\annotation\PropertyAccessor.members...
[2026-07-27 12:40:26] [PROGRESS] resolve files> Scanning D:\MigrationReportTool\Backend\MigrationReport\migration-api-db\trap\java\classes\com\fasterxml\jackson\core...
[2026-07-27 12:40:26] [PROGRESS] resolve files> Scanning D:\MigrationReportTool\Backend\MigrationReport\migration-api-db\trap\java\classes\com\fasterxml\jackson\core\async...
[2026-07-27 12:40:26] [PROGRESS] resolve files> Scanning D:\MigrationReportTool\Backend\MigrationReport\migration-api-db\trap\java\classes\com\fasterxml\jackson\core\async\NonBlockingInputFeeder.members...
[2026-07-27 12:40:26] [PROGRESS] resolve files> Scanning D:\MigrationReportTool\Backend\MigrationReport\migration-api-db\trap\java\classes\com\fasterxml\jackson\core\Base64Variant$PaddingReadBehaviour.members...
[2026-07-27 12:40:26] [PROGRESS] resolve files> Scanning D:\MigrationReportTool\Backend\MigrationReport\migration-api-db\trap\java\classes\com\fasterxml\jackson\core\Base64Variant.members...
[2026-07-27 12:40:26] [PROGRESS] resolve files> Scanning D:\MigrationReportTool\Backend\MigrationReport\migration-api-db\trap\java\classes\com\fasterxml\jackson\core\ErrorReportConfiguration$Builder.members...
[2026-07-27 12:40:26] [PROGRESS] resolve files> Scanning D:\MigrationReportTool\Backend\MigrationReport\migration-api-db\trap\java\classes\com\fasterxml\jackson\core\ErrorReportConfiguration.members...
[2026-07-27 12:40:26] [PROGRESS] resolve files> Scanning D:\MigrationReportTool\Backend\MigrationReport\migration-api-db\trap\java\classes\com\fasterxml\jackson\core\exc...
[2026-07-27 12:40:26] [PROGRESS] resolve files> Scanning D:\MigrationReportTool\Backend\MigrationReport\migration-api-db\trap\java\classes\com\fasterxml\jackson\core\exc\StreamConstraintsException.members...
[2026-07-27 12:40:26] [PROGRESS] resolve files> Scanning D:\MigrationReportTool\Backend\MigrationReport\migration-api-db\trap\java\classes\com\fasterxml\jackson\core\exc\StreamReadException.members...
[2026-07-27 12:40:26] [PROGRESS] resolve files> Scanning D:\MigrationReportTool\Backend\MigrationReport\migration-api-db\trap\java\classes\com\fasterxml\jackson\core\exc\StreamWriteException.members...
[2026-07-27 12:40:26] [PROGRESS] resolve files> Scanning D:\MigrationReportTool\Backend\MigrationReport\migration-api-db\trap\java\classes\com\fasterxml\jackson\core\filter...
[2026-07-27 12:40:26] [PROGRESS] resolve files> Scanning D:\MigrationReportTool\Backend\MigrationReport\migration-api-db\trap\java\classes\com\fasterxml\jackson\core\filter\TokenFilter.members...
[2026-07-27 12:40:26] [PROGRESS] resolve files> Scanning D:\MigrationReportTool\Backend\MigrationReport\migration-api-db\trap\java\classes\com\fasterxml\jackson\core\format...
[2026-07-27 12:40:26] [PROGRESS] resolve files> Scanning D:\MigrationReportTool\Backend\MigrationReport\migration-api-db\trap\java\classes\com\fasterxml\jackson\core\format\InputAccessor.members...
[2026-07-27 12:40:26] [PROGRESS] resolve files> Scanning D:\MigrationReportTool\Backend\MigrationReport\migration-api-db\trap\java\classes\com\fasterxml\jackson\core\format\MatchStrength.members...
[2026-07-27 12:40:26] [PROGRESS] resolve files> Scanning D:\MigrationReportTool\Backend\MigrationReport\migration-api-db\trap\java\classes\com\fasterxml\jackson\core\FormatFeature.members...
[2026-07-27 12:40:26] [PROGRESS] resolve files> Scanning D:\MigrationReportTool\Backend\MigrationReport\migration-api-db\trap\java\classes\com\fasterxml\jackson\core\FormatSchema.members...
[2026-07-27 12:40:26] [PROGRESS] resolve files> Scanning D:\MigrationReportTool\Backend\MigrationReport\migration-api-db\trap\java\classes\com\fasterxml\jackson\core\io...
[2026-07-27 12:40:26] [PROGRESS] resolve files> Scanning D:\MigrationReportTool\Backend\MigrationReport\migration-api-db\trap\java\classes\com\fasterxml\jackson\core\io\CharacterEscapes.members...
[2026-07-27 12:40:26] [PROGRESS] resolve files> Scanning D:\MigrationReportTool\Backend\MigrationReport\migration-api-db\trap\java\classes\com\fasterxml\jackson\core\io\ContentReference.members...
[2026-07-27 12:40:26] [PROGRESS] resolve files> Scanning D:\MigrationReportTool\Backend\MigrationReport\migration-api-db\trap\java\classes\com\fasterxml\jackson\core\io\InputDecorator.members...
[2026-07-27 12:40:26] [PROGRESS] resolve files> Scanning D:\MigrationReportTool\Backend\MigrationReport\migration-api-db\trap\java\classes\com\fasterxml\jackson\core\io\IOContext.members...
[2026-07-27 12:40:26] [PROGRESS] resolve files> Scanning D:\MigrationReportTool\Backend\MigrationReport\migration-api-db\trap\java\classes\com\fasterxml\jackson\core\io\OutputDecorator.members...
[2026-07-27 12:40:26] [PROGRESS] resolve files> Scanning D:\MigrationReportTool\Backend\MigrationReport\migration-api-db\trap\java\classes\com\fasterxml\jackson\core\io\SerializedString.members...
[2026-07-27 12:40:26] [PROGRESS] resolve files> Scanning D:\MigrationReportTool\Backend\MigrationReport\migration-api-db\trap\java\classes\com\fasterxml\jackson\core\JacksonException.members...
[2026-07-27 12:40:26] [PROGRESS] resolve files> Scanning D:\MigrationReportTool\Backend\MigrationReport\migration-api-db\trap\java\classes\com\fasterxml\jackson\core\json...
[2026-07-27 12:40:26] [PROGRESS] resolve files> Scanning D:\MigrationReportTool\Backend\MigrationReport\migration-api-db\trap\java\classes\com\fasterxml\jackson\core\json\DupDetector.members...
[2026-07-27 12:40:26] [PROGRESS] resolve files> Scanning D:\MigrationReportTool\Backend\MigrationReport\migration-api-db\trap\java\classes\com\fasterxml\jackson\core\json\JsonReadFeature.members...
[2026-07-27 12:40:26] [PROGRESS] resolve files> Scanning D:\MigrationReportTool\Backend\MigrationReport\migration-api-db\trap\java\classes\com\fasterxml\jackson\core\json\JsonWriteContext.members...
[2026-07-27 12:40:26] [PROGRESS] resolve files> Scanning D:\MigrationReportTool\Backend\MigrationReport\migration-api-db\trap\java\classes\com\fasterxml\jackson\core\json\JsonWriteFeature.members...
[2026-07-27 12:40:26] [PROGRESS] resolve files> Scanning D:\MigrationReportTool\Backend\MigrationReport\migration-api-db\trap\java\classes\com\fasterxml\jackson\core\JsonEncoding.members...
[2026-07-27 12:40:26] [PROGRESS] resolve files> Scanning D:\MigrationReportTool\Backend\MigrationReport\migration-api-db\trap\java\classes\com\fasterxml\jackson\core\JsonFactory$Feature.members...
[2026-07-27 12:40:26] [PROGRESS] resolve files> Scanning D:\MigrationReportTool\Backend\MigrationReport\migration-api-db\trap\java\classes\com\fasterxml\jackson\core\JsonFactory.members...
[2026-07-27 12:40:26] [PROGRESS] resolve files> Scanning D:\MigrationReportTool\Backend\MigrationReport\migration-api-db\trap\java\classes\com\fasterxml\jackson\core\JsonFactoryBuilder.members...
[2026-07-27 12:40:26] [PROGRESS] resolve files> Scanning D:\MigrationReportTool\Backend\MigrationReport\migration-api-db\trap\java\classes\com\fasterxml\jackson\core\JsonGenerationException.members...
[2026-07-27 12:40:26] [PROGRESS] resolve files> Scanning D:\MigrationReportTool\Backend\MigrationReport\migration-api-db\trap\java\classes\com\fasterxml\jackson\core\JsonGenerator$Feature.members...
[2026-07-27 12:40:26] [PROGRESS] resolve files> Scanning D:\MigrationReportTool\Backend\MigrationReport\migration-api-db\trap\java\classes\com\fasterxml\jackson\core\JsonGenerator.members...
[2026-07-27 12:40:26] [PROGRESS] resolve files> Scanning D:\MigrationReportTool\Backend\MigrationReport\migration-api-db\trap\java\classes\com\fasterxml\jackson\core\JsonLocation.members...
[2026-07-27 12:40:26] [PROGRESS] resolve files> Scanning D:\MigrationReportTool\Backend\MigrationReport\migration-api-db\trap\java\classes\com\fasterxml\jackson\core\JsonParseException.members...
[2026-07-27 12:40:26] [PROGRESS] resolve files> Scanning D:\MigrationReportTool\Backend\MigrationReport\migration-api-db\trap\java\classes\com\fasterxml\jackson\core\JsonParser$Feature.members...
[2026-07-27 12:40:26] [PROGRESS] resolve files> Scanning D:\MigrationReportTool\Backend\MigrationReport\migration-api-db\trap\java\classes\com\fasterxml\jackson\core\JsonParser$NumberType.members...
[2026-07-27 12:40:26] [PROGRESS] resolve files> Scanning D:\MigrationReportTool\Backend\MigrationReport\migration-api-db\trap\java\classes\com\fasterxml\jackson\core\JsonParser$NumberTypeFP.members...
[2026-07-27 12:40:26] [PROGRESS] resolve files> Scanning D:\MigrationReportTool\Backend\MigrationReport\migration-api-db\trap\java\classes\com\fasterxml\jackson\core\JsonParser.members...
[2026-07-27 12:40:26] [PROGRESS] resolve files> Scanning D:\MigrationReportTool\Backend\MigrationReport\migration-api-db\trap\java\classes\com\fasterxml\jackson\core\JsonPointer.members...
[2026-07-27 12:40:26] [PROGRESS] resolve files> Scanning D:\MigrationReportTool\Backend\MigrationReport\migration-api-db\trap\java\classes\com\fasterxml\jackson\core\JsonProcessingException.members...
[2026-07-27 12:40:26] [PROGRESS] resolve files> Scanning D:\MigrationReportTool\Backend\MigrationReport\migration-api-db\trap\java\classes\com\fasterxml\jackson\core\JsonStreamContext.members...
[2026-07-27 12:40:26] [PROGRESS] resolve files> Scanning D:\MigrationReportTool\Backend\MigrationReport\migration-api-db\trap\java\classes\com\fasterxml\jackson\core\JsonToken.members...
[2026-07-27 12:40:26] [PROGRESS] resolve files> Scanning D:\MigrationReportTool\Backend\MigrationReport\migration-api-db\trap\java\classes\com\fasterxml\jackson\core\ObjectCodec.members...
[2026-07-27 12:40:26] [PROGRESS] resolve files> Scanning D:\MigrationReportTool\Backend\MigrationReport\migration-api-db\trap\java\classes\com\fasterxml\jackson\core\PrettyPrinter.members...
[2026-07-27 12:40:26] [PROGRESS] resolve files> Scanning D:\MigrationReportTool\Backend\MigrationReport\migration-api-db\trap\java\classes\com\fasterxml\jackson\core\SerializableString.members...
[2026-07-27 12:40:26] [PROGRESS] resolve files> Scanning D:\MigrationReportTool\Backend\MigrationReport\migration-api-db\trap\java\classes\com\fasterxml\jackson\core\StreamReadCapability.members...
[2026-07-27 12:40:26] [PROGRESS] resolve files> Scanning D:\MigrationReportTool\Backend\MigrationReport\migration-api-db\trap\java\classes\com\fasterxml\jackson\core\StreamReadConstraints$Builder.members...
[2026-07-27 12:40:26] [PROGRESS] resolve files> Scanning D:\MigrationReportTool\Backend\MigrationReport\migration-api-db\trap\java\classes\com\fasterxml\jackson\core\StreamReadConstraints.members...
[2026-07-27 12:40:26] [PROGRESS] resolve files> Scanning D:\MigrationReportTool\Backend\MigrationReport\migration-api-db\trap\java\classes\com\fasterxml\jackson\core\StreamReadFeature.members...
[2026-07-27 12:40:26] [PROGRESS] resolve files> Scanning D:\MigrationReportTool\Backend\MigrationReport\migration-api-db\trap\java\classes\com\fasterxml\jackson\core\StreamWriteCapability.members...
[2026-07-27 12:40:26] [PROGRESS] resolve files> Scanning D:\MigrationReportTool\Backend\MigrationReport\migration-api-db\trap\java\classes\com\fasterxml\jackson\core\StreamWriteConstraints$Builder.members...
[2026-07-27 12:40:26] [PROGRESS] resolve files> Scanning D:\MigrationReportTool\Backend\MigrationReport\migration-api-db\trap\java\classes\com\fasterxml\jackson\core\StreamWriteConstraints.members...
[2026-07-27 12:40:26] [PROGRESS] resolve files> Scanning D:\MigrationReportTool\Backend\MigrationReport\migration-api-db\trap\java\classes\com\fasterxml\jackson\core\StreamWriteFeature.members...
[2026-07-27 12:40:26] [PROGRESS] resolve files> Scanning D:\MigrationReportTool\Backend\MigrationReport\migration-api-db\trap\java\classes\com\fasterxml\jackson\core\sym...
[2026-07-27 12:40:26] [PROGRESS] resolve files> Scanning D:\MigrationReportTool\Backend\MigrationReport\migration-api-db\trap\java\classes\com\fasterxml\jackson\core\sym\ByteQuadsCanonicalizer$TableInfo.members...
[2026-07-27 12:40:26] [PROGRESS] resolve files> Scanning D:\MigrationReportTool\Backend\MigrationReport\migration-api-db\trap\java\classes\com\fasterxml\jackson\core\sym\ByteQuadsCanonicalizer.members...
[2026-07-27 12:40:26] [PROGRESS] resolve files> Scanning D:\MigrationReportTool\Backend\MigrationReport\migration-api-db\trap\java\classes\com\fasterxml\jackson\core\sym\CharsToNameCanonicalizer$Bucket.members...
[2026-07-27 12:40:26] [PROGRESS] resolve files> Scanning D:\MigrationReportTool\Backend\MigrationReport\migration-api-db\trap\java\classes\com\fasterxml\jackson\core\sym\CharsToNameCanonicalizer$TableInfo.members...
[2026-07-27 12:40:26] [PROGRESS] resolve files> Scanning D:\MigrationReportTool\Backend\MigrationReport\migration-api-db\trap\java\classes\com\fasterxml\jackson\core\sym\CharsToNameCanonicalizer.members...
[2026-07-27 12:40:26] [PROGRESS] resolve files> Scanning D:\MigrationReportTool\Backend\MigrationReport\migration-api-db\trap\java\classes\com\fasterxml\jackson\core\TokenStreamFactory.members...
[2026-07-27 12:40:26] [PROGRESS] resolve files> Scanning D:\MigrationReportTool\Backend\MigrationReport\migration-api-db\trap\java\classes\com\fasterxml\jackson\core\TreeCodec.members...
[2026-07-27 12:40:26] [PROGRESS] resolve files> Scanning D:\MigrationReportTool\Backend\MigrationReport\migration-api-db\trap\java\classes\com\fasterxml\jackson\core\TreeNode.members...
[2026-07-27 12:40:26] [PROGRESS] resolve files> Scanning D:\MigrationReportTool\Backend\MigrationReport\migration-api-db\trap\java\classes\com\fasterxml\jackson\core\TSFBuilder.members...
[2026-07-27 12:40:26] [PROGRESS] resolve files> Scanning D:\MigrationReportTool\Backend\MigrationReport\migration-api-db\trap\java\classes\com\fasterxml\jackson\core\type...
[2026-07-27 12:40:26] [PROGRESS] resolve files> Scanning D:\MigrationReportTool\Backend\MigrationReport\migration-api-db\trap\java\classes\com\fasterxml\jackson\core\type\ResolvedType.members...
[2026-07-27 12:40:26] [PROGRESS] resolve files> Scanning D:\MigrationReportTool\Backend\MigrationReport\migration-api-db\trap\java\classes\com\fasterxml\jackson\core\type\TypeReference.members...
[2026-07-27 12:40:26] [PROGRESS] resolve files> Scanning D:\MigrationReportTool\Backend\MigrationReport\migration-api-db\trap\java\classes\com\fasterxml\jackson\core\type\WritableTypeId$Inclusion.members...
[2026-07-27 12:40:26] [PROGRESS] resolve files> Scanning D:\MigrationReportTool\Backend\MigrationReport\migration-api-db\trap\java\classes\com\fasterxml\jackson\core\type\WritableTypeId.members...
[2026-07-27 12:40:26] [PROGRESS] resolve files> Scanning D:\MigrationReportTool\Backend\MigrationReport\migration-api-db\trap\java\classes\com\fasterxml\jackson\core\util...
[2026-07-27 12:40:26] [PROGRESS] resolve files> Scanning D:\MigrationReportTool\Backend\MigrationReport\migration-api-db\trap\java\classes\com\fasterxml\jackson\core\util\BufferRecycler$Gettable.members...
[2026-07-27 12:40:26] [PROGRESS] resolve files> Scanning D:\MigrationReportTool\Backend\MigrationReport\migration-api-db\trap\java\classes\com\fasterxml\jackson\core\util\BufferRecycler.members...
[2026-07-27 12:40:26] [PROGRESS] resolve files> Scanning D:\MigrationReportTool\Backend\MigrationReport\migration-api-db\trap\java\classes\com\fasterxml\jackson\core\util\ByteArrayBuilder.members...
[2026-07-27 12:40:26] [PROGRESS] resolve files> Scanning D:\MigrationReportTool\Backend\MigrationReport\migration-api-db\trap\java\classes\com\fasterxml\jackson\core\util\InternCache.members...
[2026-07-27 12:40:26] [PROGRESS] resolve files> Scanning D:\MigrationReportTool\Backend\MigrationReport\migration-api-db\trap\java\classes\com\fasterxml\jackson\core\util\JacksonFeature.members...
[2026-07-27 12:40:26] [PROGRESS] resolve files> Scanning D:\MigrationReportTool\Backend\MigrationReport\migration-api-db\trap\java\classes\com\fasterxml\jackson\core\util\JacksonFeatureSet.members...
[2026-07-27 12:40:26] [PROGRESS] resolve files> Scanning D:\MigrationReportTool\Backend\MigrationReport\migration-api-db\trap\java\classes\com\fasterxml\jackson\core\util\JsonGeneratorDecorator.members...
[2026-07-27 12:40:26] [PROGRESS] resolve files> Scanning D:\MigrationReportTool\Backend\MigrationReport\migration-api-db\trap\java\classes\com\fasterxml\jackson\core\util\RecyclerPool$WithPool.members...
[2026-07-27 12:40:26] [PROGRESS] resolve files> Scanning D:\MigrationReportTool\Backend\MigrationReport\migration-api-db\trap\java\classes\com\fasterxml\jackson\core\util\RecyclerPool.members...
[2026-07-27 12:40:26] [PROGRESS] resolve files> Scanning D:\MigrationReportTool\Backend\MigrationReport\migration-api-db\trap\java\classes\com\fasterxml\jackson\core\util\RequestPayload.members...
[2026-07-27 12:40:26] [PROGRESS] resolve files> Scanning D:\MigrationReportTool\Backend\MigrationReport\migration-api-db\trap\java\classes\com\fasterxml\jackson\core\util\Separators$Spacing.members...
[2026-07-27 12:40:26] [PROGRESS] resolve files> Scanning D:\MigrationReportTool\Backend\MigrationReport\migration-api-db\trap\java\classes\com\fasterxml\jackson\core\util\Separators.members...
[2026-07-27 12:40:26] [PROGRESS] resolve files> Scanning D:\MigrationReportTool\Backend\MigrationReport\migration-api-db\trap\java\classes\com\fasterxml\jackson\core\util\TextBuffer.members...
[2026-07-27 12:40:26] [PROGRESS] resolve files> Scanning D:\MigrationReportTool\Backend\MigrationReport\migration-api-db\trap\java\classes\com\fasterxml\jackson\core\Version.members...
[2026-07-27 12:40:26] [PROGRESS] resolve files> Scanning D:\MigrationReportTool\Backend\MigrationReport\migration-api-db\trap\java\classes\com\fasterxml\jackson\core\Versioned.members...
[2026-07-27 12:40:26] [PROGRESS] resolve files> Scanning D:\MigrationReportTool\Backend\MigrationReport\migration-api-db\trap\java\classes\com\fasterxml\jackson\databind...
[2026-07-27 12:40:26] [PROGRESS] resolve files> Scanning D:\MigrationReportTool\Backend\MigrationReport\migration-api-db\trap\java\classes\com\fasterxml\jackson\databind\AbstractTypeResolver.members...
[2026-07-27 12:40:26] [PROGRESS] resolve files> Scanning D:\MigrationReportTool\Backend\MigrationReport\migration-api-db\trap\java\classes\com\fasterxml\jackson\databind\annotation...
[2026-07-27 12:40:26] [PROGRESS] resolve files> Scanning D:\MigrationReportTool\Backend\MigrationReport\migration-api-db\trap\java\classes\com\fasterxml\jackson\databind\annotation\JacksonStdImpl.members...
[2026-07-27 12:40:26] [PROGRESS] resolve files> Scanning D:\MigrationReportTool\Backend\MigrationReport\migration-api-db\trap\java\classes\com\fasterxml\jackson\databind\annotation\JsonPOJOBuilder$Value.members...
[2026-07-27 12:40:26] [PROGRESS] resolve files> Scanning D:\MigrationReportTool\Backend\MigrationReport\migration-api-db\trap\java\classes\com\fasterxml\jackson\databind\annotation\JsonPOJOBuilder.members...
[2026-07-27 12:40:26] [PROGRESS] resolve files> Scanning D:\MigrationReportTool\Backend\MigrationReport\migration-api-db\trap\java\classes\com\fasterxml\jackson\databind\annotation\JsonSerialize$Inclusion.members...
[2026-07-27 12:40:26] [PROGRESS] resolve files> Scanning D:\MigrationReportTool\Backend\MigrationReport\migration-api-db\trap\java\classes\com\fasterxml\jackson\databind\annotation\JsonSerialize$Typing.members...
[2026-07-27 12:40:26] [PROGRESS] resolve files> Scanning D:\MigrationReportTool\Backend\MigrationReport\migration-api-db\trap\java\classes\com\fasterxml\jackson\databind\annotation\JsonSerialize.members...
[2026-07-27 12:40:26] [PROGRESS] resolve files> Scanning D:\MigrationReportTool\Backend\MigrationReport\migration-api-db\trap\java\classes\com\fasterxml\jackson\databind\AnnotationIntrospector$ReferenceProperty$Type.members...
[2026-07-27 12:40:26] [PROGRESS] resolve files> Scanning D:\MigrationReportTool\Backend\MigrationReport\migration-api-db\trap\java\classes\com\fasterxml\jackson\databind\AnnotationIntrospector$ReferenceProperty.members...
[2026-07-27 12:40:26] [PROGRESS] resolve files> Scanning D:\MigrationReportTool\Backend\MigrationReport\migration-api-db\trap\java\classes\com\fasterxml\jackson\databind\AnnotationIntrospector.members...
[2026-07-27 12:40:26] [PROGRESS] resolve files> Scanning D:\MigrationReportTool\Backend\MigrationReport\migration-api-db\trap\java\classes\com\fasterxml\jackson\databind\BeanDescription.members...
[2026-07-27 12:40:26] [PROGRESS] resolve files> Scanning D:\MigrationReportTool\Backend\MigrationReport\migration-api-db\trap\java\classes\com\fasterxml\jackson\databind\BeanProperty$Std.members...
[2026-07-27 12:40:26] [PROGRESS] resolve files> Scanning D:\MigrationReportTool\Backend\MigrationReport\migration-api-db\trap\java\classes\com\fasterxml\jackson\databind\BeanProperty.members...
[2026-07-27 12:40:26] [PROGRESS] resolve files> Scanning D:\MigrationReportTool\Backend\MigrationReport\migration-api-db\trap\java\classes\com\fasterxml\jackson\databind\cfg...
[2026-07-27 12:40:26] [PROGRESS] resolve files> Scanning D:\MigrationReportTool\Backend\MigrationReport\migration-api-db\trap\java\classes\com\fasterxml\jackson\databind\cfg\BaseSettings.members...
[2026-07-27 12:40:26] [PROGRESS] resolve files> Scanning D:\MigrationReportTool\Backend\MigrationReport\migration-api-db\trap\java\classes\com\fasterxml\jackson\databind\cfg\CacheProvider.members...
[2026-07-27 12:40:26] [PROGRESS] resolve files> Scanning D:\MigrationReportTool\Backend\MigrationReport\migration-api-db\trap\java\classes\com\fasterxml\jackson\databind\cfg\CoercionAction.members...
[2026-07-27 12:40:26] [PROGRESS] resolve files> Scanning D:\MigrationReportTool\Backend\MigrationReport\migration-api-db\trap\java\classes\com\fasterxml\jackson\databind\cfg\CoercionConfig.members...
[2026-07-27 12:40:26] [PROGRESS] resolve files> Scanning D:\MigrationReportTool\Backend\MigrationReport\migration-api-db\trap\java\classes\com\fasterxml\jackson\databind\cfg\CoercionConfigs.members...
[2026-07-27 12:40:26] [PROGRESS] resolve files> Scanning D:\MigrationReportTool\Backend\MigrationReport\migration-api-db\trap\java\classes\com\fasterxml\jackson\databind\cfg\CoercionInputShape.members...
[2026-07-27 12:40:26] [PROGRESS] resolve files> Scanning D:\MigrationReportTool\Backend\MigrationReport\migration-api-db\trap\java\classes\com\fasterxml\jackson\databind\cfg\ConfigFeature.members...
[2026-07-27 12:40:26] [PROGRESS] resolve files> Scanning D:\MigrationReportTool\Backend\MigrationReport\migration-api-db\trap\java\classes\com\fasterxml\jackson\databind\cfg\ConfigOverride.members...
[2026-07-27 12:40:26] [PROGRESS] resolve files> Scanning D:\MigrationReportTool\Backend\MigrationReport\migration-api-db\trap\java\classes\com\fasterxml\jackson\databind\cfg\ConfigOverrides.members...
[2026-07-27 12:40:26] [PROGRESS] resolve files> Scanning D:\MigrationReportTool\Backend\MigrationReport\migration-api-db\trap\java\classes\com\fasterxml\jackson\databind\cfg\ConstructorDetector$SingleArgConstructor.members...
[2026-07-27 12:40:26] [PROGRESS] resolve files> Scanning D:\MigrationReportTool\Backend\MigrationReport\migration-api-db\trap\java\classes\com\fasterxml\jackson\databind\cfg\ConstructorDetector.members...
[2026-07-27 12:40:26] [PROGRESS] resolve files> Scanning D:\MigrationReportTool\Backend\MigrationReport\migration-api-db\trap\java\classes\com\fasterxml\jackson\databind\cfg\ContextAttributes.members...
[2026-07-27 12:40:26] [PROGRESS] resolve files> Scanning D:\MigrationReportTool\Backend\MigrationReport\migration-api-db\trap\java\classes\com\fasterxml\jackson\databind\cfg\DatatypeFeature.members...
[2026-07-27 12:40:26] [PROGRESS] resolve files> Scanning D:\MigrationReportTool\Backend\MigrationReport\migration-api-db\trap\java\classes\com\fasterxml\jackson\databind\cfg\DatatypeFeatures.members...
[2026-07-27 12:40:26] [PROGRESS] resolve files> Scanning D:\MigrationReportTool\Backend\MigrationReport\migration-api-db\trap\java\classes\com\fasterxml\jackson\databind\cfg\HandlerInstantiator.members...
[2026-07-27 12:40:26] [PROGRESS] resolve files> Scanning D:\MigrationReportTool\Backend\MigrationReport\migration-api-db\trap\java\classes\com\fasterxml\jackson\databind\cfg\MapperConfig.members...
[2026-07-27 12:40:26] [PROGRESS] resolve files> Scanning D:\MigrationReportTool\Backend\MigrationReport\migration-api-db\trap\java\classes\com\fasterxml\jackson\databind\cfg\MapperConfigBase.members...
[2026-07-27 12:40:26] [PROGRESS] resolve files> Scanning D:\MigrationReportTool\Backend\MigrationReport\migration-api-db\trap\java\classes\com\fasterxml\jackson\databind\cfg\MutableCoercionConfig.members...
[2026-07-27 12:40:26] [PROGRESS] resolve files> Scanning D:\MigrationReportTool\Backend\MigrationReport\migration-api-db\trap\java\classes\com\fasterxml\jackson\databind\cfg\MutableConfigOverride.members...
[2026-07-27 12:40:26] [PROGRESS] resolve files> Scanning D:\MigrationReportTool\Backend\MigrationReport\migration-api-db\trap\java\classes\com\fasterxml\jackson\databind\DatabindContext.members...
[2026-07-27 12:40:26] [PROGRESS] resolve files> Scanning D:\MigrationReportTool\Backend\MigrationReport\migration-api-db\trap\java\classes\com\fasterxml\jackson\databind\DatabindException.members...
[2026-07-27 12:40:26] [PROGRESS] resolve files> Scanning D:\MigrationReportTool\Backend\MigrationReport\migration-api-db\trap\java\classes\com\fasterxml\jackson\databind\deser...
[2026-07-27 12:40:26] [PROGRESS] resolve files> Scanning D:\MigrationReportTool\Backend\MigrationReport\migration-api-db\trap\java\classes\com\fasterxml\jackson\databind\deser\AbstractDeserializer.members...
[2026-07-27 12:40:26] [PROGRESS] resolve files> Scanning D:\MigrationReportTool\Backend\MigrationReport\migration-api-db\trap\java\classes\com\fasterxml\jackson\databind\deser\BeanDeserializerBuilder.members...
[2026-07-27 12:40:26] [PROGRESS] resolve files> Scanning D:\MigrationReportTool\Backend\MigrationReport\migration-api-db\trap\java\classes\com\fasterxml\jackson\databind\deser\BeanDeserializerModifier.members...
[2026-07-27 12:40:26] [PROGRESS] resolve files> Scanning D:\MigrationReportTool\Backend\MigrationReport\migration-api-db\trap\java\classes\com\fasterxml\jackson\databind\deser\ContextualDeserializer.members...
[2026-07-27 12:40:26] [PROGRESS] resolve files> Scanning D:\MigrationReportTool\Backend\MigrationReport\migration-api-db\trap\java\classes\com\fasterxml\jackson\databind\deser\DataFormatReaders$Match.members...
[2026-07-27 12:40:26] [PROGRESS] resolve files> Scanning D:\MigrationReportTool\Backend\MigrationReport\migration-api-db\trap\java\classes\com\fasterxml\jackson\databind\deser\DataFormatReaders.members...
[2026-07-27 12:40:26] [PROGRESS] resolve files> Scanning D:\MigrationReportTool\Backend\MigrationReport\migration-api-db\trap\java\classes\com\fasterxml\jackson\databind\deser\DefaultDeserializationContext.members...
[2026-07-27 12:40:26] [PROGRESS] resolve files> Scanning D:\MigrationReportTool\Backend\MigrationReport\migration-api-db\trap\java\classes\com\fasterxml\jackson\databind\deser\DeserializationProblemHandler.members...
[2026-07-27 12:40:26] [PROGRESS] resolve files> Scanning D:\MigrationReportTool\Backend\MigrationReport\migration-api-db\trap\java\classes\com\fasterxml\jackson\databind\deser\DeserializerCache.members...
[2026-07-27 12:40:26] [PROGRESS] resolve files> Scanning D:\MigrationReportTool\Backend\MigrationReport\migration-api-db\trap\java\classes\com\fasterxml\jackson\databind\deser\DeserializerFactory.members...
[2026-07-27 12:40:26] [PROGRESS] resolve files> Scanning D:\MigrationReportTool\Backend\MigrationReport\migration-api-db\trap\java\classes\com\fasterxml\jackson\databind\deser\Deserializers.members...
[2026-07-27 12:40:26] [PROGRESS] resolve files> Scanning D:\MigrationReportTool\Backend\MigrationReport\migration-api-db\trap\java\classes\com\fasterxml\jackson\databind\deser\impl...
[2026-07-27 12:40:26] [PROGRESS] resolve files> Scanning D:\MigrationReportTool\Backend\MigrationReport\migration-api-db\trap\java\classes\com\fasterxml\jackson\databind\deser\impl\BeanPropertyMap.members...
[2026-07-27 12:40:26] [PROGRESS] resolve files> Scanning D:\MigrationReportTool\Backend\MigrationReport\migration-api-db\trap\java\classes\com\fasterxml\jackson\databind\deser\impl\ObjectIdReader.members...
[2026-07-27 12:40:26] [PROGRESS] resolve files> Scanning D:\MigrationReportTool\Backend\MigrationReport\migration-api-db\trap\java\classes\com\fasterxml\jackson\databind\deser\impl\PropertyValue.members...
[2026-07-27 12:40:26] [PROGRESS] resolve files> Scanning D:\MigrationReportTool\Backend\MigrationReport\migration-api-db\trap\java\classes\com\fasterxml\jackson\databind\deser\impl\PropertyValueBuffer.members...
[2026-07-27 12:40:26] [PROGRESS] resolve files> Scanning D:\MigrationReportTool\Backend\MigrationReport\migration-api-db\trap\java\classes\com\fasterxml\jackson\databind\deser\impl\ReadableObjectId$Referring.members...
[2026-07-27 12:40:26] [PROGRESS] resolve files> Scanning D:\MigrationReportTool\Backend\MigrationReport\migration-api-db\trap\java\classes\com\fasterxml\jackson\databind\deser\impl\ReadableObjectId.members...
[2026-07-27 12:40:26] [PROGRESS] resolve files> Scanning D:\MigrationReportTool\Backend\MigrationReport\migration-api-db\trap\java\classes\com\fasterxml\jackson\databind\deser\impl\ValueInjector.members...
[2026-07-27 12:40:26] [PROGRESS] resolve files> Scanning D:\MigrationReportTool\Backend\MigrationReport\migration-api-db\trap\java\classes\com\fasterxml\jackson\databind\deser\KeyDeserializers.members...
[2026-07-27 12:40:26] [PROGRESS] resolve files> Scanning D:\MigrationReportTool\Backend\MigrationReport\migration-api-db\trap\java\classes\com\fasterxml\jackson\databind\deser\NullValueProvider.members...
[2026-07-27 12:40:26] [PROGRESS] resolve files> Scanning D:\MigrationReportTool\Backend\MigrationReport\migration-api-db\trap\java\classes\com\fasterxml\jackson\databind\deser\SettableAnyProperty.members...
[2026-07-27 12:40:26] [PROGRESS] resolve files> Scanning D:\MigrationReportTool\Backend\MigrationReport\migration-api-db\trap\java\classes\com\fasterxml\jackson\databind\deser\SettableBeanProperty.members...
[2026-07-27 12:40:26] [PROGRESS] resolve files> Scanning D:\MigrationReportTool\Backend\MigrationReport\migration-api-db\trap\java\classes\com\fasterxml\jackson\databind\deser\UnresolvedForwardReference.members...
[2026-07-27 12:40:26] [PROGRESS] resolve files> Scanning D:\MigrationReportTool\Backend\MigrationReport\migration-api-db\trap\java\classes\com\fasterxml\jackson\databind\deser\UnresolvedId.members...
[2026-07-27 12:40:26] [PROGRESS] resolve files> Scanning D:\MigrationReportTool\Backend\MigrationReport\migration-api-db\trap\java\classes\com\fasterxml\jackson\databind\deser\ValueInstantiator.members...
[2026-07-27 12:40:26] [PROGRESS] resolve files> Scanning D:\MigrationReportTool\Backend\MigrationReport\migration-api-db\trap\java\classes\com\fasterxml\jackson\databind\deser\ValueInstantiators.members...
[2026-07-27 12:40:26] [PROGRESS] resolve files> Scanning D:\MigrationReportTool\Backend\MigrationReport\migration-api-db\trap\java\classes\com\fasterxml\jackson\databind\DeserializationConfig.members...
[2026-07-27 12:40:26] [PROGRESS] resolve files> Scanning D:\MigrationReportTool\Backend\MigrationReport\migration-api-db\trap\java\classes\com\fasterxml\jackson\databind\DeserializationContext.members...
[2026-07-27 12:40:26] [PROGRESS] resolve files> Scanning D:\MigrationReportTool\Backend\MigrationReport\migration-api-db\trap\java\classes\com\fasterxml\jackson\databind\DeserializationFeature.members...
[2026-07-27 12:40:26] [PROGRESS] resolve files> Scanning D:\MigrationReportTool\Backend\MigrationReport\migration-api-db\trap\java\classes\com\fasterxml\jackson\databind\EnumNamingStrategy.members...
[2026-07-27 12:40:26] [PROGRESS] resolve files> Scanning D:\MigrationReportTool\Backend\MigrationReport\migration-api-db\trap\java\classes\com\fasterxml\jackson\databind\InjectableValues.members...
[2026-07-27 12:40:26] [PROGRESS] resolve files> Scanning D:\MigrationReportTool\Backend\MigrationReport\migration-api-db\trap\java\classes\com\fasterxml\jackson\databind\introspect...
[2026-07-27 12:40:26] [PROGRESS] resolve files> Scanning D:\MigrationReportTool\Backend\MigrationReport\migration-api-db\trap\java\classes\com\fasterxml\jackson\databind\introspect\AccessorNamingStrategy$Provider.members...
[2026-07-27 12:40:26] [PROGRESS] resolve files> Scanning D:\MigrationReportTool\Backend\MigrationReport\migration-api-db\trap\java\classes\com\fasterxml\jackson\databind\introspect\AccessorNamingStrategy.members...
[2026-07-27 12:40:26] [PROGRESS] resolve files> Scanning D:\MigrationReportTool\Backend\MigrationReport\migration-api-db\trap\java\classes\com\fasterxml\jackson\databind\introspect\Annotated.members...
[2026-07-27 12:40:26] [PROGRESS] resolve files> Scanning D:\MigrationReportTool\Backend\MigrationReport\migration-api-db\trap\java\classes\com\fasterxml\jackson\databind\introspect\AnnotatedAndMetadata.members...
[2026-07-27 12:40:26] [PROGRESS] resolve files> Scanning D:\MigrationReportTool\Backend\MigrationReport\migration-api-db\trap\java\classes\com\fasterxml\jackson\databind\introspect\AnnotatedClass$Creators.members...
[2026-07-27 12:40:26] [PROGRESS] resolve files> Scanning D:\MigrationReportTool\Backend\MigrationReport\migration-api-db\trap\java\classes\com\fasterxml\jackson\databind\introspect\AnnotatedClass.members...
[2026-07-27 12:40:26] [PROGRESS] resolve files> Scanning D:\MigrationReportTool\Backend\MigrationReport\migration-api-db\trap\java\classes\com\fasterxml\jackson\databind\introspect\AnnotatedConstructor$Serialization.members...
[2026-07-27 12:40:26] [PROGRESS] resolve files> Scanning D:\MigrationReportTool\Backend\MigrationReport\migration-api-db\trap\java\classes\com\fasterxml\jackson\databind\introspect\AnnotatedConstructor.members...
[2026-07-27 12:40:26] [PROGRESS] resolve files> Scanning D:\MigrationReportTool\Backend\MigrationReport\migration-api-db\trap\java\classes\com\fasterxml\jackson\databind\introspect\AnnotatedField$Serialization.members...
[2026-07-27 12:40:26] [PROGRESS] resolve files> Scanning D:\MigrationReportTool\Backend\MigrationReport\migration-api-db\trap\java\classes\com\fasterxml\jackson\databind\introspect\AnnotatedField.members...
[2026-07-27 12:40:26] [PROGRESS] resolve files> Scanning D:\MigrationReportTool\Backend\MigrationReport\migration-api-db\trap\java\classes\com\fasterxml\jackson\databind\introspect\AnnotatedMember.members...
[2026-07-27 12:40:26] [PROGRESS] resolve files> Scanning D:\MigrationReportTool\Backend\MigrationReport\migration-api-db\trap\java\classes\com\fasterxml\jackson\databind\introspect\AnnotatedMethod$Serialization.members...
[2026-07-27 12:40:26] [PROGRESS] resolve files> Scanning D:\MigrationReportTool\Backend\MigrationReport\migration-api-db\trap\java\classes\com\fasterxml\jackson\databind\introspect\AnnotatedMethod.members...
[2026-07-27 12:40:26] [PROGRESS] resolve files> Scanning D:\MigrationReportTool\Backend\MigrationReport\migration-api-db\trap\java\classes\com\fasterxml\jackson\databind\introspect\AnnotatedMethodMap.members...
[2026-07-27 12:40:26] [PROGRESS] resolve files> Scanning D:\MigrationReportTool\Backend\MigrationReport\migration-api-db\trap\java\classes\com\fasterxml\jackson\databind\introspect\AnnotatedParameter.members...
[2026-07-27 12:40:26] [PROGRESS] resolve files> Scanning D:\MigrationReportTool\Backend\MigrationReport\migration-api-db\trap\java\classes\com\fasterxml\jackson\databind\introspect\AnnotatedWithParams.members...
[2026-07-27 12:40:26] [PROGRESS] resolve files> Scanning D:\MigrationReportTool\Backend\MigrationReport\migration-api-db\trap\java\classes\com\fasterxml\jackson\databind\introspect\AnnotationMap.members...
[2026-07-27 12:40:26] [PROGRESS] resolve files> Scanning D:\MigrationReportTool\Backend\MigrationReport\migration-api-db\trap\java\classes\com\fasterxml\jackson\databind\introspect\BeanPropertyDefinition.members...
[2026-07-27 12:40:26] [PROGRESS] resolve files> Scanning D:\MigrationReportTool\Backend\MigrationReport\migration-api-db\trap\java\classes\com\fasterxml\jackson\databind\introspect\ClassIntrospector$MixInResolver.members...
[2026-07-27 12:40:26] [PROGRESS] resolve files> Scanning D:\MigrationReportTool\Backend\MigrationReport\migration-api-db\trap\java\classes\com\fasterxml\jackson\databind\introspect\ClassIntrospector.members...
[2026-07-27 12:40:26] [PROGRESS] resolve files> Scanning D:\MigrationReportTool\Backend\MigrationReport\migration-api-db\trap\java\classes\com\fasterxml\jackson\databind\introspect\ConcreteBeanPropertyBase.members...
[2026-07-27 12:40:26] [PROGRESS] resolve files> Scanning D:\MigrationReportTool\Backend\MigrationReport\migration-api-db\trap\java\classes\com\fasterxml\jackson\databind\introspect\MemberKey.members...
[2026-07-27 12:40:26] [PROGRESS] resolve files> Scanning D:\MigrationReportTool\Backend\MigrationReport\migration-api-db\trap\java\classes\com\fasterxml\jackson\databind\introspect\ObjectIdInfo.members...
[2026-07-27 12:40:26] [PROGRESS] resolve files> Scanning D:\MigrationReportTool\Backend\MigrationReport\migration-api-db\trap\java\classes\com\fasterxml\jackson\databind\introspect\PotentialCreator.members...
[2026-07-27 12:40:26] [PROGRESS] resolve files> Scanning D:\MigrationReportTool\Backend\MigrationReport\migration-api-db\trap\java\classes\com\fasterxml\jackson\databind\introspect\PotentialCreators.members...
[2026-07-27 12:40:26] [PROGRESS] resolve files> Scanning D:\MigrationReportTool\Backend\MigrationReport\migration-api-db\trap\java\classes\com\fasterxml\jackson\databind\introspect\SimpleMixInResolver.members...
[2026-07-27 12:40:26] [PROGRESS] resolve files> Scanning D:\MigrationReportTool\Backend\MigrationReport\migration-api-db\trap\java\classes\com\fasterxml\jackson\databind\introspect\TypeResolutionContext.members...
[2026-07-27 12:40:26] [PROGRESS] resolve files> Scanning D:\MigrationReportTool\Backend\MigrationReport\migration-api-db\trap\java\classes\com\fasterxml\jackson\databind\introspect\VisibilityChecker.members...
[2026-07-27 12:40:26] [PROGRESS] resolve files> Scanning D:\MigrationReportTool\Backend\MigrationReport\migration-api-db\trap\java\classes\com\fasterxml\jackson\databind\JavaType.members...
[2026-07-27 12:40:26] [PROGRESS] resolve files> Scanning D:\MigrationReportTool\Backend\MigrationReport\migration-api-db\trap\java\classes\com\fasterxml\jackson\databind\JsonDeserializer.members...
[2026-07-27 12:40:26] [PROGRESS] resolve files> Scanning D:\MigrationReportTool\Backend\MigrationReport\migration-api-db\trap\java\classes\com\fasterxml\jackson\databind\jsonFormatVisitors...
[2026-07-27 12:40:26] [PROGRESS] resolve files> Scanning D:\MigrationReportTool\Backend\MigrationReport\migration-api-db\trap\java\classes\com\fasterxml\jackson\databind\jsonFormatVisitors\JsonAnyFormatVisitor.members...
[2026-07-27 12:40:26] [PROGRESS] resolve files> Scanning D:\MigrationReportTool\Backend\MigrationReport\migration-api-db\trap\java\classes\com\fasterxml\jackson\databind\jsonFormatVisitors\JsonArrayFormatVisitor.members...
[2026-07-27 12:40:26] [PROGRESS] resolve files> Scanning D:\MigrationReportTool\Backend\MigrationReport\migration-api-db\trap\java\classes\com\fasterxml\jackson\databind\jsonFormatVisitors\JsonBooleanFormatVisitor.members...
[2026-07-27 12:40:26] [PROGRESS] resolve files> Scanning D:\MigrationReportTool\Backend\MigrationReport\migration-api-db\trap\java\classes\com\fasterxml\jackson\databind\jsonFormatVisitors\JsonFormatTypes.members...
[2026-07-27 12:40:26] [PROGRESS] resolve files> Scanning D:\MigrationReportTool\Backend\MigrationReport\migration-api-db\trap\java\classes\com\fasterxml\jackson\databind\jsonFormatVisitors\JsonFormatVisitable.members...
[2026-07-27 12:40:26] [PROGRESS] resolve files> Scanning D:\MigrationReportTool\Backend\MigrationReport\migration-api-db\trap\java\classes\com\fasterxml\jackson\databind\jsonFormatVisitors\JsonFormatVisitorWithSerializerProvider.members...
[2026-07-27 12:40:26] [PROGRESS] resolve files> Scanning D:\MigrationReportTool\Backend\MigrationReport\migration-api-db\trap\java\classes\com\fasterxml\jackson\databind\jsonFormatVisitors\JsonFormatVisitorWrapper.members...
[2026-07-27 12:40:26] [PROGRESS] resolve files> Scanning D:\MigrationReportTool\Backend\MigrationReport\migration-api-db\trap\java\classes\com\fasterxml\jackson\databind\jsonFormatVisitors\JsonIntegerFormatVisitor.members...
[2026-07-27 12:40:26] [PROGRESS] resolve files> Scanning D:\MigrationReportTool\Backend\MigrationReport\migration-api-db\trap\java\classes\com\fasterxml\jackson\databind\jsonFormatVisitors\JsonMapFormatVisitor.members...
[2026-07-27 12:40:26] [PROGRESS] resolve files> Scanning D:\MigrationReportTool\Backend\MigrationReport\migration-api-db\trap\java\classes\com\fasterxml\jackson\databind\jsonFormatVisitors\JsonNullFormatVisitor.members...
[2026-07-27 12:40:26] [PROGRESS] resolve files> Scanning D:\MigrationReportTool\Backend\MigrationReport\migration-api-db\trap\java\classes\com\fasterxml\jackson\databind\jsonFormatVisitors\JsonNumberFormatVisitor.members...
[2026-07-27 12:40:26] [PROGRESS] resolve files> Scanning D:\MigrationReportTool\Backend\MigrationReport\migration-api-db\trap\java\classes\com\fasterxml\jackson\databind\jsonFormatVisitors\JsonObjectFormatVisitor.members...
[2026-07-27 12:40:26] [PROGRESS] resolve files> Scanning D:\MigrationReportTool\Backend\MigrationReport\migration-api-db\trap\java\classes\com\fasterxml\jackson\databind\jsonFormatVisitors\JsonStringFormatVisitor.members...
[2026-07-27 12:40:26] [PROGRESS] resolve files> Scanning D:\MigrationReportTool\Backend\MigrationReport\migration-api-db\trap\java\classes\com\fasterxml\jackson\databind\jsonFormatVisitors\JsonValueFormat.members...
[2026-07-27 12:40:26] [PROGRESS] resolve files> Scanning D:\MigrationReportTool\Backend\MigrationReport\migration-api-db\trap\java\classes\com\fasterxml\jackson\databind\jsonFormatVisitors\JsonValueFormatVisitor.members...
[2026-07-27 12:40:26] [PROGRESS] resolve files> Scanning D:\MigrationReportTool\Backend\MigrationReport\migration-api-db\trap\java\classes\com\fasterxml\jackson\databind\JsonMappingException$Reference.members...
[2026-07-27 12:40:26] [PROGRESS] resolve files> Scanning D:\MigrationReportTool\Backend\MigrationReport\migration-api-db\trap\java\classes\com\fasterxml\jackson\databind\JsonMappingException.members...
[2026-07-27 12:40:26] [PROGRESS] resolve files> Scanning D:\MigrationReportTool\Backend\MigrationReport\migration-api-db\trap\java\classes\com\fasterxml\jackson\databind\JsonNode$OverwriteMode.members...
[2026-07-27 12:40:26] [PROGRESS] resolve files> Scanning D:\MigrationReportTool\Backend\MigrationReport\migration-api-db\trap\java\classes\com\fasterxml\jackson\databind\JsonNode.members...
[2026-07-27 12:40:26] [PROGRESS] resolve files> Scanning D:\MigrationReportTool\Backend\MigrationReport\migration-api-db\trap\java\classes\com\fasterxml\jackson\databind\jsonschema...
[2026-07-27 12:40:26] [PROGRESS] resolve files> Scanning D:\MigrationReportTool\Backend\MigrationReport\migration-api-db\trap\java\classes\com\fasterxml\jackson\databind\jsonschema\JsonSchema.members...
[2026-07-27 12:40:26] [PROGRESS] resolve files> Scanning D:\MigrationReportTool\Backend\MigrationReport\migration-api-db\trap\java\classes\com\fasterxml\jackson\databind\jsonschema\SchemaAware.members...
[2026-07-27 12:40:26] [PROGRESS] resolve files> Scanning D:\MigrationReportTool\Backend\MigrationReport\migration-api-db\trap\java\classes\com\fasterxml\jackson\databind\JsonSerializable$Base.members...
[2026-07-27 12:40:26] [PROGRESS] resolve files> Scanning D:\MigrationReportTool\Backend\MigrationReport\migration-api-db\trap\java\classes\com\fasterxml\jackson\databind\JsonSerializable.members...
[2026-07-27 12:40:26] [PROGRESS] resolve files> Scanning D:\MigrationReportTool\Backend\MigrationReport\migration-api-db\trap\java\classes\com\fasterxml\jackson\databind\JsonSerializer.members...
[2026-07-27 12:40:26] [PROGRESS] resolve files> Scanning D:\MigrationReportTool\Backend\MigrationReport\migration-api-db\trap\java\classes\com\fasterxml\jackson\databind\jsontype...
[2026-07-27 12:40:26] [PROGRESS] resolve files> Scanning D:\MigrationReportTool\Backend\MigrationReport\migration-api-db\trap\java\classes\com\fasterxml\jackson\databind\jsontype\NamedType.members...
[2026-07-27 12:40:26] [PROGRESS] resolve files> Scanning D:\MigrationReportTool\Backend\MigrationReport\migration-api-db\trap\java\classes\com\fasterxml\jackson\databind\jsontype\PolymorphicTypeValidator$Validity.members...
[2026-07-27 12:40:26] [PROGRESS] resolve files> Scanning D:\MigrationReportTool\Backend\MigrationReport\migration-api-db\trap\java\classes\com\fasterxml\jackson\databind\jsontype\PolymorphicTypeValidator.members...
[2026-07-27 12:40:26] [PROGRESS] resolve files> Scanning D:\MigrationReportTool\Backend\MigrationReport\migration-api-db\trap\java\classes\com\fasterxml\jackson\databind\jsontype\SubtypeResolver.members...
[2026-07-27 12:40:26] [PROGRESS] resolve files> Scanning D:\MigrationReportTool\Backend\MigrationReport\migration-api-db\trap\java\classes\com\fasterxml\jackson\databind\jsontype\TypeDeserializer.members...
[2026-07-27 12:40:26] [PROGRESS] resolve files> Scanning D:\MigrationReportTool\Backend\MigrationReport\migration-api-db\trap\java\classes\com\fasterxml\jackson\databind\jsontype\TypeIdResolver.members...
[2026-07-27 12:40:26] [PROGRESS] resolve files> Scanning D:\MigrationReportTool\Backend\MigrationReport\migration-api-db\trap\java\classes\com\fasterxml\jackson\databind\jsontype\TypeResolverBuilder.members...
[2026-07-27 12:40:26] [PROGRESS] resolve files> Scanning D:\MigrationReportTool\Backend\MigrationReport\migration-api-db\trap\java\classes\com\fasterxml\jackson\databind\jsontype\TypeSerializer.members...
[2026-07-27 12:40:26] [PROGRESS] resolve files> Scanning D:\MigrationReportTool\Backend\MigrationReport\migration-api-db\trap\java\classes\com\fasterxml\jackson\databind\KeyDeserializer.members...
[2026-07-27 12:40:26] [PROGRESS] resolve files> Scanning D:\MigrationReportTool\Backend\MigrationReport\migration-api-db\trap\java\classes\com\fasterxml\jackson\databind\MapperFeature.members...
[2026-07-27 12:40:26] [PROGRESS] resolve files> Scanning D:\MigrationReportTool\Backend\MigrationReport\migration-api-db\trap\java\classes\com\fasterxml\jackson\databind\MappingIterator.members...
[2026-07-27 12:40:26] [PROGRESS] resolve files> Scanning D:\MigrationReportTool\Backend\MigrationReport\migration-api-db\trap\java\classes\com\fasterxml\jackson\databind\Module$SetupContext.members...
[2026-07-27 12:40:26] [PROGRESS] resolve files> Scanning D:\MigrationReportTool\Backend\MigrationReport\migration-api-db\trap\java\classes\com\fasterxml\jackson\databind\Module.members...
[2026-07-27 12:40:26] [PROGRESS] resolve files> Scanning D:\MigrationReportTool\Backend\MigrationReport\migration-api-db\trap\java\classes\com\fasterxml\jackson\databind\node...
[2026-07-27 12:40:26] [PROGRESS] resolve files> Scanning D:\MigrationReportTool\Backend\MigrationReport\migration-api-db\trap\java\classes\com\fasterxml\jackson\databind\node\ArrayNode.members...
[2026-07-27 12:40:26] [PROGRESS] resolve files> Scanning D:\MigrationReportTool\Backend\MigrationReport\migration-api-db\trap\java\classes\com\fasterxml\jackson\databind\node\BaseJsonNode.members...
[2026-07-27 12:40:26] [PROGRESS] resolve files> Scanning D:\MigrationReportTool\Backend\MigrationReport\migration-api-db\trap\java\classes\com\fasterxml\jackson\databind\node\BinaryNode.members...
[2026-07-27 12:40:26] [PROGRESS] resolve files> Scanning D:\MigrationReportTool\Backend\MigrationReport\migration-api-db\trap\java\classes\com\fasterxml\jackson\databind\node\BooleanNode.members...
[2026-07-27 12:40:26] [PROGRESS] resolve files> Scanning D:\MigrationReportTool\Backend\MigrationReport\migration-api-db\trap\java\classes\com\fasterxml\jackson\databind\node\ContainerNode.members...
[2026-07-27 12:40:26] [PROGRESS] resolve files> Scanning D:\MigrationReportTool\Backend\MigrationReport\migration-api-db\trap\java\classes\com\fasterxml\jackson\databind\node\JsonNodeCreator.members...
[2026-07-27 12:40:26] [PROGRESS] resolve files> Scanning D:\MigrationReportTool\Backend\MigrationReport\migration-api-db\trap\java\classes\com\fasterxml\jackson\databind\node\JsonNodeFactory.members...
[2026-07-27 12:40:26] [PROGRESS] resolve files> Scanning D:\MigrationReportTool\Backend\MigrationReport\migration-api-db\trap\java\classes\com\fasterxml\jackson\databind\node\JsonNodeType.members...
[2026-07-27 12:40:26] [PROGRESS] resolve files> Scanning D:\MigrationReportTool\Backend\MigrationReport\migration-api-db\trap\java\classes\com\fasterxml\jackson\databind\node\NullNode.members...
[2026-07-27 12:40:26] [PROGRESS] resolve files> Scanning D:\MigrationReportTool\Backend\MigrationReport\migration-api-db\trap\java\classes\com\fasterxml\jackson\databind\node\NumericNode.members...
[2026-07-27 12:40:26] [PROGRESS] resolve files> Scanning D:\MigrationReportTool\Backend\MigrationReport\migration-api-db\trap\java\classes\com\fasterxml\jackson\databind\node\ObjectNode.members...
[2026-07-27 12:40:26] [PROGRESS] resolve files> Scanning D:\MigrationReportTool\Backend\MigrationReport\migration-api-db\trap\java\classes\com\fasterxml\jackson\databind\node\TextNode.members...
[2026-07-27 12:40:26] [PROGRESS] resolve files> Scanning D:\MigrationReportTool\Backend\MigrationReport\migration-api-db\trap\java\classes\com\fasterxml\jackson\databind\node\ValueNode.members...
[2026-07-27 12:40:26] [PROGRESS] resolve files> Scanning D:\MigrationReportTool\Backend\MigrationReport\migration-api-db\trap\java\classes\com\fasterxml\jackson\databind\ObjectMapper$DefaultTyping.members...
[2026-07-27 12:40:26] [PROGRESS] resolve files> Scanning D:\MigrationReportTool\Backend\MigrationReport\migration-api-db\trap\java\classes\com\fasterxml\jackson\databind\ObjectMapper.members...
[2026-07-27 12:40:26] [PROGRESS] resolve files> Scanning D:\MigrationReportTool\Backend\MigrationReport\migration-api-db\trap\java\classes\com\fasterxml\jackson\databind\ObjectReader.members...
[2026-07-27 12:40:26] [PROGRESS] resolve files> Scanning D:\MigrationReportTool\Backend\MigrationReport\migration-api-db\trap\java\classes\com\fasterxml\jackson\databind\ObjectWriter$GeneratorSettings.members...
[2026-07-27 12:40:26] [PROGRESS] resolve files> Scanning D:\MigrationReportTool\Backend\MigrationReport\migration-api-db\trap\java\classes\com\fasterxml\jackson\databind\ObjectWriter$Prefetch.members...
[2026-07-27 12:40:26] [PROGRESS] resolve files> Scanning D:\MigrationReportTool\Backend\MigrationReport\migration-api-db\trap\java\classes\com\fasterxml\jackson\databind\ObjectWriter.members...
[2026-07-27 12:40:26] [PROGRESS] resolve files> Scanning D:\MigrationReportTool\Backend\MigrationReport\migration-api-db\trap\java\classes\com\fasterxml\jackson\databind\PropertyMetadata$MergeInfo.members...
[2026-07-27 12:40:26] [PROGRESS] resolve files> Scanning D:\MigrationReportTool\Backend\MigrationReport\migration-api-db\trap\java\classes\com\fasterxml\jackson\databind\PropertyMetadata.members...
[2026-07-27 12:40:26] [PROGRESS] resolve files> Scanning D:\MigrationReportTool\Backend\MigrationReport\migration-api-db\trap\java\classes\com\fasterxml\jackson\databind\PropertyName.members...
[2026-07-27 12:40:26] [PROGRESS] resolve files> Scanning D:\MigrationReportTool\Backend\MigrationReport\migration-api-db\trap\java\classes\com\fasterxml\jackson\databind\PropertyNamingStrategy.members...
[2026-07-27 12:40:26] [PROGRESS] resolve files> Scanning D:\MigrationReportTool\Backend\MigrationReport\migration-api-db\trap\java\classes\com\fasterxml\jackson\databind\SequenceWriter.members...
[2026-07-27 12:40:26] [PROGRESS] resolve files> Scanning D:\MigrationReportTool\Backend\MigrationReport\migration-api-db\trap\java\classes\com\fasterxml\jackson\databind\ser...
[2026-07-27 12:40:26] [PROGRESS] resolve files> Scanning D:\MigrationReportTool\Backend\MigrationReport\migration-api-db\trap\java\classes\com\fasterxml\jackson\databind\ser\AnyGetterWriter.members...
[2026-07-27 12:40:26] [PROGRESS] resolve files> Scanning D:\MigrationReportTool\Backend\MigrationReport\migration-api-db\trap\java\classes\com\fasterxml\jackson\databind\ser\BeanPropertyFilter.members...
[2026-07-27 12:40:26] [PROGRESS] resolve files> Scanning D:\MigrationReportTool\Backend\MigrationReport\migration-api-db\trap\java\classes\com\fasterxml\jackson\databind\ser\BeanPropertyWriter.members...
[2026-07-27 12:40:26] [PROGRESS] resolve files> Scanning D:\MigrationReportTool\Backend\MigrationReport\migration-api-db\trap\java\classes\com\fasterxml\jackson\databind\ser\BeanSerializer.members...
[2026-07-27 12:40:26] [PROGRESS] resolve files> Scanning D:\MigrationReportTool\Backend\MigrationReport\migration-api-db\trap\java\classes\com\fasterxml\jackson\databind\ser\BeanSerializerBuilder.members...
[2026-07-27 12:40:26] [PROGRESS] resolve files> Scanning D:\MigrationReportTool\Backend\MigrationReport\migration-api-db\trap\java\classes\com\fasterxml\jackson\databind\ser\BeanSerializerModifier.members...
[2026-07-27 12:40:26] [PROGRESS] resolve files> Scanning D:\MigrationReportTool\Backend\MigrationReport\migration-api-db\trap\java\classes\com\fasterxml\jackson\databind\ser\ContainerSerializer.members...
[2026-07-27 12:40:26] [PROGRESS] resolve files> Scanning D:\MigrationReportTool\Backend\MigrationReport\migration-api-db\trap\java\classes\com\fasterxml\jackson\databind\ser\ContextualSerializer.members...
[2026-07-27 12:40:26] [PROGRESS] resolve files> Scanning D:\MigrationReportTool\Backend\MigrationReport\migration-api-db\trap\java\classes\com\fasterxml\jackson\databind\ser\DefaultSerializerProvider.members...
[2026-07-27 12:40:26] [PROGRESS] resolve files> Scanning D:\MigrationReportTool\Backend\MigrationReport\migration-api-db\trap\java\classes\com\fasterxml\jackson\databind\ser\FilterProvider.members...
[2026-07-27 12:40:26] [PROGRESS] resolve files> Scanning D:\MigrationReportTool\Backend\MigrationReport\migration-api-db\trap\java\classes\com\fasterxml\jackson\databind\ser\impl...
[2026-07-27 12:40:26] [PROGRESS] resolve files> Scanning D:\MigrationReportTool\Backend\MigrationReport\migration-api-db\trap\java\classes\com\fasterxml\jackson\databind\ser\impl\ObjectIdWriter.members...
[2026-07-27 12:40:26] [PROGRESS] resolve files> Scanning D:\MigrationReportTool\Backend\MigrationReport\migration-api-db\trap\java\classes\com\fasterxml\jackson\databind\ser\impl\PropertySerializerMap$SerializerAndMapResult.members...
[2026-07-27 12:40:26] [PROGRESS] resolve files> Scanning D:\MigrationReportTool\Backend\MigrationReport\migration-api-db\trap\java\classes\com\fasterxml\jackson\databind\ser\impl\PropertySerializerMap.members...
[2026-07-27 12:40:26] [PROGRESS] resolve files> Scanning D:\MigrationReportTool\Backend\MigrationReport\migration-api-db\trap\java\classes\com\fasterxml\jackson\databind\ser\impl\ReadOnlyClassToSerializerMap.members...
[2026-07-27 12:40:26] [PROGRESS] resolve files> Scanning D:\MigrationReportTool\Backend\MigrationReport\migration-api-db\trap\java\classes\com\fasterxml\jackson\databind\ser\impl\WritableObjectId.members...
[2026-07-27 12:40:26] [PROGRESS] resolve files> Scanning D:\MigrationReportTool\Backend\MigrationReport\migration-api-db\trap\java\classes\com\fasterxml\jackson\databind\ser\PropertyFilter.members...
[2026-07-27 12:40:26] [PROGRESS] resolve files> Scanning D:\MigrationReportTool\Backend\MigrationReport\migration-api-db\trap\java\classes\com\fasterxml\jackson\databind\ser\PropertyWriter.members...
[2026-07-27 12:40:26] [PROGRESS] resolve files> Scanning D:\MigrationReportTool\Backend\MigrationReport\migration-api-db\trap\java\classes\com\fasterxml\jackson\databind\ser\ResolvableSerializer.members...
[2026-07-27 12:40:26] [PROGRESS] resolve files> Scanning D:\MigrationReportTool\Backend\MigrationReport\migration-api-db\trap\java\classes\com\fasterxml\jackson\databind\ser\SerializerCache.members...
[2026-07-27 12:40:26] [PROGRESS] resolve files> Scanning D:\MigrationReportTool\Backend\MigrationReport\migration-api-db\trap\java\classes\com\fasterxml\jackson\databind\ser\SerializerFactory.members...
[2026-07-27 12:40:26] [PROGRESS] resolve files> Scanning D:\MigrationReportTool\Backend\MigrationReport\migration-api-db\trap\java\classes\com\fasterxml\jackson\databind\ser\Serializers.members...
[2026-07-27 12:40:26] [PROGRESS] resolve files> Scanning D:\MigrationReportTool\Backend\MigrationReport\migration-api-db\trap\java\classes\com\fasterxml\jackson\databind\ser\std...
[2026-07-27 12:40:26] [PROGRESS] resolve files> Scanning D:\MigrationReportTool\Backend\MigrationReport\migration-api-db\trap\java\classes\com\fasterxml\jackson\databind\ser\std\BeanSerializerBase.members...
[2026-07-27 12:40:26] [PROGRESS] resolve files> Scanning D:\MigrationReportTool\Backend\MigrationReport\migration-api-db\trap\java\classes\com\fasterxml\jackson\databind\ser\std\MapSerializer.members...
[2026-07-27 12:40:26] [PROGRESS] resolve files> Scanning D:\MigrationReportTool\Backend\MigrationReport\migration-api-db\trap\java\classes\com\fasterxml\jackson\databind\ser\std\StdSerializer.members...
[2026-07-27 12:40:26] [PROGRESS] resolve files> Scanning D:\MigrationReportTool\Backend\MigrationReport\migration-api-db\trap\java\classes\com\fasterxml\jackson\databind\ser\VirtualBeanPropertyWriter.members...
[2026-07-27 12:40:26] [PROGRESS] resolve files> Scanning D:\MigrationReportTool\Backend\MigrationReport\migration-api-db\trap\java\classes\com\fasterxml\jackson\databind\SerializationConfig.members...
[2026-07-27 12:40:26] [PROGRESS] resolve files> Scanning D:\MigrationReportTool\Backend\MigrationReport\migration-api-db\trap\java\classes\com\fasterxml\jackson\databind\SerializationFeature.members...
[2026-07-27 12:40:26] [PROGRESS] resolve files> Scanning D:\MigrationReportTool\Backend\MigrationReport\migration-api-db\trap\java\classes\com\fasterxml\jackson\databind\SerializerProvider.members...
[2026-07-27 12:40:26] [PROGRESS] resolve files> Scanning D:\MigrationReportTool\Backend\MigrationReport\migration-api-db\trap\java\classes\com\fasterxml\jackson\databind\type...
[2026-07-27 12:40:26] [PROGRESS] resolve files> Scanning D:\MigrationReportTool\Backend\MigrationReport\migration-api-db\trap\java\classes\com\fasterxml\jackson\databind\type\ArrayType.members...
[2026-07-27 12:40:26] [PROGRESS] resolve files> Scanning D:\MigrationReportTool\Backend\MigrationReport\migration-api-db\trap\java\classes\com\fasterxml\jackson\databind\type\ClassKey.members...
[2026-07-27 12:40:26] [PROGRESS] resolve files> Scanning D:\MigrationReportTool\Backend\MigrationReport\migration-api-db\trap\java\classes\com\fasterxml\jackson\databind\type\ClassStack.members...
[2026-07-27 12:40:26] [PROGRESS] resolve files> Scanning D:\MigrationReportTool\Backend\MigrationReport\migration-api-db\trap\java\classes\com\fasterxml\jackson\databind\type\CollectionLikeType.members...
[2026-07-27 12:40:26] [PROGRESS] resolve files> Scanning D:\MigrationReportTool\Backend\MigrationReport\migration-api-db\trap\java\classes\com\fasterxml\jackson\databind\type\CollectionType.members...
[2026-07-27 12:40:26] [PROGRESS] resolve files> Scanning D:\MigrationReportTool\Backend\MigrationReport\migration-api-db\trap\java\classes\com\fasterxml\jackson\databind\type\IdentityEqualityType.members...
[2026-07-27 12:40:26] [PROGRESS] resolve files> Scanning D:\MigrationReportTool\Backend\MigrationReport\migration-api-db\trap\java\classes\com\fasterxml\jackson\databind\type\LogicalType.members...
[2026-07-27 12:40:26] [PROGRESS] resolve files> Scanning D:\MigrationReportTool\Backend\MigrationReport\migration-api-db\trap\java\classes\com\fasterxml\jackson\databind\type\MapLikeType.members...
[2026-07-27 12:40:26] [PROGRESS] resolve files> Scanning D:\MigrationReportTool\Backend\MigrationReport\migration-api-db\trap\java\classes\com\fasterxml\jackson\databind\type\MapType.members...
[2026-07-27 12:40:26] [PROGRESS] resolve files> Scanning D:\MigrationReportTool\Backend\MigrationReport\migration-api-db\trap\java\classes\com\fasterxml\jackson\databind\type\ReferenceType.members...
[2026-07-27 12:40:26] [PROGRESS] resolve files> Scanning D:\MigrationReportTool\Backend\MigrationReport\migration-api-db\trap\java\classes\com\fasterxml\jackson\databind\type\ResolvedRecursiveType.members...
[2026-07-27 12:40:26] [PROGRESS] resolve files> Scanning D:\MigrationReportTool\Backend\MigrationReport\migration-api-db\trap\java\classes\com\fasterxml\jackson\databind\type\SimpleType.members...
[2026-07-27 12:40:26] [PROGRESS] resolve files> Scanning D:\MigrationReportTool\Backend\MigrationReport\migration-api-db\trap\java\classes\com\fasterxml\jackson\databind\type\TypeBase.members...
[2026-07-27 12:40:26] [PROGRESS] resolve files> Scanning D:\MigrationReportTool\Backend\MigrationReport\migration-api-db\trap\java\classes\com\fasterxml\jackson\databind\type\TypeBindings.members...
[2026-07-27 12:40:26] [PROGRESS] resolve files> Scanning D:\MigrationReportTool\Backend\MigrationReport\migration-api-db\trap\java\classes\com\fasterxml\jackson\databind\type\TypeFactory.members...
[2026-07-27 12:40:26] [PROGRESS] resolve files> Scanning D:\MigrationReportTool\Backend\MigrationReport\migration-api-db\trap\java\classes\com\fasterxml\jackson\databind\type\TypeModifier.members...
[2026-07-27 12:40:26] [PROGRESS] resolve files> Scanning D:\MigrationReportTool\Backend\MigrationReport\migration-api-db\trap\java\classes\com\fasterxml\jackson\databind\type\TypeParser$MyTokenizer.members...
[2026-07-27 12:40:26] [PROGRESS] resolve files> Scanning D:\MigrationReportTool\Backend\MigrationReport\migration-api-db\trap\java\classes\com\fasterxml\jackson\databind\type\TypeParser.members...
[2026-07-27 12:40:26] [PROGRESS] resolve files> Scanning D:\MigrationReportTool\Backend\MigrationReport\migration-api-db\trap\java\classes\com\fasterxml\jackson\databind\util...
[2026-07-27 12:40:26] [PROGRESS] resolve files> Scanning D:\MigrationReportTool\Backend\MigrationReport\migration-api-db\trap\java\classes\com\fasterxml\jackson\databind\util\AccessPattern.members...
[2026-07-27 12:40:26] [PROGRESS] resolve files> Scanning D:\MigrationReportTool\Backend\MigrationReport\migration-api-db\trap\java\classes\com\fasterxml\jackson\databind\util\Annotations.members...
[2026-07-27 12:40:26] [PROGRESS] resolve files> Scanning D:\MigrationReportTool\Backend\MigrationReport\migration-api-db\trap\java\classes\com\fasterxml\jackson\databind\util\ArrayBuilders$BooleanBuilder.members...
[2026-07-27 12:40:26] [PROGRESS] resolve files> Scanning D:\MigrationReportTool\Backend\MigrationReport\migration-api-db\trap\java\classes\com\fasterxml\jackson\databind\util\ArrayBuilders$ByteBuilder.members...
[2026-07-27 12:40:26] [PROGRESS] resolve files> Scanning D:\MigrationReportTool\Backend\MigrationReport\migration-api-db\trap\java\classes\com\fasterxml\jackson\databind\util\ArrayBuilders$DoubleBuilder.members...
[2026-07-27 12:40:26] [PROGRESS] resolve files> Scanning D:\MigrationReportTool\Backend\MigrationReport\migration-api-db\trap\java\classes\com\fasterxml\jackson\databind\util\ArrayBuilders$FloatBuilder.members...
[2026-07-27 12:40:26] [PROGRESS] resolve files> Scanning D:\MigrationReportTool\Backend\MigrationReport\migration-api-db\trap\java\classes\com\fasterxml\jackson\databind\util\ArrayBuilders$IntBuilder.members...
[2026-07-27 12:40:26] [PROGRESS] resolve files> Scanning D:\MigrationReportTool\Backend\MigrationReport\migration-api-db\trap\java\classes\com\fasterxml\jackson\databind\util\ArrayBuilders$LongBuilder.members...
[2026-07-27 12:40:26] [PROGRESS] resolve files> Scanning D:\MigrationReportTool\Backend\MigrationReport\migration-api-db\trap\java\classes\com\fasterxml\jackson\databind\util\ArrayBuilders$ShortBuilder.members...
[2026-07-27 12:40:26] [PROGRESS] resolve files> Scanning D:\MigrationReportTool\Backend\MigrationReport\migration-api-db\trap\java\classes\com\fasterxml\jackson\databind\util\ArrayBuilders.members...
[2026-07-27 12:40:26] [PROGRESS] resolve files> Scanning D:\MigrationReportTool\Backend\MigrationReport\migration-api-db\trap\java\classes\com\fasterxml\jackson\databind\util\Converter.members...
[2026-07-27 12:40:26] [PROGRESS] resolve files> Scanning D:\MigrationReportTool\Backend\MigrationReport\migration-api-db\trap\java\classes\com\fasterxml\jackson\databind\util\IgnorePropertiesUtil$Checker.members...
[2026-07-27 12:40:26] [PROGRESS] resolve files> Scanning D:\MigrationReportTool\Backend\MigrationReport\migration-api-db\trap\java\classes\com\fasterxml\jackson\databind\util\IgnorePropertiesUtil.members...
[2026-07-27 12:40:26] [PROGRESS] resolve files> Scanning D:\MigrationReportTool\Backend\MigrationReport\migration-api-db\trap\java\classes\com\fasterxml\jackson\databind\util\internal...
[2026-07-27 12:40:26] [PROGRESS] resolve files> Scanning D:\MigrationReportTool\Backend\MigrationReport\migration-api-db\trap\java\classes\com\fasterxml\jackson\databind\util\internal\Linked.members...
[2026-07-27 12:40:26] [PROGRESS] resolve files> Scanning D:\MigrationReportTool\Backend\MigrationReport\migration-api-db\trap\java\classes\com\fasterxml\jackson\databind\util\internal\LinkedDeque.members...
[2026-07-27 12:40:26] [PROGRESS] resolve files> Scanning D:\MigrationReportTool\Backend\MigrationReport\migration-api-db\trap\java\classes\com\fasterxml\jackson\databind\util\internal\PrivateMaxEntriesMap$Builder.members...
[2026-07-27 12:40:26] [PROGRESS] resolve files> Scanning D:\MigrationReportTool\Backend\MigrationReport\migration-api-db\trap\java\classes\com\fasterxml\jackson\databind\util\internal\PrivateMaxEntriesMap$DrainStatus.members...
[2026-07-27 12:40:26] [PROGRESS] resolve files> Scanning D:\MigrationReportTool\Backend\MigrationReport\migration-api-db\trap\java\classes\com\fasterxml\jackson\databind\util\internal\PrivateMaxEntriesMap$Node.members...
[2026-07-27 12:40:26] [PROGRESS] resolve files> Scanning D:\MigrationReportTool\Backend\MigrationReport\migration-api-db\trap\java\classes\com\fasterxml\jackson\databind\util\internal\PrivateMaxEntriesMap$WeightedValue.members...
[2026-07-27 12:40:26] [PROGRESS] resolve files> Scanning D:\MigrationReportTool\Backend\MigrationReport\migration-api-db\trap\java\classes\com\fasterxml\jackson\databind\util\internal\PrivateMaxEntriesMap.members...
[2026-07-27 12:40:26] [PROGRESS] resolve files> Scanning D:\MigrationReportTool\Backend\MigrationReport\migration-api-db\trap\java\classes\com\fasterxml\jackson\databind\util\LinkedNode.members...
[2026-07-27 12:40:26] [PROGRESS] resolve files> Scanning D:\MigrationReportTool\Backend\MigrationReport\migration-api-db\trap\java\classes\com\fasterxml\jackson\databind\util\LookupCache.members...
[2026-07-27 12:40:26] [PROGRESS] resolve files> Scanning D:\MigrationReportTool\Backend\MigrationReport\migration-api-db\trap\java\classes\com\fasterxml\jackson\databind\util\LRUMap.members...
[2026-07-27 12:40:26] [PROGRESS] resolve files> Scanning D:\MigrationReportTool\Backend\MigrationReport\migration-api-db\trap\java\classes\com\fasterxml\jackson\databind\util\Named.members...
[2026-07-27 12:40:26] [PROGRESS] resolve files> Scanning D:\MigrationReportTool\Backend\MigrationReport\migration-api-db\trap\java\classes\com\fasterxml\jackson\databind\util\NameTransformer.members...
[2026-07-27 12:40:26] [PROGRESS] resolve files> Scanning D:\MigrationReportTool\Backend\MigrationReport\migration-api-db\trap\java\classes\com\fasterxml\jackson\databind\util\ObjectBuffer.members...
[2026-07-27 12:40:26] [PROGRESS] resolve files> Scanning D:\MigrationReportTool\Backend\MigrationReport\migration-api-db\trap\java\classes\com\fasterxml\jackson\databind\util\PrimitiveArrayBuilder$Node.members...
[2026-07-27 12:40:26] [PROGRESS] resolve files> Scanning D:\MigrationReportTool\Backend\MigrationReport\migration-api-db\trap\java\classes\com\fasterxml\jackson\databind\util\PrimitiveArrayBuilder.members...
[2026-07-27 12:40:26] [PROGRESS] resolve files> Scanning D:\MigrationReportTool\Backend\MigrationReport\migration-api-db\trap\java\classes\com\fasterxml\jackson\databind\util\RawValue.members...
[2026-07-27 12:40:26] [PROGRESS] resolve files> Scanning D:\MigrationReportTool\Backend\MigrationReport\migration-api-db\trap\java\classes\com\fasterxml\jackson\databind\util\RootNameLookup.members...
[2026-07-27 12:40:26] [PROGRESS] resolve files> Scanning D:\MigrationReportTool\Backend\MigrationReport\migration-api-db\trap\java\classes\com\fasterxml\jackson\databind\util\TokenBuffer$Segment.members...
[2026-07-27 12:40:26] [PROGRESS] resolve files> Scanning D:\MigrationReportTool\Backend\MigrationReport\migration-api-db\trap\java\classes\com\fasterxml\jackson\databind\util\TokenBuffer.members...
[2026-07-27 12:40:26] [PROGRESS] resolve files> Scanning D:\MigrationReportTool\Backend\MigrationReport\migration-api-db\trap\java\classes\com\fasterxml\jackson\databind\util\TypeKey.members...
[2026-07-27 12:40:26] [PROGRESS] resolve files> Scanning D:\MigrationReportTool\Backend\MigrationReport\migration-api-db\trap\java\classes\com\fasterxml\jackson\databind\util\ViewMatcher.members...
[2026-07-27 12:40:26] [PROGRESS] resolve files> Scanning D:\MigrationReportTool\Backend\MigrationReport\migration-api-db\trap\java\classes\com\migrationreport...
[2026-07-27 12:40:26] [PROGRESS] resolve files> Scanning D:\MigrationReportTool\Backend\MigrationReport\migration-api-db\trap\java\classes\com\migrationreport\config...
[2026-07-27 12:40:26] [PROGRESS] resolve files> Scanning D:\MigrationReportTool\Backend\MigrationReport\migration-api-db\trap\java\classes\com\migrationreport\config\DataSourceConfig.members...
[2026-07-27 12:40:26] [PROGRESS] resolve files> Scanning D:\MigrationReportTool\Backend\MigrationReport\migration-api-db\trap\java\classes\com\migrationreport\config\SecurityHeadersFilter.members...
[2026-07-27 12:40:26] [PROGRESS] resolve files> Scanning D:\MigrationReportTool\Backend\MigrationReport\migration-api-db\trap\java\classes\com\migrationreport\config\WebConfig.members...
[2026-07-27 12:40:26] [PROGRESS] resolve files> Scanning D:\MigrationReportTool\Backend\MigrationReport\migration-api-db\trap\java\classes\com\migrationreport\controller...
[2026-07-27 12:40:26] [PROGRESS] resolve files> Scanning D:\MigrationReportTool\Backend\MigrationReport\migration-api-db\trap\java\classes\com\migrationreport\controller\AuthController.members...
[2026-07-27 12:40:26] [PROGRESS] resolve files> Scanning D:\MigrationReportTool\Backend\MigrationReport\migration-api-db\trap\java\classes\com\migrationreport\controller\ChecksumController.members...
[2026-07-27 12:40:26] [PROGRESS] resolve files> Scanning D:\MigrationReportTool\Backend\MigrationReport\migration-api-db\trap\java\classes\com\migrationreport\controller\ColumnConfigController.members...
[2026-07-27 12:40:26] [PROGRESS] resolve files> Scanning D:\MigrationReportTool\Backend\MigrationReport\migration-api-db\trap\java\classes\com\migrationreport\controller\ConfigurationController.members...
[2026-07-27 12:40:26] [PROGRESS] resolve files> Scanning D:\MigrationReportTool\Backend\MigrationReport\migration-api-db\trap\java\classes\com\migrationreport\controller\DeliverableController.members...
[2026-07-27 12:40:26] [PROGRESS] resolve files> Scanning D:\MigrationReportTool\Backend\MigrationReport\migration-api-db\trap\java\classes\com\migrationreport\controller\DiscoveryController.members...
[2026-07-27 12:40:26] [PROGRESS] resolve files> Scanning D:\MigrationReportTool\Backend\MigrationReport\migration-api-db\trap\java\classes\com\migrationreport\controller\ExceptionController.members...
[2026-07-27 12:40:26] [PROGRESS] resolve files> Scanning D:\MigrationReportTool\Backend\MigrationReport\migration-api-db\trap\java\classes\com\migrationreport\controller\MonitorController.members...
[2026-07-27 12:40:26] [PROGRESS] resolve files> Scanning D:\MigrationReportTool\Backend\MigrationReport\migration-api-db\trap\java\classes\com\migrationreport\controller\PropertyMappingController.members...
[2026-07-27 12:40:26] [PROGRESS] resolve files> Scanning D:\MigrationReportTool\Backend\MigrationReport\migration-api-db\trap\java\classes\com\migrationreport\controller\SearchController.members...
[2026-07-27 12:40:26] [PROGRESS] resolve files> Scanning D:\MigrationReportTool\Backend\MigrationReport\migration-api-db\trap\java\classes\com\migrationreport\dialect...
[2026-07-27 12:40:26] [PROGRESS] resolve files> Scanning D:\MigrationReportTool\Backend\MigrationReport\migration-api-db\trap\java\classes\com\migrationreport\dialect\DialectConfig.members...
[2026-07-27 12:40:26] [PROGRESS] resolve files> Scanning D:\MigrationReportTool\Backend\MigrationReport\migration-api-db\trap\java\classes\com\migrationreport\dialect\PostgresDialect.members...
[2026-07-27 12:40:26] [PROGRESS] resolve files> Scanning D:\MigrationReportTool\Backend\MigrationReport\migration-api-db\trap\java\classes\com\migrationreport\dialect\SqlDialect.members...
[2026-07-27 12:40:26] [PROGRESS] resolve files> Scanning D:\MigrationReportTool\Backend\MigrationReport\migration-api-db\trap\java\classes\com\migrationreport\dialect\SqlServerDialect.members...
[2026-07-27 12:40:26] [PROGRESS] resolve files> Scanning D:\MigrationReportTool\Backend\MigrationReport\migration-api-db\trap\java\classes\com\migrationreport\dto...
[2026-07-27 12:40:26] [PROGRESS] resolve files> Scanning D:\MigrationReportTool\Backend\MigrationReport\migration-api-db\trap\java\classes\com\migrationreport\dto\ChecksumRecordDTO.members...
[2026-07-27 12:40:26] [PROGRESS] resolve files> Scanning D:\MigrationReportTool\Backend\MigrationReport\migration-api-db\trap\java\classes\com\migrationreport\dto\ChecksumReportRequest.members...
[2026-07-27 12:40:26] [PROGRESS] resolve files> Scanning D:\MigrationReportTool\Backend\MigrationReport\migration-api-db\trap\java\classes\com\migrationreport\dto\ChecksumReportResponse.members...
[2026-07-27 12:40:26] [PROGRESS] resolve files> Scanning D:\MigrationReportTool\Backend\MigrationReport\migration-api-db\trap\java\classes\com\migrationreport\dto\config...
[2026-07-27 12:40:26] [PROGRESS] resolve files> Scanning D:\MigrationReportTool\Backend\MigrationReport\migration-api-db\trap\java\classes\com\migrationreport\dto\config\DbConfigWrapper.members...
[2026-07-27 12:40:26] [PROGRESS] resolve files> Scanning D:\MigrationReportTool\Backend\MigrationReport\migration-api-db\trap\java\classes\com\migrationreport\dto\config\TenantConfig$ApplicationConfig.members...
[2026-07-27 12:40:26] [PROGRESS] resolve files> Scanning D:\MigrationReportTool\Backend\MigrationReport\migration-api-db\trap\java\classes\com\migrationreport\dto\config\TenantConfig.members...
[2026-07-27 12:40:26] [PROGRESS] resolve files> Scanning D:\MigrationReportTool\Backend\MigrationReport\migration-api-db\trap\java\classes\com\migrationreport\dto\CustomMetadataFilter.members...
[2026-07-27 12:40:26] [PROGRESS] resolve files> Scanning D:\MigrationReportTool\Backend\MigrationReport\migration-api-db\trap\java\classes\com\migrationreport\dto\DeliverableRequest.members...
[2026-07-27 12:40:26] [PROGRESS] resolve files> Scanning D:\MigrationReportTool\Backend\MigrationReport\migration-api-db\trap\java\classes\com\migrationreport\dto\DeliverableRowDTO.members...
[2026-07-27 12:40:26] [PROGRESS] resolve files> Scanning D:\MigrationReportTool\Backend\MigrationReport\migration-api-db\trap\java\classes\com\migrationreport\dto\DiscoveryCriteria.members...
[2026-07-27 12:40:26] [PROGRESS] resolve files> Scanning D:\MigrationReportTool\Backend\MigrationReport\migration-api-db\trap\java\classes\com\migrationreport\dto\ExceptionCriteria.members...
[2026-07-27 12:40:26] [PROGRESS] resolve files> Scanning D:\MigrationReportTool\Backend\MigrationReport\migration-api-db\trap\java\classes\com\migrationreport\dto\LogConfigDTO.members...
[2026-07-27 12:40:26] [PROGRESS] resolve files> Scanning D:\MigrationReportTool\Backend\MigrationReport\migration-api-db\trap\java\classes\com\migrationreport\dto\LogEntryDTO.members...
[2026-07-27 12:40:26] [PROGRESS] resolve files> Scanning D:\MigrationReportTool\Backend\MigrationReport\migration-api-db\trap\java\classes\com\migrationreport\dto\LoginRequest.members...
[2026-07-27 12:40:26] [PROGRESS] resolve files> Scanning D:\MigrationReportTool\Backend\MigrationReport\migration-api-db\trap\java\classes\com\migrationreport\dto\mapping...
[2026-07-27 12:40:26] [PROGRESS] resolve files> Scanning D:\MigrationReportTool\Backend\MigrationReport\migration-api-db\trap\java\classes\com\migrationreport\dto\mapping\PropertyMappingTemplate$PropertyMap.members...
[2026-07-27 12:40:26] [PROGRESS] resolve files> Scanning D:\MigrationReportTool\Backend\MigrationReport\migration-api-db\trap\java\classes\com\migrationreport\dto\mapping\PropertyMappingTemplate.members...
[2026-07-27 12:40:26] [PROGRESS] resolve files> Scanning D:\MigrationReportTool\Backend\MigrationReport\migration-api-db\trap\java\classes\com\migrationreport\dto\MetadataFieldDTO.members...
[2026-07-27 12:40:26] [PROGRESS] resolve files> Scanning D:\MigrationReportTool\Backend\MigrationReport\migration-api-db\trap\java\classes\com\migrationreport\dto\QuerySearchRequest.members...
[2026-07-27 12:40:26] [PROGRESS] resolve files> Scanning D:\MigrationReportTool\Backend\MigrationReport\migration-api-db\trap\java\classes\com\migrationreport\dto\SearchRequest.members...
[2026-07-27 12:40:26] [PROGRESS] resolve files> Scanning D:\MigrationReportTool\Backend\MigrationReport\migration-api-db\trap\java\classes\com\migrationreport\entity...
[2026-07-27 12:40:26] [PROGRESS] resolve files> Scanning D:\MigrationReportTool\Backend\MigrationReport\migration-api-db\trap\java\classes\com\migrationreport\entity\BaseDocVersion.members...
[2026-07-27 12:40:26] [PROGRESS] resolve files> Scanning D:\MigrationReportTool\Backend\MigrationReport\migration-api-db\trap\java\classes\com\migrationreport\entity\User.members...
[2026-07-27 12:40:26] [PROGRESS] resolve files> Scanning D:\MigrationReportTool\Backend\MigrationReport\migration-api-db\trap\java\classes\com\migrationreport\exception...
[2026-07-27 12:40:26] [PROGRESS] resolve files> Scanning D:\MigrationReportTool\Backend\MigrationReport\migration-api-db\trap\java\classes\com\migrationreport\exception\ConfigurationException.members...
[2026-07-27 12:40:26] [PROGRESS] resolve files> Scanning D:\MigrationReportTool\Backend\MigrationReport\migration-api-db\trap\java\classes\com\migrationreport\exception\DatabaseQueryException.members...
[2026-07-27 12:40:26] [PROGRESS] resolve files> Scanning D:\MigrationReportTool\Backend\MigrationReport\migration-api-db\trap\java\classes\com\migrationreport\exception\EncryptionException.members...
[2026-07-27 12:40:26] [PROGRESS] resolve files> Scanning D:\MigrationReportTool\Backend\MigrationReport\migration-api-db\trap\java\classes\com\migrationreport\exception\GlobalExceptionHandler.members...
[2026-07-27 12:40:26] [PROGRESS] resolve files> Scanning D:\MigrationReportTool\Backend\MigrationReport\migration-api-db\trap\java\classes\com\migrationreport\exception\LogParsingException.members...
[2026-07-27 12:40:26] [PROGRESS] resolve files> Scanning D:\MigrationReportTool\Backend\MigrationReport\migration-api-db\trap\java\classes\com\migrationreport\exception\ResourceNotFoundException.members...
[2026-07-27 12:40:26] [PROGRESS] resolve files> Scanning D:\MigrationReportTool\Backend\MigrationReport\migration-api-db\trap\java\classes\com\migrationreport\MigrationReportApplication.members...
[2026-07-27 12:40:26] [PROGRESS] resolve files> Scanning D:\MigrationReportTool\Backend\MigrationReport\migration-api-db\trap\java\classes\com\migrationreport\MigrationReportApplicationTests.members...
[2026-07-27 12:40:26] [PROGRESS] resolve files> Scanning D:\MigrationReportTool\Backend\MigrationReport\migration-api-db\trap\java\classes\com\migrationreport\repository...
[2026-07-27 12:40:26] [PROGRESS] resolve files> Scanning D:\MigrationReportTool\Backend\MigrationReport\migration-api-db\trap\java\classes\com\migrationreport\repository\UserRepository.members...
[2026-07-27 12:40:26] [PROGRESS] resolve files> Scanning D:\MigrationReportTool\Backend\MigrationReport\migration-api-db\trap\java\classes\com\migrationreport\security...
[2026-07-27 12:40:26] [PROGRESS] resolve files> Scanning D:\MigrationReportTool\Backend\MigrationReport\migration-api-db\trap\java\classes\com\migrationreport\security\PathValidator.members...
[2026-07-27 12:40:26] [PROGRESS] resolve files> Scanning D:\MigrationReportTool\Backend\MigrationReport\migration-api-db\trap\java\classes\com\migrationreport\security\QueryValidator.members...
[2026-07-27 12:40:26] [PROGRESS] resolve files> Scanning D:\MigrationReportTool\Backend\MigrationReport\migration-api-db\trap\java\classes\com\migrationreport\security\SqlIdentifierValidator.members...
[2026-07-27 12:40:26] [PROGRESS] resolve files> Scanning D:\MigrationReportTool\Backend\MigrationReport\migration-api-db\trap\java\classes\com\migrationreport\service...
[2026-07-27 12:40:27] [PROGRESS] resolve files> Scanning D:\MigrationReportTool\Backend\MigrationReport\migration-api-db\trap\java\classes\com\migrationreport\service\AuthService.members...
[2026-07-27 12:40:27] [PROGRESS] resolve files> Scanning D:\MigrationReportTool\Backend\MigrationReport\migration-api-db\trap\java\classes\com\migrationreport\service\ChecksumService.members...
[2026-07-27 12:40:27] [PROGRESS] resolve files> Scanning D:\MigrationReportTool\Backend\MigrationReport\migration-api-db\trap\java\classes\com\migrationreport\service\ConfigurationService.members...
[2026-07-27 12:40:27] [PROGRESS] resolve files> Scanning D:\MigrationReportTool\Backend\MigrationReport\migration-api-db\trap\java\classes\com\migrationreport\service\DeliverableService.members...
[2026-07-27 12:40:27] [PROGRESS] resolve files> Scanning D:\MigrationReportTool\Backend\MigrationReport\migration-api-db\trap\java\classes\com\migrationreport\service\DiscoveryService.members...
[2026-07-27 12:40:27] [PROGRESS] resolve files> Scanning D:\MigrationReportTool\Backend\MigrationReport\migration-api-db\trap\java\classes\com\migrationreport\service\ExceptionService.members...
[2026-07-27 12:40:27] [PROGRESS] resolve files> Scanning D:\MigrationReportTool\Backend\MigrationReport\migration-api-db\trap\java\classes\com\migrationreport\service\MonitorService.members...
[2026-07-27 12:40:27] [PROGRESS] resolve files> Scanning D:\MigrationReportTool\Backend\MigrationReport\migration-api-db\trap\java\classes\com\migrationreport\service\PropertyMappingService.members...
[2026-07-27 12:40:27] [PROGRESS] resolve files> Scanning D:\MigrationReportTool\Backend\MigrationReport\migration-api-db\trap\java\classes\com\migrationreport\service\SearchService.members...
[2026-07-27 12:40:27] [PROGRESS] resolve files> Scanning D:\MigrationReportTool\Backend\MigrationReport\migration-api-db\trap\java\classes\com\migrationreport\util...
[2026-07-27 12:40:27] [PROGRESS] resolve files> Scanning D:\MigrationReportTool\Backend\MigrationReport\migration-api-db\trap\java\classes\com\migrationreport\util\EncryptionUtil.members...
[2026-07-27 12:40:27] [PROGRESS] resolve files> Scanning D:\MigrationReportTool\Backend\MigrationReport\migration-api-db\trap\java\classes\com\migrationreport\util\TempUpdate.members...
[2026-07-27 12:40:27] [PROGRESS] resolve files> Scanning D:\MigrationReportTool\Backend\MigrationReport\migration-api-db\trap\java\classes\jakarta...
[2026-07-27 12:40:27] [PROGRESS] resolve files> Scanning D:\MigrationReportTool\Backend\MigrationReport\migration-api-db\trap\java\classes\jakarta\annotation...
[2026-07-27 12:40:27] [PROGRESS] resolve files> Scanning D:\MigrationReportTool\Backend\MigrationReport\migration-api-db\trap\java\classes\jakarta\annotation\PostConstruct.members...
[2026-07-27 12:40:27] [PROGRESS] resolve files> Scanning D:\MigrationReportTool\Backend\MigrationReport\migration-api-db\trap\java\classes\jakarta\persistence...
[2026-07-27 12:40:27] [PROGRESS] resolve files> Scanning D:\MigrationReportTool\Backend\MigrationReport\migration-api-db\trap\java\classes\jakarta\persistence\CheckConstraint.members...
[2026-07-27 12:40:27] [PROGRESS] resolve files> Scanning D:\MigrationReportTool\Backend\MigrationReport\migration-api-db\trap\java\classes\jakarta\persistence\Column.members...
[2026-07-27 12:40:27] [PROGRESS] resolve files> Scanning D:\MigrationReportTool\Backend\MigrationReport\migration-api-db\trap\java\classes\jakarta\persistence\Entity.members...
[2026-07-27 12:40:27] [PROGRESS] resolve files> Scanning D:\MigrationReportTool\Backend\MigrationReport\migration-api-db\trap\java\classes\jakarta\persistence\Id.members...
[2026-07-27 12:40:27] [PROGRESS] resolve files> Scanning D:\MigrationReportTool\Backend\MigrationReport\migration-api-db\trap\java\classes\jakarta\persistence\Index.members...
[2026-07-27 12:40:27] [PROGRESS] resolve files> Scanning D:\MigrationReportTool\Backend\MigrationReport\migration-api-db\trap\java\classes\jakarta\persistence\MappedSuperclass.members...
[2026-07-27 12:40:27] [PROGRESS] resolve files> Scanning D:\MigrationReportTool\Backend\MigrationReport\migration-api-db\trap\java\classes\jakarta\persistence\Table.members...
[2026-07-27 12:40:27] [PROGRESS] resolve files> Scanning D:\MigrationReportTool\Backend\MigrationReport\migration-api-db\trap\java\classes\jakarta\persistence\UniqueConstraint.members...
[2026-07-27 12:40:27] [PROGRESS] resolve files> Scanning D:\MigrationReportTool\Backend\MigrationReport\migration-api-db\trap\java\classes\jakarta\servlet...
[2026-07-27 12:40:27] [PROGRESS] resolve files> Scanning D:\MigrationReportTool\Backend\MigrationReport\migration-api-db\trap\java\classes\jakarta\servlet\annotation...
[2026-07-27 12:40:27] [PROGRESS] resolve files> Scanning D:\MigrationReportTool\Backend\MigrationReport\migration-api-db\trap\java\classes\jakarta\servlet\annotation\HttpConstraint.members...
[2026-07-27 12:40:27] [PROGRESS] resolve files> Scanning D:\MigrationReportTool\Backend\MigrationReport\migration-api-db\trap\java\classes\jakarta\servlet\annotation\HttpMethodConstraint.members...
[2026-07-27 12:40:27] [PROGRESS] resolve files> Scanning D:\MigrationReportTool\Backend\MigrationReport\migration-api-db\trap\java\classes\jakarta\servlet\annotation\MultipartConfig.members...
[2026-07-27 12:40:27] [PROGRESS] resolve files> Scanning D:\MigrationReportTool\Backend\MigrationReport\migration-api-db\trap\java\classes\jakarta\servlet\annotation\ServletSecurity$EmptyRoleSemantic.members...
[2026-07-27 12:40:27] [PROGRESS] resolve files> Scanning D:\MigrationReportTool\Backend\MigrationReport\migration-api-db\trap\java\classes\jakarta\servlet\annotation\ServletSecurity$TransportGuarantee.members...
[2026-07-27 12:40:27] [PROGRESS] resolve files> Scanning D:\MigrationReportTool\Backend\MigrationReport\migration-api-db\trap\java\classes\jakarta\servlet\annotation\ServletSecurity.members...
[2026-07-27 12:40:27] [PROGRESS] resolve files> Scanning D:\MigrationReportTool\Backend\MigrationReport\migration-api-db\trap\java\classes\jakarta\servlet\AsyncContext.members...
[2026-07-27 12:40:27] [PROGRESS] resolve files> Scanning D:\MigrationReportTool\Backend\MigrationReport\migration-api-db\trap\java\classes\jakarta\servlet\AsyncEvent.members...
[2026-07-27 12:40:27] [PROGRESS] resolve files> Scanning D:\MigrationReportTool\Backend\MigrationReport\migration-api-db\trap\java\classes\jakarta\servlet\AsyncListener.members...
[2026-07-27 12:40:27] [PROGRESS] resolve files> Scanning D:\MigrationReportTool\Backend\MigrationReport\migration-api-db\trap\java\classes\jakarta\servlet\descriptor...
[2026-07-27 12:40:27] [PROGRESS] resolve files> Scanning D:\MigrationReportTool\Backend\MigrationReport\migration-api-db\trap\java\classes\jakarta\servlet\descriptor\JspConfigDescriptor.members...
[2026-07-27 12:40:27] [PROGRESS] resolve files> Scanning D:\MigrationReportTool\Backend\MigrationReport\migration-api-db\trap\java\classes\jakarta\servlet\descriptor\JspPropertyGroupDescriptor.members...
[2026-07-27 12:40:27] [PROGRESS] resolve files> Scanning D:\MigrationReportTool\Backend\MigrationReport\migration-api-db\trap\java\classes\jakarta\servlet\descriptor\TaglibDescriptor.members...
[2026-07-27 12:40:27] [PROGRESS] resolve files> Scanning D:\MigrationReportTool\Backend\MigrationReport\migration-api-db\trap\java\classes\jakarta\servlet\DispatcherType.members...
[2026-07-27 12:40:27] [PROGRESS] resolve files> Scanning D:\MigrationReportTool\Backend\MigrationReport\migration-api-db\trap\java\classes\jakarta\servlet\Filter.members...
[2026-07-27 12:40:27] [PROGRESS] resolve files> Scanning D:\MigrationReportTool\Backend\MigrationReport\migration-api-db\trap\java\classes\jakarta\servlet\FilterChain.members...
[2026-07-27 12:40:27] [PROGRESS] resolve files> Scanning D:\MigrationReportTool\Backend\MigrationReport\migration-api-db\trap\java\classes\jakarta\servlet\FilterConfig.members...
[2026-07-27 12:40:27] [PROGRESS] resolve files> Scanning D:\MigrationReportTool\Backend\MigrationReport\migration-api-db\trap\java\classes\jakarta\servlet\FilterRegistration$Dynamic.members...
[2026-07-27 12:40:27] [PROGRESS] resolve files> Scanning D:\MigrationReportTool\Backend\MigrationReport\migration-api-db\trap\java\classes\jakarta\servlet\FilterRegistration.members...
[2026-07-27 12:40:27] [PROGRESS] resolve files> Scanning D:\MigrationReportTool\Backend\MigrationReport\migration-api-db\trap\java\classes\jakarta\servlet\http...
[2026-07-27 12:40:27] [PROGRESS] resolve files> Scanning D:\MigrationReportTool\Backend\MigrationReport\migration-api-db\trap\java\classes\jakarta\servlet\http\Cookie.members...
[2026-07-27 12:40:27] [PROGRESS] resolve files> Scanning D:\MigrationReportTool\Backend\MigrationReport\migration-api-db\trap\java\classes\jakarta\servlet\http\HttpServletMapping.members...
[2026-07-27 12:40:27] [PROGRESS] resolve files> Scanning D:\MigrationReportTool\Backend\MigrationReport\migration-api-db\trap\java\classes\jakarta\servlet\http\HttpServletRequest.members...
[2026-07-27 12:40:27] [PROGRESS] resolve files> Scanning D:\MigrationReportTool\Backend\MigrationReport\migration-api-db\trap\java\classes\jakarta\servlet\http\HttpServletResponse.members...
[2026-07-27 12:40:27] [PROGRESS] resolve files> Scanning D:\MigrationReportTool\Backend\MigrationReport\migration-api-db\trap\java\classes\jakarta\servlet\http\HttpSession$Accessor.members...
[2026-07-27 12:40:27] [PROGRESS] resolve files> Scanning D:\MigrationReportTool\Backend\MigrationReport\migration-api-db\trap\java\classes\jakarta\servlet\http\HttpSession.members...
[2026-07-27 12:40:27] [PROGRESS] resolve files> Scanning D:\MigrationReportTool\Backend\MigrationReport\migration-api-db\trap\java\classes\jakarta\servlet\http\HttpUpgradeHandler.members...
[2026-07-27 12:40:27] [PROGRESS] resolve files> Scanning D:\MigrationReportTool\Backend\MigrationReport\migration-api-db\trap\java\classes\jakarta\servlet\http\MappingMatch.members...
[2026-07-27 12:40:27] [PROGRESS] resolve files> Scanning D:\MigrationReportTool\Backend\MigrationReport\migration-api-db\trap\java\classes\jakarta\servlet\http\Part.members...
[2026-07-27 12:40:27] [PROGRESS] resolve files> Scanning D:\MigrationReportTool\Backend\MigrationReport\migration-api-db\trap\java\classes\jakarta\servlet\http\PushBuilder.members...
[2026-07-27 12:40:27] [PROGRESS] resolve files> Scanning D:\MigrationReportTool\Backend\MigrationReport\migration-api-db\trap\java\classes\jakarta\servlet\http\WebConnection.members...
[2026-07-27 12:40:27] [PROGRESS] resolve files> Scanning D:\MigrationReportTool\Backend\MigrationReport\migration-api-db\trap\java\classes\jakarta\servlet\HttpConstraintElement.members...
[2026-07-27 12:40:27] [PROGRESS] resolve files> Scanning D:\MigrationReportTool\Backend\MigrationReport\migration-api-db\trap\java\classes\jakarta\servlet\HttpMethodConstraintElement.members...
[2026-07-27 12:40:27] [PROGRESS] resolve files> Scanning D:\MigrationReportTool\Backend\MigrationReport\migration-api-db\trap\java\classes\jakarta\servlet\MultipartConfigElement.members...
[2026-07-27 12:40:27] [PROGRESS] resolve files> Scanning D:\MigrationReportTool\Backend\MigrationReport\migration-api-db\trap\java\classes\jakarta\servlet\ReadListener.members...
[2026-07-27 12:40:27] [PROGRESS] resolve files> Scanning D:\MigrationReportTool\Backend\MigrationReport\migration-api-db\trap\java\classes\jakarta\servlet\Registration$Dynamic.members...
[2026-07-27 12:40:27] [PROGRESS] resolve files> Scanning D:\MigrationReportTool\Backend\MigrationReport\migration-api-db\trap\java\classes\jakarta\servlet\Registration.members...
[2026-07-27 12:40:27] [PROGRESS] resolve files> Scanning D:\MigrationReportTool\Backend\MigrationReport\migration-api-db\trap\java\classes\jakarta\servlet\RequestDispatcher.members...
[2026-07-27 12:40:27] [PROGRESS] resolve files> Scanning D:\MigrationReportTool\Backend\MigrationReport\migration-api-db\trap\java\classes\jakarta\servlet\Servlet.members...
[2026-07-27 12:40:27] [PROGRESS] resolve files> Scanning D:\MigrationReportTool\Backend\MigrationReport\migration-api-db\trap\java\classes\jakarta\servlet\ServletConfig.members...
[2026-07-27 12:40:27] [PROGRESS] resolve files> Scanning D:\MigrationReportTool\Backend\MigrationReport\migration-api-db\trap\java\classes\jakarta\servlet\ServletConnection.members...
[2026-07-27 12:40:27] [PROGRESS] resolve files> Scanning D:\MigrationReportTool\Backend\MigrationReport\migration-api-db\trap\java\classes\jakarta\servlet\ServletContext.members...
[2026-07-27 12:40:27] [PROGRESS] resolve files> Scanning D:\MigrationReportTool\Backend\MigrationReport\migration-api-db\trap\java\classes\jakarta\servlet\ServletException.members...
[2026-07-27 12:40:27] [PROGRESS] resolve files> Scanning D:\MigrationReportTool\Backend\MigrationReport\migration-api-db\trap\java\classes\jakarta\servlet\ServletInputStream.members...
[2026-07-27 12:40:27] [PROGRESS] resolve files> Scanning D:\MigrationReportTool\Backend\MigrationReport\migration-api-db\trap\java\classes\jakarta\servlet\ServletOutputStream.members...
[2026-07-27 12:40:27] [PROGRESS] resolve files> Scanning D:\MigrationReportTool\Backend\MigrationReport\migration-api-db\trap\java\classes\jakarta\servlet\ServletRegistration$Dynamic.members...
[2026-07-27 12:40:27] [PROGRESS] resolve files> Scanning D:\MigrationReportTool\Backend\MigrationReport\migration-api-db\trap\java\classes\jakarta\servlet\ServletRegistration.members...
[2026-07-27 12:40:27] [PROGRESS] resolve files> Scanning D:\MigrationReportTool\Backend\MigrationReport\migration-api-db\trap\java\classes\jakarta\servlet\ServletRequest.members...
[2026-07-27 12:40:27] [PROGRESS] resolve files> Scanning D:\MigrationReportTool\Backend\MigrationReport\migration-api-db\trap\java\classes\jakarta\servlet\ServletResponse.members...
[2026-07-27 12:40:27] [PROGRESS] resolve files> Scanning D:\MigrationReportTool\Backend\MigrationReport\migration-api-db\trap\java\classes\jakarta\servlet\ServletSecurityElement.members...
[2026-07-27 12:40:27] [PROGRESS] resolve files> Scanning D:\MigrationReportTool\Backend\MigrationReport\migration-api-db\trap\java\classes\jakarta\servlet\SessionCookieConfig.members...
[2026-07-27 12:40:27] [PROGRESS] resolve files> Scanning D:\MigrationReportTool\Backend\MigrationReport\migration-api-db\trap\java\classes\jakarta\servlet\SessionTrackingMode.members...
[2026-07-27 12:40:27] [PROGRESS] resolve files> Scanning D:\MigrationReportTool\Backend\MigrationReport\migration-api-db\trap\java\classes\jakarta\servlet\WriteListener.members...
[2026-07-27 12:40:27] [PROGRESS] resolve files> Scanning D:\MigrationReportTool\Backend\MigrationReport\migration-api-db\trap\java\classes\java...
[2026-07-27 12:40:27] [PROGRESS] resolve files> Scanning D:\MigrationReportTool\Backend\MigrationReport\migration-api-db\trap\java\classes\java\awt...
[2026-07-27 12:40:27] [PROGRESS] resolve files> Scanning D:\MigrationReportTool\Backend\MigrationReport\migration-api-db\trap\java\classes\java\awt\Adjustable.members...
[2026-07-27 12:40:27] [PROGRESS] resolve files> Scanning D:\MigrationReportTool\Backend\MigrationReport\migration-api-db\trap\java\classes\java\awt\AlphaComposite.members...
[2026-07-27 12:40:27] [PROGRESS] resolve files> Scanning D:\MigrationReportTool\Backend\MigrationReport\migration-api-db\trap\java\classes\java\awt\AttributeValue.members...
[2026-07-27 12:40:27] [PROGRESS] resolve files> Scanning D:\MigrationReportTool\Backend\MigrationReport\migration-api-db\trap\java\classes\java\awt\AWTEvent.members...
[2026-07-27 12:40:27] [PROGRESS] resolve files> Scanning D:\MigrationReportTool\Backend\MigrationReport\migration-api-db\trap\java\classes\java\awt\AWTException.members...
[2026-07-27 12:40:27] [PROGRESS] resolve files> Scanning D:\MigrationReportTool\Backend\MigrationReport\migration-api-db\trap\java\classes\java\awt\AWTKeyStroke.members...
[2026-07-27 12:40:27] [PROGRESS] resolve files> Scanning D:\MigrationReportTool\Backend\MigrationReport\migration-api-db\trap\java\classes\java\awt\BasicStroke.members...
[2026-07-27 12:40:27] [PROGRESS] resolve files> Scanning D:\MigrationReportTool\Backend\MigrationReport\migration-api-db\trap\java\classes\java\awt\BufferCapabilities$FlipContents.members...
[2026-07-27 12:40:27] [PROGRESS] resolve files> Scanning D:\MigrationReportTool\Backend\MigrationReport\migration-api-db\trap\java\classes\java\awt\BufferCapabilities.members...
[2026-07-27 12:40:27] [PROGRESS] resolve files> Scanning D:\MigrationReportTool\Backend\MigrationReport\migration-api-db\trap\java\classes\java\awt\Button.members...
[2026-07-27 12:40:27] [PROGRESS] resolve files> Scanning D:\MigrationReportTool\Backend\MigrationReport\migration-api-db\trap\java\classes\java\awt\Canvas.members...
[2026-07-27 12:40:27] [PROGRESS] resolve files> Scanning D:\MigrationReportTool\Backend\MigrationReport\migration-api-db\trap\java\classes\java\awt\Checkbox.members...
[2026-07-27 12:40:27] [PROGRESS] resolve files> Scanning D:\MigrationReportTool\Backend\MigrationReport\migration-api-db\trap\java\classes\java\awt\CheckboxGroup.members...
[2026-07-27 12:40:27] [PROGRESS] resolve files> Scanning D:\MigrationReportTool\Backend\MigrationReport\migration-api-db\trap\java\classes\java\awt\CheckboxMenuItem.members...
[2026-07-27 12:40:27] [PROGRESS] resolve files> Scanning D:\MigrationReportTool\Backend\MigrationReport\migration-api-db\trap\java\classes\java\awt\Choice.members...
[2026-07-27 12:40:27] [PROGRESS] resolve files> Scanning D:\MigrationReportTool\Backend\MigrationReport\migration-api-db\trap\java\classes\java\awt\color...
[2026-07-27 12:40:27] [PROGRESS] resolve files> Scanning D:\MigrationReportTool\Backend\MigrationReport\migration-api-db\trap\java\classes\java\awt\color\ColorSpace.members...
[2026-07-27 12:40:27] [PROGRESS] resolve files> Scanning D:\MigrationReportTool\Backend\MigrationReport\migration-api-db\trap\java\classes\java\awt\color\ICC_ColorSpace.members...
[2026-07-27 12:40:27] [PROGRESS] resolve files> Scanning D:\MigrationReportTool\Backend\MigrationReport\migration-api-db\trap\java\classes\java\awt\color\ICC_Profile.members...
[2026-07-27 12:40:27] [PROGRESS] resolve files> Scanning D:\MigrationReportTool\Backend\MigrationReport\migration-api-db\trap\java\classes\java\awt\color\ICC_ProfileGray.members...
[2026-07-27 12:40:27] [PROGRESS] resolve files> Scanning D:\MigrationReportTool\Backend\MigrationReport\migration-api-db\trap\java\classes\java\awt\color\ICC_ProfileRGB.members...
[2026-07-27 12:40:27] [PROGRESS] resolve files> Scanning D:\MigrationReportTool\Backend\MigrationReport\migration-api-db\trap\java\classes\java\awt\Color.members...
[2026-07-27 12:40:27] [PROGRESS] resolve files> Scanning D:\MigrationReportTool\Backend\MigrationReport\migration-api-db\trap\java\classes\java\awt\Component$BaselineResizeBehavior.members...
[2026-07-27 12:40:27] [PROGRESS] resolve files> Scanning D:\MigrationReportTool\Backend\MigrationReport\migration-api-db\trap\java\classes\java\awt\Component.members...
[2026-07-27 12:40:27] [PROGRESS] resolve files> Scanning D:\MigrationReportTool\Backend\MigrationReport\migration-api-db\trap\java\classes\java\awt\ComponentOrientation.members...
[2026-07-27 12:40:27] [PROGRESS] resolve files> Scanning D:\MigrationReportTool\Backend\MigrationReport\migration-api-db\trap\java\classes\java\awt\Composite.members...
[2026-07-27 12:40:27] [PROGRESS] resolve files> Scanning D:\MigrationReportTool\Backend\MigrationReport\migration-api-db\trap\java\classes\java\awt\CompositeContext.members...
[2026-07-27 12:40:27] [PROGRESS] resolve files> Scanning D:\MigrationReportTool\Backend\MigrationReport\migration-api-db\trap\java\classes\java\awt\Conditional.members...
[2026-07-27 12:40:27] [PROGRESS] resolve files> Scanning D:\MigrationReportTool\Backend\MigrationReport\migration-api-db\trap\java\classes\java\awt\Container.members...
[2026-07-27 12:40:27] [PROGRESS] resolve files> Scanning D:\MigrationReportTool\Backend\MigrationReport\migration-api-db\trap\java\classes\java\awt\Cursor$CursorDisposer.members...
[2026-07-27 12:40:27] [PROGRESS] resolve files> Scanning D:\MigrationReportTool\Backend\MigrationReport\migration-api-db\trap\java\classes\java\awt\Cursor.members...
[2026-07-27 12:40:27] [PROGRESS] resolve files> Scanning D:\MigrationReportTool\Backend\MigrationReport\migration-api-db\trap\java\classes\java\awt\datatransfer...
[2026-07-27 12:40:27] [PROGRESS] resolve files> Scanning D:\MigrationReportTool\Backend\MigrationReport\migration-api-db\trap\java\classes\java\awt\datatransfer\Clipboard.members...
[2026-07-27 12:40:27] [PROGRESS] resolve files> Scanning D:\MigrationReportTool\Backend\MigrationReport\migration-api-db\trap\java\classes\java\awt\datatransfer\ClipboardOwner.members...
[2026-07-27 12:40:27] [PROGRESS] resolve files> Scanning D:\MigrationReportTool\Backend\MigrationReport\migration-api-db\trap\java\classes\java\awt\datatransfer\DataFlavor.members...
[2026-07-27 12:40:27] [PROGRESS] resolve files> Scanning D:\MigrationReportTool\Backend\MigrationReport\migration-api-db\trap\java\classes\java\awt\datatransfer\FlavorEvent.members...
[2026-07-27 12:40:27] [PROGRESS] resolve files> Scanning D:\MigrationReportTool\Backend\MigrationReport\migration-api-db\trap\java\classes\java\awt\datatransfer\FlavorListener.members...
[2026-07-27 12:40:27] [PROGRESS] resolve files> Scanning D:\MigrationReportTool\Backend\MigrationReport\migration-api-db\trap\java\classes\java\awt\datatransfer\FlavorMap.members...
[2026-07-27 12:40:27] [PROGRESS] resolve files> Scanning D:\MigrationReportTool\Backend\MigrationReport\migration-api-db\trap\java\classes\java\awt\datatransfer\FlavorTable.members...
[2026-07-27 12:40:27] [PROGRESS] resolve files> Scanning D:\MigrationReportTool\Backend\MigrationReport\migration-api-db\trap\java\classes\java\awt\datatransfer\MimeType.members...
[2026-07-27 12:40:27] [PROGRESS] resolve files> Scanning D:\MigrationReportTool\Backend\MigrationReport\migration-api-db\trap\java\classes\java\awt\datatransfer\MimeTypeParameterList.members...
[2026-07-27 12:40:27] [PROGRESS] resolve files> Scanning D:\MigrationReportTool\Backend\MigrationReport\migration-api-db\trap\java\classes\java\awt\datatransfer\MimeTypeParseException.members...
[2026-07-27 12:40:27] [PROGRESS] resolve files> Scanning D:\MigrationReportTool\Backend\MigrationReport\migration-api-db\trap\java\classes\java\awt\datatransfer\Transferable.members...
[2026-07-27 12:40:27] [PROGRESS] resolve files> Scanning D:\MigrationReportTool\Backend\MigrationReport\migration-api-db\trap\java\classes\java\awt\datatransfer\UnsupportedFlavorException.members...
[2026-07-27 12:40:27] [PROGRESS] resolve files> Scanning D:\MigrationReportTool\Backend\MigrationReport\migration-api-db\trap\java\classes\java\awt\desktop...
[2026-07-27 12:40:27] [PROGRESS] resolve files> Scanning D:\MigrationReportTool\Backend\MigrationReport\migration-api-db\trap\java\classes\java\awt\desktop\AboutEvent.members...
[2026-07-27 12:40:27] [PROGRESS] resolve files> Scanning D:\MigrationReportTool\Backend\MigrationReport\migration-api-db\trap\java\classes\java\awt\desktop\AboutHandler.members...
[2026-07-27 12:40:27] [PROGRESS] resolve files> Scanning D:\MigrationReportTool\Backend\MigrationReport\migration-api-db\trap\java\classes\java\awt\desktop\AppEvent.members...
[2026-07-27 12:40:27] [PROGRESS] resolve files> Scanning D:\MigrationReportTool\Backend\MigrationReport\migration-api-db\trap\java\classes\java\awt\desktop\AppForegroundEvent.members...
[2026-07-27 12:40:27] [PROGRESS] resolve files> Scanning D:\MigrationReportTool\Backend\MigrationReport\migration-api-db\trap\java\classes\java\awt\desktop\AppHiddenEvent.members...
[2026-07-27 12:40:27] [PROGRESS] resolve files> Scanning D:\MigrationReportTool\Backend\MigrationReport\migration-api-db\trap\java\classes\java\awt\desktop\AppReopenedEvent.members...
[2026-07-27 12:40:27] [PROGRESS] resolve files> Scanning D:\MigrationReportTool\Backend\MigrationReport\migration-api-db\trap\java\classes\java\awt\desktop\FilesEvent.members...
[2026-07-27 12:40:27] [PROGRESS] resolve files> Scanning D:\MigrationReportTool\Backend\MigrationReport\migration-api-db\trap\java\classes\java\awt\desktop\OpenFilesEvent.members...
[2026-07-27 12:40:27] [PROGRESS] resolve files> Scanning D:\MigrationReportTool\Backend\MigrationReport\migration-api-db\trap\java\classes\java\awt\desktop\OpenFilesHandler.members...
[2026-07-27 12:40:27] [PROGRESS] resolve files> Scanning D:\MigrationReportTool\Backend\MigrationReport\migration-api-db\trap\java\classes\java\awt\desktop\OpenURIEvent.members...
[2026-07-27 12:40:27] [PROGRESS] resolve files> Scanning D:\MigrationReportTool\Backend\MigrationReport\migration-api-db\trap\java\classes\java\awt\desktop\OpenURIHandler.members...
[2026-07-27 12:40:27] [PROGRESS] resolve files> Scanning D:\MigrationReportTool\Backend\MigrationReport\migration-api-db\trap\java\classes\java\awt\desktop\PreferencesEvent.members...
[2026-07-27 12:40:27] [PROGRESS] resolve files> Scanning D:\MigrationReportTool\Backend\MigrationReport\migration-api-db\trap\java\classes\java\awt\desktop\PreferencesHandler.members...
[2026-07-27 12:40:27] [PROGRESS] resolve files> Scanning D:\MigrationReportTool\Backend\MigrationReport\migration-api-db\trap\java\classes\java\awt\desktop\PrintFilesEvent.members...
[2026-07-27 12:40:27] [PROGRESS] resolve files> Scanning D:\MigrationReportTool\Backend\MigrationReport\migration-api-db\trap\java\classes\java\awt\desktop\PrintFilesHandler.members...
[2026-07-27 12:40:27] [PROGRESS] resolve files> Scanning D:\MigrationReportTool\Backend\MigrationReport\migration-api-db\trap\java\classes\java\awt\desktop\QuitEvent.members...
[2026-07-27 12:40:27] [PROGRESS] resolve files> Scanning D:\MigrationReportTool\Backend\MigrationReport\migration-api-db\trap\java\classes\java\awt\desktop\QuitHandler.members...
[2026-07-27 12:40:27] [PROGRESS] resolve files> Scanning D:\MigrationReportTool\Backend\MigrationReport\migration-api-db\trap\java\classes\java\awt\desktop\QuitResponse.members...
[2026-07-27 12:40:27] [PROGRESS] resolve files> Scanning D:\MigrationReportTool\Backend\MigrationReport\migration-api-db\trap\java\classes\java\awt\desktop\QuitStrategy.members...
[2026-07-27 12:40:27] [PROGRESS] resolve files> Scanning D:\MigrationReportTool\Backend\MigrationReport\migration-api-db\trap\java\classes\java\awt\desktop\ScreenSleepEvent.members...
[2026-07-27 12:40:27] [PROGRESS] resolve files> Scanning D:\MigrationReportTool\Backend\MigrationReport\migration-api-db\trap\java\classes\java\awt\desktop\SystemEventListener.members...
[2026-07-27 12:40:27] [PROGRESS] resolve files> Scanning D:\MigrationReportTool\Backend\MigrationReport\migration-api-db\trap\java\classes\java\awt\desktop\SystemSleepEvent.members...
[2026-07-27 12:40:27] [PROGRESS] resolve files> Scanning D:\MigrationReportTool\Backend\MigrationReport\migration-api-db\trap\java\classes\java\awt\desktop\UserSessionEvent$Reason.members...
[2026-07-27 12:40:27] [PROGRESS] resolve files> Scanning D:\MigrationReportTool\Backend\MigrationReport\migration-api-db\trap\java\classes\java\awt\desktop\UserSessionEvent.members...
[2026-07-27 12:40:27] [PROGRESS] resolve files> Scanning D:\MigrationReportTool\Backend\MigrationReport\migration-api-db\trap\java\classes\java\awt\Desktop$Action.members...
[2026-07-27 12:40:27] [PROGRESS] resolve files> Scanning D:\MigrationReportTool\Backend\MigrationReport\migration-api-db\trap\java\classes\java\awt\Desktop.members...
[2026-07-27 12:40:27] [PROGRESS] resolve files> Scanning D:\MigrationReportTool\Backend\MigrationReport\migration-api-db\trap\java\classes\java\awt\Dialog$ModalExclusionType.members...
[2026-07-27 12:40:27] [PROGRESS] resolve files> Scanning D:\MigrationReportTool\Backend\MigrationReport\migration-api-db\trap\java\classes\java\awt\Dialog$ModalityType.members...
[2026-07-27 12:40:27] [PROGRESS] resolve files> Scanning D:\MigrationReportTool\Backend\MigrationReport\migration-api-db\trap\java\classes\java\awt\Dialog.members...
[2026-07-27 12:40:27] [PROGRESS] resolve files> Scanning D:\MigrationReportTool\Backend\MigrationReport\migration-api-db\trap\java\classes\java\awt\Dimension.members...
[2026-07-27 12:40:27] [PROGRESS] resolve files> Scanning D:\MigrationReportTool\Backend\MigrationReport\migration-api-db\trap\java\classes\java\awt\DisplayMode.members...
[2026-07-27 12:40:27] [PROGRESS] resolve files> Scanning D:\MigrationReportTool\Backend\MigrationReport\migration-api-db\trap\java\classes\java\awt\dnd...
[2026-07-27 12:40:27] [PROGRESS] resolve files> Scanning D:\MigrationReportTool\Backend\MigrationReport\migration-api-db\trap\java\classes\java\awt\dnd\DragGestureEvent.members...
[2026-07-27 12:40:27] [PROGRESS] resolve files> Scanning D:\MigrationReportTool\Backend\MigrationReport\migration-api-db\trap\java\classes\java\awt\dnd\DragGestureListener.members...
[2026-07-27 12:40:27] [PROGRESS] resolve files> Scanning D:\MigrationReportTool\Backend\MigrationReport\migration-api-db\trap\java\classes\java\awt\dnd\DragGestureRecognizer.members...
[2026-07-27 12:40:27] [PROGRESS] resolve files> Scanning D:\MigrationReportTool\Backend\MigrationReport\migration-api-db\trap\java\classes\java\awt\dnd\DragSource.members...
[2026-07-27 12:40:27] [PROGRESS] resolve files> Scanning D:\MigrationReportTool\Backend\MigrationReport\migration-api-db\trap\java\classes\java\awt\dnd\DragSourceContext.members...
[2026-07-27 12:40:27] [PROGRESS] resolve files> Scanning D:\MigrationReportTool\Backend\MigrationReport\migration-api-db\trap\java\classes\java\awt\dnd\DragSourceDragEvent.members...
[2026-07-27 12:40:27] [PROGRESS] resolve files> Scanning D:\MigrationReportTool\Backend\MigrationReport\migration-api-db\trap\java\classes\java\awt\dnd\DragSourceDropEvent.members...
[2026-07-27 12:40:27] [PROGRESS] resolve files> Scanning D:\MigrationReportTool\Backend\MigrationReport\migration-api-db\trap\java\classes\java\awt\dnd\DragSourceEvent.members...
[2026-07-27 12:40:27] [PROGRESS] resolve files> Scanning D:\MigrationReportTool\Backend\MigrationReport\migration-api-db\trap\java\classes\java\awt\dnd\DragSourceListener.members...
[2026-07-27 12:40:27] [PROGRESS] resolve files> Scanning D:\MigrationReportTool\Backend\MigrationReport\migration-api-db\trap\java\classes\java\awt\dnd\DragSourceMotionListener.members...
[2026-07-27 12:40:27] [PROGRESS] resolve files> Scanning D:\MigrationReportTool\Backend\MigrationReport\migration-api-db\trap\java\classes\java\awt\dnd\DropTarget$DropTargetAutoScroller.members...
[2026-07-27 12:40:27] [PROGRESS] resolve files> Scanning D:\MigrationReportTool\Backend\MigrationReport\migration-api-db\trap\java\classes\java\awt\dnd\DropTarget.members...
[2026-07-27 12:40:27] [PROGRESS] resolve files> Scanning D:\MigrationReportTool\Backend\MigrationReport\migration-api-db\trap\java\classes\java\awt\dnd\DropTargetContext.members...
[2026-07-27 12:40:27] [PROGRESS] resolve files> Scanning D:\MigrationReportTool\Backend\MigrationReport\migration-api-db\trap\java\classes\java\awt\dnd\DropTargetDragEvent.members...
[2026-07-27 12:40:27] [PROGRESS] resolve files> Scanning D:\MigrationReportTool\Backend\MigrationReport\migration-api-db\trap\java\classes\java\awt\dnd\DropTargetDropEvent.members...
[2026-07-27 12:40:27] [PROGRESS] resolve files> Scanning D:\MigrationReportTool\Backend\MigrationReport\migration-api-db\trap\java\classes\java\awt\dnd\DropTargetEvent.members...
[2026-07-27 12:40:27] [PROGRESS] resolve files> Scanning D:\MigrationReportTool\Backend\MigrationReport\migration-api-db\trap\java\classes\java\awt\dnd\DropTargetListener.members...
[2026-07-27 12:40:27] [PROGRESS] resolve files> Scanning D:\MigrationReportTool\Backend\MigrationReport\migration-api-db\trap\java\classes\java\awt\dnd\InvalidDnDOperationException.members...
[2026-07-27 12:40:27] [PROGRESS] resolve files> Scanning D:\MigrationReportTool\Backend\MigrationReport\migration-api-db\trap\java\classes\java\awt\dnd\peer...
[2026-07-27 12:40:27] [PROGRESS] resolve files> Scanning D:\MigrationReportTool\Backend\MigrationReport\migration-api-db\trap\java\classes\java\awt\dnd\peer\DragSourceContextPeer.members...
[2026-07-27 12:40:27] [PROGRESS] resolve files> Scanning D:\MigrationReportTool\Backend\MigrationReport\migration-api-db\trap\java\classes\java\awt\dnd\peer\DropTargetContextPeer.members...
[2026-07-27 12:40:27] [PROGRESS] resolve files> Scanning D:\MigrationReportTool\Backend\MigrationReport\migration-api-db\trap\java\classes\java\awt\event...
[2026-07-27 12:40:27] [PROGRESS] resolve files> Scanning D:\MigrationReportTool\Backend\MigrationReport\migration-api-db\trap\java\classes\java\awt\event\ActionEvent.members...
[2026-07-27 12:40:27] [PROGRESS] resolve files> Scanning D:\MigrationReportTool\Backend\MigrationReport\migration-api-db\trap\java\classes\java\awt\event\ActionListener.members...
[2026-07-27 12:40:27] [PROGRESS] resolve files> Scanning D:\MigrationReportTool\Backend\MigrationReport\migration-api-db\trap\java\classes\java\awt\event\AdjustmentEvent.members...
[2026-07-27 12:40:27] [PROGRESS] resolve files> Scanning D:\MigrationReportTool\Backend\MigrationReport\migration-api-db\trap\java\classes\java\awt\event\AdjustmentListener.members...
[2026-07-27 12:40:27] [PROGRESS] resolve files> Scanning D:\MigrationReportTool\Backend\MigrationReport\migration-api-db\trap\java\classes\java\awt\event\AWTEventListener.members...
[2026-07-27 12:40:27] [PROGRESS] resolve files> Scanning D:\MigrationReportTool\Backend\MigrationReport\migration-api-db\trap\java\classes\java\awt\event\ComponentEvent.members...
[2026-07-27 12:40:27] [PROGRESS] resolve files> Scanning D:\MigrationReportTool\Backend\MigrationReport\migration-api-db\trap\java\classes\java\awt\event\ComponentListener.members...
[2026-07-27 12:40:27] [PROGRESS] resolve files> Scanning D:\MigrationReportTool\Backend\MigrationReport\migration-api-db\trap\java\classes\java\awt\event\ContainerEvent.members...
[2026-07-27 12:40:27] [PROGRESS] resolve files> Scanning D:\MigrationReportTool\Backend\MigrationReport\migration-api-db\trap\java\classes\java\awt\event\ContainerListener.members...
[2026-07-27 12:40:27] [PROGRESS] resolve files> Scanning D:\MigrationReportTool\Backend\MigrationReport\migration-api-db\trap\java\classes\java\awt\event\FocusEvent$Cause.members...
[2026-07-27 12:40:27] [PROGRESS] resolve files> Scanning D:\MigrationReportTool\Backend\MigrationReport\migration-api-db\trap\java\classes\java\awt\event\FocusEvent.members...
[2026-07-27 12:40:27] [PROGRESS] resolve files> Scanning D:\MigrationReportTool\Backend\MigrationReport\migration-api-db\trap\java\classes\java\awt\event\FocusListener.members...
[2026-07-27 12:40:27] [PROGRESS] resolve files> Scanning D:\MigrationReportTool\Backend\MigrationReport\migration-api-db\trap\java\classes\java\awt\event\HierarchyBoundsListener.members...
[2026-07-27 12:40:27] [PROGRESS] resolve files> Scanning D:\MigrationReportTool\Backend\MigrationReport\migration-api-db\trap\java\classes\java\awt\event\HierarchyEvent.members...
[2026-07-27 12:40:27] [PROGRESS] resolve files> Scanning D:\MigrationReportTool\Backend\MigrationReport\migration-api-db\trap\java\classes\java\awt\event\HierarchyListener.members...
[2026-07-27 12:40:27] [PROGRESS] resolve files> Scanning D:\MigrationReportTool\Backend\MigrationReport\migration-api-db\trap\java\classes\java\awt\event\InputEvent.members...
[2026-07-27 12:40:27] [PROGRESS] resolve files> Scanning D:\MigrationReportTool\Backend\MigrationReport\migration-api-db\trap\java\classes\java\awt\event\InputMethodEvent.members...
[2026-07-27 12:40:27] [PROGRESS] resolve files> Scanning D:\MigrationReportTool\Backend\MigrationReport\migration-api-db\trap\java\classes\java\awt\event\InputMethodListener.members...
[2026-07-27 12:40:27] [PROGRESS] resolve files> Scanning D:\MigrationReportTool\Backend\MigrationReport\migration-api-db\trap\java\classes\java\awt\event\ItemEvent.members...
[2026-07-27 12:40:27] [PROGRESS] resolve files> Scanning D:\MigrationReportTool\Backend\MigrationReport\migration-api-db\trap\java\classes\java\awt\event\ItemListener.members...
[2026-07-27 12:40:27] [PROGRESS] resolve files> Scanning D:\MigrationReportTool\Backend\MigrationReport\migration-api-db\trap\java\classes\java\awt\event\KeyEvent.members...
[2026-07-27 12:40:27] [PROGRESS] resolve files> Scanning D:\MigrationReportTool\Backend\MigrationReport\migration-api-db\trap\java\classes\java\awt\event\KeyListener.members...
[2026-07-27 12:40:27] [PROGRESS] resolve files> Scanning D:\MigrationReportTool\Backend\MigrationReport\migration-api-db\trap\java\classes\java\awt\event\MouseEvent.members...
[2026-07-27 12:40:27] [PROGRESS] resolve files> Scanning D:\MigrationReportTool\Backend\MigrationReport\migration-api-db\trap\java\classes\java\awt\event\MouseListener.members...
[2026-07-27 12:40:27] [PROGRESS] resolve files> Scanning D:\MigrationReportTool\Backend\MigrationReport\migration-api-db\trap\java\classes\java\awt\event\MouseMotionListener.members...
[2026-07-27 12:40:27] [PROGRESS] resolve files> Scanning D:\MigrationReportTool\Backend\MigrationReport\migration-api-db\trap\java\classes\java\awt\event\MouseWheelEvent.members...
[2026-07-27 12:40:27] [PROGRESS] resolve files> Scanning D:\MigrationReportTool\Backend\MigrationReport\migration-api-db\trap\java\classes\java\awt\event\MouseWheelListener.members...
[2026-07-27 12:40:27] [PROGRESS] resolve files> Scanning D:\MigrationReportTool\Backend\MigrationReport\migration-api-db\trap\java\classes\java\awt\event\PaintEvent.members...
[2026-07-27 12:40:27] [PROGRESS] resolve files> Scanning D:\MigrationReportTool\Backend\MigrationReport\migration-api-db\trap\java\classes\java\awt\event\TextEvent.members...
[2026-07-27 12:40:27] [PROGRESS] resolve files> Scanning D:\MigrationReportTool\Backend\MigrationReport\migration-api-db\trap\java\classes\java\awt\event\TextListener.members...
[2026-07-27 12:40:27] [PROGRESS] resolve files> Scanning D:\MigrationReportTool\Backend\MigrationReport\migration-api-db\trap\java\classes\java\awt\event\WindowAdapter.members...
[2026-07-27 12:40:27] [PROGRESS] resolve files> Scanning D:\MigrationReportTool\Backend\MigrationReport\migration-api-db\trap\java\classes\java\awt\event\WindowEvent.members...
[2026-07-27 12:40:27] [PROGRESS] resolve files> Scanning D:\MigrationReportTool\Backend\MigrationReport\migration-api-db\trap\java\classes\java\awt\event\WindowFocusListener.members...
[2026-07-27 12:40:27] [PROGRESS] resolve files> Scanning D:\MigrationReportTool\Backend\MigrationReport\migration-api-db\trap\java\classes\java\awt\event\WindowListener.members...
[2026-07-27 12:40:27] [PROGRESS] resolve files> Scanning D:\MigrationReportTool\Backend\MigrationReport\migration-api-db\trap\java\classes\java\awt\event\WindowStateListener.members...
[2026-07-27 12:40:27] [PROGRESS] resolve files> Scanning D:\MigrationReportTool\Backend\MigrationReport\migration-api-db\trap\java\classes\java\awt\Event.members...
[2026-07-27 12:40:27] [PROGRESS] resolve files> Scanning D:\MigrationReportTool\Backend\MigrationReport\migration-api-db\trap\java\classes\java\awt\EventDispatchThread.members...
[2026-07-27 12:40:27] [PROGRESS] resolve files> Scanning D:\MigrationReportTool\Backend\MigrationReport\migration-api-db\trap\java\classes\java\awt\EventFilter$FilterAction.members...
[2026-07-27 12:40:27] [PROGRESS] resolve files> Scanning D:\MigrationReportTool\Backend\MigrationReport\migration-api-db\trap\java\classes\java\awt\EventFilter.members...
[2026-07-27 12:40:27] [PROGRESS] resolve files> Scanning D:\MigrationReportTool\Backend\MigrationReport\migration-api-db\trap\java\classes\java\awt\EventQueue.members...
[2026-07-27 12:40:27] [PROGRESS] resolve files> Scanning D:\MigrationReportTool\Backend\MigrationReport\migration-api-db\trap\java\classes\java\awt\FileDialog.members...
[2026-07-27 12:40:27] [PROGRESS] resolve files> Scanning D:\MigrationReportTool\Backend\MigrationReport\migration-api-db\trap\java\classes\java\awt\FocusTraversalPolicy.members...
[2026-07-27 12:40:27] [PROGRESS] resolve files> Scanning D:\MigrationReportTool\Backend\MigrationReport\migration-api-db\trap\java\classes\java\awt\font...
[2026-07-27 12:40:27] [PROGRESS] resolve files> Scanning D:\MigrationReportTool\Backend\MigrationReport\migration-api-db\trap\java\classes\java\awt\font\FontRenderContext.members...
[2026-07-27 12:40:27] [PROGRESS] resolve files> Scanning D:\MigrationReportTool\Backend\MigrationReport\migration-api-db\trap\java\classes\java\awt\font\GlyphJustificationInfo.members...
[2026-07-27 12:40:27] [PROGRESS] resolve files> Scanning D:\MigrationReportTool\Backend\MigrationReport\migration-api-db\trap\java\classes\java\awt\font\GlyphMetrics.members...
[2026-07-27 12:40:27] [PROGRESS] resolve files> Scanning D:\MigrationReportTool\Backend\MigrationReport\migration-api-db\trap\java\classes\java\awt\font\GlyphVector.members...
[2026-07-27 12:40:27] [PROGRESS] resolve files> Scanning D:\MigrationReportTool\Backend\MigrationReport\migration-api-db\trap\java\classes\java\awt\font\LineMetrics.members...
[2026-07-27 12:40:27] [PROGRESS] resolve files> Scanning D:\MigrationReportTool\Backend\MigrationReport\migration-api-db\trap\java\classes\java\awt\font\TextAttribute.members...
[2026-07-27 12:40:27] [PROGRESS] resolve files> Scanning D:\MigrationReportTool\Backend\MigrationReport\migration-api-db\trap\java\classes\java\awt\font\TextHitInfo.members...
[2026-07-27 12:40:27] [PROGRESS] resolve files> Scanning D:\MigrationReportTool\Backend\MigrationReport\migration-api-db\trap\java\classes\java\awt\Font.members...
[2026-07-27 12:40:27] [PROGRESS] resolve files> Scanning D:\MigrationReportTool\Backend\MigrationReport\migration-api-db\trap\java\classes\java\awt\FontFormatException.members...
[2026-07-27 12:40:27] [PROGRESS] resolve files> Scanning D:\MigrationReportTool\Backend\MigrationReport\migration-api-db\trap\java\classes\java\awt\FontMetrics.members...
[2026-07-27 12:40:27] [PROGRESS] resolve files> Scanning D:\MigrationReportTool\Backend\MigrationReport\migration-api-db\trap\java\classes\java\awt\Frame.members...
[2026-07-27 12:40:27] [PROGRESS] resolve files> Scanning D:\MigrationReportTool\Backend\MigrationReport\migration-api-db\trap\java\classes\java\awt\geom...
[2026-07-27 12:40:27] [PROGRESS] resolve files> Scanning D:\MigrationReportTool\Backend\MigrationReport\migration-api-db\trap\java\classes\java\awt\geom\AffineTransform.members...
[2026-07-27 12:40:27] [PROGRESS] resolve files> Scanning D:\MigrationReportTool\Backend\MigrationReport\migration-api-db\trap\java\classes\java\awt\geom\Dimension2D.members...
[2026-07-27 12:40:27] [PROGRESS] resolve files> Scanning D:\MigrationReportTool\Backend\MigrationReport\migration-api-db\trap\java\classes\java\awt\geom\GeneralPath.members...
[2026-07-27 12:40:27] [PROGRESS] resolve files> Scanning D:\MigrationReportTool\Backend\MigrationReport\migration-api-db\trap\java\classes\java\awt\geom\Line2D.members...
[2026-07-27 12:40:27] [PROGRESS] resolve files> Scanning D:\MigrationReportTool\Backend\MigrationReport\migration-api-db\trap\java\classes\java\awt\geom\NoninvertibleTransformException.members...
[2026-07-27 12:40:27] [PROGRESS] resolve files> Scanning D:\MigrationReportTool\Backend\MigrationReport\migration-api-db\trap\java\classes\java\awt\geom\Path2D$Double.members...
[2026-07-27 12:40:27] [PROGRESS] resolve files> Scanning D:\MigrationReportTool\Backend\MigrationReport\migration-api-db\trap\java\classes\java\awt\geom\Path2D$Float.members...
[2026-07-27 12:40:27] [PROGRESS] resolve files> Scanning D:\MigrationReportTool\Backend\MigrationReport\migration-api-db\trap\java\classes\java\awt\geom\Path2D.members...
[2026-07-27 12:40:27] [PROGRESS] resolve files> Scanning D:\MigrationReportTool\Backend\MigrationReport\migration-api-db\trap\java\classes\java\awt\geom\PathIterator.members...
[2026-07-27 12:40:27] [PROGRESS] resolve files> Scanning D:\MigrationReportTool\Backend\MigrationReport\migration-api-db\trap\java\classes\java\awt\geom\Point2D$Float.members...
[2026-07-27 12:40:27] [PROGRESS] resolve files> Scanning D:\MigrationReportTool\Backend\MigrationReport\migration-api-db\trap\java\classes\java\awt\geom\Point2D.members...
[2026-07-27 12:40:27] [PROGRESS] resolve files> Scanning D:\MigrationReportTool\Backend\MigrationReport\migration-api-db\trap\java\classes\java\awt\geom\Rectangle2D$Float.members...
[2026-07-27 12:40:27] [PROGRESS] resolve files> Scanning D:\MigrationReportTool\Backend\MigrationReport\migration-api-db\trap\java\classes\java\awt\geom\Rectangle2D.members...
[2026-07-27 12:40:27] [PROGRESS] resolve files> Scanning D:\MigrationReportTool\Backend\MigrationReport\migration-api-db\trap\java\classes\java\awt\geom\RectangularShape.members...
[2026-07-27 12:40:27] [PROGRESS] resolve files> Scanning D:\MigrationReportTool\Backend\MigrationReport\migration-api-db\trap\java\classes\java\awt\Graphics.members...
[2026-07-27 12:40:27] [PROGRESS] resolve files> Scanning D:\MigrationReportTool\Backend\MigrationReport\migration-api-db\trap\java\classes\java\awt\Graphics2D.members...
[2026-07-27 12:40:27] [PROGRESS] resolve files> Scanning D:\MigrationReportTool\Backend\MigrationReport\migration-api-db\trap\java\classes\java\awt\GraphicsConfigTemplate.members...
[2026-07-27 12:40:27] [PROGRESS] resolve files> Scanning D:\MigrationReportTool\Backend\MigrationReport\migration-api-db\trap\java\classes\java\awt\GraphicsConfiguration.members...
[2026-07-27 12:40:27] [PROGRESS] resolve files> Scanning D:\MigrationReportTool\Backend\MigrationReport\migration-api-db\trap\java\classes\java\awt\GraphicsDevice$WindowTranslucency.members...
[2026-07-27 12:40:27] [PROGRESS] resolve files> Scanning D:\MigrationReportTool\Backend\MigrationReport\migration-api-db\trap\java\classes\java\awt\GraphicsDevice.members...
[2026-07-27 12:40:27] [PROGRESS] resolve files> Scanning D:\MigrationReportTool\Backend\MigrationReport\migration-api-db\trap\java\classes\java\awt\HeadlessException.members...
[2026-07-27 12:40:27] [PROGRESS] resolve files> Scanning D:\MigrationReportTool\Backend\MigrationReport\migration-api-db\trap\java\classes\java\awt\IllegalComponentStateException.members...
[2026-07-27 12:40:27] [PROGRESS] resolve files> Scanning D:\MigrationReportTool\Backend\MigrationReport\migration-api-db\trap\java\classes\java\awt\im...
[2026-07-27 12:40:27] [PROGRESS] resolve files> Scanning D:\MigrationReportTool\Backend\MigrationReport\migration-api-db\trap\java\classes\java\awt\im\InputContext.members...
[2026-07-27 12:40:27] [PROGRESS] resolve files> Scanning D:\MigrationReportTool\Backend\MigrationReport\migration-api-db\trap\java\classes\java\awt\im\InputMethodHighlight.members...
[2026-07-27 12:40:27] [PROGRESS] resolve files> Scanning D:\MigrationReportTool\Backend\MigrationReport\migration-api-db\trap\java\classes\java\awt\im\InputMethodRequests.members...
[2026-07-27 12:40:27] [PROGRESS] resolve files> Scanning D:\MigrationReportTool\Backend\MigrationReport\migration-api-db\trap\java\classes\java\awt\image...
[2026-07-27 12:40:27] [PROGRESS] resolve files> Scanning D:\MigrationReportTool\Backend\MigrationReport\migration-api-db\trap\java\classes\java\awt\image\BufferedImage.members...
[2026-07-27 12:40:27] [PROGRESS] resolve files> Scanning D:\MigrationReportTool\Backend\MigrationReport\migration-api-db\trap\java\classes\java\awt\image\BufferedImageOp.members...
[2026-07-27 12:40:27] [PROGRESS] resolve files> Scanning D:\MigrationReportTool\Backend\MigrationReport\migration-api-db\trap\java\classes\java\awt\image\BufferStrategy.members...
[2026-07-27 12:40:27] [PROGRESS] resolve files> Scanning D:\MigrationReportTool\Backend\MigrationReport\migration-api-db\trap\java\classes\java\awt\image\ColorModel.members...
[2026-07-27 12:40:27] [PROGRESS] resolve files> Scanning D:\MigrationReportTool\Backend\MigrationReport\migration-api-db\trap\java\classes\java\awt\image\DataBuffer.members...
[2026-07-27 12:40:27] [PROGRESS] resolve files> Scanning D:\MigrationReportTool\Backend\MigrationReport\migration-api-db\trap\java\classes\java\awt\image\ImageConsumer.members...
[2026-07-27 12:40:27] [PROGRESS] resolve files> Scanning D:\MigrationReportTool\Backend\MigrationReport\migration-api-db\trap\java\classes\java\awt\image\ImageObserver.members...
[2026-07-27 12:40:27] [PROGRESS] resolve files> Scanning D:\MigrationReportTool\Backend\MigrationReport\migration-api-db\trap\java\classes\java\awt\image\ImageProducer.members...
[2026-07-27 12:40:27] [PROGRESS] resolve files> Scanning D:\MigrationReportTool\Backend\MigrationReport\migration-api-db\trap\java\classes\java\awt\image\IndexColorModel.members...
[2026-07-27 12:40:27] [PROGRESS] resolve files> Scanning D:\MigrationReportTool\Backend\MigrationReport\migration-api-db\trap\java\classes\java\awt\image\Raster.members...
[2026-07-27 12:40:27] [PROGRESS] resolve files> Scanning D:\MigrationReportTool\Backend\MigrationReport\migration-api-db\trap\java\classes\java\awt\image\renderable...
[2026-07-27 12:40:27] [PROGRESS] resolve files> Scanning D:\MigrationReportTool\Backend\MigrationReport\migration-api-db\trap\java\classes\java\awt\image\renderable\RenderableImage.members...
[2026-07-27 12:40:27] [PROGRESS] resolve files> Scanning D:\MigrationReportTool\Backend\MigrationReport\migration-api-db\trap\java\classes\java\awt\image\renderable\RenderContext.members...
[2026-07-27 12:40:27] [PROGRESS] resolve files> Scanning D:\MigrationReportTool\Backend\MigrationReport\migration-api-db\trap\java\classes\java\awt\image\RenderedImage.members...
[2026-07-27 12:40:27] [PROGRESS] resolve files> Scanning D:\MigrationReportTool\Backend\MigrationReport\migration-api-db\trap\java\classes\java\awt\image\SampleModel.members...
[2026-07-27 12:40:27] [PROGRESS] resolve files> Scanning D:\MigrationReportTool\Backend\MigrationReport\migration-api-db\trap\java\classes\java\awt\image\TileObserver.members...
[2026-07-27 12:40:27] [PROGRESS] resolve files> Scanning D:\MigrationReportTool\Backend\MigrationReport\migration-api-db\trap\java\classes\java\awt\image\VolatileImage.members...
[2026-07-27 12:40:27] [PROGRESS] resolve files> Scanning D:\MigrationReportTool\Backend\MigrationReport\migration-api-db\trap\java\classes\java\awt\image\WritableRaster.members...
[2026-07-27 12:40:27] [PROGRESS] resolve files> Scanning D:\MigrationReportTool\Backend\MigrationReport\migration-api-db\trap\java\classes\java\awt\image\WritableRenderedImage.members...
[2026-07-27 12:40:27] [PROGRESS] resolve files> Scanning D:\MigrationReportTool\Backend\MigrationReport\migration-api-db\trap\java\classes\java\awt\Image.members...
[2026-07-27 12:40:27] [PROGRESS] resolve files> Scanning D:\MigrationReportTool\Backend\MigrationReport\migration-api-db\trap\java\classes\java\awt\ImageCapabilities.members...
[2026-07-27 12:40:27] [PROGRESS] resolve files> Scanning D:\MigrationReportTool\Backend\MigrationReport\migration-api-db\trap\java\classes\java\awt\Insets.members...
[2026-07-27 12:40:27] [PROGRESS] resolve files> Scanning D:\MigrationReportTool\Backend\MigrationReport\migration-api-db\trap\java\classes\java\awt\ItemSelectable.members...
[2026-07-27 12:40:27] [PROGRESS] resolve files> Scanning D:\MigrationReportTool\Backend\MigrationReport\migration-api-db\trap\java\classes\java\awt\JobAttributes$DefaultSelectionType.members...
[2026-07-27 12:40:27] [PROGRESS] resolve files> Scanning D:\MigrationReportTool\Backend\MigrationReport\migration-api-db\trap\java\classes\java\awt\JobAttributes$DestinationType.members...
[2026-07-27 12:40:27] [PROGRESS] resolve files> Scanning D:\MigrationReportTool\Backend\MigrationReport\migration-api-db\trap\java\classes\java\awt\JobAttributes$DialogType.members...
[2026-07-27 12:40:27] [PROGRESS] resolve files> Scanning D:\MigrationReportTool\Backend\MigrationReport\migration-api-db\trap\java\classes\java\awt\JobAttributes$MultipleDocumentHandlingType.members...
[2026-07-27 12:40:27] [PROGRESS] resolve files> Scanning D:\MigrationReportTool\Backend\MigrationReport\migration-api-db\trap\java\classes\java\awt\JobAttributes$SidesType.members...
[2026-07-27 12:40:27] [PROGRESS] resolve files> Scanning D:\MigrationReportTool\Backend\MigrationReport\migration-api-db\trap\java\classes\java\awt\JobAttributes.members...
[2026-07-27 12:40:27] [PROGRESS] resolve files> Scanning D:\MigrationReportTool\Backend\MigrationReport\migration-api-db\trap\java\classes\java\awt\Label.members...
[2026-07-27 12:40:27] [PROGRESS] resolve files> Scanning D:\MigrationReportTool\Backend\MigrationReport\migration-api-db\trap\java\classes\java\awt\LayoutManager.members...
[2026-07-27 12:40:27] [PROGRESS] resolve files> Scanning D:\MigrationReportTool\Backend\MigrationReport\migration-api-db\trap\java\classes\java\awt\List.members...
[2026-07-27 12:40:27] [PROGRESS] resolve files> Scanning D:\MigrationReportTool\Backend\MigrationReport\migration-api-db\trap\java\classes\java\awt\Menu.members...
[2026-07-27 12:40:27] [PROGRESS] resolve files> Scanning D:\MigrationReportTool\Backend\MigrationReport\migration-api-db\trap\java\classes\java\awt\MenuBar.members...
[2026-07-27 12:40:27] [PROGRESS] resolve files> Scanning D:\MigrationReportTool\Backend\MigrationReport\migration-api-db\trap\java\classes\java\awt\MenuComponent.members...
[2026-07-27 12:40:27] [PROGRESS] resolve files> Scanning D:\MigrationReportTool\Backend\MigrationReport\migration-api-db\trap\java\classes\java\awt\MenuContainer.members...
[2026-07-27 12:40:27] [PROGRESS] resolve files> Scanning D:\MigrationReportTool\Backend\MigrationReport\migration-api-db\trap\java\classes\java\awt\MenuItem.members...
[2026-07-27 12:40:27] [PROGRESS] resolve files> Scanning D:\MigrationReportTool\Backend\MigrationReport\migration-api-db\trap\java\classes\java\awt\MenuShortcut.members...
[2026-07-27 12:40:27] [PROGRESS] resolve files> Scanning D:\MigrationReportTool\Backend\MigrationReport\migration-api-db\trap\java\classes\java\awt\PageAttributes$ColorType.members...
[2026-07-27 12:40:27] [PROGRESS] resolve files> Scanning D:\MigrationReportTool\Backend\MigrationReport\migration-api-db\trap\java\classes\java\awt\PageAttributes$MediaType.members...
[2026-07-27 12:40:27] [PROGRESS] resolve files> Scanning D:\MigrationReportTool\Backend\MigrationReport\migration-api-db\trap\java\classes\java\awt\PageAttributes$OrientationRequestedType.members...
[2026-07-27 12:40:27] [PROGRESS] resolve files> Scanning D:\MigrationReportTool\Backend\MigrationReport\migration-api-db\trap\java\classes\java\awt\PageAttributes$OriginType.members...
[2026-07-27 12:40:27] [PROGRESS] resolve files> Scanning D:\MigrationReportTool\Backend\MigrationReport\migration-api-db\trap\java\classes\java\awt\PageAttributes$PrintQualityType.members...
[2026-07-27 12:40:27] [PROGRESS] resolve files> Scanning D:\MigrationReportTool\Backend\MigrationReport\migration-api-db\trap\java\classes\java\awt\PageAttributes.members...
[2026-07-27 12:40:27] [PROGRESS] resolve files> Scanning D:\MigrationReportTool\Backend\MigrationReport\migration-api-db\trap\java\classes\java\awt\Paint.members...
[2026-07-27 12:40:27] [PROGRESS] resolve files> Scanning D:\MigrationReportTool\Backend\MigrationReport\migration-api-db\trap\java\classes\java\awt\PaintContext.members...
[2026-07-27 12:40:27] [PROGRESS] resolve files> Scanning D:\MigrationReportTool\Backend\MigrationReport\migration-api-db\trap\java\classes\java\awt\Panel.members...
[2026-07-27 12:40:27] [PROGRESS] resolve files> Scanning D:\MigrationReportTool\Backend\MigrationReport\migration-api-db\trap\java\classes\java\awt\peer...
[2026-07-27 12:40:27] [PROGRESS] resolve files> Scanning D:\MigrationReportTool\Backend\MigrationReport\migration-api-db\trap\java\classes\java\awt\peer\ButtonPeer.members...
[2026-07-27 12:40:27] [PROGRESS] resolve files> Scanning D:\MigrationReportTool\Backend\MigrationReport\migration-api-db\trap\java\classes\java\awt\peer\CanvasPeer.members...
[2026-07-27 12:40:27] [PROGRESS] resolve files> Scanning D:\MigrationReportTool\Backend\MigrationReport\migration-api-db\trap\java\classes\java\awt\peer\CheckboxMenuItemPeer.members...
[2026-07-27 12:40:27] [PROGRESS] resolve files> Scanning D:\MigrationReportTool\Backend\MigrationReport\migration-api-db\trap\java\classes\java\awt\peer\CheckboxPeer.members...
[2026-07-27 12:40:27] [PROGRESS] resolve files> Scanning D:\MigrationReportTool\Backend\MigrationReport\migration-api-db\trap\java\classes\java\awt\peer\ChoicePeer.members...
[2026-07-27 12:40:27] [PROGRESS] resolve files> Scanning D:\MigrationReportTool\Backend\MigrationReport\migration-api-db\trap\java\classes\java\awt\peer\ComponentPeer.members...
[2026-07-27 12:40:27] [PROGRESS] resolve files> Scanning D:\MigrationReportTool\Backend\MigrationReport\migration-api-db\trap\java\classes\java\awt\peer\ContainerPeer.members...
[2026-07-27 12:40:27] [PROGRESS] resolve files> Scanning D:\MigrationReportTool\Backend\MigrationReport\migration-api-db\trap\java\classes\java\awt\peer\DesktopPeer.members...
[2026-07-27 12:40:27] [PROGRESS] resolve files> Scanning D:\MigrationReportTool\Backend\MigrationReport\migration-api-db\trap\java\classes\java\awt\peer\DialogPeer.members...
[2026-07-27 12:40:27] [PROGRESS] resolve files> Scanning D:\MigrationReportTool\Backend\MigrationReport\migration-api-db\trap\java\classes\java\awt\peer\FileDialogPeer.members...
[2026-07-27 12:40:27] [PROGRESS] resolve files> Scanning D:\MigrationReportTool\Backend\MigrationReport\migration-api-db\trap\java\classes\java\awt\peer\FontPeer.members...
[2026-07-27 12:40:27] [PROGRESS] resolve files> Scanning D:\MigrationReportTool\Backend\MigrationReport\migration-api-db\trap\java\classes\java\awt\peer\FramePeer.members...
[2026-07-27 12:40:27] [PROGRESS] resolve files> Scanning D:\MigrationReportTool\Backend\MigrationReport\migration-api-db\trap\java\classes\java\awt\peer\LabelPeer.members...
[2026-07-27 12:40:27] [PROGRESS] resolve files> Scanning D:\MigrationReportTool\Backend\MigrationReport\migration-api-db\trap\java\classes\java\awt\peer\LightweightPeer.members...
[2026-07-27 12:40:27] [PROGRESS] resolve files> Scanning D:\MigrationReportTool\Backend\MigrationReport\migration-api-db\trap\java\classes\java\awt\peer\ListPeer.members...
[2026-07-27 12:40:27] [PROGRESS] resolve files> Scanning D:\MigrationReportTool\Backend\MigrationReport\migration-api-db\trap\java\classes\java\awt\peer\MenuBarPeer.members...
[2026-07-27 12:40:27] [PROGRESS] resolve files> Scanning D:\MigrationReportTool\Backend\MigrationReport\migration-api-db\trap\java\classes\java\awt\peer\MenuComponentPeer.members...
[2026-07-27 12:40:27] [PROGRESS] resolve files> Scanning D:\MigrationReportTool\Backend\MigrationReport\migration-api-db\trap\java\classes\java\awt\peer\MenuItemPeer.members...
[2026-07-27 12:40:27] [PROGRESS] resolve files> Scanning D:\MigrationReportTool\Backend\MigrationReport\migration-api-db\trap\java\classes\java\awt\peer\MenuPeer.members...
[2026-07-27 12:40:27] [PROGRESS] resolve files> Scanning D:\MigrationReportTool\Backend\MigrationReport\migration-api-db\trap\java\classes\java\awt\peer\MouseInfoPeer.members...
[2026-07-27 12:40:27] [PROGRESS] resolve files> Scanning D:\MigrationReportTool\Backend\MigrationReport\migration-api-db\trap\java\classes\java\awt\peer\PanelPeer.members...
[2026-07-27 12:40:27] [PROGRESS] resolve files> Scanning D:\MigrationReportTool\Backend\MigrationReport\migration-api-db\trap\java\classes\java\awt\peer\PopupMenuPeer.members...
[2026-07-27 12:40:27] [PROGRESS] resolve files> Scanning D:\MigrationReportTool\Backend\MigrationReport\migration-api-db\trap\java\classes\java\awt\peer\RobotPeer.members...
[2026-07-27 12:40:27] [PROGRESS] resolve files> Scanning D:\MigrationReportTool\Backend\MigrationReport\migration-api-db\trap\java\classes\java\awt\peer\ScrollbarPeer.members...
[2026-07-27 12:40:27] [PROGRESS] resolve files> Scanning D:\MigrationReportTool\Backend\MigrationReport\migration-api-db\trap\java\classes\java\awt\peer\ScrollPanePeer.members...
[2026-07-27 12:40:27] [PROGRESS] resolve files> Scanning D:\MigrationReportTool\Backend\MigrationReport\migration-api-db\trap\java\classes\java\awt\peer\TaskbarPeer.members...
[2026-07-27 12:40:27] [PROGRESS] resolve files> Scanning D:\MigrationReportTool\Backend\MigrationReport\migration-api-db\trap\java\classes\java\awt\peer\TextAreaPeer.members...
[2026-07-27 12:40:27] [PROGRESS] resolve files> Scanning D:\MigrationReportTool\Backend\MigrationReport\migration-api-db\trap\java\classes\java\awt\peer\TextComponentPeer.members...
[2026-07-27 12:40:27] [PROGRESS] resolve files> Scanning D:\MigrationReportTool\Backend\MigrationReport\migration-api-db\trap\java\classes\java\awt\peer\TextFieldPeer.members...
[2026-07-27 12:40:27] [PROGRESS] resolve files> Scanning D:\MigrationReportTool\Backend\MigrationReport\migration-api-db\trap\java\classes\java\awt\peer\WindowPeer.members...
[2026-07-27 12:40:27] [PROGRESS] resolve files> Scanning D:\MigrationReportTool\Backend\MigrationReport\migration-api-db\trap\java\classes\java\awt\Point.members...
[2026-07-27 12:40:27] [PROGRESS] resolve files> Scanning D:\MigrationReportTool\Backend\MigrationReport\migration-api-db\trap\java\classes\java\awt\PointerInfo.members...
[2026-07-27 12:40:27] [PROGRESS] resolve files> Scanning D:\MigrationReportTool\Backend\MigrationReport\migration-api-db\trap\java\classes\java\awt\Polygon.members...
[2026-07-27 12:40:27] [PROGRESS] resolve files> Scanning D:\MigrationReportTool\Backend\MigrationReport\migration-api-db\trap\java\classes\java\awt\PopupMenu.members...
[2026-07-27 12:40:27] [PROGRESS] resolve files> Scanning D:\MigrationReportTool\Backend\MigrationReport\migration-api-db\trap\java\classes\java\awt\PrintJob.members...
[2026-07-27 12:40:27] [PROGRESS] resolve files> Scanning D:\MigrationReportTool\Backend\MigrationReport\migration-api-db\trap\java\classes\java\awt\Rectangle.members...
[2026-07-27 12:40:27] [PROGRESS] resolve files> Scanning D:\MigrationReportTool\Backend\MigrationReport\migration-api-db\trap\java\classes\java\awt\RenderingHints$Key.members...
[2026-07-27 12:40:27] [PROGRESS] resolve files> Scanning D:\MigrationReportTool\Backend\MigrationReport\migration-api-db\trap\java\classes\java\awt\RenderingHints.members...
[2026-07-27 12:40:27] [PROGRESS] resolve files> Scanning D:\MigrationReportTool\Backend\MigrationReport\migration-api-db\trap\java\classes\java\awt\Scrollbar.members...
[2026-07-27 12:40:27] [PROGRESS] resolve files> Scanning D:\MigrationReportTool\Backend\MigrationReport\migration-api-db\trap\java\classes\java\awt\ScrollPane.members...
[2026-07-27 12:40:27] [PROGRESS] resolve files> Scanning D:\MigrationReportTool\Backend\MigrationReport\migration-api-db\trap\java\classes\java\awt\SecondaryLoop.members...
[2026-07-27 12:40:27] [PROGRESS] resolve files> Scanning D:\MigrationReportTool\Backend\MigrationReport\migration-api-db\trap\java\classes\java\awt\Shape.members...
[2026-07-27 12:40:27] [PROGRESS] resolve files> Scanning D:\MigrationReportTool\Backend\MigrationReport\migration-api-db\trap\java\classes\java\awt\Stroke.members...
[2026-07-27 12:40:27] [PROGRESS] resolve files> Scanning D:\MigrationReportTool\Backend\MigrationReport\migration-api-db\trap\java\classes\java\awt\Taskbar$Feature.members...
[2026-07-27 12:40:27] [PROGRESS] resolve files> Scanning D:\MigrationReportTool\Backend\MigrationReport\migration-api-db\trap\java\classes\java\awt\Taskbar$State.members...
[2026-07-27 12:40:27] [PROGRESS] resolve files> Scanning D:\MigrationReportTool\Backend\MigrationReport\migration-api-db\trap\java\classes\java\awt\Taskbar.members...
[2026-07-27 12:40:27] [PROGRESS] resolve files> Scanning D:\MigrationReportTool\Backend\MigrationReport\migration-api-db\trap\java\classes\java\awt\TextArea.members...
[2026-07-27 12:40:27] [PROGRESS] resolve files> Scanning D:\MigrationReportTool\Backend\MigrationReport\migration-api-db\trap\java\classes\java\awt\TextComponent.members...
[2026-07-27 12:40:27] [PROGRESS] resolve files> Scanning D:\MigrationReportTool\Backend\MigrationReport\migration-api-db\trap\java\classes\java\awt\TextField.members...
[2026-07-27 12:40:27] [PROGRESS] resolve files> Scanning D:\MigrationReportTool\Backend\MigrationReport\migration-api-db\trap\java\classes\java\awt\Toolkit.members...
[2026-07-27 12:40:27] [PROGRESS] resolve files> Scanning D:\MigrationReportTool\Backend\MigrationReport\migration-api-db\trap\java\classes\java\awt\Transparency.members...
[2026-07-27 12:40:27] [PROGRESS] resolve files> Scanning D:\MigrationReportTool\Backend\MigrationReport\migration-api-db\trap\java\classes\java\awt\Window$Type.members...
[2026-07-27 12:40:27] [PROGRESS] resolve files> Scanning D:\MigrationReportTool\Backend\MigrationReport\migration-api-db\trap\java\classes\java\awt\Window$WindowDisposerRecord.members...
[2026-07-27 12:40:27] [PROGRESS] resolve files> Scanning D:\MigrationReportTool\Backend\MigrationReport\migration-api-db\trap\java\classes\java\awt\Window.members...
[2026-07-27 12:40:27] [PROGRESS] resolve files> Scanning D:\MigrationReportTool\Backend\MigrationReport\migration-api-db\trap\java\classes\java\beans...
[2026-07-27 12:40:27] [PROGRESS] resolve files> Scanning D:\MigrationReportTool\Backend\MigrationReport\migration-api-db\trap\java\classes\java\beans\BeanProperty.members...
[2026-07-27 12:40:27] [PROGRESS] resolve files> Scanning D:\MigrationReportTool\Backend\MigrationReport\migration-api-db\trap\java\classes\java\beans\ConstructorProperties.members...
[2026-07-27 12:40:27] [PROGRESS] resolve files> Scanning D:\MigrationReportTool\Backend\MigrationReport\migration-api-db\trap\java\classes\java\beans\JavaBean.members...
[2026-07-27 12:40:27] [PROGRESS] resolve files> Scanning D:\MigrationReportTool\Backend\MigrationReport\migration-api-db\trap\java\classes\java\beans\PropertyChangeEvent.members...
[2026-07-27 12:40:27] [PROGRESS] resolve files> Scanning D:\MigrationReportTool\Backend\MigrationReport\migration-api-db\trap\java\classes\java\beans\PropertyChangeListener.members...
[2026-07-27 12:40:27] [PROGRESS] resolve files> Scanning D:\MigrationReportTool\Backend\MigrationReport\migration-api-db\trap\java\classes\java\beans\PropertyChangeSupport.members...
[2026-07-27 12:40:27] [PROGRESS] resolve files> Scanning D:\MigrationReportTool\Backend\MigrationReport\migration-api-db\trap\java\classes\java\beans\PropertyEditor.members...
[2026-07-27 12:40:27] [PROGRESS] resolve files> Scanning D:\MigrationReportTool\Backend\MigrationReport\migration-api-db\trap\java\classes\java\beans\PropertyVetoException.members...
[2026-07-27 12:40:27] [PROGRESS] resolve files> Scanning D:\MigrationReportTool\Backend\MigrationReport\migration-api-db\trap\java\classes\java\beans\Transient.members...
[2026-07-27 12:40:27] [PROGRESS] resolve files> Scanning D:\MigrationReportTool\Backend\MigrationReport\migration-api-db\trap\java\classes\java\beans\VetoableChangeListener.members...
[2026-07-27 12:40:27] [PROGRESS] resolve files> Scanning D:\MigrationReportTool\Backend\MigrationReport\migration-api-db\trap\java\classes\java\io...
[2026-07-27 12:40:27] [PROGRESS] resolve files> Scanning D:\MigrationReportTool\Backend\MigrationReport\migration-api-db\trap\java\classes\java\io\BufferedReader.members...
[2026-07-27 12:40:27] [PROGRESS] resolve files> Scanning D:\MigrationReportTool\Backend\MigrationReport\migration-api-db\trap\java\classes\java\io\BufferedWriter.members...
[2026-07-27 12:40:27] [PROGRESS] resolve files> Scanning D:\MigrationReportTool\Backend\MigrationReport\migration-api-db\trap\java\classes\java\io\ByteArrayOutputStream.members...
[2026-07-27 12:40:27] [PROGRESS] resolve files> Scanning D:\MigrationReportTool\Backend\MigrationReport\migration-api-db\trap\java\classes\java\io\Closeable.members...
[2026-07-27 12:40:27] [PROGRESS] resolve files> Scanning D:\MigrationReportTool\Backend\MigrationReport\migration-api-db\trap\java\classes\java\io\Console.members...
[2026-07-27 12:40:27] [PROGRESS] resolve files> Scanning D:\MigrationReportTool\Backend\MigrationReport\migration-api-db\trap\java\classes\java\io\DataInput.members...
[2026-07-27 12:40:27] [PROGRESS] resolve files> Scanning D:\MigrationReportTool\Backend\MigrationReport\migration-api-db\trap\java\classes\java\io\DataOutput.members...
[2026-07-27 12:40:27] [PROGRESS] resolve files> Scanning D:\MigrationReportTool\Backend\MigrationReport\migration-api-db\trap\java\classes\java\io\Externalizable.members...
[2026-07-27 12:40:27] [PROGRESS] resolve files> Scanning D:\MigrationReportTool\Backend\MigrationReport\migration-api-db\trap\java\classes\java\io\File.members...
[2026-07-27 12:40:27] [PROGRESS] resolve files> Scanning D:\MigrationReportTool\Backend\MigrationReport\migration-api-db\trap\java\classes\java\io\FileDescriptor.members...
[2026-07-27 12:40:27] [PROGRESS] resolve files> Scanning D:\MigrationReportTool\Backend\MigrationReport\migration-api-db\trap\java\classes\java\io\FileFilter.members...
[2026-07-27 12:40:27] [PROGRESS] resolve files> Scanning D:\MigrationReportTool\Backend\MigrationReport\migration-api-db\trap\java\classes\java\io\FilenameFilter.members...
[2026-07-27 12:40:27] [PROGRESS] resolve files> Scanning D:\MigrationReportTool\Backend\MigrationReport\migration-api-db\trap\java\classes\java\io\FileNotFoundException.members...
[2026-07-27 12:40:27] [PROGRESS] resolve files> Scanning D:\MigrationReportTool\Backend\MigrationReport\migration-api-db\trap\java\classes\java\io\FileReader.members...
[2026-07-27 12:40:27] [PROGRESS] resolve files> Scanning D:\MigrationReportTool\Backend\MigrationReport\migration-api-db\trap\java\classes\java\io\FilterOutputStream.members...
[2026-07-27 12:40:27] [PROGRESS] resolve files> Scanning D:\MigrationReportTool\Backend\MigrationReport\migration-api-db\trap\java\classes\java\io\Flushable.members...
[2026-07-27 12:40:27] [PROGRESS] resolve files> Scanning D:\MigrationReportTool\Backend\MigrationReport\migration-api-db\trap\java\classes\java\io\InputStream.members...
[2026-07-27 12:40:27] [PROGRESS] resolve files> Scanning D:\MigrationReportTool\Backend\MigrationReport\migration-api-db\trap\java\classes\java\io\InputStreamReader.members...
[2026-07-27 12:40:27] [PROGRESS] resolve files> Scanning D:\MigrationReportTool\Backend\MigrationReport\migration-api-db\trap\java\classes\java\io\InvalidClassException.members...
[2026-07-27 12:40:27] [PROGRESS] resolve files> Scanning D:\MigrationReportTool\Backend\MigrationReport\migration-api-db\trap\java\classes\java\io\InvalidObjectException.members...
[2026-07-27 12:40:27] [PROGRESS] resolve files> Scanning D:\MigrationReportTool\Backend\MigrationReport\migration-api-db\trap\java\classes\java\io\IOException.members...
[2026-07-27 12:40:27] [PROGRESS] resolve files> Scanning D:\MigrationReportTool\Backend\MigrationReport\migration-api-db\trap\java\classes\java\io\NotActiveException.members...
[2026-07-27 12:40:27] [PROGRESS] resolve files> Scanning D:\MigrationReportTool\Backend\MigrationReport\migration-api-db\trap\java\classes\java\io\ObjectInput.members...
[2026-07-27 12:40:27] [PROGRESS] resolve files> Scanning D:\MigrationReportTool\Backend\MigrationReport\migration-api-db\trap\java\classes\java\io\ObjectInputFilter$FilterInfo.members...
[2026-07-27 12:40:27] [PROGRESS] resolve files> Scanning D:\MigrationReportTool\Backend\MigrationReport\migration-api-db\trap\java\classes\java\io\ObjectInputFilter$Status.members...
[2026-07-27 12:40:27] [PROGRESS] resolve files> Scanning D:\MigrationReportTool\Backend\MigrationReport\migration-api-db\trap\java\classes\java\io\ObjectInputFilter.members...
[2026-07-27 12:40:27] [PROGRESS] resolve files> Scanning D:\MigrationReportTool\Backend\MigrationReport\migration-api-db\trap\java\classes\java\io\ObjectInputStream$GetField.members...
[2026-07-27 12:40:27] [PROGRESS] resolve files> Scanning D:\MigrationReportTool\Backend\MigrationReport\migration-api-db\trap\java\classes\java\io\ObjectInputStream.members...
[2026-07-27 12:40:27] [PROGRESS] resolve files> Scanning D:\MigrationReportTool\Backend\MigrationReport\migration-api-db\trap\java\classes\java\io\ObjectInputValidation.members...
[2026-07-27 12:40:27] [PROGRESS] resolve files> Scanning D:\MigrationReportTool\Backend\MigrationReport\migration-api-db\trap\java\classes\java\io\ObjectOutput.members...
[2026-07-27 12:40:27] [PROGRESS] resolve files> Scanning D:\MigrationReportTool\Backend\MigrationReport\migration-api-db\trap\java\classes\java\io\ObjectOutputStream$PutField.members...
[2026-07-27 12:40:27] [PROGRESS] resolve files> Scanning D:\MigrationReportTool\Backend\MigrationReport\migration-api-db\trap\java\classes\java\io\ObjectOutputStream.members...
[2026-07-27 12:40:27] [PROGRESS] resolve files> Scanning D:\MigrationReportTool\Backend\MigrationReport\migration-api-db\trap\java\classes\java\io\ObjectStreamClass$ClassDataSlot.members...
[2026-07-27 12:40:27] [PROGRESS] resolve files> Scanning D:\MigrationReportTool\Backend\MigrationReport\migration-api-db\trap\java\classes\java\io\ObjectStreamClass.members...
[2026-07-27 12:40:27] [PROGRESS] resolve files> Scanning D:\MigrationReportTool\Backend\MigrationReport\migration-api-db\trap\java\classes\java\io\ObjectStreamConstants.members...
[2026-07-27 12:40:27] [PROGRESS] resolve files> Scanning D:\MigrationReportTool\Backend\MigrationReport\migration-api-db\trap\java\classes\java\io\ObjectStreamException.members...
[2026-07-27 12:40:27] [PROGRESS] resolve files> Scanning D:\MigrationReportTool\Backend\MigrationReport\migration-api-db\trap\java\classes\java\io\ObjectStreamField.members...
[2026-07-27 12:40:27] [PROGRESS] resolve files> Scanning D:\MigrationReportTool\Backend\MigrationReport\migration-api-db\trap\java\classes\java\io\OptionalDataException.members...
[2026-07-27 12:40:27] [PROGRESS] resolve files> Scanning D:\MigrationReportTool\Backend\MigrationReport\migration-api-db\trap\java\classes\java\io\OutputStream.members...
[2026-07-27 12:40:27] [PROGRESS] resolve files> Scanning D:\MigrationReportTool\Backend\MigrationReport\migration-api-db\trap\java\classes\java\io\PrintStream.members...
[2026-07-27 12:40:27] [PROGRESS] resolve files> Scanning D:\MigrationReportTool\Backend\MigrationReport\migration-api-db\trap\java\classes\java\io\PrintWriter.members...
[2026-07-27 12:40:27] [PROGRESS] resolve files> Scanning D:\MigrationReportTool\Backend\MigrationReport\migration-api-db\trap\java\classes\java\io\ProxyingConsole.members...
[2026-07-27 12:40:27] [PROGRESS] resolve files> Scanning D:\MigrationReportTool\Backend\MigrationReport\migration-api-db\trap\java\classes\java\io\Reader.members...
[2026-07-27 12:40:27] [PROGRESS] resolve files> Scanning D:\MigrationReportTool\Backend\MigrationReport\migration-api-db\trap\java\classes\java\io\Serializable.members...
[2026-07-27 12:40:27] [PROGRESS] resolve files> Scanning D:\MigrationReportTool\Backend\MigrationReport\migration-api-db\trap\java\classes\java\io\SerializablePermission.members...
[2026-07-27 12:40:27] [PROGRESS] resolve files> Scanning D:\MigrationReportTool\Backend\MigrationReport\migration-api-db\trap\java\classes\java\io\StreamCorruptedException.members...
[2026-07-27 12:40:27] [PROGRESS] resolve files> Scanning D:\MigrationReportTool\Backend\MigrationReport\migration-api-db\trap\java\classes\java\io\SyncFailedException.members...
[2026-07-27 12:40:27] [PROGRESS] resolve files> Scanning D:\MigrationReportTool\Backend\MigrationReport\migration-api-db\trap\java\classes\java\io\UnsupportedEncodingException.members...
[2026-07-27 12:40:27] [PROGRESS] resolve files> Scanning D:\MigrationReportTool\Backend\MigrationReport\migration-api-db\trap\java\classes\java\io\Writer.members...
[2026-07-27 12:40:27] [PROGRESS] resolve files> Scanning D:\MigrationReportTool\Backend\MigrationReport\migration-api-db\trap\java\classes\java\lang...
[2026-07-27 12:40:27] [PROGRESS] resolve files> Scanning D:\MigrationReportTool\Backend\MigrationReport\migration-api-db\trap\java\classes\java\lang\AbstractStringBuilder.members...
[2026-07-27 12:40:27] [PROGRESS] resolve files> Scanning D:\MigrationReportTool\Backend\MigrationReport\migration-api-db\trap\java\classes\java\lang\annotation...
[2026-07-27 12:40:27] [PROGRESS] resolve files> Scanning D:\MigrationReportTool\Backend\MigrationReport\migration-api-db\trap\java\classes\java\lang\annotation\Annotation.members...
[2026-07-27 12:40:27] [PROGRESS] resolve files> Scanning D:\MigrationReportTool\Backend\MigrationReport\migration-api-db\trap\java\classes\java\lang\annotation\Documented.members...
[2026-07-27 12:40:27] [PROGRESS] resolve files> Scanning D:\MigrationReportTool\Backend\MigrationReport\migration-api-db\trap\java\classes\java\lang\annotation\ElementType.members...
[2026-07-27 12:40:27] [PROGRESS] resolve files> Scanning D:\MigrationReportTool\Backend\MigrationReport\migration-api-db\trap\java\classes\java\lang\annotation\Inherited.members...
[2026-07-27 12:40:27] [PROGRESS] resolve files> Scanning D:\MigrationReportTool\Backend\MigrationReport\migration-api-db\trap\java\classes\java\lang\annotation\Repeatable.members...
[2026-07-27 12:40:27] [PROGRESS] resolve files> Scanning D:\MigrationReportTool\Backend\MigrationReport\migration-api-db\trap\java\classes\java\lang\annotation\Retention.members...
[2026-07-27 12:40:27] [PROGRESS] resolve files> Scanning D:\MigrationReportTool\Backend\MigrationReport\migration-api-db\trap\java\classes\java\lang\annotation\RetentionPolicy.members...
[2026-07-27 12:40:27] [PROGRESS] resolve files> Scanning D:\MigrationReportTool\Backend\MigrationReport\migration-api-db\trap\java\classes\java\lang\annotation\Target.members...
[2026-07-27 12:40:27] [PROGRESS] resolve files> Scanning D:\MigrationReportTool\Backend\MigrationReport\migration-api-db\trap\java\classes\java\lang\Appendable.members...
[2026-07-27 12:40:27] [PROGRESS] resolve files> Scanning D:\MigrationReportTool\Backend\MigrationReport\migration-api-db\trap\java\classes\java\lang\AssertionError.members...
[2026-07-27 12:40:27] [PROGRESS] resolve files> Scanning D:\MigrationReportTool\Backend\MigrationReport\migration-api-db\trap\java\classes\java\lang\AutoCloseable.members...
[2026-07-27 12:40:27] [PROGRESS] resolve files> Scanning D:\MigrationReportTool\Backend\MigrationReport\migration-api-db\trap\java\classes\java\lang\Boolean.members...
[2026-07-27 12:40:27] [PROGRESS] resolve files> Scanning D:\MigrationReportTool\Backend\MigrationReport\migration-api-db\trap\java\classes\java\lang\Byte.members...
[2026-07-27 12:40:27] [PROGRESS] resolve files> Scanning D:\MigrationReportTool\Backend\MigrationReport\migration-api-db\trap\java\classes\java\lang\Character$Subset.members...
[2026-07-27 12:40:27] [PROGRESS] resolve files> Scanning D:\MigrationReportTool\Backend\MigrationReport\migration-api-db\trap\java\classes\java\lang\Character.members...
[2026-07-27 12:40:27] [PROGRESS] resolve files> Scanning D:\MigrationReportTool\Backend\MigrationReport\migration-api-db\trap\java\classes\java\lang\CharSequence.members...
[2026-07-27 12:40:27] [PROGRESS] resolve files> Scanning D:\MigrationReportTool\Backend\MigrationReport\migration-api-db\trap\java\classes\java\lang\Class.members...
[2026-07-27 12:40:27] [PROGRESS] resolve files> Scanning D:\MigrationReportTool\Backend\MigrationReport\migration-api-db\trap\java\classes\java\lang\ClassFormatError.members...
[2026-07-27 12:40:27] [PROGRESS] resolve files> Scanning D:\MigrationReportTool\Backend\MigrationReport\migration-api-db\trap\java\classes\java\lang\ClassLoader.members...
[2026-07-27 12:40:27] [PROGRESS] resolve files> Scanning D:\MigrationReportTool\Backend\MigrationReport\migration-api-db\trap\java\classes\java\lang\ClassNotFoundException.members...
[2026-07-27 12:40:27] [PROGRESS] resolve files> Scanning D:\MigrationReportTool\Backend\MigrationReport\migration-api-db\trap\java\classes\java\lang\ClassValue$ClassValueMap.members...
[2026-07-27 12:40:27] [PROGRESS] resolve files> Scanning D:\MigrationReportTool\Backend\MigrationReport\migration-api-db\trap\java\classes\java\lang\ClassValue$Entry.members...
[2026-07-27 12:40:27] [PROGRESS] resolve files> Scanning D:\MigrationReportTool\Backend\MigrationReport\migration-api-db\trap\java\classes\java\lang\ClassValue$Identity.members...
[2026-07-27 12:40:27] [PROGRESS] resolve files> Scanning D:\MigrationReportTool\Backend\MigrationReport\migration-api-db\trap\java\classes\java\lang\ClassValue$Version.members...
[2026-07-27 12:40:27] [PROGRESS] resolve files> Scanning D:\MigrationReportTool\Backend\MigrationReport\migration-api-db\trap\java\classes\java\lang\ClassValue.members...
[2026-07-27 12:40:27] [PROGRESS] resolve files> Scanning D:\MigrationReportTool\Backend\MigrationReport\migration-api-db\trap\java\classes\java\lang\Cloneable.members...
[2026-07-27 12:40:27] [PROGRESS] resolve files> Scanning D:\MigrationReportTool\Backend\MigrationReport\migration-api-db\trap\java\classes\java\lang\CloneNotSupportedException.members...
[2026-07-27 12:40:27] [PROGRESS] resolve files> Scanning D:\MigrationReportTool\Backend\MigrationReport\migration-api-db\trap\java\classes\java\lang\Comparable.members...
[2026-07-27 12:40:27] [PROGRESS] resolve files> Scanning D:\MigrationReportTool\Backend\MigrationReport\migration-api-db\trap\java\classes\java\lang\constant...
[2026-07-27 12:40:27] [PROGRESS] resolve files> Scanning D:\MigrationReportTool\Backend\MigrationReport\migration-api-db\trap\java\classes\java\lang\constant\AsTypeMethodHandleDesc.members...
[2026-07-27 12:40:27] [PROGRESS] resolve files> Scanning D:\MigrationReportTool\Backend\MigrationReport\migration-api-db\trap\java\classes\java\lang\constant\ClassDesc.members...
[2026-07-27 12:40:27] [PROGRESS] resolve files> Scanning D:\MigrationReportTool\Backend\MigrationReport\migration-api-db\trap\java\classes\java\lang\constant\Constable.members...
[2026-07-27 12:40:27] [PROGRESS] resolve files> Scanning D:\MigrationReportTool\Backend\MigrationReport\migration-api-db\trap\java\classes\java\lang\constant\ConstantDesc.members...
[2026-07-27 12:40:27] [PROGRESS] resolve files> Scanning D:\MigrationReportTool\Backend\MigrationReport\migration-api-db\trap\java\classes\java\lang\constant\DirectMethodHandleDesc$Kind.members...
[2026-07-27 12:40:27] [PROGRESS] resolve files> Scanning D:\MigrationReportTool\Backend\MigrationReport\migration-api-db\trap\java\classes\java\lang\constant\DirectMethodHandleDesc.members...
[2026-07-27 12:40:27] [PROGRESS] resolve files> Scanning D:\MigrationReportTool\Backend\MigrationReport\migration-api-db\trap\java\classes\java\lang\constant\DirectMethodHandleDescImpl.members...
[2026-07-27 12:40:27] [PROGRESS] resolve files> Scanning D:\MigrationReportTool\Backend\MigrationReport\migration-api-db\trap\java\classes\java\lang\constant\DynamicConstantDesc.members...
[2026-07-27 12:40:27] [PROGRESS] resolve files> Scanning D:\MigrationReportTool\Backend\MigrationReport\migration-api-db\trap\java\classes\java\lang\constant\MethodHandleDesc.members...
[2026-07-27 12:40:27] [PROGRESS] resolve files> Scanning D:\MigrationReportTool\Backend\MigrationReport\migration-api-db\trap\java\classes\java\lang\constant\MethodTypeDesc.members...
[2026-07-27 12:40:27] [PROGRESS] resolve files> Scanning D:\MigrationReportTool\Backend\MigrationReport\migration-api-db\trap\java\classes\java\lang\constant\MethodTypeDescImpl.members...
[2026-07-27 12:40:27] [PROGRESS] resolve files> Scanning D:\MigrationReportTool\Backend\MigrationReport\migration-api-db\trap\java\classes\java\lang\constant\PrimitiveClassDescImpl.members...
[2026-07-27 12:40:27] [PROGRESS] resolve files> Scanning D:\MigrationReportTool\Backend\MigrationReport\migration-api-db\trap\java\classes\java\lang\constant\ReferenceClassDescImpl.members...
[2026-07-27 12:40:27] [PROGRESS] resolve files> Scanning D:\MigrationReportTool\Backend\MigrationReport\migration-api-db\trap\java\classes\java\lang\Deprecated.members...
[2026-07-27 12:40:27] [PROGRESS] resolve files> Scanning D:\MigrationReportTool\Backend\MigrationReport\migration-api-db\trap\java\classes\java\lang\Double.members...
[2026-07-27 12:40:27] [PROGRESS] resolve files> Scanning D:\MigrationReportTool\Backend\MigrationReport\migration-api-db\trap\java\classes\java\lang\Enum$EnumDesc.members...
[2026-07-27 12:40:27] [PROGRESS] resolve files> Scanning D:\MigrationReportTool\Backend\MigrationReport\migration-api-db\trap\java\classes\java\lang\Enum.members...
[2026-07-27 12:40:27] [PROGRESS] resolve files> Scanning D:\MigrationReportTool\Backend\MigrationReport\migration-api-db\trap\java\classes\java\lang\Error.members...
[2026-07-27 12:40:27] [PROGRESS] resolve files> Scanning D:\MigrationReportTool\Backend\MigrationReport\migration-api-db\trap\java\classes\java\lang\Exception.members...
[2026-07-27 12:40:27] [PROGRESS] resolve files> Scanning D:\MigrationReportTool\Backend\MigrationReport\migration-api-db\trap\java\classes\java\lang\Float.members...
[2026-07-27 12:40:27] [PROGRESS] resolve files> Scanning D:\MigrationReportTool\Backend\MigrationReport\migration-api-db\trap\java\classes\java\lang\foreign...
[2026-07-27 12:40:27] [PROGRESS] resolve files> Scanning D:\MigrationReportTool\Backend\MigrationReport\migration-api-db\trap\java\classes\java\lang\foreign\AddressLayout.members...
[2026-07-27 12:40:27] [PROGRESS] resolve files> Scanning D:\MigrationReportTool\Backend\MigrationReport\migration-api-db\trap\java\classes\java\lang\foreign\Arena.members...
[2026-07-27 12:40:27] [PROGRESS] resolve files> Scanning D:\MigrationReportTool\Backend\MigrationReport\migration-api-db\trap\java\classes\java\lang\foreign\GroupLayout.members...
[2026-07-27 12:40:27] [PROGRESS] resolve files> Scanning D:\MigrationReportTool\Backend\MigrationReport\migration-api-db\trap\java\classes\java\lang\foreign\MemoryLayout$PathElement.members...
[2026-07-27 12:40:27] [PROGRESS] resolve files> Scanning D:\MigrationReportTool\Backend\MigrationReport\migration-api-db\trap\java\classes\java\lang\foreign\MemoryLayout.members...
[2026-07-27 12:40:27] [PROGRESS] resolve files> Scanning D:\MigrationReportTool\Backend\MigrationReport\migration-api-db\trap\java\classes\java\lang\foreign\MemorySegment$Scope.members...
[2026-07-27 12:40:27] [PROGRESS] resolve files> Scanning D:\MigrationReportTool\Backend\MigrationReport\migration-api-db\trap\java\classes\java\lang\foreign\MemorySegment.members...
[2026-07-27 12:40:27] [PROGRESS] resolve files> Scanning D:\MigrationReportTool\Backend\MigrationReport\migration-api-db\trap\java\classes\java\lang\foreign\PaddingLayout.members...
[2026-07-27 12:40:27] [PROGRESS] resolve files> Scanning D:\MigrationReportTool\Backend\MigrationReport\migration-api-db\trap\java\classes\java\lang\foreign\SegmentAllocator.members...
[2026-07-27 12:40:27] [PROGRESS] resolve files> Scanning D:\MigrationReportTool\Backend\MigrationReport\migration-api-db\trap\java\classes\java\lang\foreign\SequenceLayout.members...
[2026-07-27 12:40:27] [PROGRESS] resolve files> Scanning D:\MigrationReportTool\Backend\MigrationReport\migration-api-db\trap\java\classes\java\lang\foreign\StructLayout.members...
[2026-07-27 12:40:27] [PROGRESS] resolve files> Scanning D:\MigrationReportTool\Backend\MigrationReport\migration-api-db\trap\java\classes\java\lang\foreign\UnionLayout.members...
[2026-07-27 12:40:27] [PROGRESS] resolve files> Scanning D:\MigrationReportTool\Backend\MigrationReport\migration-api-db\trap\java\classes\java\lang\foreign\ValueLayout$OfBoolean.members...
[2026-07-27 12:40:27] [PROGRESS] resolve files> Scanning D:\MigrationReportTool\Backend\MigrationReport\migration-api-db\trap\java\classes\java\lang\foreign\ValueLayout$OfByte.members...
[2026-07-27 12:40:27] [PROGRESS] resolve files> Scanning D:\MigrationReportTool\Backend\MigrationReport\migration-api-db\trap\java\classes\java\lang\foreign\ValueLayout$OfChar.members...
[2026-07-27 12:40:27] [PROGRESS] resolve files> Scanning D:\MigrationReportTool\Backend\MigrationReport\migration-api-db\trap\java\classes\java\lang\foreign\ValueLayout$OfDouble.members...
[2026-07-27 12:40:27] [PROGRESS] resolve files> Scanning D:\MigrationReportTool\Backend\MigrationReport\migration-api-db\trap\java\classes\java\lang\foreign\ValueLayout$OfFloat.members...
[2026-07-27 12:40:27] [PROGRESS] resolve files> Scanning D:\MigrationReportTool\Backend\MigrationReport\migration-api-db\trap\java\classes\java\lang\foreign\ValueLayout$OfInt.members...
[2026-07-27 12:40:27] [PROGRESS] resolve files> Scanning D:\MigrationReportTool\Backend\MigrationReport\migration-api-db\trap\java\classes\java\lang\foreign\ValueLayout$OfLong.members...
[2026-07-27 12:40:27] [PROGRESS] resolve files> Scanning D:\MigrationReportTool\Backend\MigrationReport\migration-api-db\trap\java\classes\java\lang\foreign\ValueLayout$OfShort.members...
[2026-07-27 12:40:27] [PROGRESS] resolve files> Scanning D:\MigrationReportTool\Backend\MigrationReport\migration-api-db\trap\java\classes\java\lang\foreign\ValueLayout.members...
[2026-07-27 12:40:27] [PROGRESS] resolve files> Scanning D:\MigrationReportTool\Backend\MigrationReport\migration-api-db\trap\java\classes\java\lang\FunctionalInterface.members...
[2026-07-27 12:40:27] [PROGRESS] resolve files> Scanning D:\MigrationReportTool\Backend\MigrationReport\migration-api-db\trap\java\classes\java\lang\IllegalAccessException.members...
[2026-07-27 12:40:27] [PROGRESS] resolve files> Scanning D:\MigrationReportTool\Backend\MigrationReport\migration-api-db\trap\java\classes\java\lang\IllegalArgumentException.members...
[2026-07-27 12:40:27] [PROGRESS] resolve files> Scanning D:\MigrationReportTool\Backend\MigrationReport\migration-api-db\trap\java\classes\java\lang\IllegalStateException.members...
[2026-07-27 12:40:27] [PROGRESS] resolve files> Scanning D:\MigrationReportTool\Backend\MigrationReport\migration-api-db\trap\java\classes\java\lang\IllegalThreadStateException.members...
[2026-07-27 12:40:27] [PROGRESS] resolve files> Scanning D:\MigrationReportTool\Backend\MigrationReport\migration-api-db\trap\java\classes\java\lang\IndexOutOfBoundsException.members...
[2026-07-27 12:40:27] [PROGRESS] resolve files> Scanning D:\MigrationReportTool\Backend\MigrationReport\migration-api-db\trap\java\classes\java\lang\InstantiationException.members...
[2026-07-27 12:40:27] [PROGRESS] resolve files> Scanning D:\MigrationReportTool\Backend\MigrationReport\migration-api-db\trap\java\classes\java\lang\Integer.members...
[2026-07-27 12:40:27] [PROGRESS] resolve files> Scanning D:\MigrationReportTool\Backend\MigrationReport\migration-api-db\trap\java\classes\java\lang\InternalError.members...
[2026-07-27 12:40:27] [PROGRESS] resolve files> Scanning D:\MigrationReportTool\Backend\MigrationReport\migration-api-db\trap\java\classes\java\lang\InterruptedException.members...
[2026-07-27 12:40:27] [PROGRESS] resolve files> Scanning D:\MigrationReportTool\Backend\MigrationReport\migration-api-db\trap\java\classes\java\lang\invoke...
[2026-07-27 12:40:27] [PROGRESS] resolve files> Scanning D:\MigrationReportTool\Backend\MigrationReport\migration-api-db\trap\java\classes\java\lang\invoke\BoundMethodHandle$Specializer$Factory.members...
[2026-07-27 12:40:27] [PROGRESS] resolve files> Scanning D:\MigrationReportTool\Backend\MigrationReport\migration-api-db\trap\java\classes\java\lang\invoke\BoundMethodHandle$Specializer.members...
[2026-07-27 12:40:27] [PROGRESS] resolve files> Scanning D:\MigrationReportTool\Backend\MigrationReport\migration-api-db\trap\java\classes\java\lang\invoke\BoundMethodHandle$SpeciesData.members...
[2026-07-27 12:40:27] [PROGRESS] resolve files> Scanning D:\MigrationReportTool\Backend\MigrationReport\migration-api-db\trap\java\classes\java\lang\invoke\BoundMethodHandle.members...
[2026-07-27 12:40:27] [PROGRESS] resolve files> Scanning D:\MigrationReportTool\Backend\MigrationReport\migration-api-db\trap\java\classes\java\lang\invoke\CallSite.members...
[2026-07-27 12:40:27] [PROGRESS] resolve files> Scanning D:\MigrationReportTool\Backend\MigrationReport\migration-api-db\trap\java\classes\java\lang\invoke\ClassSpecializer$Factory.members...
[2026-07-27 12:40:27] [PROGRESS] resolve files> Scanning D:\MigrationReportTool\Backend\MigrationReport\migration-api-db\trap\java\classes\java\lang\invoke\ClassSpecializer$SpeciesData.members...
[2026-07-27 12:40:27] [PROGRESS] resolve files> Scanning D:\MigrationReportTool\Backend\MigrationReport\migration-api-db\trap\java\classes\java\lang\invoke\ClassSpecializer.members...
[2026-07-27 12:40:27] [PROGRESS] resolve files> Scanning D:\MigrationReportTool\Backend\MigrationReport\migration-api-db\trap\java\classes\java\lang\invoke\ConstantCallSite.members...
[2026-07-27 12:40:27] [PROGRESS] resolve files> Scanning D:\MigrationReportTool\Backend\MigrationReport\migration-api-db\trap\java\classes\java\lang\invoke\DelegatingMethodHandle.members...
[2026-07-27 12:40:27] [PROGRESS] resolve files> Scanning D:\MigrationReportTool\Backend\MigrationReport\migration-api-db\trap\java\classes\java\lang\invoke\DirectMethodHandle$Accessor.members...
[2026-07-27 12:40:27] [PROGRESS] resolve files> Scanning D:\MigrationReportTool\Backend\MigrationReport\migration-api-db\trap\java\classes\java\lang\invoke\DirectMethodHandle$Constructor.members...
[2026-07-27 12:40:27] [PROGRESS] resolve files> Scanning D:\MigrationReportTool\Backend\MigrationReport\migration-api-db\trap\java\classes\java\lang\invoke\DirectMethodHandle$Interface.members...
[2026-07-27 12:40:27] [PROGRESS] resolve files> Scanning D:\MigrationReportTool\Backend\MigrationReport\migration-api-db\trap\java\classes\java\lang\invoke\DirectMethodHandle$Special.members...
[2026-07-27 12:40:27] [PROGRESS] resolve files> Scanning D:\MigrationReportTool\Backend\MigrationReport\migration-api-db\trap\java\classes\java\lang\invoke\DirectMethodHandle$StaticAccessor.members...
[2026-07-27 12:40:27] [PROGRESS] resolve files> Scanning D:\MigrationReportTool\Backend\MigrationReport\migration-api-db\trap\java\classes\java\lang\invoke\DirectMethodHandle.members...
[2026-07-27 12:40:27] [PROGRESS] resolve files> Scanning D:\MigrationReportTool\Backend\MigrationReport\migration-api-db\trap\java\classes\java\lang\invoke\IndirectVarHandle.members...
[2026-07-27 12:40:27] [PROGRESS] resolve files> Scanning D:\MigrationReportTool\Backend\MigrationReport\migration-api-db\trap\java\classes\java\lang\invoke\Invokers.members...
[2026-07-27 12:40:27] [PROGRESS] resolve files> Scanning D:\MigrationReportTool\Backend\MigrationReport\migration-api-db\trap\java\classes\java\lang\invoke\LambdaForm$BasicType.members...
[2026-07-27 12:40:27] [PROGRESS] resolve files> Scanning D:\MigrationReportTool\Backend\MigrationReport\migration-api-db\trap\java\classes\java\lang\invoke\LambdaForm$Kind.members...
[2026-07-27 12:40:27] [PROGRESS] resolve files> Scanning D:\MigrationReportTool\Backend\MigrationReport\migration-api-db\trap\java\classes\java\lang\invoke\LambdaForm$Name.members...
[2026-07-27 12:40:27] [PROGRESS] resolve files> Scanning D:\MigrationReportTool\Backend\MigrationReport\migration-api-db\trap\java\classes\java\lang\invoke\LambdaForm$NamedFunction.members...
[2026-07-27 12:40:27] [PROGRESS] resolve files> Scanning D:\MigrationReportTool\Backend\MigrationReport\migration-api-db\trap\java\classes\java\lang\invoke\LambdaForm.members...
[2026-07-27 12:40:27] [PROGRESS] resolve files> Scanning D:\MigrationReportTool\Backend\MigrationReport\migration-api-db\trap\java\classes\java\lang\invoke\LambdaFormEditor.members...
[2026-07-27 12:40:27] [PROGRESS] resolve files> Scanning D:\MigrationReportTool\Backend\MigrationReport\migration-api-db\trap\java\classes\java\lang\invoke\MemberName$Factory.members...
[2026-07-27 12:40:27] [PROGRESS] resolve files> Scanning D:\MigrationReportTool\Backend\MigrationReport\migration-api-db\trap\java\classes\java\lang\invoke\MemberName.members...
[2026-07-27 12:40:27] [PROGRESS] resolve files> Scanning D:\MigrationReportTool\Backend\MigrationReport\migration-api-db\trap\java\classes\java\lang\invoke\MethodHandle$PolymorphicSignature.members...
[2026-07-27 12:40:27] [PROGRESS] resolve files> Scanning D:\MigrationReportTool\Backend\MigrationReport\migration-api-db\trap\java\classes\java\lang\invoke\MethodHandle.members...
[2026-07-27 12:40:27] [PROGRESS] resolve files> Scanning D:\MigrationReportTool\Backend\MigrationReport\migration-api-db\trap\java\classes\java\lang\invoke\MethodHandleImpl$ArrayAccess.members...
[2026-07-27 12:40:27] [PROGRESS] resolve files> Scanning D:\MigrationReportTool\Backend\MigrationReport\migration-api-db\trap\java\classes\java\lang\invoke\MethodHandleImpl$AsVarargsCollector.members...
[2026-07-27 12:40:27] [PROGRESS] resolve files> Scanning D:\MigrationReportTool\Backend\MigrationReport\migration-api-db\trap\java\classes\java\lang\invoke\MethodHandleImpl$CasesHolder.members...
[2026-07-27 12:40:27] [PROGRESS] resolve files> Scanning D:\MigrationReportTool\Backend\MigrationReport\migration-api-db\trap\java\classes\java\lang\invoke\MethodHandleImpl$CountingWrapper.members...
[2026-07-27 12:40:27] [PROGRESS] resolve files> Scanning D:\MigrationReportTool\Backend\MigrationReport\migration-api-db\trap\java\classes\java\lang\invoke\MethodHandleImpl$Intrinsic.members...
[2026-07-27 12:40:27] [PROGRESS] resolve files> Scanning D:\MigrationReportTool\Backend\MigrationReport\migration-api-db\trap\java\classes\java\lang\invoke\MethodHandleImpl$IntrinsicMethodHandle.members...
[2026-07-27 12:40:27] [PROGRESS] resolve files> Scanning D:\MigrationReportTool\Backend\MigrationReport\migration-api-db\trap\java\classes\java\lang\invoke\MethodHandleImpl$LoopClauses.members...
[2026-07-27 12:40:27] [PROGRESS] resolve files> Scanning D:\MigrationReportTool\Backend\MigrationReport\migration-api-db\trap\java\classes\java\lang\invoke\MethodHandleImpl$WrappedMember.members...
[2026-07-27 12:40:27] [PROGRESS] resolve files> Scanning D:\MigrationReportTool\Backend\MigrationReport\migration-api-db\trap\java\classes\java\lang\invoke\MethodHandleImpl.members...
[2026-07-27 12:40:27] [PROGRESS] resolve files> Scanning D:\MigrationReportTool\Backend\MigrationReport\migration-api-db\trap\java\classes\java\lang\invoke\MethodHandleInfo.members...
[2026-07-27 12:40:27] [PROGRESS] resolve files> Scanning D:\MigrationReportTool\Backend\MigrationReport\migration-api-db\trap\java\classes\java\lang\invoke\MethodHandles$Lookup$ClassDefiner.members...
[2026-07-27 12:40:27] [PROGRESS] resolve files> Scanning D:\MigrationReportTool\Backend\MigrationReport\migration-api-db\trap\java\classes\java\lang\invoke\MethodHandles$Lookup$ClassOption.members...
[2026-07-27 12:40:27] [PROGRESS] resolve files> Scanning D:\MigrationReportTool\Backend\MigrationReport\migration-api-db\trap\java\classes\java\lang\invoke\MethodHandles$Lookup.members...
[2026-07-27 12:40:27] [PROGRESS] resolve files> Scanning D:\MigrationReportTool\Backend\MigrationReport\migration-api-db\trap\java\classes\java\lang\invoke\MethodHandles.members...
[2026-07-27 12:40:27] [PROGRESS] resolve files> Scanning D:\MigrationReportTool\Backend\MigrationReport\migration-api-db\trap\java\classes\java\lang\invoke\MethodType$ConcurrentWeakInternSet.members...
[2026-07-27 12:40:27] [PROGRESS] resolve files> Scanning D:\MigrationReportTool\Backend\MigrationReport\migration-api-db\trap\java\classes\java\lang\invoke\MethodType.members...
[2026-07-27 12:40:27] [PROGRESS] resolve files> Scanning D:\MigrationReportTool\Backend\MigrationReport\migration-api-db\trap\java\classes\java\lang\invoke\MethodTypeForm.members...
[2026-07-27 12:40:27] [PROGRESS] resolve files> Scanning D:\MigrationReportTool\Backend\MigrationReport\migration-api-db\trap\java\classes\java\lang\invoke\MutableCallSite.members...
[2026-07-27 12:40:27] [PROGRESS] resolve files> Scanning D:\MigrationReportTool\Backend\MigrationReport\migration-api-db\trap\java\classes\java\lang\invoke\NativeMethodHandle.members...
[2026-07-27 12:40:27] [PROGRESS] resolve files> Scanning D:\MigrationReportTool\Backend\MigrationReport\migration-api-db\trap\java\classes\java\lang\invoke\TypeDescriptor$OfField.members...
[2026-07-27 12:40:27] [PROGRESS] resolve files> Scanning D:\MigrationReportTool\Backend\MigrationReport\migration-api-db\trap\java\classes\java\lang\invoke\TypeDescriptor$OfMethod.members...
[2026-07-27 12:40:27] [PROGRESS] resolve files> Scanning D:\MigrationReportTool\Backend\MigrationReport\migration-api-db\trap\java\classes\java\lang\invoke\TypeDescriptor.members...
[2026-07-27 12:40:27] [PROGRESS] resolve files> Scanning D:\MigrationReportTool\Backend\MigrationReport\migration-api-db\trap\java\classes\java\lang\invoke\VarForm.members...
[2026-07-27 12:40:27] [PROGRESS] resolve files> Scanning D:\MigrationReportTool\Backend\MigrationReport\migration-api-db\trap\java\classes\java\lang\invoke\VarHandle$AccessDescriptor.members...
[2026-07-27 12:40:27] [PROGRESS] resolve files> Scanning D:\MigrationReportTool\Backend\MigrationReport\migration-api-db\trap\java\classes\java\lang\invoke\VarHandle$AccessMode.members...
[2026-07-27 12:40:27] [PROGRESS] resolve files> Scanning D:\MigrationReportTool\Backend\MigrationReport\migration-api-db\trap\java\classes\java\lang\invoke\VarHandle$AccessType.members...
[2026-07-27 12:40:27] [PROGRESS] resolve files> Scanning D:\MigrationReportTool\Backend\MigrationReport\migration-api-db\trap\java\classes\java\lang\invoke\VarHandle$VarHandleDesc.members...
[2026-07-27 12:40:27] [PROGRESS] resolve files> Scanning D:\MigrationReportTool\Backend\MigrationReport\migration-api-db\trap\java\classes\java\lang\invoke\VarHandle.members...
[2026-07-27 12:40:27] [PROGRESS] resolve files> Scanning D:\MigrationReportTool\Backend\MigrationReport\migration-api-db\trap\java\classes\java\lang\invoke\VarHandleBooleans$Array.members...
[2026-07-27 12:40:27] [PROGRESS] resolve files> Scanning D:\MigrationReportTool\Backend\MigrationReport\migration-api-db\trap\java\classes\java\lang\invoke\VarHandleBooleans$FieldInstanceReadOnly.members...
[2026-07-27 12:40:27] [PROGRESS] resolve files> Scanning D:\MigrationReportTool\Backend\MigrationReport\migration-api-db\trap\java\classes\java\lang\invoke\VarHandleBooleans$FieldInstanceReadWrite.members...
[2026-07-27 12:40:27] [PROGRESS] resolve files> Scanning D:\MigrationReportTool\Backend\MigrationReport\migration-api-db\trap\java\classes\java\lang\invoke\VarHandleBooleans$FieldStaticReadOnly.members...
[2026-07-27 12:40:27] [PROGRESS] resolve files> Scanning D:\MigrationReportTool\Backend\MigrationReport\migration-api-db\trap\java\classes\java\lang\invoke\VarHandleBooleans$FieldStaticReadWrite.members...
[2026-07-27 12:40:27] [PROGRESS] resolve files> Scanning D:\MigrationReportTool\Backend\MigrationReport\migration-api-db\trap\java\classes\java\lang\invoke\VarHandleBooleans.members...
[2026-07-27 12:40:27] [PROGRESS] resolve files> Scanning D:\MigrationReportTool\Backend\MigrationReport\migration-api-db\trap\java\classes\java\lang\invoke\VarHandleByteArrayAsChars$ArrayHandle.members...
[2026-07-27 12:40:27] [PROGRESS] resolve files> Scanning D:\MigrationReportTool\Backend\MigrationReport\migration-api-db\trap\java\classes\java\lang\invoke\VarHandleByteArrayAsChars$ByteArrayViewVarHandle.members...
[2026-07-27 12:40:27] [PROGRESS] resolve files> Scanning D:\MigrationReportTool\Backend\MigrationReport\migration-api-db\trap\java\classes\java\lang\invoke\VarHandleByteArrayAsChars$ByteBufferHandle.members...
[2026-07-27 12:40:27] [PROGRESS] resolve files> Scanning D:\MigrationReportTool\Backend\MigrationReport\migration-api-db\trap\java\classes\java\lang\invoke\VarHandleByteArrayAsChars.members...
[2026-07-27 12:40:27] [PROGRESS] resolve files> Scanning D:\MigrationReportTool\Backend\MigrationReport\migration-api-db\trap\java\classes\java\lang\invoke\VarHandleByteArrayAsDoubles$ArrayHandle.members...
[2026-07-27 12:40:27] [PROGRESS] resolve files> Scanning D:\MigrationReportTool\Backend\MigrationReport\migration-api-db\trap\java\classes\java\lang\invoke\VarHandleByteArrayAsDoubles$ByteArrayViewVarHandle.members...
[2026-07-27 12:40:27] [PROGRESS] resolve files> Scanning D:\MigrationReportTool\Backend\MigrationReport\migration-api-db\trap\java\classes\java\lang\invoke\VarHandleByteArrayAsDoubles$ByteBufferHandle.members...
[2026-07-27 12:40:27] [PROGRESS] resolve files> Scanning D:\MigrationReportTool\Backend\MigrationReport\migration-api-db\trap\java\classes\java\lang\invoke\VarHandleByteArrayAsDoubles.members...
[2026-07-27 12:40:27] [PROGRESS] resolve files> Scanning D:\MigrationReportTool\Backend\MigrationReport\migration-api-db\trap\java\classes\java\lang\invoke\VarHandleByteArrayAsFloats$ArrayHandle.members...
[2026-07-27 12:40:27] [PROGRESS] resolve files> Scanning D:\MigrationReportTool\Backend\MigrationReport\migration-api-db\trap\java\classes\java\lang\invoke\VarHandleByteArrayAsFloats$ByteArrayViewVarHandle.members...
[2026-07-27 12:40:27] [PROGRESS] resolve files> Scanning D:\MigrationReportTool\Backend\MigrationReport\migration-api-db\trap\java\classes\java\lang\invoke\VarHandleByteArrayAsFloats$ByteBufferHandle.members...
[2026-07-27 12:40:27] [PROGRESS] resolve files> Scanning D:\MigrationReportTool\Backend\MigrationReport\migration-api-db\trap\java\classes\java\lang\invoke\VarHandleByteArrayAsFloats.members...
[2026-07-27 12:40:27] [PROGRESS] resolve files> Scanning D:\MigrationReportTool\Backend\MigrationReport\migration-api-db\trap\java\classes\java\lang\invoke\VarHandleByteArrayAsInts$ArrayHandle.members...
[2026-07-27 12:40:27] [PROGRESS] resolve files> Scanning D:\MigrationReportTool\Backend\MigrationReport\migration-api-db\trap\java\classes\java\lang\invoke\VarHandleByteArrayAsInts$ByteArrayViewVarHandle.members...
[2026-07-27 12:40:27] [PROGRESS] resolve files> Scanning D:\MigrationReportTool\Backend\MigrationReport\migration-api-db\trap\java\classes\java\lang\invoke\VarHandleByteArrayAsInts$ByteBufferHandle.members...
[2026-07-27 12:40:27] [PROGRESS] resolve files> Scanning D:\MigrationReportTool\Backend\MigrationReport\migration-api-db\trap\java\classes\java\lang\invoke\VarHandleByteArrayAsInts.members...
[2026-07-27 12:40:27] [PROGRESS] resolve files> Scanning D:\MigrationReportTool\Backend\MigrationReport\migration-api-db\trap\java\classes\java\lang\invoke\VarHandleByteArrayAsLongs$ArrayHandle.members...
[2026-07-27 12:40:27] [PROGRESS] resolve files> Scanning D:\MigrationReportTool\Backend\MigrationReport\migration-api-db\trap\java\classes\java\lang\invoke\VarHandleByteArrayAsLongs$ByteArrayViewVarHandle.members...
[2026-07-27 12:40:27] [PROGRESS] resolve files> Scanning D:\MigrationReportTool\Backend\MigrationReport\migration-api-db\trap\java\classes\java\lang\invoke\VarHandleByteArrayAsLongs$ByteBufferHandle.members...
[2026-07-27 12:40:27] [PROGRESS] resolve files> Scanning D:\MigrationReportTool\Backend\MigrationReport\migration-api-db\trap\java\classes\java\lang\invoke\VarHandleByteArrayAsLongs.members...
[2026-07-27 12:40:27] [PROGRESS] resolve files> Scanning D:\MigrationReportTool\Backend\MigrationReport\migration-api-db\trap\java\classes\java\lang\invoke\VarHandleByteArrayAsShorts$ArrayHandle.members...
[2026-07-27 12:40:27] [PROGRESS] resolve files> Scanning D:\MigrationReportTool\Backend\MigrationReport\migration-api-db\trap\java\classes\java\lang\invoke\VarHandleByteArrayAsShorts$ByteArrayViewVarHandle.members...
[2026-07-27 12:40:27] [PROGRESS] resolve files> Scanning D:\MigrationReportTool\Backend\MigrationReport\migration-api-db\trap\java\classes\java\lang\invoke\VarHandleByteArrayAsShorts$ByteBufferHandle.members...
[2026-07-27 12:40:27] [PROGRESS] resolve files> Scanning D:\MigrationReportTool\Backend\MigrationReport\migration-api-db\trap\java\classes\java\lang\invoke\VarHandleByteArrayAsShorts.members...
[2026-07-27 12:40:27] [PROGRESS] resolve files> Scanning D:\MigrationReportTool\Backend\MigrationReport\migration-api-db\trap\java\classes\java\lang\invoke\VarHandleByteArrayBase.members...
[2026-07-27 12:40:27] [PROGRESS] resolve files> Scanning D:\MigrationReportTool\Backend\MigrationReport\migration-api-db\trap\java\classes\java\lang\invoke\VarHandleBytes$Array.members...
[2026-07-27 12:40:27] [PROGRESS] resolve files> Scanning D:\MigrationReportTool\Backend\MigrationReport\migration-api-db\trap\java\classes\java\lang\invoke\VarHandleBytes$FieldInstanceReadOnly.members...
[2026-07-27 12:40:27] [PROGRESS] resolve files> Scanning D:\MigrationReportTool\Backend\MigrationReport\migration-api-db\trap\java\classes\java\lang\invoke\VarHandleBytes$FieldInstanceReadWrite.members...
[2026-07-27 12:40:27] [PROGRESS] resolve files> Scanning D:\MigrationReportTool\Backend\MigrationReport\migration-api-db\trap\java\classes\java\lang\invoke\VarHandleBytes$FieldStaticReadOnly.members...
[2026-07-27 12:40:27] [PROGRESS] resolve files> Scanning D:\MigrationReportTool\Backend\MigrationReport\migration-api-db\trap\java\classes\java\lang\invoke\VarHandleBytes$FieldStaticReadWrite.members...
[2026-07-27 12:40:27] [PROGRESS] resolve files> Scanning D:\MigrationReportTool\Backend\MigrationReport\migration-api-db\trap\java\classes\java\lang\invoke\VarHandleBytes.members...
[2026-07-27 12:40:27] [PROGRESS] resolve files> Scanning D:\MigrationReportTool\Backend\MigrationReport\migration-api-db\trap\java\classes\java\lang\invoke\VarHandleChars$Array.members...
[2026-07-27 12:40:27] [PROGRESS] resolve files> Scanning D:\MigrationReportTool\Backend\MigrationReport\migration-api-db\trap\java\classes\java\lang\invoke\VarHandleChars$FieldInstanceReadOnly.members...
[2026-07-27 12:40:27] [PROGRESS] resolve files> Scanning D:\MigrationReportTool\Backend\MigrationReport\migration-api-db\trap\java\classes\java\lang\invoke\VarHandleChars$FieldInstanceReadWrite.members...
[2026-07-27 12:40:27] [PROGRESS] resolve files> Scanning D:\MigrationReportTool\Backend\MigrationReport\migration-api-db\trap\java\classes\java\lang\invoke\VarHandleChars$FieldStaticReadOnly.members...
[2026-07-27 12:40:27] [PROGRESS] resolve files> Scanning D:\MigrationReportTool\Backend\MigrationReport\migration-api-db\trap\java\classes\java\lang\invoke\VarHandleChars$FieldStaticReadWrite.members...
[2026-07-27 12:40:27] [PROGRESS] resolve files> Scanning D:\MigrationReportTool\Backend\MigrationReport\migration-api-db\trap\java\classes\java\lang\invoke\VarHandleChars.members...
[2026-07-27 12:40:27] [PROGRESS] resolve files> Scanning D:\MigrationReportTool\Backend\MigrationReport\migration-api-db\trap\java\classes\java\lang\invoke\VarHandleDoubles$Array.members...
[2026-07-27 12:40:27] [PROGRESS] resolve files> Scanning D:\MigrationReportTool\Backend\MigrationReport\migration-api-db\trap\java\classes\java\lang\invoke\VarHandleDoubles$FieldInstanceReadOnly.members...
[2026-07-27 12:40:27] [PROGRESS] resolve files> Scanning D:\MigrationReportTool\Backend\MigrationReport\migration-api-db\trap\java\classes\java\lang\invoke\VarHandleDoubles$FieldInstanceReadWrite.members...
[2026-07-27 12:40:27] [PROGRESS] resolve files> Scanning D:\MigrationReportTool\Backend\MigrationReport\migration-api-db\trap\java\classes\java\lang\invoke\VarHandleDoubles$FieldStaticReadOnly.members...
[2026-07-27 12:40:27] [PROGRESS] resolve files> Scanning D:\MigrationReportTool\Backend\MigrationReport\migration-api-db\trap\java\classes\java\lang\invoke\VarHandleDoubles$FieldStaticReadWrite.members...
[2026-07-27 12:40:27] [PROGRESS] resolve files> Scanning D:\MigrationReportTool\Backend\MigrationReport\migration-api-db\trap\java\classes\java\lang\invoke\VarHandleDoubles.members...
[2026-07-27 12:40:27] [PROGRESS] resolve files> Scanning D:\MigrationReportTool\Backend\MigrationReport\migration-api-db\trap\java\classes\java\lang\invoke\VarHandleFloats$Array.members...
[2026-07-27 12:40:27] [PROGRESS] resolve files> Scanning D:\MigrationReportTool\Backend\MigrationReport\migration-api-db\trap\java\classes\java\lang\invoke\VarHandleFloats$FieldInstanceReadOnly.members...
[2026-07-27 12:40:27] [PROGRESS] resolve files> Scanning D:\MigrationReportTool\Backend\MigrationReport\migration-api-db\trap\java\classes\java\lang\invoke\VarHandleFloats$FieldInstanceReadWrite.members...
[2026-07-27 12:40:27] [PROGRESS] resolve files> Scanning D:\MigrationReportTool\Backend\MigrationReport\migration-api-db\trap\java\classes\java\lang\invoke\VarHandleFloats$FieldStaticReadOnly.members...
[2026-07-27 12:40:27] [PROGRESS] resolve files> Scanning D:\MigrationReportTool\Backend\MigrationReport\migration-api-db\trap\java\classes\java\lang\invoke\VarHandleFloats$FieldStaticReadWrite.members...
[2026-07-27 12:40:27] [PROGRESS] resolve files> Scanning D:\MigrationReportTool\Backend\MigrationReport\migration-api-db\trap\java\classes\java\lang\invoke\VarHandleFloats.members...
[2026-07-27 12:40:27] [PROGRESS] resolve files> Scanning D:\MigrationReportTool\Backend\MigrationReport\migration-api-db\trap\java\classes\java\lang\invoke\VarHandleInts$Array.members...
[2026-07-27 12:40:27] [PROGRESS] resolve files> Scanning D:\MigrationReportTool\Backend\MigrationReport\migration-api-db\trap\java\classes\java\lang\invoke\VarHandleInts$FieldInstanceReadOnly.members...
[2026-07-27 12:40:27] [PROGRESS] resolve files> Scanning D:\MigrationReportTool\Backend\MigrationReport\migration-api-db\trap\java\classes\java\lang\invoke\VarHandleInts$FieldInstanceReadWrite.members...
[2026-07-27 12:40:27] [PROGRESS] resolve files> Scanning D:\MigrationReportTool\Backend\MigrationReport\migration-api-db\trap\java\classes\java\lang\invoke\VarHandleInts$FieldStaticReadOnly.members...
[2026-07-27 12:40:27] [PROGRESS] resolve files> Scanning D:\MigrationReportTool\Backend\MigrationReport\migration-api-db\trap\java\classes\java\lang\invoke\VarHandleInts$FieldStaticReadWrite.members...
[2026-07-27 12:40:27] [PROGRESS] resolve files> Scanning D:\MigrationReportTool\Backend\MigrationReport\migration-api-db\trap\java\classes\java\lang\invoke\VarHandleInts.members...
[2026-07-27 12:40:27] [PROGRESS] resolve files> Scanning D:\MigrationReportTool\Backend\MigrationReport\migration-api-db\trap\java\classes\java\lang\invoke\VarHandleLongs$Array.members...
[2026-07-27 12:40:27] [PROGRESS] resolve files> Scanning D:\MigrationReportTool\Backend\MigrationReport\migration-api-db\trap\java\classes\java\lang\invoke\VarHandleLongs$FieldInstanceReadOnly.members...
[2026-07-27 12:40:27] [PROGRESS] resolve files> Scanning D:\MigrationReportTool\Backend\MigrationReport\migration-api-db\trap\java\classes\java\lang\invoke\VarHandleLongs$FieldInstanceReadWrite.members...
[2026-07-27 12:40:27] [PROGRESS] resolve files> Scanning D:\MigrationReportTool\Backend\MigrationReport\migration-api-db\trap\java\classes\java\lang\invoke\VarHandleLongs$FieldStaticReadOnly.members...
[2026-07-27 12:40:27] [PROGRESS] resolve files> Scanning D:\MigrationReportTool\Backend\MigrationReport\migration-api-db\trap\java\classes\java\lang\invoke\VarHandleLongs$FieldStaticReadWrite.members...
[2026-07-27 12:40:27] [PROGRESS] resolve files> Scanning D:\MigrationReportTool\Backend\MigrationReport\migration-api-db\trap\java\classes\java\lang\invoke\VarHandleLongs.members...
[2026-07-27 12:40:27] [PROGRESS] resolve files> Scanning D:\MigrationReportTool\Backend\MigrationReport\migration-api-db\trap\java\classes\java\lang\invoke\VarHandleReferences$Array.members...
[2026-07-27 12:40:27] [PROGRESS] resolve files> Scanning D:\MigrationReportTool\Backend\MigrationReport\migration-api-db\trap\java\classes\java\lang\invoke\VarHandleReferences$FieldInstanceReadOnly.members...
[2026-07-27 12:40:27] [PROGRESS] resolve files> Scanning D:\MigrationReportTool\Backend\MigrationReport\migration-api-db\trap\java\classes\java\lang\invoke\VarHandleReferences$FieldInstanceReadWrite.members...
[2026-07-27 12:40:27] [PROGRESS] resolve files> Scanning D:\MigrationReportTool\Backend\MigrationReport\migration-api-db\trap\java\classes\java\lang\invoke\VarHandleReferences$FieldStaticReadOnly.members...
[2026-07-27 12:40:27] [PROGRESS] resolve files> Scanning D:\MigrationReportTool\Backend\MigrationReport\migration-api-db\trap\java\classes\java\lang\invoke\VarHandleReferences$FieldStaticReadWrite.members...
[2026-07-27 12:40:27] [PROGRESS] resolve files> Scanning D:\MigrationReportTool\Backend\MigrationReport\migration-api-db\trap\java\classes\java\lang\invoke\VarHandleReferences.members...
[2026-07-27 12:40:27] [PROGRESS] resolve files> Scanning D:\MigrationReportTool\Backend\MigrationReport\migration-api-db\trap\java\classes\java\lang\invoke\VarHandleSegmentAsBytes.members...
[2026-07-27 12:40:27] [PROGRESS] resolve files> Scanning D:\MigrationReportTool\Backend\MigrationReport\migration-api-db\trap\java\classes\java\lang\invoke\VarHandleSegmentAsChars.members...
[2026-07-27 12:40:27] [PROGRESS] resolve files> Scanning D:\MigrationReportTool\Backend\MigrationReport\migration-api-db\trap\java\classes\java\lang\invoke\VarHandleSegmentAsDoubles.members...
[2026-07-27 12:40:27] [PROGRESS] resolve files> Scanning D:\MigrationReportTool\Backend\MigrationReport\migration-api-db\trap\java\classes\java\lang\invoke\VarHandleSegmentAsFloats.members...
[2026-07-27 12:40:27] [PROGRESS] resolve files> Scanning D:\MigrationReportTool\Backend\MigrationReport\migration-api-db\trap\java\classes\java\lang\invoke\VarHandleSegmentAsInts.members...
[2026-07-27 12:40:27] [PROGRESS] resolve files> Scanning D:\MigrationReportTool\Backend\MigrationReport\migration-api-db\trap\java\classes\java\lang\invoke\VarHandleSegmentAsLongs.members...
[2026-07-27 12:40:27] [PROGRESS] resolve files> Scanning D:\MigrationReportTool\Backend\MigrationReport\migration-api-db\trap\java\classes\java\lang\invoke\VarHandleSegmentAsShorts.members...
[2026-07-27 12:40:27] [PROGRESS] resolve files> Scanning D:\MigrationReportTool\Backend\MigrationReport\migration-api-db\trap\java\classes\java\lang\invoke\VarHandleSegmentViewBase.members...
[2026-07-27 12:40:27] [PROGRESS] resolve files> Scanning D:\MigrationReportTool\Backend\MigrationReport\migration-api-db\trap\java\classes\java\lang\invoke\VarHandleShorts$Array.members...
[2026-07-27 12:40:27] [PROGRESS] resolve files> Scanning D:\MigrationReportTool\Backend\MigrationReport\migration-api-db\trap\java\classes\java\lang\invoke\VarHandleShorts$FieldInstanceReadOnly.members...
[2026-07-27 12:40:27] [PROGRESS] resolve files> Scanning D:\MigrationReportTool\Backend\MigrationReport\migration-api-db\trap\java\classes\java\lang\invoke\VarHandleShorts$FieldInstanceReadWrite.members...
[2026-07-27 12:40:27] [PROGRESS] resolve files> Scanning D:\MigrationReportTool\Backend\MigrationReport\migration-api-db\trap\java\classes\java\lang\invoke\VarHandleShorts$FieldStaticReadOnly.members...
[2026-07-27 12:40:27] [PROGRESS] resolve files> Scanning D:\MigrationReportTool\Backend\MigrationReport\migration-api-db\trap\java\classes\java\lang\invoke\VarHandleShorts$FieldStaticReadWrite.members...
[2026-07-27 12:40:27] [PROGRESS] resolve files> Scanning D:\MigrationReportTool\Backend\MigrationReport\migration-api-db\trap\java\classes\java\lang\invoke\VarHandleShorts.members...
[2026-07-27 12:40:27] [PROGRESS] resolve files> Scanning D:\MigrationReportTool\Backend\MigrationReport\migration-api-db\trap\java\classes\java\lang\invoke\VolatileCallSite.members...
[2026-07-27 12:40:27] [PROGRESS] resolve files> Scanning D:\MigrationReportTool\Backend\MigrationReport\migration-api-db\trap\java\classes\java\lang\invoke\WrongMethodTypeException.members...
[2026-07-27 12:40:27] [PROGRESS] resolve files> Scanning D:\MigrationReportTool\Backend\MigrationReport\migration-api-db\trap\java\classes\java\lang\Iterable.members...
[2026-07-27 12:40:27] [PROGRESS] resolve files> Scanning D:\MigrationReportTool\Backend\MigrationReport\migration-api-db\trap\java\classes\java\lang\LinkageError.members...
[2026-07-27 12:40:27] [PROGRESS] resolve files> Scanning D:\MigrationReportTool\Backend\MigrationReport\migration-api-db\trap\java\classes\java\lang\Long.members...
[2026-07-27 12:40:27] [PROGRESS] resolve files> Scanning D:\MigrationReportTool\Backend\MigrationReport\migration-api-db\trap\java\classes\java\lang\module...
[2026-07-27 12:40:27] [PROGRESS] resolve files> Scanning D:\MigrationReportTool\Backend\MigrationReport\migration-api-db\trap\java\classes\java\lang\module\Configuration.members...
[2026-07-27 12:40:27] [PROGRESS] resolve files> Scanning D:\MigrationReportTool\Backend\MigrationReport\migration-api-db\trap\java\classes\java\lang\module\ModuleDescriptor$Builder.members...
[2026-07-27 12:40:27] [PROGRESS] resolve files> Scanning D:\MigrationReportTool\Backend\MigrationReport\migration-api-db\trap\java\classes\java\lang\module\ModuleDescriptor$Exports$Modifier.members...
[2026-07-27 12:40:27] [PROGRESS] resolve files> Scanning D:\MigrationReportTool\Backend\MigrationReport\migration-api-db\trap\java\classes\java\lang\module\ModuleDescriptor$Exports.members...
[2026-07-27 12:40:27] [PROGRESS] resolve files> Scanning D:\MigrationReportTool\Backend\MigrationReport\migration-api-db\trap\java\classes\java\lang\module\ModuleDescriptor$Modifier.members...
[2026-07-27 12:40:27] [PROGRESS] resolve files> Scanning D:\MigrationReportTool\Backend\MigrationReport\migration-api-db\trap\java\classes\java\lang\module\ModuleDescriptor$Opens$Modifier.members...
[2026-07-27 12:40:27] [PROGRESS] resolve files> Scanning D:\MigrationReportTool\Backend\MigrationReport\migration-api-db\trap\java\classes\java\lang\module\ModuleDescriptor$Opens.members...
[2026-07-27 12:40:27] [PROGRESS] resolve files> Scanning D:\MigrationReportTool\Backend\MigrationReport\migration-api-db\trap\java\classes\java\lang\module\ModuleDescriptor$Provides.members...
[2026-07-27 12:40:27] [PROGRESS] resolve files> Scanning D:\MigrationReportTool\Backend\MigrationReport\migration-api-db\trap\java\classes\java\lang\module\ModuleDescriptor$Requires$Modifier.members...
[2026-07-27 12:40:27] [PROGRESS] resolve files> Scanning D:\MigrationReportTool\Backend\MigrationReport\migration-api-db\trap\java\classes\java\lang\module\ModuleDescriptor$Requires.members...
[2026-07-27 12:40:27] [PROGRESS] resolve files> Scanning D:\MigrationReportTool\Backend\MigrationReport\migration-api-db\trap\java\classes\java\lang\module\ModuleDescriptor$Version.members...
[2026-07-27 12:40:27] [PROGRESS] resolve files> Scanning D:\MigrationReportTool\Backend\MigrationReport\migration-api-db\trap\java\classes\java\lang\module\ModuleDescriptor.members...
[2026-07-27 12:40:27] [PROGRESS] resolve files> Scanning D:\MigrationReportTool\Backend\MigrationReport\migration-api-db\trap\java\classes\java\lang\module\ModuleFinder.members...
[2026-07-27 12:40:27] [PROGRESS] resolve files> Scanning D:\MigrationReportTool\Backend\MigrationReport\migration-api-db\trap\java\classes\java\lang\module\ModuleReader.members...
[2026-07-27 12:40:27] [PROGRESS] resolve files> Scanning D:\MigrationReportTool\Backend\MigrationReport\migration-api-db\trap\java\classes\java\lang\module\ModuleReference.members...
[2026-07-27 12:40:27] [PROGRESS] resolve files> Scanning D:\MigrationReportTool\Backend\MigrationReport\migration-api-db\trap\java\classes\java\lang\module\ResolvedModule.members...
[2026-07-27 12:40:27] [PROGRESS] resolve files> Scanning D:\MigrationReportTool\Backend\MigrationReport\migration-api-db\trap\java\classes\java\lang\Module.members...
[2026-07-27 12:40:27] [PROGRESS] resolve files> Scanning D:\MigrationReportTool\Backend\MigrationReport\migration-api-db\trap\java\classes\java\lang\ModuleLayer$Controller.members...
[2026-07-27 12:40:27] [PROGRESS] resolve files> Scanning D:\MigrationReportTool\Backend\MigrationReport\migration-api-db\trap\java\classes\java\lang\ModuleLayer.members...
[2026-07-27 12:40:27] [PROGRESS] resolve files> Scanning D:\MigrationReportTool\Backend\MigrationReport\migration-api-db\trap\java\classes\java\lang\NamedPackage.members...
[2026-07-27 12:40:27] [PROGRESS] resolve files> Scanning D:\MigrationReportTool\Backend\MigrationReport\migration-api-db\trap\java\classes\java\lang\NoSuchFieldException.members...
[2026-07-27 12:40:27] [PROGRESS] resolve files> Scanning D:\MigrationReportTool\Backend\MigrationReport\migration-api-db\trap\java\classes\java\lang\NoSuchMethodException.members...
[2026-07-27 12:40:27] [PROGRESS] resolve files> Scanning D:\MigrationReportTool\Backend\MigrationReport\migration-api-db\trap\java\classes\java\lang\Number.members...
[2026-07-27 12:40:27] [PROGRESS] resolve files> Scanning D:\MigrationReportTool\Backend\MigrationReport\migration-api-db\trap\java\classes\java\lang\NumberFormatException.members...
[2026-07-27 12:40:27] [PROGRESS] resolve files> Scanning D:\MigrationReportTool\Backend\MigrationReport\migration-api-db\trap\java\classes\java\lang\Object.members...
[2026-07-27 12:40:27] [PROGRESS] resolve files> Scanning D:\MigrationReportTool\Backend\MigrationReport\migration-api-db\trap\java\classes\java\lang\Override.members...
[2026-07-27 12:40:27] [PROGRESS] resolve files> Scanning D:\MigrationReportTool\Backend\MigrationReport\migration-api-db\trap\java\classes\java\lang\Package.members...
[2026-07-27 12:40:27] [PROGRESS] resolve files> Scanning D:\MigrationReportTool\Backend\MigrationReport\migration-api-db\trap\java\classes\java\lang\Process.members...
[2026-07-27 12:40:27] [PROGRESS] resolve files> Scanning D:\MigrationReportTool\Backend\MigrationReport\migration-api-db\trap\java\classes\java\lang\ProcessHandle$Info.members...
[2026-07-27 12:40:27] [PROGRESS] resolve files> Scanning D:\MigrationReportTool\Backend\MigrationReport\migration-api-db\trap\java\classes\java\lang\ProcessHandle.members...
[2026-07-27 12:40:27] [PROGRESS] resolve files> Scanning D:\MigrationReportTool\Backend\MigrationReport\migration-api-db\trap\java\classes\java\lang\Readable.members...
[2026-07-27 12:40:27] [PROGRESS] resolve files> Scanning D:\MigrationReportTool\Backend\MigrationReport\migration-api-db\trap\java\classes\java\lang\Record.members...
[2026-07-27 12:40:27] [PROGRESS] resolve files> Scanning D:\MigrationReportTool\Backend\MigrationReport\migration-api-db\trap\java\classes\java\lang\ref...
[2026-07-27 12:40:27] [PROGRESS] resolve files> Scanning D:\MigrationReportTool\Backend\MigrationReport\migration-api-db\trap\java\classes\java\lang\ref\Cleaner$Cleanable.members...
[2026-07-27 12:40:27] [PROGRESS] resolve files> Scanning D:\MigrationReportTool\Backend\MigrationReport\migration-api-db\trap\java\classes\java\lang\ref\Cleaner.members...
[2026-07-27 12:40:27] [PROGRESS] resolve files> Scanning D:\MigrationReportTool\Backend\MigrationReport\migration-api-db\trap\java\classes\java\lang\ref\Finalizer.members...
[2026-07-27 12:40:27] [PROGRESS] resolve files> Scanning D:\MigrationReportTool\Backend\MigrationReport\migration-api-db\trap\java\classes\java\lang\ref\FinalReference.members...
[2026-07-27 12:40:27] [PROGRESS] resolve files> Scanning D:\MigrationReportTool\Backend\MigrationReport\migration-api-db\trap\java\classes\java\lang\ref\PhantomReference.members...
[2026-07-27 12:40:27] [PROGRESS] resolve files> Scanning D:\MigrationReportTool\Backend\MigrationReport\migration-api-db\trap\java\classes\java\lang\ref\Reference.members...
[2026-07-27 12:40:27] [PROGRESS] resolve files> Scanning D:\MigrationReportTool\Backend\MigrationReport\migration-api-db\trap\java\classes\java\lang\ref\ReferenceQueue.members...
[2026-07-27 12:40:27] [PROGRESS] resolve files> Scanning D:\MigrationReportTool\Backend\MigrationReport\migration-api-db\trap\java\classes\java\lang\ref\SoftReference.members...
[2026-07-27 12:40:27] [PROGRESS] resolve files> Scanning D:\MigrationReportTool\Backend\MigrationReport\migration-api-db\trap\java\classes\java\lang\ref\WeakReference.members...
[2026-07-27 12:40:27] [PROGRESS] resolve files> Scanning D:\MigrationReportTool\Backend\MigrationReport\migration-api-db\trap\java\classes\java\lang\reflect...
[2026-07-27 12:40:27] [PROGRESS] resolve files> Scanning D:\MigrationReportTool\Backend\MigrationReport\migration-api-db\trap\java\classes\java\lang\reflect\AccessFlag$Location.members...
[2026-07-27 12:40:27] [PROGRESS] resolve files> Scanning D:\MigrationReportTool\Backend\MigrationReport\migration-api-db\trap\java\classes\java\lang\reflect\AccessFlag.members...
[2026-07-27 12:40:27] [PROGRESS] resolve files> Scanning D:\MigrationReportTool\Backend\MigrationReport\migration-api-db\trap\java\classes\java\lang\reflect\AccessibleObject.members...
[2026-07-27 12:40:27] [PROGRESS] resolve files> Scanning D:\MigrationReportTool\Backend\MigrationReport\migration-api-db\trap\java\classes\java\lang\reflect\AnnotatedElement.members...
[2026-07-27 12:40:27] [PROGRESS] resolve files> Scanning D:\MigrationReportTool\Backend\MigrationReport\migration-api-db\trap\java\classes\java\lang\reflect\AnnotatedType.members...
[2026-07-27 12:40:27] [PROGRESS] resolve files> Scanning D:\MigrationReportTool\Backend\MigrationReport\migration-api-db\trap\java\classes\java\lang\reflect\ClassFileFormatVersion.members...
[2026-07-27 12:40:27] [PROGRESS] resolve files> Scanning D:\MigrationReportTool\Backend\MigrationReport\migration-api-db\trap\java\classes\java\lang\reflect\Constructor.members...
[2026-07-27 12:40:27] [PROGRESS] resolve files> Scanning D:\MigrationReportTool\Backend\MigrationReport\migration-api-db\trap\java\classes\java\lang\reflect\Executable.members...
[2026-07-27 12:40:27] [PROGRESS] resolve files> Scanning D:\MigrationReportTool\Backend\MigrationReport\migration-api-db\trap\java\classes\java\lang\reflect\Field.members...
[2026-07-27 12:40:27] [PROGRESS] resolve files> Scanning D:\MigrationReportTool\Backend\MigrationReport\migration-api-db\trap\java\classes\java\lang\reflect\GenericArrayType.members...
[2026-07-27 12:40:27] [PROGRESS] resolve files> Scanning D:\MigrationReportTool\Backend\MigrationReport\migration-api-db\trap\java\classes\java\lang\reflect\GenericDeclaration.members...
[2026-07-27 12:40:27] [PROGRESS] resolve files> Scanning D:\MigrationReportTool\Backend\MigrationReport\migration-api-db\trap\java\classes\java\lang\reflect\InvocationTargetException.members...
[2026-07-27 12:40:27] [PROGRESS] resolve files> Scanning D:\MigrationReportTool\Backend\MigrationReport\migration-api-db\trap\java\classes\java\lang\reflect\Member.members...
[2026-07-27 12:40:27] [PROGRESS] resolve files> Scanning D:\MigrationReportTool\Backend\MigrationReport\migration-api-db\trap\java\classes\java\lang\reflect\Method.members...
[2026-07-27 12:40:27] [PROGRESS] resolve files> Scanning D:\MigrationReportTool\Backend\MigrationReport\migration-api-db\trap\java\classes\java\lang\reflect\Parameter.members...
[2026-07-27 12:40:27] [PROGRESS] resolve files> Scanning D:\MigrationReportTool\Backend\MigrationReport\migration-api-db\trap\java\classes\java\lang\reflect\ParameterizedType.members...
[2026-07-27 12:40:27] [PROGRESS] resolve files> Scanning D:\MigrationReportTool\Backend\MigrationReport\migration-api-db\trap\java\classes\java\lang\reflect\RecordComponent.members...
[2026-07-27 12:40:27] [PROGRESS] resolve files> Scanning D:\MigrationReportTool\Backend\MigrationReport\migration-api-db\trap\java\classes\java\lang\reflect\Type.members...
[2026-07-27 12:40:27] [PROGRESS] resolve files> Scanning D:\MigrationReportTool\Backend\MigrationReport\migration-api-db\trap\java\classes\java\lang\reflect\TypeVariable.members...
[2026-07-27 12:40:27] [PROGRESS] resolve files> Scanning D:\MigrationReportTool\Backend\MigrationReport\migration-api-db\trap\java\classes\java\lang\reflect\WildcardType.members...
[2026-07-27 12:40:27] [PROGRESS] resolve files> Scanning D:\MigrationReportTool\Backend\MigrationReport\migration-api-db\trap\java\classes\java\lang\ReflectiveOperationException.members...
[2026-07-27 12:40:27] [PROGRESS] resolve files> Scanning D:\MigrationReportTool\Backend\MigrationReport\migration-api-db\trap\java\classes\java\lang\Runnable.members...
[2026-07-27 12:40:27] [PROGRESS] resolve files> Scanning D:\MigrationReportTool\Backend\MigrationReport\migration-api-db\trap\java\classes\java\lang\Runtime$Version.members...
[2026-07-27 12:40:27] [PROGRESS] resolve files> Scanning D:\MigrationReportTool\Backend\MigrationReport\migration-api-db\trap\java\classes\java\lang\Runtime.members...
[2026-07-27 12:40:27] [PROGRESS] resolve files> Scanning D:\MigrationReportTool\Backend\MigrationReport\migration-api-db\trap\java\classes\java\lang\RuntimeException.members...
[2026-07-27 12:40:27] [PROGRESS] resolve files> Scanning D:\MigrationReportTool\Backend\MigrationReport\migration-api-db\trap\java\classes\java\lang\RuntimePermission.members...
[2026-07-27 12:40:27] [PROGRESS] resolve files> Scanning D:\MigrationReportTool\Backend\MigrationReport\migration-api-db\trap\java\classes\java\lang\SafeVarargs.members...
[2026-07-27 12:40:27] [PROGRESS] resolve files> Scanning D:\MigrationReportTool\Backend\MigrationReport\migration-api-db\trap\java\classes\java\lang\SecurityException.members...
[2026-07-27 12:40:27] [PROGRESS] resolve files> Scanning D:\MigrationReportTool\Backend\MigrationReport\migration-api-db\trap\java\classes\java\lang\SecurityManager.members...
[2026-07-27 12:40:27] [PROGRESS] resolve files> Scanning D:\MigrationReportTool\Backend\MigrationReport\migration-api-db\trap\java\classes\java\lang\Short.members...
[2026-07-27 12:40:27] [PROGRESS] resolve files> Scanning D:\MigrationReportTool\Backend\MigrationReport\migration-api-db\trap\java\classes\java\lang\StackFrameInfo.members...
[2026-07-27 12:40:27] [PROGRESS] resolve files> Scanning D:\MigrationReportTool\Backend\MigrationReport\migration-api-db\trap\java\classes\java\lang\StackTraceElement.members...
[2026-07-27 12:40:27] [PROGRESS] resolve files> Scanning D:\MigrationReportTool\Backend\MigrationReport\migration-api-db\trap\java\classes\java\lang\StackWalker$ExtendedOption.members...
[2026-07-27 12:40:27] [PROGRESS] resolve files> Scanning D:\MigrationReportTool\Backend\MigrationReport\migration-api-db\trap\java\classes\java\lang\StackWalker$Option.members...
[2026-07-27 12:40:27] [PROGRESS] resolve files> Scanning D:\MigrationReportTool\Backend\MigrationReport\migration-api-db\trap\java\classes\java\lang\StackWalker$StackFrame.members...
[2026-07-27 12:40:27] [PROGRESS] resolve files> Scanning D:\MigrationReportTool\Backend\MigrationReport\migration-api-db\trap\java\classes\java\lang\StackWalker.members...
[2026-07-27 12:40:27] [PROGRESS] resolve files> Scanning D:\MigrationReportTool\Backend\MigrationReport\migration-api-db\trap\java\classes\java\lang\String.members...
[2026-07-27 12:40:27] [PROGRESS] resolve files> Scanning D:\MigrationReportTool\Backend\MigrationReport\migration-api-db\trap\java\classes\java\lang\StringBuffer.members...
[2026-07-27 12:40:27] [PROGRESS] resolve files> Scanning D:\MigrationReportTool\Backend\MigrationReport\migration-api-db\trap\java\classes\java\lang\StringBuilder.members...
[2026-07-27 12:40:27] [PROGRESS] resolve files> Scanning D:\MigrationReportTool\Backend\MigrationReport\migration-api-db\trap\java\classes\java\lang\SuppressWarnings.members...
[2026-07-27 12:40:27] [PROGRESS] resolve files> Scanning D:\MigrationReportTool\Backend\MigrationReport\migration-api-db\trap\java\classes\java\lang\System$Logger$Level.members...
[2026-07-27 12:40:27] [PROGRESS] resolve files> Scanning D:\MigrationReportTool\Backend\MigrationReport\migration-api-db\trap\java\classes\java\lang\System$Logger.members...
[2026-07-27 12:40:27] [PROGRESS] resolve files> Scanning D:\MigrationReportTool\Backend\MigrationReport\migration-api-db\trap\java\classes\java\lang\System.members...
[2026-07-27 12:40:27] [PROGRESS] resolve files> Scanning D:\MigrationReportTool\Backend\MigrationReport\migration-api-db\trap\java\classes\java\lang\Thread$Builder$OfPlatform.members...
[2026-07-27 12:40:27] [PROGRESS] resolve files> Scanning D:\MigrationReportTool\Backend\MigrationReport\migration-api-db\trap\java\classes\java\lang\Thread$Builder$OfVirtual.members...
[2026-07-27 12:40:27] [PROGRESS] resolve files> Scanning D:\MigrationReportTool\Backend\MigrationReport\migration-api-db\trap\java\classes\java\lang\Thread$Builder.members...
[2026-07-27 12:40:27] [PROGRESS] resolve files> Scanning D:\MigrationReportTool\Backend\MigrationReport\migration-api-db\trap\java\classes\java\lang\Thread$State.members...
[2026-07-27 12:40:27] [PROGRESS] resolve files> Scanning D:\MigrationReportTool\Backend\MigrationReport\migration-api-db\trap\java\classes\java\lang\Thread$UncaughtExceptionHandler.members...
[2026-07-27 12:40:27] [PROGRESS] resolve files> Scanning D:\MigrationReportTool\Backend\MigrationReport\migration-api-db\trap\java\classes\java\lang\Thread.members...
[2026-07-27 12:40:27] [PROGRESS] resolve files> Scanning D:\MigrationReportTool\Backend\MigrationReport\migration-api-db\trap\java\classes\java\lang\ThreadBuilders$BaseThreadBuilder.members...
[2026-07-27 12:40:27] [PROGRESS] resolve files> Scanning D:\MigrationReportTool\Backend\MigrationReport\migration-api-db\trap\java\classes\java\lang\ThreadBuilders$PlatformThreadBuilder.members...
[2026-07-27 12:40:27] [PROGRESS] resolve files> Scanning D:\MigrationReportTool\Backend\MigrationReport\migration-api-db\trap\java\classes\java\lang\ThreadBuilders$VirtualThreadBuilder.members...
[2026-07-27 12:40:27] [PROGRESS] resolve files> Scanning D:\MigrationReportTool\Backend\MigrationReport\migration-api-db\trap\java\classes\java\lang\ThreadBuilders.members...
[2026-07-27 12:40:27] [PROGRESS] resolve files> Scanning D:\MigrationReportTool\Backend\MigrationReport\migration-api-db\trap\java\classes\java\lang\ThreadGroup.members...
[2026-07-27 12:40:27] [PROGRESS] resolve files> Scanning D:\MigrationReportTool\Backend\MigrationReport\migration-api-db\trap\java\classes\java\lang\ThreadLocal$ThreadLocalMap.members...
[2026-07-27 12:40:27] [PROGRESS] resolve files> Scanning D:\MigrationReportTool\Backend\MigrationReport\migration-api-db\trap\java\classes\java\lang\ThreadLocal.members...
[2026-07-27 12:40:27] [PROGRESS] resolve files> Scanning D:\MigrationReportTool\Backend\MigrationReport\migration-api-db\trap\java\classes\java\lang\Throwable.members...
[2026-07-27 12:40:27] [PROGRESS] resolve files> Scanning D:\MigrationReportTool\Backend\MigrationReport\migration-api-db\trap\java\classes\java\lang\TypeNotPresentException.members...
[2026-07-27 12:40:27] [PROGRESS] resolve files> Scanning D:\MigrationReportTool\Backend\MigrationReport\migration-api-db\trap\java\classes\java\lang\UnsupportedOperationException.members...
[2026-07-27 12:40:27] [PROGRESS] resolve files> Scanning D:\MigrationReportTool\Backend\MigrationReport\migration-api-db\trap\java\classes\java\lang\VirtualMachineError.members...
[2026-07-27 12:40:27] [PROGRESS] resolve files> Scanning D:\MigrationReportTool\Backend\MigrationReport\migration-api-db\trap\java\classes\java\lang\Void.members...
[2026-07-27 12:40:27] [PROGRESS] resolve files> Scanning D:\MigrationReportTool\Backend\MigrationReport\migration-api-db\trap\java\classes\java\lang\WrongThreadException.members...
[2026-07-27 12:40:27] [PROGRESS] resolve files> Scanning D:\MigrationReportTool\Backend\MigrationReport\migration-api-db\trap\java\classes\java\math...
[2026-07-27 12:40:27] [PROGRESS] resolve files> Scanning D:\MigrationReportTool\Backend\MigrationReport\migration-api-db\trap\java\classes\java\math\BigDecimal.members...
[2026-07-27 12:40:27] [PROGRESS] resolve files> Scanning D:\MigrationReportTool\Backend\MigrationReport\migration-api-db\trap\java\classes\java\math\BigInteger.members...
[2026-07-27 12:40:27] [PROGRESS] resolve files> Scanning D:\MigrationReportTool\Backend\MigrationReport\migration-api-db\trap\java\classes\java\math\MathContext.members...
[2026-07-27 12:40:27] [PROGRESS] resolve files> Scanning D:\MigrationReportTool\Backend\MigrationReport\migration-api-db\trap\java\classes\java\math\RoundingMode.members...
[2026-07-27 12:40:27] [PROGRESS] resolve files> Scanning D:\MigrationReportTool\Backend\MigrationReport\migration-api-db\trap\java\classes\java\net...
[2026-07-27 12:40:27] [PROGRESS] resolve files> Scanning D:\MigrationReportTool\Backend\MigrationReport\migration-api-db\trap\java\classes\java\net\ContentHandler.members...
[2026-07-27 12:40:27] [PROGRESS] resolve files> Scanning D:\MigrationReportTool\Backend\MigrationReport\migration-api-db\trap\java\classes\java\net\ContentHandlerFactory.members...
[2026-07-27 12:40:27] [PROGRESS] resolve files> Scanning D:\MigrationReportTool\Backend\MigrationReport\migration-api-db\trap\java\classes\java\net\FileNameMap.members...
[2026-07-27 12:40:27] [PROGRESS] resolve files> Scanning D:\MigrationReportTool\Backend\MigrationReport\migration-api-db\trap\java\classes\java\net\Inet4Address.members...
[2026-07-27 12:40:27] [PROGRESS] resolve files> Scanning D:\MigrationReportTool\Backend\MigrationReport\migration-api-db\trap\java\classes\java\net\Inet4AddressImpl.members...
[2026-07-27 12:40:27] [PROGRESS] resolve files> Scanning D:\MigrationReportTool\Backend\MigrationReport\migration-api-db\trap\java\classes\java\net\Inet6Address.members...
[2026-07-27 12:40:27] [PROGRESS] resolve files> Scanning D:\MigrationReportTool\Backend\MigrationReport\migration-api-db\trap\java\classes\java\net\Inet6AddressImpl.members...
[2026-07-27 12:40:27] [PROGRESS] resolve files> Scanning D:\MigrationReportTool\Backend\MigrationReport\migration-api-db\trap\java\classes\java\net\InetAddress$InetAddressHolder.members...
[2026-07-27 12:40:27] [PROGRESS] resolve files> Scanning D:\MigrationReportTool\Backend\MigrationReport\migration-api-db\trap\java\classes\java\net\InetAddress.members...
[2026-07-27 12:40:27] [PROGRESS] resolve files> Scanning D:\MigrationReportTool\Backend\MigrationReport\migration-api-db\trap\java\classes\java\net\InetAddressImpl.members...
[2026-07-27 12:40:27] [PROGRESS] resolve files> Scanning D:\MigrationReportTool\Backend\MigrationReport\migration-api-db\trap\java\classes\java\net\InetSocketAddress.members...
[2026-07-27 12:40:27] [PROGRESS] resolve files> Scanning D:\MigrationReportTool\Backend\MigrationReport\migration-api-db\trap\java\classes\java\net\InterfaceAddress.members...
[2026-07-27 12:40:27] [PROGRESS] resolve files> Scanning D:\MigrationReportTool\Backend\MigrationReport\migration-api-db\trap\java\classes\java\net\MalformedURLException.members...
[2026-07-27 12:40:27] [PROGRESS] resolve files> Scanning D:\MigrationReportTool\Backend\MigrationReport\migration-api-db\trap\java\classes\java\net\NetworkInterface.members...
[2026-07-27 12:40:27] [PROGRESS] resolve files> Scanning D:\MigrationReportTool\Backend\MigrationReport\migration-api-db\trap\java\classes\java\net\Proxy$Type.members...
[2026-07-27 12:40:27] [PROGRESS] resolve files> Scanning D:\MigrationReportTool\Backend\MigrationReport\migration-api-db\trap\java\classes\java\net\Proxy.members...
[2026-07-27 12:40:27] [PROGRESS] resolve files> Scanning D:\MigrationReportTool\Backend\MigrationReport\migration-api-db\trap\java\classes\java\net\SocketAddress.members...
[2026-07-27 12:40:27] [PROGRESS] resolve files> Scanning D:\MigrationReportTool\Backend\MigrationReport\migration-api-db\trap\java\classes\java\net\SocketException.members...
[2026-07-27 12:40:27] [PROGRESS] resolve files> Scanning D:\MigrationReportTool\Backend\MigrationReport\migration-api-db\trap\java\classes\java\net\spi...
[2026-07-27 12:40:27] [PROGRESS] resolve files> Scanning D:\MigrationReportTool\Backend\MigrationReport\migration-api-db\trap\java\classes\java\net\spi\InetAddressResolver$LookupPolicy.members...
[2026-07-27 12:40:27] [PROGRESS] resolve files> Scanning D:\MigrationReportTool\Backend\MigrationReport\migration-api-db\trap\java\classes\java\net\spi\InetAddressResolver.members...
[2026-07-27 12:40:27] [PROGRESS] resolve files> Scanning D:\MigrationReportTool\Backend\MigrationReport\migration-api-db\trap\java\classes\java\net\UnknownHostException.members...
[2026-07-27 12:40:27] [PROGRESS] resolve files> Scanning D:\MigrationReportTool\Backend\MigrationReport\migration-api-db\trap\java\classes\java\net\URI.members...
[2026-07-27 12:40:27] [PROGRESS] resolve files> Scanning D:\MigrationReportTool\Backend\MigrationReport\migration-api-db\trap\java\classes\java\net\URISyntaxException.members...
[2026-07-27 12:40:27] [PROGRESS] resolve files> Scanning D:\MigrationReportTool\Backend\MigrationReport\migration-api-db\trap\java\classes\java\net\URL.members...
[2026-07-27 12:40:27] [PROGRESS] resolve files> Scanning D:\MigrationReportTool\Backend\MigrationReport\migration-api-db\trap\java\classes\java\net\URLConnection.members...
[2026-07-27 12:40:27] [PROGRESS] resolve files> Scanning D:\MigrationReportTool\Backend\MigrationReport\migration-api-db\trap\java\classes\java\net\URLStreamHandler.members...
[2026-07-27 12:40:27] [PROGRESS] resolve files> Scanning D:\MigrationReportTool\Backend\MigrationReport\migration-api-db\trap\java\classes\java\net\URLStreamHandlerFactory.members...
[2026-07-27 12:40:27] [PROGRESS] resolve files> Scanning D:\MigrationReportTool\Backend\MigrationReport\migration-api-db\trap\java\classes\java\nio...
[2026-07-27 12:40:27] [PROGRESS] resolve files> Scanning D:\MigrationReportTool\Backend\MigrationReport\migration-api-db\trap\java\classes\java\nio\Buffer.members...
[2026-07-27 12:40:27] [PROGRESS] resolve files> Scanning D:\MigrationReportTool\Backend\MigrationReport\migration-api-db\trap\java\classes\java\nio\ByteBuffer.members...
[2026-07-27 12:40:27] [PROGRESS] resolve files> Scanning D:\MigrationReportTool\Backend\MigrationReport\migration-api-db\trap\java\classes\java\nio\ByteBufferAsCharBufferB.members...
[2026-07-27 12:40:27] [PROGRESS] resolve files> Scanning D:\MigrationReportTool\Backend\MigrationReport\migration-api-db\trap\java\classes\java\nio\ByteBufferAsCharBufferL.members...
[2026-07-27 12:40:27] [PROGRESS] resolve files> Scanning D:\MigrationReportTool\Backend\MigrationReport\migration-api-db\trap\java\classes\java\nio\ByteBufferAsCharBufferRB.members...
[2026-07-27 12:40:27] [PROGRESS] resolve files> Scanning D:\MigrationReportTool\Backend\MigrationReport\migration-api-db\trap\java\classes\java\nio\ByteBufferAsCharBufferRL.members...
[2026-07-27 12:40:27] [PROGRESS] resolve files> Scanning D:\MigrationReportTool\Backend\MigrationReport\migration-api-db\trap\java\classes\java\nio\ByteBufferAsDoubleBufferB.members...
[2026-07-27 12:40:27] [PROGRESS] resolve files> Scanning D:\MigrationReportTool\Backend\MigrationReport\migration-api-db\trap\java\classes\java\nio\ByteBufferAsDoubleBufferL.members...
[2026-07-27 12:40:27] [PROGRESS] resolve files> Scanning D:\MigrationReportTool\Backend\MigrationReport\migration-api-db\trap\java\classes\java\nio\ByteBufferAsDoubleBufferRB.members...
[2026-07-27 12:40:27] [PROGRESS] resolve files> Scanning D:\MigrationReportTool\Backend\MigrationReport\migration-api-db\trap\java\classes\java\nio\ByteBufferAsDoubleBufferRL.members...
[2026-07-27 12:40:27] [PROGRESS] resolve files> Scanning D:\MigrationReportTool\Backend\MigrationReport\migration-api-db\trap\java\classes\java\nio\ByteBufferAsFloatBufferB.members...
[2026-07-27 12:40:27] [PROGRESS] resolve files> Scanning D:\MigrationReportTool\Backend\MigrationReport\migration-api-db\trap\java\classes\java\nio\ByteBufferAsFloatBufferL.members...
[2026-07-27 12:40:27] [PROGRESS] resolve files> Scanning D:\MigrationReportTool\Backend\MigrationReport\migration-api-db\trap\java\classes\java\nio\ByteBufferAsFloatBufferRB.members...
[2026-07-27 12:40:27] [PROGRESS] resolve files> Scanning D:\MigrationReportTool\Backend\MigrationReport\migration-api-db\trap\java\classes\java\nio\ByteBufferAsFloatBufferRL.members...
[2026-07-27 12:40:27] [PROGRESS] resolve files> Scanning D:\MigrationReportTool\Backend\MigrationReport\migration-api-db\trap\java\classes\java\nio\ByteBufferAsIntBufferB.members...
[2026-07-27 12:40:27] [PROGRESS] resolve files> Scanning D:\MigrationReportTool\Backend\MigrationReport\migration-api-db\trap\java\classes\java\nio\ByteBufferAsIntBufferL.members...
[2026-07-27 12:40:27] [PROGRESS] resolve files> Scanning D:\MigrationReportTool\Backend\MigrationReport\migration-api-db\trap\java\classes\java\nio\ByteBufferAsIntBufferRB.members...
[2026-07-27 12:40:27] [PROGRESS] resolve files> Scanning D:\MigrationReportTool\Backend\MigrationReport\migration-api-db\trap\java\classes\java\nio\ByteBufferAsIntBufferRL.members...
[2026-07-27 12:40:27] [PROGRESS] resolve files> Scanning D:\MigrationReportTool\Backend\MigrationReport\migration-api-db\trap\java\classes\java\nio\ByteBufferAsLongBufferB.members...
[2026-07-27 12:40:27] [PROGRESS] resolve files> Scanning D:\MigrationReportTool\Backend\MigrationReport\migration-api-db\trap\java\classes\java\nio\ByteBufferAsLongBufferL.members...
[2026-07-27 12:40:27] [PROGRESS] resolve files> Scanning D:\MigrationReportTool\Backend\MigrationReport\migration-api-db\trap\java\classes\java\nio\ByteBufferAsLongBufferRB.members...
[2026-07-27 12:40:27] [PROGRESS] resolve files> Scanning D:\MigrationReportTool\Backend\MigrationReport\migration-api-db\trap\java\classes\java\nio\ByteBufferAsLongBufferRL.members...
[2026-07-27 12:40:27] [PROGRESS] resolve files> Scanning D:\MigrationReportTool\Backend\MigrationReport\migration-api-db\trap\java\classes\java\nio\ByteBufferAsShortBufferB.members...
[2026-07-27 12:40:27] [PROGRESS] resolve files> Scanning D:\MigrationReportTool\Backend\MigrationReport\migration-api-db\trap\java\classes\java\nio\ByteBufferAsShortBufferL.members...
[2026-07-27 12:40:27] [PROGRESS] resolve files> Scanning D:\MigrationReportTool\Backend\MigrationReport\migration-api-db\trap\java\classes\java\nio\ByteBufferAsShortBufferRB.members...
[2026-07-27 12:40:27] [PROGRESS] resolve files> Scanning D:\MigrationReportTool\Backend\MigrationReport\migration-api-db\trap\java\classes\java\nio\ByteBufferAsShortBufferRL.members...
[2026-07-27 12:40:27] [PROGRESS] resolve files> Scanning D:\MigrationReportTool\Backend\MigrationReport\migration-api-db\trap\java\classes\java\nio\ByteOrder.members...
[2026-07-27 12:40:27] [PROGRESS] resolve files> Scanning D:\MigrationReportTool\Backend\MigrationReport\migration-api-db\trap\java\classes\java\nio\channels...
[2026-07-27 12:40:27] [PROGRESS] resolve files> Scanning D:\MigrationReportTool\Backend\MigrationReport\migration-api-db\trap\java\classes\java\nio\channels\AsynchronousChannel.members...
[2026-07-27 12:40:27] [PROGRESS] resolve files> Scanning D:\MigrationReportTool\Backend\MigrationReport\migration-api-db\trap\java\classes\java\nio\channels\AsynchronousCloseException.members...
[2026-07-27 12:40:27] [PROGRESS] resolve files> Scanning D:\MigrationReportTool\Backend\MigrationReport\migration-api-db\trap\java\classes\java\nio\channels\AsynchronousFileChannel.members...
[2026-07-27 12:40:27] [PROGRESS] resolve files> Scanning D:\MigrationReportTool\Backend\MigrationReport\migration-api-db\trap\java\classes\java\nio\channels\ByteChannel.members...
[2026-07-27 12:40:27] [PROGRESS] resolve files> Scanning D:\MigrationReportTool\Backend\MigrationReport\migration-api-db\trap\java\classes\java\nio\channels\Channel.members...
[2026-07-27 12:40:27] [PROGRESS] resolve files> Scanning D:\MigrationReportTool\Backend\MigrationReport\migration-api-db\trap\java\classes\java\nio\channels\ClosedChannelException.members...
[2026-07-27 12:40:27] [PROGRESS] resolve files> Scanning D:\MigrationReportTool\Backend\MigrationReport\migration-api-db\trap\java\classes\java\nio\channels\CompletionHandler.members...
[2026-07-27 12:40:27] [PROGRESS] resolve files> Scanning D:\MigrationReportTool\Backend\MigrationReport\migration-api-db\trap\java\classes\java\nio\channels\FileChannel$MapMode.members...
[2026-07-27 12:40:27] [PROGRESS] resolve files> Scanning D:\MigrationReportTool\Backend\MigrationReport\migration-api-db\trap\java\classes\java\nio\channels\FileChannel.members...
[2026-07-27 12:40:27] [PROGRESS] resolve files> Scanning D:\MigrationReportTool\Backend\MigrationReport\migration-api-db\trap\java\classes\java\nio\channels\FileLock.members...
[2026-07-27 12:40:27] [PROGRESS] resolve files> Scanning D:\MigrationReportTool\Backend\MigrationReport\migration-api-db\trap\java\classes\java\nio\channels\GatheringByteChannel.members...
[2026-07-27 12:40:27] [PROGRESS] resolve files> Scanning D:\MigrationReportTool\Backend\MigrationReport\migration-api-db\trap\java\classes\java\nio\channels\InterruptibleChannel.members...
[2026-07-27 12:40:27] [PROGRESS] resolve files> Scanning D:\MigrationReportTool\Backend\MigrationReport\migration-api-db\trap\java\classes\java\nio\channels\ReadableByteChannel.members...
[2026-07-27 12:40:27] [PROGRESS] resolve files> Scanning D:\MigrationReportTool\Backend\MigrationReport\migration-api-db\trap\java\classes\java\nio\channels\ScatteringByteChannel.members...
[2026-07-27 12:40:27] [PROGRESS] resolve files> Scanning D:\MigrationReportTool\Backend\MigrationReport\migration-api-db\trap\java\classes\java\nio\channels\SeekableByteChannel.members...
[2026-07-27 12:40:27] [PROGRESS] resolve files> Scanning D:\MigrationReportTool\Backend\MigrationReport\migration-api-db\trap\java\classes\java\nio\channels\spi...
[2026-07-27 12:40:27] [PROGRESS] resolve files> Scanning D:\MigrationReportTool\Backend\MigrationReport\migration-api-db\trap\java\classes\java\nio\channels\spi\AbstractInterruptibleChannel.members...
[2026-07-27 12:40:27] [PROGRESS] resolve files> Scanning D:\MigrationReportTool\Backend\MigrationReport\migration-api-db\trap\java\classes\java\nio\channels\WritableByteChannel.members...
[2026-07-27 12:40:27] [PROGRESS] resolve files> Scanning D:\MigrationReportTool\Backend\MigrationReport\migration-api-db\trap\java\classes\java\nio\CharBuffer.members...
[2026-07-27 12:40:27] [PROGRESS] resolve files> Scanning D:\MigrationReportTool\Backend\MigrationReport\migration-api-db\trap\java\classes\java\nio\charset...
[2026-07-27 12:40:27] [PROGRESS] resolve files> Scanning D:\MigrationReportTool\Backend\MigrationReport\migration-api-db\trap\java\classes\java\nio\charset\CharacterCodingException.members...
[2026-07-27 12:40:27] [PROGRESS] resolve files> Scanning D:\MigrationReportTool\Backend\MigrationReport\migration-api-db\trap\java\classes\java\nio\charset\Charset.members...
[2026-07-27 12:40:27] [PROGRESS] resolve files> Scanning D:\MigrationReportTool\Backend\MigrationReport\migration-api-db\trap\java\classes\java\nio\charset\CharsetDecoder.members...
[2026-07-27 12:40:27] [PROGRESS] resolve files> Scanning D:\MigrationReportTool\Backend\MigrationReport\migration-api-db\trap\java\classes\java\nio\charset\CharsetEncoder.members...
[2026-07-27 12:40:27] [PROGRESS] resolve files> Scanning D:\MigrationReportTool\Backend\MigrationReport\migration-api-db\trap\java\classes\java\nio\charset\CoderResult.members...
[2026-07-27 12:40:27] [PROGRESS] resolve files> Scanning D:\MigrationReportTool\Backend\MigrationReport\migration-api-db\trap\java\classes\java\nio\charset\CodingErrorAction.members...
[2026-07-27 12:40:27] [PROGRESS] resolve files> Scanning D:\MigrationReportTool\Backend\MigrationReport\migration-api-db\trap\java\classes\java\nio\charset\StandardCharsets.members...
[2026-07-27 12:40:27] [PROGRESS] resolve files> Scanning D:\MigrationReportTool\Backend\MigrationReport\migration-api-db\trap\java\classes\java\nio\DirectByteBuffer.members...
[2026-07-27 12:40:27] [PROGRESS] resolve files> Scanning D:\MigrationReportTool\Backend\MigrationReport\migration-api-db\trap\java\classes\java\nio\DirectByteBufferR.members...
[2026-07-27 12:40:27] [PROGRESS] resolve files> Scanning D:\MigrationReportTool\Backend\MigrationReport\migration-api-db\trap\java\classes\java\nio\DirectCharBufferRS.members...
[2026-07-27 12:40:27] [PROGRESS] resolve files> Scanning D:\MigrationReportTool\Backend\MigrationReport\migration-api-db\trap\java\classes\java\nio\DirectCharBufferRU.members...
[2026-07-27 12:40:27] [PROGRESS] resolve files> Scanning D:\MigrationReportTool\Backend\MigrationReport\migration-api-db\trap\java\classes\java\nio\DirectCharBufferS.members...
[2026-07-27 12:40:27] [PROGRESS] resolve files> Scanning D:\MigrationReportTool\Backend\MigrationReport\migration-api-db\trap\java\classes\java\nio\DirectCharBufferU.members...
[2026-07-27 12:40:27] [PROGRESS] resolve files> Scanning D:\MigrationReportTool\Backend\MigrationReport\migration-api-db\trap\java\classes\java\nio\DirectDoubleBufferRS.members...
[2026-07-27 12:40:27] [PROGRESS] resolve files> Scanning D:\MigrationReportTool\Backend\MigrationReport\migration-api-db\trap\java\classes\java\nio\DirectDoubleBufferRU.members...
[2026-07-27 12:40:27] [PROGRESS] resolve files> Scanning D:\MigrationReportTool\Backend\MigrationReport\migration-api-db\trap\java\classes\java\nio\DirectDoubleBufferS.members...
[2026-07-27 12:40:27] [PROGRESS] resolve files> Scanning D:\MigrationReportTool\Backend\MigrationReport\migration-api-db\trap\java\classes\java\nio\DirectDoubleBufferU.members...
[2026-07-27 12:40:27] [PROGRESS] resolve files> Scanning D:\MigrationReportTool\Backend\MigrationReport\migration-api-db\trap\java\classes\java\nio\DirectFloatBufferRS.members...
[2026-07-27 12:40:27] [PROGRESS] resolve files> Scanning D:\MigrationReportTool\Backend\MigrationReport\migration-api-db\trap\java\classes\java\nio\DirectFloatBufferRU.members...
[2026-07-27 12:40:27] [PROGRESS] resolve files> Scanning D:\MigrationReportTool\Backend\MigrationReport\migration-api-db\trap\java\classes\java\nio\DirectFloatBufferS.members...
[2026-07-27 12:40:27] [PROGRESS] resolve files> Scanning D:\MigrationReportTool\Backend\MigrationReport\migration-api-db\trap\java\classes\java\nio\DirectFloatBufferU.members...
[2026-07-27 12:40:27] [PROGRESS] resolve files> Scanning D:\MigrationReportTool\Backend\MigrationReport\migration-api-db\trap\java\classes\java\nio\DirectIntBufferRS.members...
[2026-07-27 12:40:27] [PROGRESS] resolve files> Scanning D:\MigrationReportTool\Backend\MigrationReport\migration-api-db\trap\java\classes\java\nio\DirectIntBufferRU.members...
[2026-07-27 12:40:27] [PROGRESS] resolve files> Scanning D:\MigrationReportTool\Backend\MigrationReport\migration-api-db\trap\java\classes\java\nio\DirectIntBufferS.members...
[2026-07-27 12:40:27] [PROGRESS] resolve files> Scanning D:\MigrationReportTool\Backend\MigrationReport\migration-api-db\trap\java\classes\java\nio\DirectIntBufferU.members...
[2026-07-27 12:40:27] [PROGRESS] resolve files> Scanning D:\MigrationReportTool\Backend\MigrationReport\migration-api-db\trap\java\classes\java\nio\DirectLongBufferRS.members...
[2026-07-27 12:40:27] [PROGRESS] resolve files> Scanning D:\MigrationReportTool\Backend\MigrationReport\migration-api-db\trap\java\classes\java\nio\DirectLongBufferRU.members...
[2026-07-27 12:40:27] [PROGRESS] resolve files> Scanning D:\MigrationReportTool\Backend\MigrationReport\migration-api-db\trap\java\classes\java\nio\DirectLongBufferS.members...
[2026-07-27 12:40:27] [PROGRESS] resolve files> Scanning D:\MigrationReportTool\Backend\MigrationReport\migration-api-db\trap\java\classes\java\nio\DirectLongBufferU.members...
[2026-07-27 12:40:27] [PROGRESS] resolve files> Scanning D:\MigrationReportTool\Backend\MigrationReport\migration-api-db\trap\java\classes\java\nio\DirectShortBufferRS.members...
[2026-07-27 12:40:27] [PROGRESS] resolve files> Scanning D:\MigrationReportTool\Backend\MigrationReport\migration-api-db\trap\java\classes\java\nio\DirectShortBufferRU.members...
[2026-07-27 12:40:27] [PROGRESS] resolve files> Scanning D:\MigrationReportTool\Backend\MigrationReport\migration-api-db\trap\java\classes\java\nio\DirectShortBufferS.members...
[2026-07-27 12:40:27] [PROGRESS] resolve files> Scanning D:\MigrationReportTool\Backend\MigrationReport\migration-api-db\trap\java\classes\java\nio\DirectShortBufferU.members...
[2026-07-27 12:40:27] [PROGRESS] resolve files> Scanning D:\MigrationReportTool\Backend\MigrationReport\migration-api-db\trap\java\classes\java\nio\DoubleBuffer.members...
[2026-07-27 12:40:27] [PROGRESS] resolve files> Scanning D:\MigrationReportTool\Backend\MigrationReport\migration-api-db\trap\java\classes\java\nio\file...
[2026-07-27 12:40:27] [PROGRESS] resolve files> Scanning D:\MigrationReportTool\Backend\MigrationReport\migration-api-db\trap\java\classes\java\nio\file\AccessMode.members...
[2026-07-27 12:40:27] [PROGRESS] resolve files> Scanning D:\MigrationReportTool\Backend\MigrationReport\migration-api-db\trap\java\classes\java\nio\file\attribute...
[2026-07-27 12:40:27] [PROGRESS] resolve files> Scanning D:\MigrationReportTool\Backend\MigrationReport\migration-api-db\trap\java\classes\java\nio\file\attribute\AttributeView.members...
[2026-07-27 12:40:27] [PROGRESS] resolve files> Scanning D:\MigrationReportTool\Backend\MigrationReport\migration-api-db\trap\java\classes\java\nio\file\attribute\BasicFileAttributes.members...
[2026-07-27 12:40:27] [PROGRESS] resolve files> Scanning D:\MigrationReportTool\Backend\MigrationReport\migration-api-db\trap\java\classes\java\nio\file\attribute\FileAttribute.members...
[2026-07-27 12:40:27] [PROGRESS] resolve files> Scanning D:\MigrationReportTool\Backend\MigrationReport\migration-api-db\trap\java\classes\java\nio\file\attribute\FileAttributeView.members...
[2026-07-27 12:40:27] [PROGRESS] resolve files> Scanning D:\MigrationReportTool\Backend\MigrationReport\migration-api-db\trap\java\classes\java\nio\file\attribute\FileStoreAttributeView.members...
[2026-07-27 12:40:27] [PROGRESS] resolve files> Scanning D:\MigrationReportTool\Backend\MigrationReport\migration-api-db\trap\java\classes\java\nio\file\attribute\FileTime.members...
[2026-07-27 12:40:27] [PROGRESS] resolve files> Scanning D:\MigrationReportTool\Backend\MigrationReport\migration-api-db\trap\java\classes\java\nio\file\attribute\GroupPrincipal.members...
[2026-07-27 12:40:27] [PROGRESS] resolve files> Scanning D:\MigrationReportTool\Backend\MigrationReport\migration-api-db\trap\java\classes\java\nio\file\attribute\PosixFilePermission.members...
[2026-07-27 12:40:27] [PROGRESS] resolve files> Scanning D:\MigrationReportTool\Backend\MigrationReport\migration-api-db\trap\java\classes\java\nio\file\attribute\UserPrincipal.members...
[2026-07-27 12:40:27] [PROGRESS] resolve files> Scanning D:\MigrationReportTool\Backend\MigrationReport\migration-api-db\trap\java\classes\java\nio\file\attribute\UserPrincipalLookupService.members...
[2026-07-27 12:40:27] [PROGRESS] resolve files> Scanning D:\MigrationReportTool\Backend\MigrationReport\migration-api-db\trap\java\classes\java\nio\file\CopyOption.members...
[2026-07-27 12:40:27] [PROGRESS] resolve files> Scanning D:\MigrationReportTool\Backend\MigrationReport\migration-api-db\trap\java\classes\java\nio\file\DirectoryStream$Filter.members...
[2026-07-27 12:40:27] [PROGRESS] resolve files> Scanning D:\MigrationReportTool\Backend\MigrationReport\migration-api-db\trap\java\classes\java\nio\file\DirectoryStream.members...
[2026-07-27 12:40:27] [PROGRESS] resolve files> Scanning D:\MigrationReportTool\Backend\MigrationReport\migration-api-db\trap\java\classes\java\nio\file\Files.members...
[2026-07-27 12:40:27] [PROGRESS] resolve files> Scanning D:\MigrationReportTool\Backend\MigrationReport\migration-api-db\trap\java\classes\java\nio\file\FileStore.members...
[2026-07-27 12:40:27] [PROGRESS] resolve files> Scanning D:\MigrationReportTool\Backend\MigrationReport\migration-api-db\trap\java\classes\java\nio\file\FileSystem.members...
[2026-07-27 12:40:27] [PROGRESS] resolve files> Scanning D:\MigrationReportTool\Backend\MigrationReport\migration-api-db\trap\java\classes\java\nio\file\FileVisitOption.members...
[2026-07-27 12:40:27] [PROGRESS] resolve files> Scanning D:\MigrationReportTool\Backend\MigrationReport\migration-api-db\trap\java\classes\java\nio\file\FileVisitor.members...
[2026-07-27 12:40:27] [PROGRESS] resolve files> Scanning D:\MigrationReportTool\Backend\MigrationReport\migration-api-db\trap\java\classes\java\nio\file\FileVisitResult.members...
[2026-07-27 12:40:27] [PROGRESS] resolve files> Scanning D:\MigrationReportTool\Backend\MigrationReport\migration-api-db\trap\java\classes\java\nio\file\LinkOption.members...
[2026-07-27 12:40:27] [PROGRESS] resolve files> Scanning D:\MigrationReportTool\Backend\MigrationReport\migration-api-db\trap\java\classes\java\nio\file\OpenOption.members...
[2026-07-27 12:40:27] [PROGRESS] resolve files> Scanning D:\MigrationReportTool\Backend\MigrationReport\migration-api-db\trap\java\classes\java\nio\file\Path.members...
[2026-07-27 12:40:27] [PROGRESS] resolve files> Scanning D:\MigrationReportTool\Backend\MigrationReport\migration-api-db\trap\java\classes\java\nio\file\PathMatcher.members...
[2026-07-27 12:40:27] [PROGRESS] resolve files> Scanning D:\MigrationReportTool\Backend\MigrationReport\migration-api-db\trap\java\classes\java\nio\file\Paths.members...
[2026-07-27 12:40:27] [PROGRESS] resolve files> Scanning D:\MigrationReportTool\Backend\MigrationReport\migration-api-db\trap\java\classes\java\nio\file\spi...
[2026-07-27 12:40:27] [PROGRESS] resolve files> Scanning D:\MigrationReportTool\Backend\MigrationReport\migration-api-db\trap\java\classes\java\nio\file\spi\FileSystemProvider.members...
[2026-07-27 12:40:27] [PROGRESS] resolve files> Scanning D:\MigrationReportTool\Backend\MigrationReport\migration-api-db\trap\java\classes\java\nio\file\Watchable.members...
[2026-07-27 12:40:27] [PROGRESS] resolve files> Scanning D:\MigrationReportTool\Backend\MigrationReport\migration-api-db\trap\java\classes\java\nio\file\WatchEvent$Kind.members...
[2026-07-27 12:40:27] [PROGRESS] resolve files> Scanning D:\MigrationReportTool\Backend\MigrationReport\migration-api-db\trap\java\classes\java\nio\file\WatchEvent$Modifier.members...
[2026-07-27 12:40:27] [PROGRESS] resolve files> Scanning D:\MigrationReportTool\Backend\MigrationReport\migration-api-db\trap\java\classes\java\nio\file\WatchEvent.members...
[2026-07-27 12:40:27] [PROGRESS] resolve files> Scanning D:\MigrationReportTool\Backend\MigrationReport\migration-api-db\trap\java\classes\java\nio\file\WatchKey.members...
[2026-07-27 12:40:27] [PROGRESS] resolve files> Scanning D:\MigrationReportTool\Backend\MigrationReport\migration-api-db\trap\java\classes\java\nio\file\WatchService.members...
[2026-07-27 12:40:27] [PROGRESS] resolve files> Scanning D:\MigrationReportTool\Backend\MigrationReport\migration-api-db\trap\java\classes\java\nio\FloatBuffer.members...
[2026-07-27 12:40:27] [PROGRESS] resolve files> Scanning D:\MigrationReportTool\Backend\MigrationReport\migration-api-db\trap\java\classes\java\nio\HeapByteBuffer.members...
[2026-07-27 12:40:27] [PROGRESS] resolve files> Scanning D:\MigrationReportTool\Backend\MigrationReport\migration-api-db\trap\java\classes\java\nio\HeapByteBufferR.members...
[2026-07-27 12:40:27] [PROGRESS] resolve files> Scanning D:\MigrationReportTool\Backend\MigrationReport\migration-api-db\trap\java\classes\java\nio\HeapCharBuffer.members...
[2026-07-27 12:40:27] [PROGRESS] resolve files> Scanning D:\MigrationReportTool\Backend\MigrationReport\migration-api-db\trap\java\classes\java\nio\HeapCharBufferR.members...
[2026-07-27 12:40:27] [PROGRESS] resolve files> Scanning D:\MigrationReportTool\Backend\MigrationReport\migration-api-db\trap\java\classes\java\nio\HeapDoubleBuffer.members...
[2026-07-27 12:40:27] [PROGRESS] resolve files> Scanning D:\MigrationReportTool\Backend\MigrationReport\migration-api-db\trap\java\classes\java\nio\HeapDoubleBufferR.members...
[2026-07-27 12:40:27] [PROGRESS] resolve files> Scanning D:\MigrationReportTool\Backend\MigrationReport\migration-api-db\trap\java\classes\java\nio\HeapFloatBuffer.members...
[2026-07-27 12:40:27] [PROGRESS] resolve files> Scanning D:\MigrationReportTool\Backend\MigrationReport\migration-api-db\trap\java\classes\java\nio\HeapFloatBufferR.members...
[2026-07-27 12:40:27] [PROGRESS] resolve files> Scanning D:\MigrationReportTool\Backend\MigrationReport\migration-api-db\trap\java\classes\java\nio\HeapIntBuffer.members...
[2026-07-27 12:40:27] [PROGRESS] resolve files> Scanning D:\MigrationReportTool\Backend\MigrationReport\migration-api-db\trap\java\classes\java\nio\HeapIntBufferR.members...
[2026-07-27 12:40:27] [PROGRESS] resolve files> Scanning D:\MigrationReportTool\Backend\MigrationReport\migration-api-db\trap\java\classes\java\nio\HeapLongBuffer.members...
[2026-07-27 12:40:27] [PROGRESS] resolve files> Scanning D:\MigrationReportTool\Backend\MigrationReport\migration-api-db\trap\java\classes\java\nio\HeapLongBufferR.members...
[2026-07-27 12:40:27] [PROGRESS] resolve files> Scanning D:\MigrationReportTool\Backend\MigrationReport\migration-api-db\trap\java\classes\java\nio\HeapShortBuffer.members...
[2026-07-27 12:40:27] [PROGRESS] resolve files> Scanning D:\MigrationReportTool\Backend\MigrationReport\migration-api-db\trap\java\classes\java\nio\HeapShortBufferR.members...
[2026-07-27 12:40:27] [PROGRESS] resolve files> Scanning D:\MigrationReportTool\Backend\MigrationReport\migration-api-db\trap\java\classes\java\nio\IntBuffer.members...
[2026-07-27 12:40:27] [PROGRESS] resolve files> Scanning D:\MigrationReportTool\Backend\MigrationReport\migration-api-db\trap\java\classes\java\nio\LongBuffer.members...
[2026-07-27 12:40:27] [PROGRESS] resolve files> Scanning D:\MigrationReportTool\Backend\MigrationReport\migration-api-db\trap\java\classes\java\nio\MappedByteBuffer.members...
[2026-07-27 12:40:27] [PROGRESS] resolve files> Scanning D:\MigrationReportTool\Backend\MigrationReport\migration-api-db\trap\java\classes\java\nio\ShortBuffer.members...
[2026-07-27 12:40:27] [PROGRESS] resolve files> Scanning D:\MigrationReportTool\Backend\MigrationReport\migration-api-db\trap\java\classes\java\nio\StringCharBuffer.members...
[2026-07-27 12:40:27] [PROGRESS] resolve files> Scanning D:\MigrationReportTool\Backend\MigrationReport\migration-api-db\trap\java\classes\java\security...
[2026-07-27 12:40:27] [PROGRESS] resolve files> Scanning D:\MigrationReportTool\Backend\MigrationReport\migration-api-db\trap\java\classes\java\security\AccessControlContext.members...
[2026-07-27 12:40:27] [PROGRESS] resolve files> Scanning D:\MigrationReportTool\Backend\MigrationReport\migration-api-db\trap\java\classes\java\security\AccessControlException.members...
[2026-07-27 12:40:27] [PROGRESS] resolve files> Scanning D:\MigrationReportTool\Backend\MigrationReport\migration-api-db\trap\java\classes\java\security\AlgorithmParameters.members...
[2026-07-27 12:40:27] [PROGRESS] resolve files> Scanning D:\MigrationReportTool\Backend\MigrationReport\migration-api-db\trap\java\classes\java\security\AlgorithmParametersSpi.members...
[2026-07-27 12:40:27] [PROGRESS] resolve files> Scanning D:\MigrationReportTool\Backend\MigrationReport\migration-api-db\trap\java\classes\java\security\BasicPermission.members...
[2026-07-27 12:40:27] [PROGRESS] resolve files> Scanning D:\MigrationReportTool\Backend\MigrationReport\migration-api-db\trap\java\classes\java\security\cert...
[2026-07-27 12:40:27] [PROGRESS] resolve files> Scanning D:\MigrationReportTool\Backend\MigrationReport\migration-api-db\trap\java\classes\java\security\cert\Certificate.members...
[2026-07-27 12:40:27] [PROGRESS] resolve files> Scanning D:\MigrationReportTool\Backend\MigrationReport\migration-api-db\trap\java\classes\java\security\cert\CertificateEncodingException.members...
[2026-07-27 12:40:27] [PROGRESS] resolve files> Scanning D:\MigrationReportTool\Backend\MigrationReport\migration-api-db\trap\java\classes\java\security\cert\CertificateException.members...
[2026-07-27 12:40:27] [PROGRESS] resolve files> Scanning D:\MigrationReportTool\Backend\MigrationReport\migration-api-db\trap\java\classes\java\security\cert\CertPath.members...
[2026-07-27 12:40:27] [PROGRESS] resolve files> Scanning D:\MigrationReportTool\Backend\MigrationReport\migration-api-db\trap\java\classes\java\security\CodeSigner.members...
[2026-07-27 12:40:27] [PROGRESS] resolve files> Scanning D:\MigrationReportTool\Backend\MigrationReport\migration-api-db\trap\java\classes\java\security\CodeSource.members...
[2026-07-27 12:40:27] [PROGRESS] resolve files> Scanning D:\MigrationReportTool\Backend\MigrationReport\migration-api-db\trap\java\classes\java\security\DigestException.members...
[2026-07-27 12:40:27] [PROGRESS] resolve files> Scanning D:\MigrationReportTool\Backend\MigrationReport\migration-api-db\trap\java\classes\java\security\DomainCombiner.members...
[2026-07-27 12:40:27] [PROGRESS] resolve files> Scanning D:\MigrationReportTool\Backend\MigrationReport\migration-api-db\trap\java\classes\java\security\GeneralSecurityException.members...
[2026-07-27 12:40:27] [PROGRESS] resolve files> Scanning D:\MigrationReportTool\Backend\MigrationReport\migration-api-db\trap\java\classes\java\security\Guard.members...
[2026-07-27 12:40:28] [PROGRESS] resolve files> Scanning D:\MigrationReportTool\Backend\MigrationReport\migration-api-db\trap\java\classes\java\security\InvalidAlgorithmParameterException.members...
[2026-07-27 12:40:28] [PROGRESS] resolve files> Scanning D:\MigrationReportTool\Backend\MigrationReport\migration-api-db\trap\java\classes\java\security\InvalidKeyException.members...
[2026-07-27 12:40:28] [PROGRESS] resolve files> Scanning D:\MigrationReportTool\Backend\MigrationReport\migration-api-db\trap\java\classes\java\security\Key.members...
[2026-07-27 12:40:28] [PROGRESS] resolve files> Scanning D:\MigrationReportTool\Backend\MigrationReport\migration-api-db\trap\java\classes\java\security\KeyException.members...
[2026-07-27 12:40:28] [PROGRESS] resolve files> Scanning D:\MigrationReportTool\Backend\MigrationReport\migration-api-db\trap\java\classes\java\security\MessageDigest.members...
[2026-07-27 12:40:28] [PROGRESS] resolve files> Scanning D:\MigrationReportTool\Backend\MigrationReport\migration-api-db\trap\java\classes\java\security\MessageDigestSpi.members...
[2026-07-27 12:40:28] [PROGRESS] resolve files> Scanning D:\MigrationReportTool\Backend\MigrationReport\migration-api-db\trap\java\classes\java\security\NoSuchAlgorithmException.members...
[2026-07-27 12:40:28] [PROGRESS] resolve files> Scanning D:\MigrationReportTool\Backend\MigrationReport\migration-api-db\trap\java\classes\java\security\NoSuchProviderException.members...
[2026-07-27 12:40:28] [PROGRESS] resolve files> Scanning D:\MigrationReportTool\Backend\MigrationReport\migration-api-db\trap\java\classes\java\security\Permission.members...
[2026-07-27 12:40:28] [PROGRESS] resolve files> Scanning D:\MigrationReportTool\Backend\MigrationReport\migration-api-db\trap\java\classes\java\security\PermissionCollection.members...
[2026-07-27 12:40:28] [PROGRESS] resolve files> Scanning D:\MigrationReportTool\Backend\MigrationReport\migration-api-db\trap\java\classes\java\security\Principal.members...
[2026-07-27 12:40:28] [PROGRESS] resolve files> Scanning D:\MigrationReportTool\Backend\MigrationReport\migration-api-db\trap\java\classes\java\security\PrivilegedAction.members...
[2026-07-27 12:40:28] [PROGRESS] resolve files> Scanning D:\MigrationReportTool\Backend\MigrationReport\migration-api-db\trap\java\classes\java\security\PrivilegedActionException.members...
[2026-07-27 12:40:28] [PROGRESS] resolve files> Scanning D:\MigrationReportTool\Backend\MigrationReport\migration-api-db\trap\java\classes\java\security\PrivilegedExceptionAction.members...
[2026-07-27 12:40:28] [PROGRESS] resolve files> Scanning D:\MigrationReportTool\Backend\MigrationReport\migration-api-db\trap\java\classes\java\security\ProtectionDomain$Key.members...
[2026-07-27 12:40:28] [PROGRESS] resolve files> Scanning D:\MigrationReportTool\Backend\MigrationReport\migration-api-db\trap\java\classes\java\security\ProtectionDomain.members...
[2026-07-27 12:40:28] [PROGRESS] resolve files> Scanning D:\MigrationReportTool\Backend\MigrationReport\migration-api-db\trap\java\classes\java\security\Provider$Service.members...
[2026-07-27 12:40:28] [PROGRESS] resolve files> Scanning D:\MigrationReportTool\Backend\MigrationReport\migration-api-db\trap\java\classes\java\security\Provider.members...
[2026-07-27 12:40:28] [PROGRESS] resolve files> Scanning D:\MigrationReportTool\Backend\MigrationReport\migration-api-db\trap\java\classes\java\security\PublicKey.members...
[2026-07-27 12:40:28] [PROGRESS] resolve files> Scanning D:\MigrationReportTool\Backend\MigrationReport\migration-api-db\trap\java\classes\java\security\SecureRandom.members...
[2026-07-27 12:40:28] [PROGRESS] resolve files> Scanning D:\MigrationReportTool\Backend\MigrationReport\migration-api-db\trap\java\classes\java\security\SecureRandomParameters.members...
[2026-07-27 12:40:28] [PROGRESS] resolve files> Scanning D:\MigrationReportTool\Backend\MigrationReport\migration-api-db\trap\java\classes\java\security\SecureRandomSpi.members...
[2026-07-27 12:40:28] [PROGRESS] resolve files> Scanning D:\MigrationReportTool\Backend\MigrationReport\migration-api-db\trap\java\classes\java\security\SignatureException.members...
[2026-07-27 12:40:28] [PROGRESS] resolve files> Scanning D:\MigrationReportTool\Backend\MigrationReport\migration-api-db\trap\java\classes\java\security\spec...
[2026-07-27 12:40:28] [PROGRESS] resolve files> Scanning D:\MigrationReportTool\Backend\MigrationReport\migration-api-db\trap\java\classes\java\security\spec\AlgorithmParameterSpec.members...
[2026-07-27 12:40:28] [PROGRESS] resolve files> Scanning D:\MigrationReportTool\Backend\MigrationReport\migration-api-db\trap\java\classes\java\security\spec\InvalidParameterSpecException.members...
[2026-07-27 12:40:28] [PROGRESS] resolve files> Scanning D:\MigrationReportTool\Backend\MigrationReport\migration-api-db\trap\java\classes\java\security\spec\KeySpec.members...
[2026-07-27 12:40:28] [PROGRESS] resolve files> Scanning D:\MigrationReportTool\Backend\MigrationReport\migration-api-db\trap\java\classes\java\security\Timestamp.members...
[2026-07-27 12:40:28] [PROGRESS] resolve files> Scanning D:\MigrationReportTool\Backend\MigrationReport\migration-api-db\trap\java\classes\java\sql...
[2026-07-27 12:40:28] [PROGRESS] resolve files> Scanning D:\MigrationReportTool\Backend\MigrationReport\migration-api-db\trap\java\classes\java\sql\Array.members...
[2026-07-27 12:40:28] [PROGRESS] resolve files> Scanning D:\MigrationReportTool\Backend\MigrationReport\migration-api-db\trap\java\classes\java\sql\Blob.members...
[2026-07-27 12:40:28] [PROGRESS] resolve files> Scanning D:\MigrationReportTool\Backend\MigrationReport\migration-api-db\trap\java\classes\java\sql\CallableStatement.members...
[2026-07-27 12:40:28] [PROGRESS] resolve files> Scanning D:\MigrationReportTool\Backend\MigrationReport\migration-api-db\trap\java\classes\java\sql\ClientInfoStatus.members...
[2026-07-27 12:40:28] [PROGRESS] resolve files> Scanning D:\MigrationReportTool\Backend\MigrationReport\migration-api-db\trap\java\classes\java\sql\Clob.members...
[2026-07-27 12:40:28] [PROGRESS] resolve files> Scanning D:\MigrationReportTool\Backend\MigrationReport\migration-api-db\trap\java\classes\java\sql\Connection.members...
[2026-07-27 12:40:28] [PROGRESS] resolve files> Scanning D:\MigrationReportTool\Backend\MigrationReport\migration-api-db\trap\java\classes\java\sql\ConnectionBuilder.members...
[2026-07-27 12:40:28] [PROGRESS] resolve files> Scanning D:\MigrationReportTool\Backend\MigrationReport\migration-api-db\trap\java\classes\java\sql\DatabaseMetaData.members...
[2026-07-27 12:40:28] [PROGRESS] resolve files> Scanning D:\MigrationReportTool\Backend\MigrationReport\migration-api-db\trap\java\classes\java\sql\Date.members...
[2026-07-27 12:40:28] [PROGRESS] resolve files> Scanning D:\MigrationReportTool\Backend\MigrationReport\migration-api-db\trap\java\classes\java\sql\Driver.members...
[2026-07-27 12:40:28] [PROGRESS] resolve files> Scanning D:\MigrationReportTool\Backend\MigrationReport\migration-api-db\trap\java\classes\java\sql\DriverAction.members...
[2026-07-27 12:40:28] [PROGRESS] resolve files> Scanning D:\MigrationReportTool\Backend\MigrationReport\migration-api-db\trap\java\classes\java\sql\DriverManager.members...
[2026-07-27 12:40:28] [PROGRESS] resolve files> Scanning D:\MigrationReportTool\Backend\MigrationReport\migration-api-db\trap\java\classes\java\sql\DriverPropertyInfo.members...
[2026-07-27 12:40:28] [PROGRESS] resolve files> Scanning D:\MigrationReportTool\Backend\MigrationReport\migration-api-db\trap\java\classes\java\sql\NClob.members...
[2026-07-27 12:40:28] [PROGRESS] resolve files> Scanning D:\MigrationReportTool\Backend\MigrationReport\migration-api-db\trap\java\classes\java\sql\ParameterMetaData.members...
[2026-07-27 12:40:28] [PROGRESS] resolve files> Scanning D:\MigrationReportTool\Backend\MigrationReport\migration-api-db\trap\java\classes\java\sql\PreparedStatement.members...
[2026-07-27 12:40:28] [PROGRESS] resolve files> Scanning D:\MigrationReportTool\Backend\MigrationReport\migration-api-db\trap\java\classes\java\sql\Ref.members...
[2026-07-27 12:40:28] [PROGRESS] resolve files> Scanning D:\MigrationReportTool\Backend\MigrationReport\migration-api-db\trap\java\classes\java\sql\ResultSet.members...
[2026-07-27 12:40:28] [PROGRESS] resolve files> Scanning D:\MigrationReportTool\Backend\MigrationReport\migration-api-db\trap\java\classes\java\sql\ResultSetMetaData.members...
[2026-07-27 12:40:28] [PROGRESS] resolve files> Scanning D:\MigrationReportTool\Backend\MigrationReport\migration-api-db\trap\java\classes\java\sql\RowId.members...
[2026-07-27 12:40:28] [PROGRESS] resolve files> Scanning D:\MigrationReportTool\Backend\MigrationReport\migration-api-db\trap\java\classes\java\sql\RowIdLifetime.members...
[2026-07-27 12:40:28] [PROGRESS] resolve files> Scanning D:\MigrationReportTool\Backend\MigrationReport\migration-api-db\trap\java\classes\java\sql\Savepoint.members...
[2026-07-27 12:40:28] [PROGRESS] resolve files> Scanning D:\MigrationReportTool\Backend\MigrationReport\migration-api-db\trap\java\classes\java\sql\ShardingKey.members...
[2026-07-27 12:40:28] [PROGRESS] resolve files> Scanning D:\MigrationReportTool\Backend\MigrationReport\migration-api-db\trap\java\classes\java\sql\ShardingKeyBuilder.members...
[2026-07-27 12:40:28] [PROGRESS] resolve files> Scanning D:\MigrationReportTool\Backend\MigrationReport\migration-api-db\trap\java\classes\java\sql\SQLClientInfoException.members...
[2026-07-27 12:40:28] [PROGRESS] resolve files> Scanning D:\MigrationReportTool\Backend\MigrationReport\migration-api-db\trap\java\classes\java\sql\SQLException.members...
[2026-07-27 12:40:28] [PROGRESS] resolve files> Scanning D:\MigrationReportTool\Backend\MigrationReport\migration-api-db\trap\java\classes\java\sql\SQLFeatureNotSupportedException.members...
[2026-07-27 12:40:28] [PROGRESS] resolve files> Scanning D:\MigrationReportTool\Backend\MigrationReport\migration-api-db\trap\java\classes\java\sql\SQLNonTransientException.members...
[2026-07-27 12:40:28] [PROGRESS] resolve files> Scanning D:\MigrationReportTool\Backend\MigrationReport\migration-api-db\trap\java\classes\java\sql\SQLPermission.members...
[2026-07-27 12:40:28] [PROGRESS] resolve files> Scanning D:\MigrationReportTool\Backend\MigrationReport\migration-api-db\trap\java\classes\java\sql\SQLType.members...
[2026-07-27 12:40:28] [PROGRESS] resolve files> Scanning D:\MigrationReportTool\Backend\MigrationReport\migration-api-db\trap\java\classes\java\sql\SQLWarning.members...
[2026-07-27 12:40:28] [PROGRESS] resolve files> Scanning D:\MigrationReportTool\Backend\MigrationReport\migration-api-db\trap\java\classes\java\sql\SQLXML.members...
[2026-07-27 12:40:28] [PROGRESS] resolve files> Scanning D:\MigrationReportTool\Backend\MigrationReport\migration-api-db\trap\java\classes\java\sql\Statement.members...
[2026-07-27 12:40:28] [PROGRESS] resolve files> Scanning D:\MigrationReportTool\Backend\MigrationReport\migration-api-db\trap\java\classes\java\sql\Struct.members...
[2026-07-27 12:40:28] [PROGRESS] resolve files> Scanning D:\MigrationReportTool\Backend\MigrationReport\migration-api-db\trap\java\classes\java\sql\Time.members...
[2026-07-27 12:40:28] [PROGRESS] resolve files> Scanning D:\MigrationReportTool\Backend\MigrationReport\migration-api-db\trap\java\classes\java\sql\Timestamp.members...
[2026-07-27 12:40:28] [PROGRESS] resolve files> Scanning D:\MigrationReportTool\Backend\MigrationReport\migration-api-db\trap\java\classes\java\sql\Wrapper.members...
[2026-07-27 12:40:28] [PROGRESS] resolve files> Scanning D:\MigrationReportTool\Backend\MigrationReport\migration-api-db\trap\java\classes\java\text...
[2026-07-27 12:40:28] [PROGRESS] resolve files> Scanning D:\MigrationReportTool\Backend\MigrationReport\migration-api-db\trap\java\classes\java\text\AttributedCharacterIterator$Attribute.members...
[2026-07-27 12:40:28] [PROGRESS] resolve files> Scanning D:\MigrationReportTool\Backend\MigrationReport\migration-api-db\trap\java\classes\java\text\AttributedCharacterIterator.members...
[2026-07-27 12:40:28] [PROGRESS] resolve files> Scanning D:\MigrationReportTool\Backend\MigrationReport\migration-api-db\trap\java\classes\java\text\CharacterIterator.members...
[2026-07-27 12:40:28] [PROGRESS] resolve files> Scanning D:\MigrationReportTool\Backend\MigrationReport\migration-api-db\trap\java\classes\java\text\DateFormat.members...
[2026-07-27 12:40:28] [PROGRESS] resolve files> Scanning D:\MigrationReportTool\Backend\MigrationReport\migration-api-db\trap\java\classes\java\text\FieldPosition.members...
[2026-07-27 12:40:28] [PROGRESS] resolve files> Scanning D:\MigrationReportTool\Backend\MigrationReport\migration-api-db\trap\java\classes\java\text\Format$Field.members...
[2026-07-27 12:40:28] [PROGRESS] resolve files> Scanning D:\MigrationReportTool\Backend\MigrationReport\migration-api-db\trap\java\classes\java\text\Format$FieldDelegate.members...
[2026-07-27 12:40:28] [PROGRESS] resolve files> Scanning D:\MigrationReportTool\Backend\MigrationReport\migration-api-db\trap\java\classes\java\text\Format.members...
[2026-07-27 12:40:28] [PROGRESS] resolve files> Scanning D:\MigrationReportTool\Backend\MigrationReport\migration-api-db\trap\java\classes\java\text\NumberFormat$Style.members...
[2026-07-27 12:40:28] [PROGRESS] resolve files> Scanning D:\MigrationReportTool\Backend\MigrationReport\migration-api-db\trap\java\classes\java\text\NumberFormat.members...
[2026-07-27 12:40:28] [PROGRESS] resolve files> Scanning D:\MigrationReportTool\Backend\MigrationReport\migration-api-db\trap\java\classes\java\text\ParseException.members...
[2026-07-27 12:40:28] [PROGRESS] resolve files> Scanning D:\MigrationReportTool\Backend\MigrationReport\migration-api-db\trap\java\classes\java\text\ParsePosition.members...
[2026-07-27 12:40:28] [PROGRESS] resolve files> Scanning D:\MigrationReportTool\Backend\MigrationReport\migration-api-db\trap\java\classes\java\time...
[2026-07-27 12:40:28] [PROGRESS] resolve files> Scanning D:\MigrationReportTool\Backend\MigrationReport\migration-api-db\trap\java\classes\java\time\chrono...
[2026-07-27 12:40:28] [PROGRESS] resolve files> Scanning D:\MigrationReportTool\Backend\MigrationReport\migration-api-db\trap\java\classes\java\time\chrono\AbstractChronology.members...
[2026-07-27 12:40:28] [PROGRESS] resolve files> Scanning D:\MigrationReportTool\Backend\MigrationReport\migration-api-db\trap\java\classes\java\time\chrono\ChronoLocalDate.members...
[2026-07-27 12:40:28] [PROGRESS] resolve files> Scanning D:\MigrationReportTool\Backend\MigrationReport\migration-api-db\trap\java\classes\java\time\chrono\ChronoLocalDateTime.members...
[2026-07-27 12:40:28] [PROGRESS] resolve files> Scanning D:\MigrationReportTool\Backend\MigrationReport\migration-api-db\trap\java\classes\java\time\chrono\Chronology.members...
[2026-07-27 12:40:28] [PROGRESS] resolve files> Scanning D:\MigrationReportTool\Backend\MigrationReport\migration-api-db\trap\java\classes\java\time\chrono\ChronoPeriod.members...
[2026-07-27 12:40:28] [PROGRESS] resolve files> Scanning D:\MigrationReportTool\Backend\MigrationReport\migration-api-db\trap\java\classes\java\time\chrono\ChronoZonedDateTime.members...
[2026-07-27 12:40:28] [PROGRESS] resolve files> Scanning D:\MigrationReportTool\Backend\MigrationReport\migration-api-db\trap\java\classes\java\time\chrono\Era.members...
[2026-07-27 12:40:28] [PROGRESS] resolve files> Scanning D:\MigrationReportTool\Backend\MigrationReport\migration-api-db\trap\java\classes\java\time\chrono\IsoChronology.members...
[2026-07-27 12:40:28] [PROGRESS] resolve files> Scanning D:\MigrationReportTool\Backend\MigrationReport\migration-api-db\trap\java\classes\java\time\chrono\IsoEra.members...
[2026-07-27 12:40:28] [PROGRESS] resolve files> Scanning D:\MigrationReportTool\Backend\MigrationReport\migration-api-db\trap\java\classes\java\time\Clock.members...
[2026-07-27 12:40:28] [PROGRESS] resolve files> Scanning D:\MigrationReportTool\Backend\MigrationReport\migration-api-db\trap\java\classes\java\time\DayOfWeek.members...
[2026-07-27 12:40:28] [PROGRESS] resolve files> Scanning D:\MigrationReportTool\Backend\MigrationReport\migration-api-db\trap\java\classes\java\time\Duration.members...
[2026-07-27 12:40:28] [PROGRESS] resolve files> Scanning D:\MigrationReportTool\Backend\MigrationReport\migration-api-db\trap\java\classes\java\time\format...
[2026-07-27 12:40:28] [PROGRESS] resolve files> Scanning D:\MigrationReportTool\Backend\MigrationReport\migration-api-db\trap\java\classes\java\time\format\DateTimeFormatter.members...
[2026-07-27 12:40:28] [PROGRESS] resolve files> Scanning D:\MigrationReportTool\Backend\MigrationReport\migration-api-db\trap\java\classes\java\time\format\DateTimeFormatterBuilder$CompositePrinterParser.members...
[2026-07-27 12:40:28] [PROGRESS] resolve files> Scanning D:\MigrationReportTool\Backend\MigrationReport\migration-api-db\trap\java\classes\java\time\format\DateTimeFormatterBuilder$DateTimePrinterParser.members...
[2026-07-27 12:40:28] [PROGRESS] resolve files> Scanning D:\MigrationReportTool\Backend\MigrationReport\migration-api-db\trap\java\classes\java\time\format\DateTimeFormatterBuilder$DayPeriod.members...
[2026-07-27 12:40:28] [PROGRESS] resolve files> Scanning D:\MigrationReportTool\Backend\MigrationReport\migration-api-db\trap\java\classes\java\time\format\DateTimeFormatterBuilder.members...
[2026-07-27 12:40:28] [PROGRESS] resolve files> Scanning D:\MigrationReportTool\Backend\MigrationReport\migration-api-db\trap\java\classes\java\time\format\DateTimeParseContext.members...
[2026-07-27 12:40:28] [PROGRESS] resolve files> Scanning D:\MigrationReportTool\Backend\MigrationReport\migration-api-db\trap\java\classes\java\time\format\DateTimePrintContext.members...
[2026-07-27 12:40:28] [PROGRESS] resolve files> Scanning D:\MigrationReportTool\Backend\MigrationReport\migration-api-db\trap\java\classes\java\time\format\DecimalStyle.members...
[2026-07-27 12:40:28] [PROGRESS] resolve files> Scanning D:\MigrationReportTool\Backend\MigrationReport\migration-api-db\trap\java\classes\java\time\format\FormatStyle.members...
[2026-07-27 12:40:28] [PROGRESS] resolve files> Scanning D:\MigrationReportTool\Backend\MigrationReport\migration-api-db\trap\java\classes\java\time\format\Parsed.members...
[2026-07-27 12:40:28] [PROGRESS] resolve files> Scanning D:\MigrationReportTool\Backend\MigrationReport\migration-api-db\trap\java\classes\java\time\format\ResolverStyle.members...
[2026-07-27 12:40:28] [PROGRESS] resolve files> Scanning D:\MigrationReportTool\Backend\MigrationReport\migration-api-db\trap\java\classes\java\time\format\SignStyle.members...
[2026-07-27 12:40:28] [PROGRESS] resolve files> Scanning D:\MigrationReportTool\Backend\MigrationReport\migration-api-db\trap\java\classes\java\time\format\TextStyle.members...
[2026-07-27 12:40:28] [PROGRESS] resolve files> Scanning D:\MigrationReportTool\Backend\MigrationReport\migration-api-db\trap\java\classes\java\time\Instant.members...
[2026-07-27 12:40:28] [PROGRESS] resolve files> Scanning D:\MigrationReportTool\Backend\MigrationReport\migration-api-db\trap\java\classes\java\time\InstantSource.members...
[2026-07-27 12:40:28] [PROGRESS] resolve files> Scanning D:\MigrationReportTool\Backend\MigrationReport\migration-api-db\trap\java\classes\java\time\LocalDate.members...
[2026-07-27 12:40:28] [PROGRESS] resolve files> Scanning D:\MigrationReportTool\Backend\MigrationReport\migration-api-db\trap\java\classes\java\time\LocalDateTime.members...
[2026-07-27 12:40:28] [PROGRESS] resolve files> Scanning D:\MigrationReportTool\Backend\MigrationReport\migration-api-db\trap\java\classes\java\time\LocalTime.members...
[2026-07-27 12:40:28] [PROGRESS] resolve files> Scanning D:\MigrationReportTool\Backend\MigrationReport\migration-api-db\trap\java\classes\java\time\Month.members...
[2026-07-27 12:40:28] [PROGRESS] resolve files> Scanning D:\MigrationReportTool\Backend\MigrationReport\migration-api-db\trap\java\classes\java\time\OffsetDateTime.members...
[2026-07-27 12:40:28] [PROGRESS] resolve files> Scanning D:\MigrationReportTool\Backend\MigrationReport\migration-api-db\trap\java\classes\java\time\OffsetTime.members...
[2026-07-27 12:40:28] [PROGRESS] resolve files> Scanning D:\MigrationReportTool\Backend\MigrationReport\migration-api-db\trap\java\classes\java\time\Period.members...
[2026-07-27 12:40:28] [PROGRESS] resolve files> Scanning D:\MigrationReportTool\Backend\MigrationReport\migration-api-db\trap\java\classes\java\time\temporal...
[2026-07-27 12:40:28] [PROGRESS] resolve files> Scanning D:\MigrationReportTool\Backend\MigrationReport\migration-api-db\trap\java\classes\java\time\temporal\ChronoField.members...
[2026-07-27 12:40:28] [PROGRESS] resolve files> Scanning D:\MigrationReportTool\Backend\MigrationReport\migration-api-db\trap\java\classes\java\time\temporal\ChronoUnit.members...
[2026-07-27 12:40:28] [PROGRESS] resolve files> Scanning D:\MigrationReportTool\Backend\MigrationReport\migration-api-db\trap\java\classes\java\time\temporal\Temporal.members...
[2026-07-27 12:40:28] [PROGRESS] resolve files> Scanning D:\MigrationReportTool\Backend\MigrationReport\migration-api-db\trap\java\classes\java\time\temporal\TemporalAccessor.members...
[2026-07-27 12:40:28] [PROGRESS] resolve files> Scanning D:\MigrationReportTool\Backend\MigrationReport\migration-api-db\trap\java\classes\java\time\temporal\TemporalAdjuster.members...
[2026-07-27 12:40:28] [PROGRESS] resolve files> Scanning D:\MigrationReportTool\Backend\MigrationReport\migration-api-db\trap\java\classes\java\time\temporal\TemporalAmount.members...
[2026-07-27 12:40:28] [PROGRESS] resolve files> Scanning D:\MigrationReportTool\Backend\MigrationReport\migration-api-db\trap\java\classes\java\time\temporal\TemporalField.members...
[2026-07-27 12:40:28] [PROGRESS] resolve files> Scanning D:\MigrationReportTool\Backend\MigrationReport\migration-api-db\trap\java\classes\java\time\temporal\TemporalQuery.members...
[2026-07-27 12:40:28] [PROGRESS] resolve files> Scanning D:\MigrationReportTool\Backend\MigrationReport\migration-api-db\trap\java\classes\java\time\temporal\TemporalUnit.members...
[2026-07-27 12:40:28] [PROGRESS] resolve files> Scanning D:\MigrationReportTool\Backend\MigrationReport\migration-api-db\trap\java\classes\java\time\temporal\ValueRange.members...
[2026-07-27 12:40:28] [PROGRESS] resolve files> Scanning D:\MigrationReportTool\Backend\MigrationReport\migration-api-db\trap\java\classes\java\time\zone...
[2026-07-27 12:40:28] [PROGRESS] resolve files> Scanning D:\MigrationReportTool\Backend\MigrationReport\migration-api-db\trap\java\classes\java\time\zone\ZoneOffsetTransition.members...
[2026-07-27 12:40:28] [PROGRESS] resolve files> Scanning D:\MigrationReportTool\Backend\MigrationReport\migration-api-db\trap\java\classes\java\time\zone\ZoneOffsetTransitionRule$TimeDefinition.members...
[2026-07-27 12:40:28] [PROGRESS] resolve files> Scanning D:\MigrationReportTool\Backend\MigrationReport\migration-api-db\trap\java\classes\java\time\zone\ZoneOffsetTransitionRule.members...
[2026-07-27 12:40:28] [PROGRESS] resolve files> Scanning D:\MigrationReportTool\Backend\MigrationReport\migration-api-db\trap\java\classes\java\time\zone\ZoneRules.members...
[2026-07-27 12:40:28] [PROGRESS] resolve files> Scanning D:\MigrationReportTool\Backend\MigrationReport\migration-api-db\trap\java\classes\java\time\ZonedDateTime.members...
[2026-07-27 12:40:28] [PROGRESS] resolve files> Scanning D:\MigrationReportTool\Backend\MigrationReport\migration-api-db\trap\java\classes\java\time\ZoneId.members...
[2026-07-27 12:40:28] [PROGRESS] resolve files> Scanning D:\MigrationReportTool\Backend\MigrationReport\migration-api-db\trap\java\classes\java\time\ZoneOffset.members...
[2026-07-27 12:40:28] [PROGRESS] resolve files> Scanning D:\MigrationReportTool\Backend\MigrationReport\migration-api-db\trap\java\classes\java\time\ZoneRegion.members...
[2026-07-27 12:40:28] [PROGRESS] resolve files> Scanning D:\MigrationReportTool\Backend\MigrationReport\migration-api-db\trap\java\classes\java\util...
[2026-07-27 12:40:28] [PROGRESS] resolve files> Scanning D:\MigrationReportTool\Backend\MigrationReport\migration-api-db\trap\java\classes\java\util\AbstractCollection.members...
[2026-07-27 12:40:28] [PROGRESS] resolve files> Scanning D:\MigrationReportTool\Backend\MigrationReport\migration-api-db\trap\java\classes\java\util\AbstractList.members...
[2026-07-27 12:40:28] [PROGRESS] resolve files> Scanning D:\MigrationReportTool\Backend\MigrationReport\migration-api-db\trap\java\classes\java\util\AbstractMap.members...
[2026-07-27 12:40:28] [PROGRESS] resolve files> Scanning D:\MigrationReportTool\Backend\MigrationReport\migration-api-db\trap\java\classes\java\util\AbstractQueue.members...
[2026-07-27 12:40:28] [PROGRESS] resolve files> Scanning D:\MigrationReportTool\Backend\MigrationReport\migration-api-db\trap\java\classes\java\util\AbstractSequentialList.members...
[2026-07-27 12:40:28] [PROGRESS] resolve files> Scanning D:\MigrationReportTool\Backend\MigrationReport\migration-api-db\trap\java\classes\java\util\AbstractSet.members...
[2026-07-27 12:40:28] [PROGRESS] resolve files> Scanning D:\MigrationReportTool\Backend\MigrationReport\migration-api-db\trap\java\classes\java\util\ArrayList.members...
[2026-07-27 12:40:28] [PROGRESS] resolve files> Scanning D:\MigrationReportTool\Backend\MigrationReport\migration-api-db\trap\java\classes\java\util\Arrays.members...
[2026-07-27 12:40:28] [PROGRESS] resolve files> Scanning D:\MigrationReportTool\Backend\MigrationReport\migration-api-db\trap\java\classes\java\util\Base64$Decoder.members...
[2026-07-27 12:40:28] [PROGRESS] resolve files> Scanning D:\MigrationReportTool\Backend\MigrationReport\migration-api-db\trap\java\classes\java\util\Base64$Encoder.members...
[2026-07-27 12:40:28] [PROGRESS] resolve files> Scanning D:\MigrationReportTool\Backend\MigrationReport\migration-api-db\trap\java\classes\java\util\Base64.members...
[2026-07-27 12:40:28] [PROGRESS] resolve files> Scanning D:\MigrationReportTool\Backend\MigrationReport\migration-api-db\trap\java\classes\java\util\BitSet.members...
[2026-07-27 12:40:28] [PROGRESS] resolve files> Scanning D:\MigrationReportTool\Backend\MigrationReport\migration-api-db\trap\java\classes\java\util\Calendar.members...
[2026-07-27 12:40:28] [PROGRESS] resolve files> Scanning D:\MigrationReportTool\Backend\MigrationReport\migration-api-db\trap\java\classes\java\util\Collection.members...
[2026-07-27 12:40:28] [PROGRESS] resolve files> Scanning D:\MigrationReportTool\Backend\MigrationReport\migration-api-db\trap\java\classes\java\util\Collections.members...
[2026-07-27 12:40:28] [PROGRESS] resolve files> Scanning D:\MigrationReportTool\Backend\MigrationReport\migration-api-db\trap\java\classes\java\util\Comparator.members...
[2026-07-27 12:40:28] [PROGRESS] resolve files> Scanning D:\MigrationReportTool\Backend\MigrationReport\migration-api-db\trap\java\classes\java\util\concurrent...
[2026-07-27 12:40:28] [PROGRESS] resolve files> Scanning D:\MigrationReportTool\Backend\MigrationReport\migration-api-db\trap\java\classes\java\util\concurrent\AbstractExecutorService.members...
[2026-07-27 12:40:28] [PROGRESS] resolve files> Scanning D:\MigrationReportTool\Backend\MigrationReport\migration-api-db\trap\java\classes\java\util\concurrent\atomic...
[2026-07-27 12:40:28] [PROGRESS] resolve files> Scanning D:\MigrationReportTool\Backend\MigrationReport\migration-api-db\trap\java\classes\java\util\concurrent\atomic\AtomicLong.members...
[2026-07-27 12:40:28] [PROGRESS] resolve files> Scanning D:\MigrationReportTool\Backend\MigrationReport\migration-api-db\trap\java\classes\java\util\concurrent\atomic\AtomicLongArray.members...
[2026-07-27 12:40:28] [PROGRESS] resolve files> Scanning D:\MigrationReportTool\Backend\MigrationReport\migration-api-db\trap\java\classes\java\util\concurrent\atomic\AtomicReference.members...
[2026-07-27 12:40:28] [PROGRESS] resolve files> Scanning D:\MigrationReportTool\Backend\MigrationReport\migration-api-db\trap\java\classes\java\util\concurrent\atomic\AtomicReferenceArray.members...
[2026-07-27 12:40:28] [PROGRESS] resolve files> Scanning D:\MigrationReportTool\Backend\MigrationReport\migration-api-db\trap\java\classes\java\util\concurrent\BlockingQueue.members...
[2026-07-27 12:40:28] [PROGRESS] resolve files> Scanning D:\MigrationReportTool\Backend\MigrationReport\migration-api-db\trap\java\classes\java\util\concurrent\Callable.members...
[2026-07-27 12:40:28] [PROGRESS] resolve files> Scanning D:\MigrationReportTool\Backend\MigrationReport\migration-api-db\trap\java\classes\java\util\concurrent\CompletableFuture$AltResult.members...
[2026-07-27 12:40:28] [PROGRESS] resolve files> Scanning D:\MigrationReportTool\Backend\MigrationReport\migration-api-db\trap\java\classes\java\util\concurrent\CompletableFuture$AsynchronousCompletionTask.members...
[2026-07-27 12:40:28] [PROGRESS] resolve files> Scanning D:\MigrationReportTool\Backend\MigrationReport\migration-api-db\trap\java\classes\java\util\concurrent\CompletableFuture$BiAccept.members...
[2026-07-27 12:40:28] [PROGRESS] resolve files> Scanning D:\MigrationReportTool\Backend\MigrationReport\migration-api-db\trap\java\classes\java\util\concurrent\CompletableFuture$BiApply.members...
[2026-07-27 12:40:28] [PROGRESS] resolve files> Scanning D:\MigrationReportTool\Backend\MigrationReport\migration-api-db\trap\java\classes\java\util\concurrent\CompletableFuture$BiCompletion.members...
[2026-07-27 12:40:28] [PROGRESS] resolve files> Scanning D:\MigrationReportTool\Backend\MigrationReport\migration-api-db\trap\java\classes\java\util\concurrent\CompletableFuture$BiRun.members...
[2026-07-27 12:40:28] [PROGRESS] resolve files> Scanning D:\MigrationReportTool\Backend\MigrationReport\migration-api-db\trap\java\classes\java\util\concurrent\CompletableFuture$Completion.members...
[2026-07-27 12:40:28] [PROGRESS] resolve files> Scanning D:\MigrationReportTool\Backend\MigrationReport\migration-api-db\trap\java\classes\java\util\concurrent\CompletableFuture$UniCompletion.members...
[2026-07-27 12:40:28] [PROGRESS] resolve files> Scanning D:\MigrationReportTool\Backend\MigrationReport\migration-api-db\trap\java\classes\java\util\concurrent\CompletableFuture$UniExceptionally.members...
[2026-07-27 12:40:28] [PROGRESS] resolve files> Scanning D:\MigrationReportTool\Backend\MigrationReport\migration-api-db\trap\java\classes\java\util\concurrent\CompletableFuture$UniHandle.members...
[2026-07-27 12:40:28] [PROGRESS] resolve files> Scanning D:\MigrationReportTool\Backend\MigrationReport\migration-api-db\trap\java\classes\java\util\concurrent\CompletableFuture$UniWhenComplete.members...
[2026-07-27 12:40:28] [PROGRESS] resolve files> Scanning D:\MigrationReportTool\Backend\MigrationReport\migration-api-db\trap\java\classes\java\util\concurrent\CompletableFuture.members...
[2026-07-27 12:40:28] [PROGRESS] resolve files> Scanning D:\MigrationReportTool\Backend\MigrationReport\migration-api-db\trap\java\classes\java\util\concurrent\CompletionException.members...
[2026-07-27 12:40:28] [PROGRESS] resolve files> Scanning D:\MigrationReportTool\Backend\MigrationReport\migration-api-db\trap\java\classes\java\util\concurrent\CompletionStage.members...
[2026-07-27 12:40:28] [PROGRESS] resolve files> Scanning D:\MigrationReportTool\Backend\MigrationReport\migration-api-db\trap\java\classes\java\util\concurrent\ConcurrentHashMap$CollectionView.members...
[2026-07-27 12:40:28] [PROGRESS] resolve files> Scanning D:\MigrationReportTool\Backend\MigrationReport\migration-api-db\trap\java\classes\java\util\concurrent\ConcurrentHashMap$EntrySetView.members...
[2026-07-27 12:40:28] [PROGRESS] resolve files> Scanning D:\MigrationReportTool\Backend\MigrationReport\migration-api-db\trap\java\classes\java\util\concurrent\ConcurrentHashMap$KeySetView.members...
[2026-07-27 12:40:28] [PROGRESS] resolve files> Scanning D:\MigrationReportTool\Backend\MigrationReport\migration-api-db\trap\java\classes\java\util\concurrent\ConcurrentHashMap$Node.members...
[2026-07-27 12:40:28] [PROGRESS] resolve files> Scanning D:\MigrationReportTool\Backend\MigrationReport\migration-api-db\trap\java\classes\java\util\concurrent\ConcurrentHashMap$ValuesView.members...
[2026-07-27 12:40:28] [PROGRESS] resolve files> Scanning D:\MigrationReportTool\Backend\MigrationReport\migration-api-db\trap\java\classes\java\util\concurrent\ConcurrentHashMap.members...
[2026-07-27 12:40:28] [PROGRESS] resolve files> Scanning D:\MigrationReportTool\Backend\MigrationReport\migration-api-db\trap\java\classes\java\util\concurrent\ConcurrentMap.members...
[2026-07-27 12:40:28] [PROGRESS] resolve files> Scanning D:\MigrationReportTool\Backend\MigrationReport\migration-api-db\trap\java\classes\java\util\concurrent\ExecutionException.members...
[2026-07-27 12:40:28] [PROGRESS] resolve files> Scanning D:\MigrationReportTool\Backend\MigrationReport\migration-api-db\trap\java\classes\java\util\concurrent\Executor.members...
[2026-07-27 12:40:28] [PROGRESS] resolve files> Scanning D:\MigrationReportTool\Backend\MigrationReport\migration-api-db\trap\java\classes\java\util\concurrent\ExecutorService.members...
[2026-07-27 12:40:28] [PROGRESS] resolve files> Scanning D:\MigrationReportTool\Backend\MigrationReport\migration-api-db\trap\java\classes\java\util\concurrent\ForkJoinPool$ForkJoinWorkerThreadFactory.members...
[2026-07-27 12:40:28] [PROGRESS] resolve files> Scanning D:\MigrationReportTool\Backend\MigrationReport\migration-api-db\trap\java\classes\java\util\concurrent\ForkJoinPool$ManagedBlocker.members...
[2026-07-27 12:40:28] [PROGRESS] resolve files> Scanning D:\MigrationReportTool\Backend\MigrationReport\migration-api-db\trap\java\classes\java\util\concurrent\ForkJoinPool$WorkQueue.members...
[2026-07-27 12:40:28] [PROGRESS] resolve files> Scanning D:\MigrationReportTool\Backend\MigrationReport\migration-api-db\trap\java\classes\java\util\concurrent\ForkJoinPool.members...
[2026-07-27 12:40:28] [PROGRESS] resolve files> Scanning D:\MigrationReportTool\Backend\MigrationReport\migration-api-db\trap\java\classes\java\util\concurrent\ForkJoinTask.members...
[2026-07-27 12:40:28] [PROGRESS] resolve files> Scanning D:\MigrationReportTool\Backend\MigrationReport\migration-api-db\trap\java\classes\java\util\concurrent\ForkJoinWorkerThread.members...
[2026-07-27 12:40:28] [PROGRESS] resolve files> Scanning D:\MigrationReportTool\Backend\MigrationReport\migration-api-db\trap\java\classes\java\util\concurrent\Future$State.members...
[2026-07-27 12:40:28] [PROGRESS] resolve files> Scanning D:\MigrationReportTool\Backend\MigrationReport\migration-api-db\trap\java\classes\java\util\concurrent\Future.members...
[2026-07-27 12:40:28] [PROGRESS] resolve files> Scanning D:\MigrationReportTool\Backend\MigrationReport\migration-api-db\trap\java\classes\java\util\concurrent\LinkedBlockingQueue$Node.members...
[2026-07-27 12:40:28] [PROGRESS] resolve files> Scanning D:\MigrationReportTool\Backend\MigrationReport\migration-api-db\trap\java\classes\java\util\concurrent\LinkedBlockingQueue.members...
[2026-07-27 12:40:28] [PROGRESS] resolve files> Scanning D:\MigrationReportTool\Backend\MigrationReport\migration-api-db\trap\java\classes\java\util\concurrent\locks...
[2026-07-27 12:40:28] [PROGRESS] resolve files> Scanning D:\MigrationReportTool\Backend\MigrationReport\migration-api-db\trap\java\classes\java\util\concurrent\locks\Condition.members...
[2026-07-27 12:40:28] [PROGRESS] resolve files> Scanning D:\MigrationReportTool\Backend\MigrationReport\migration-api-db\trap\java\classes\java\util\concurrent\locks\Lock.members...
[2026-07-27 12:40:28] [PROGRESS] resolve files> Scanning D:\MigrationReportTool\Backend\MigrationReport\migration-api-db\trap\java\classes\java\util\concurrent\locks\ReentrantLock.members...
[2026-07-27 12:40:28] [PROGRESS] resolve files> Scanning D:\MigrationReportTool\Backend\MigrationReport\migration-api-db\trap\java\classes\java\util\concurrent\RunnableFuture.members...
[2026-07-27 12:40:28] [PROGRESS] resolve files> Scanning D:\MigrationReportTool\Backend\MigrationReport\migration-api-db\trap\java\classes\java\util\concurrent\ThreadFactory.members...
[2026-07-27 12:40:28] [PROGRESS] resolve files> Scanning D:\MigrationReportTool\Backend\MigrationReport\migration-api-db\trap\java\classes\java\util\concurrent\TimeoutException.members...
[2026-07-27 12:40:28] [PROGRESS] resolve files> Scanning D:\MigrationReportTool\Backend\MigrationReport\migration-api-db\trap\java\classes\java\util\concurrent\TimeUnit.members...
[2026-07-27 12:40:28] [PROGRESS] resolve files> Scanning D:\MigrationReportTool\Backend\MigrationReport\migration-api-db\trap\java\classes\java\util\Currency$OtherCurrencyEntry.members...
[2026-07-27 12:40:28] [PROGRESS] resolve files> Scanning D:\MigrationReportTool\Backend\MigrationReport\migration-api-db\trap\java\classes\java\util\Currency$SpecialCaseEntry.members...
[2026-07-27 12:40:28] [PROGRESS] resolve files> Scanning D:\MigrationReportTool\Backend\MigrationReport\migration-api-db\trap\java\classes\java\util\Currency.members...
[2026-07-27 12:40:28] [PROGRESS] resolve files> Scanning D:\MigrationReportTool\Backend\MigrationReport\migration-api-db\trap\java\classes\java\util\Date.members...
[2026-07-27 12:40:28] [PROGRESS] resolve files> Scanning D:\MigrationReportTool\Backend\MigrationReport\migration-api-db\trap\java\classes\java\util\Deque.members...
[2026-07-27 12:40:28] [PROGRESS] resolve files> Scanning D:\MigrationReportTool\Backend\MigrationReport\migration-api-db\trap\java\classes\java\util\Dictionary.members...
[2026-07-27 12:40:28] [PROGRESS] resolve files> Scanning D:\MigrationReportTool\Backend\MigrationReport\migration-api-db\trap\java\classes\java\util\DoubleSummaryStatistics.members...
[2026-07-27 12:40:28] [PROGRESS] resolve files> Scanning D:\MigrationReportTool\Backend\MigrationReport\migration-api-db\trap\java\classes\java\util\EmptyStackException.members...
[2026-07-27 12:40:28] [PROGRESS] resolve files> Scanning D:\MigrationReportTool\Backend\MigrationReport\migration-api-db\trap\java\classes\java\util\Enumeration.members...
[2026-07-27 12:40:28] [PROGRESS] resolve files> Scanning D:\MigrationReportTool\Backend\MigrationReport\migration-api-db\trap\java\classes\java\util\EnumSet.members...
[2026-07-27 12:40:28] [PROGRESS] resolve files> Scanning D:\MigrationReportTool\Backend\MigrationReport\migration-api-db\trap\java\classes\java\util\EventListener.members...
[2026-07-27 12:40:28] [PROGRESS] resolve files> Scanning D:\MigrationReportTool\Backend\MigrationReport\migration-api-db\trap\java\classes\java\util\EventObject.members...
[2026-07-27 12:40:28] [PROGRESS] resolve files> Scanning D:\MigrationReportTool\Backend\MigrationReport\migration-api-db\trap\java\classes\java\util\function...
[2026-07-27 12:40:28] [PROGRESS] resolve files> Scanning D:\MigrationReportTool\Backend\MigrationReport\migration-api-db\trap\java\classes\java\util\function\BiConsumer.members...
[2026-07-27 12:40:28] [PROGRESS] resolve files> Scanning D:\MigrationReportTool\Backend\MigrationReport\migration-api-db\trap\java\classes\java\util\function\BiFunction.members...
[2026-07-27 12:40:28] [PROGRESS] resolve files> Scanning D:\MigrationReportTool\Backend\MigrationReport\migration-api-db\trap\java\classes\java\util\function\BinaryOperator.members...
[2026-07-27 12:40:28] [PROGRESS] resolve files> Scanning D:\MigrationReportTool\Backend\MigrationReport\migration-api-db\trap\java\classes\java\util\function\BiPredicate.members...
[2026-07-27 12:40:28] [PROGRESS] resolve files> Scanning D:\MigrationReportTool\Backend\MigrationReport\migration-api-db\trap\java\classes\java\util\function\BooleanSupplier.members...
[2026-07-27 12:40:28] [PROGRESS] resolve files> Scanning D:\MigrationReportTool\Backend\MigrationReport\migration-api-db\trap\java\classes\java\util\function\Consumer.members...
[2026-07-27 12:40:28] [PROGRESS] resolve files> Scanning D:\MigrationReportTool\Backend\MigrationReport\migration-api-db\trap\java\classes\java\util\function\DoubleBinaryOperator.members...
[2026-07-27 12:40:28] [PROGRESS] resolve files> Scanning D:\MigrationReportTool\Backend\MigrationReport\migration-api-db\trap\java\classes\java\util\function\DoubleConsumer.members...
[2026-07-27 12:40:28] [PROGRESS] resolve files> Scanning D:\MigrationReportTool\Backend\MigrationReport\migration-api-db\trap\java\classes\java\util\function\DoubleFunction.members...
[2026-07-27 12:40:28] [PROGRESS] resolve files> Scanning D:\MigrationReportTool\Backend\MigrationReport\migration-api-db\trap\java\classes\java\util\function\DoublePredicate.members...
[2026-07-27 12:40:28] [PROGRESS] resolve files> Scanning D:\MigrationReportTool\Backend\MigrationReport\migration-api-db\trap\java\classes\java\util\function\DoubleSupplier.members...
[2026-07-27 12:40:28] [PROGRESS] resolve files> Scanning D:\MigrationReportTool\Backend\MigrationReport\migration-api-db\trap\java\classes\java\util\function\DoubleToIntFunction.members...
[2026-07-27 12:40:28] [PROGRESS] resolve files> Scanning D:\MigrationReportTool\Backend\MigrationReport\migration-api-db\trap\java\classes\java\util\function\DoubleToLongFunction.members...
[2026-07-27 12:40:28] [PROGRESS] resolve files> Scanning D:\MigrationReportTool\Backend\MigrationReport\migration-api-db\trap\java\classes\java\util\function\DoubleUnaryOperator.members...
[2026-07-27 12:40:28] [PROGRESS] resolve files> Scanning D:\MigrationReportTool\Backend\MigrationReport\migration-api-db\trap\java\classes\java\util\function\Function.members...
[2026-07-27 12:40:28] [PROGRESS] resolve files> Scanning D:\MigrationReportTool\Backend\MigrationReport\migration-api-db\trap\java\classes\java\util\function\IntBinaryOperator.members...
[2026-07-27 12:40:28] [PROGRESS] resolve files> Scanning D:\MigrationReportTool\Backend\MigrationReport\migration-api-db\trap\java\classes\java\util\function\IntConsumer.members...
[2026-07-27 12:40:28] [PROGRESS] resolve files> Scanning D:\MigrationReportTool\Backend\MigrationReport\migration-api-db\trap\java\classes\java\util\function\IntFunction.members...
[2026-07-27 12:40:28] [PROGRESS] resolve files> Scanning D:\MigrationReportTool\Backend\MigrationReport\migration-api-db\trap\java\classes\java\util\function\IntPredicate.members...
[2026-07-27 12:40:28] [PROGRESS] resolve files> Scanning D:\MigrationReportTool\Backend\MigrationReport\migration-api-db\trap\java\classes\java\util\function\IntSupplier.members...
[2026-07-27 12:40:28] [PROGRESS] resolve files> Scanning D:\MigrationReportTool\Backend\MigrationReport\migration-api-db\trap\java\classes\java\util\function\IntToDoubleFunction.members...
[2026-07-27 12:40:28] [PROGRESS] resolve files> Scanning D:\MigrationReportTool\Backend\MigrationReport\migration-api-db\trap\java\classes\java\util\function\IntToLongFunction.members...
[2026-07-27 12:40:28] [PROGRESS] resolve files> Scanning D:\MigrationReportTool\Backend\MigrationReport\migration-api-db\trap\java\classes\java\util\function\IntUnaryOperator.members...
[2026-07-27 12:40:28] [PROGRESS] resolve files> Scanning D:\MigrationReportTool\Backend\MigrationReport\migration-api-db\trap\java\classes\java\util\function\LongBinaryOperator.members...
[2026-07-27 12:40:28] [PROGRESS] resolve files> Scanning D:\MigrationReportTool\Backend\MigrationReport\migration-api-db\trap\java\classes\java\util\function\LongConsumer.members...
[2026-07-27 12:40:28] [PROGRESS] resolve files> Scanning D:\MigrationReportTool\Backend\MigrationReport\migration-api-db\trap\java\classes\java\util\function\LongFunction.members...
[2026-07-27 12:40:28] [PROGRESS] resolve files> Scanning D:\MigrationReportTool\Backend\MigrationReport\migration-api-db\trap\java\classes\java\util\function\LongPredicate.members...
[2026-07-27 12:40:28] [PROGRESS] resolve files> Scanning D:\MigrationReportTool\Backend\MigrationReport\migration-api-db\trap\java\classes\java\util\function\LongSupplier.members...
[2026-07-27 12:40:28] [PROGRESS] resolve files> Scanning D:\MigrationReportTool\Backend\MigrationReport\migration-api-db\trap\java\classes\java\util\function\LongToDoubleFunction.members...
[2026-07-27 12:40:28] [PROGRESS] resolve files> Scanning D:\MigrationReportTool\Backend\MigrationReport\migration-api-db\trap\java\classes\java\util\function\LongToIntFunction.members...
[2026-07-27 12:40:28] [PROGRESS] resolve files> Scanning D:\MigrationReportTool\Backend\MigrationReport\migration-api-db\trap\java\classes\java\util\function\LongUnaryOperator.members...
[2026-07-27 12:40:28] [PROGRESS] resolve files> Scanning D:\MigrationReportTool\Backend\MigrationReport\migration-api-db\trap\java\classes\java\util\function\ObjDoubleConsumer.members...
[2026-07-27 12:40:28] [PROGRESS] resolve files> Scanning D:\MigrationReportTool\Backend\MigrationReport\migration-api-db\trap\java\classes\java\util\function\ObjIntConsumer.members...
[2026-07-27 12:40:28] [PROGRESS] resolve files> Scanning D:\MigrationReportTool\Backend\MigrationReport\migration-api-db\trap\java\classes\java\util\function\ObjLongConsumer.members...
[2026-07-27 12:40:28] [PROGRESS] resolve files> Scanning D:\MigrationReportTool\Backend\MigrationReport\migration-api-db\trap\java\classes\java\util\function\Predicate.members...
[2026-07-27 12:40:28] [PROGRESS] resolve files> Scanning D:\MigrationReportTool\Backend\MigrationReport\migration-api-db\trap\java\classes\java\util\function\Supplier.members...
[2026-07-27 12:40:28] [PROGRESS] resolve files> Scanning D:\MigrationReportTool\Backend\MigrationReport\migration-api-db\trap\java\classes\java\util\function\ToDoubleBiFunction.members...
[2026-07-27 12:40:28] [PROGRESS] resolve files> Scanning D:\MigrationReportTool\Backend\MigrationReport\migration-api-db\trap\java\classes\java\util\function\ToDoubleFunction.members...
[2026-07-27 12:40:28] [PROGRESS] resolve files> Scanning D:\MigrationReportTool\Backend\MigrationReport\migration-api-db\trap\java\classes\java\util\function\ToIntBiFunction.members...
[2026-07-27 12:40:28] [PROGRESS] resolve files> Scanning D:\MigrationReportTool\Backend\MigrationReport\migration-api-db\trap\java\classes\java\util\function\ToIntFunction.members...
[2026-07-27 12:40:28] [PROGRESS] resolve files> Scanning D:\MigrationReportTool\Backend\MigrationReport\migration-api-db\trap\java\classes\java\util\function\ToLongBiFunction.members...
[2026-07-27 12:40:28] [PROGRESS] resolve files> Scanning D:\MigrationReportTool\Backend\MigrationReport\migration-api-db\trap\java\classes\java\util\function\ToLongFunction.members...
[2026-07-27 12:40:28] [PROGRESS] resolve files> Scanning D:\MigrationReportTool\Backend\MigrationReport\migration-api-db\trap\java\classes\java\util\function\UnaryOperator.members...
[2026-07-27 12:40:28] [PROGRESS] resolve files> Scanning D:\MigrationReportTool\Backend\MigrationReport\migration-api-db\trap\java\classes\java\util\HashMap$Node.members...
[2026-07-27 12:40:28] [PROGRESS] resolve files> Scanning D:\MigrationReportTool\Backend\MigrationReport\migration-api-db\trap\java\classes\java\util\HashMap$TreeNode.members...
[2026-07-27 12:40:28] [PROGRESS] resolve files> Scanning D:\MigrationReportTool\Backend\MigrationReport\migration-api-db\trap\java\classes\java\util\HashMap.members...
[2026-07-27 12:40:28] [PROGRESS] resolve files> Scanning D:\MigrationReportTool\Backend\MigrationReport\migration-api-db\trap\java\classes\java\util\HashSet.members...
[2026-07-27 12:40:28] [PROGRESS] resolve files> Scanning D:\MigrationReportTool\Backend\MigrationReport\migration-api-db\trap\java\classes\java\util\Hashtable.members...
[2026-07-27 12:40:28] [PROGRESS] resolve files> Scanning D:\MigrationReportTool\Backend\MigrationReport\migration-api-db\trap\java\classes\java\util\IntSummaryStatistics.members...
[2026-07-27 12:40:28] [PROGRESS] resolve files> Scanning D:\MigrationReportTool\Backend\MigrationReport\migration-api-db\trap\java\classes\java\util\InvalidPropertiesFormatException.members...
[2026-07-27 12:40:28] [PROGRESS] resolve files> Scanning D:\MigrationReportTool\Backend\MigrationReport\migration-api-db\trap\java\classes\java\util\Iterator.members...
[2026-07-27 12:40:28] [PROGRESS] resolve files> Scanning D:\MigrationReportTool\Backend\MigrationReport\migration-api-db\trap\java\classes\java\util\JumboEnumSet.members...
[2026-07-27 12:40:28] [PROGRESS] resolve files> Scanning D:\MigrationReportTool\Backend\MigrationReport\migration-api-db\trap\java\classes\java\util\LinkedHashMap$Entry.members...
[2026-07-27 12:40:28] [PROGRESS] resolve files> Scanning D:\MigrationReportTool\Backend\MigrationReport\migration-api-db\trap\java\classes\java\util\LinkedHashMap.members...
[2026-07-27 12:40:28] [PROGRESS] resolve files> Scanning D:\MigrationReportTool\Backend\MigrationReport\migration-api-db\trap\java\classes\java\util\LinkedHashSet.members...
[2026-07-27 12:40:28] [PROGRESS] resolve files> Scanning D:\MigrationReportTool\Backend\MigrationReport\migration-api-db\trap\java\classes\java\util\LinkedList$Node.members...
[2026-07-27 12:40:28] [PROGRESS] resolve files> Scanning D:\MigrationReportTool\Backend\MigrationReport\migration-api-db\trap\java\classes\java\util\LinkedList.members...
[2026-07-27 12:40:28] [PROGRESS] resolve files> Scanning D:\MigrationReportTool\Backend\MigrationReport\migration-api-db\trap\java\classes\java\util\List.members...
[2026-07-27 12:40:28] [PROGRESS] resolve files> Scanning D:\MigrationReportTool\Backend\MigrationReport\migration-api-db\trap\java\classes\java\util\ListIterator.members...
[2026-07-27 12:40:28] [PROGRESS] resolve files> Scanning D:\MigrationReportTool\Backend\MigrationReport\migration-api-db\trap\java\classes\java\util\Locale$Category.members...
[2026-07-27 12:40:28] [PROGRESS] resolve files> Scanning D:\MigrationReportTool\Backend\MigrationReport\migration-api-db\trap\java\classes\java\util\Locale$FilteringMode.members...
[2026-07-27 12:40:28] [PROGRESS] resolve files> Scanning D:\MigrationReportTool\Backend\MigrationReport\migration-api-db\trap\java\classes\java\util\Locale$IsoCountryCode.members...
[2026-07-27 12:40:28] [PROGRESS] resolve files> Scanning D:\MigrationReportTool\Backend\MigrationReport\migration-api-db\trap\java\classes\java\util\Locale$LanguageRange.members...
[2026-07-27 12:40:28] [PROGRESS] resolve files> Scanning D:\MigrationReportTool\Backend\MigrationReport\migration-api-db\trap\java\classes\java\util\Locale.members...
[2026-07-27 12:40:28] [PROGRESS] resolve files> Scanning D:\MigrationReportTool\Backend\MigrationReport\migration-api-db\trap\java\classes\java\util\logging...
[2026-07-27 12:40:28] [PROGRESS] resolve files> Scanning D:\MigrationReportTool\Backend\MigrationReport\migration-api-db\trap\java\classes\java\util\logging\ErrorManager.members...
[2026-07-27 12:40:28] [PROGRESS] resolve files> Scanning D:\MigrationReportTool\Backend\MigrationReport\migration-api-db\trap\java\classes\java\util\logging\Filter.members...
[2026-07-27 12:40:28] [PROGRESS] resolve files> Scanning D:\MigrationReportTool\Backend\MigrationReport\migration-api-db\trap\java\classes\java\util\logging\Formatter.members...
[2026-07-27 12:40:28] [PROGRESS] resolve files> Scanning D:\MigrationReportTool\Backend\MigrationReport\migration-api-db\trap\java\classes\java\util\logging\Handler.members...
[2026-07-27 12:40:28] [PROGRESS] resolve files> Scanning D:\MigrationReportTool\Backend\MigrationReport\migration-api-db\trap\java\classes\java\util\logging\Level.members...
[2026-07-27 12:40:28] [PROGRESS] resolve files> Scanning D:\MigrationReportTool\Backend\MigrationReport\migration-api-db\trap\java\classes\java\util\logging\Logger.members...
[2026-07-27 12:40:28] [PROGRESS] resolve files> Scanning D:\MigrationReportTool\Backend\MigrationReport\migration-api-db\trap\java\classes\java\util\logging\LoggingMXBean.members...
[2026-07-27 12:40:28] [PROGRESS] resolve files> Scanning D:\MigrationReportTool\Backend\MigrationReport\migration-api-db\trap\java\classes\java\util\logging\LogManager$LoggerContext.members...
[2026-07-27 12:40:28] [PROGRESS] resolve files> Scanning D:\MigrationReportTool\Backend\MigrationReport\migration-api-db\trap\java\classes\java\util\logging\LogManager$LoggerWeakRef.members...
[2026-07-27 12:40:28] [PROGRESS] resolve files> Scanning D:\MigrationReportTool\Backend\MigrationReport\migration-api-db\trap\java\classes\java\util\logging\LogManager$LogNode.members...
[2026-07-27 12:40:28] [PROGRESS] resolve files> Scanning D:\MigrationReportTool\Backend\MigrationReport\migration-api-db\trap\java\classes\java\util\logging\LogManager.members...
[2026-07-27 12:40:28] [PROGRESS] resolve files> Scanning D:\MigrationReportTool\Backend\MigrationReport\migration-api-db\trap\java\classes\java\util\logging\LogRecord.members...
[2026-07-27 12:40:28] [PROGRESS] resolve files> Scanning D:\MigrationReportTool\Backend\MigrationReport\migration-api-db\trap\java\classes\java\util\LongSummaryStatistics.members...
[2026-07-27 12:40:28] [PROGRESS] resolve files> Scanning D:\MigrationReportTool\Backend\MigrationReport\migration-api-db\trap\java\classes\java\util\Map$Entry.members...
[2026-07-27 12:40:28] [PROGRESS] resolve files> Scanning D:\MigrationReportTool\Backend\MigrationReport\migration-api-db\trap\java\classes\java\util\Map.members...
[2026-07-27 12:40:28] [PROGRESS] resolve files> Scanning D:\MigrationReportTool\Backend\MigrationReport\migration-api-db\trap\java\classes\java\util\MissingResourceException.members...
[2026-07-27 12:40:28] [PROGRESS] resolve files> Scanning D:\MigrationReportTool\Backend\MigrationReport\migration-api-db\trap\java\classes\java\util\NavigableMap.members...
[2026-07-27 12:40:28] [PROGRESS] resolve files> Scanning D:\MigrationReportTool\Backend\MigrationReport\migration-api-db\trap\java\classes\java\util\NavigableSet.members...
[2026-07-27 12:40:28] [PROGRESS] resolve files> Scanning D:\MigrationReportTool\Backend\MigrationReport\migration-api-db\trap\java\classes\java\util\NoSuchElementException.members...
[2026-07-27 12:40:28] [PROGRESS] resolve files> Scanning D:\MigrationReportTool\Backend\MigrationReport\migration-api-db\trap\java\classes\java\util\Optional.members...
[2026-07-27 12:40:28] [PROGRESS] resolve files> Scanning D:\MigrationReportTool\Backend\MigrationReport\migration-api-db\trap\java\classes\java\util\OptionalDouble.members...
[2026-07-27 12:40:28] [PROGRESS] resolve files> Scanning D:\MigrationReportTool\Backend\MigrationReport\migration-api-db\trap\java\classes\java\util\OptionalInt.members...
[2026-07-27 12:40:28] [PROGRESS] resolve files> Scanning D:\MigrationReportTool\Backend\MigrationReport\migration-api-db\trap\java\classes\java\util\OptionalLong.members...
[2026-07-27 12:40:28] [PROGRESS] resolve files> Scanning D:\MigrationReportTool\Backend\MigrationReport\migration-api-db\trap\java\classes\java\util\PrimitiveIterator$OfDouble.members...
[2026-07-27 12:40:28] [PROGRESS] resolve files> Scanning D:\MigrationReportTool\Backend\MigrationReport\migration-api-db\trap\java\classes\java\util\PrimitiveIterator$OfInt.members...
[2026-07-27 12:40:28] [PROGRESS] resolve files> Scanning D:\MigrationReportTool\Backend\MigrationReport\migration-api-db\trap\java\classes\java\util\PrimitiveIterator$OfLong.members...
[2026-07-27 12:40:28] [PROGRESS] resolve files> Scanning D:\MigrationReportTool\Backend\MigrationReport\migration-api-db\trap\java\classes\java\util\PrimitiveIterator.members...
[2026-07-27 12:40:28] [PROGRESS] resolve files> Scanning D:\MigrationReportTool\Backend\MigrationReport\migration-api-db\trap\java\classes\java\util\Properties.members...
[2026-07-27 12:40:28] [PROGRESS] resolve files> Scanning D:\MigrationReportTool\Backend\MigrationReport\migration-api-db\trap\java\classes\java\util\Queue.members...
[2026-07-27 12:40:28] [PROGRESS] resolve files> Scanning D:\MigrationReportTool\Backend\MigrationReport\migration-api-db\trap\java\classes\java\util\random...
[2026-07-27 12:40:28] [PROGRESS] resolve files> Scanning D:\MigrationReportTool\Backend\MigrationReport\migration-api-db\trap\java\classes\java\util\random\RandomGenerator.members...
[2026-07-27 12:40:28] [PROGRESS] resolve files> Scanning D:\MigrationReportTool\Backend\MigrationReport\migration-api-db\trap\java\classes\java\util\Random.members...
[2026-07-27 12:40:28] [PROGRESS] resolve files> Scanning D:\MigrationReportTool\Backend\MigrationReport\migration-api-db\trap\java\classes\java\util\RandomAccess.members...
[2026-07-27 12:40:28] [PROGRESS] resolve files> Scanning D:\MigrationReportTool\Backend\MigrationReport\migration-api-db\trap\java\classes\java\util\regex...
[2026-07-27 12:40:28] [PROGRESS] resolve files> Scanning D:\MigrationReportTool\Backend\MigrationReport\migration-api-db\trap\java\classes\java\util\regex\IntHashSet.members...
[2026-07-27 12:40:28] [PROGRESS] resolve files> Scanning D:\MigrationReportTool\Backend\MigrationReport\migration-api-db\trap\java\classes\java\util\regex\Matcher.members...
[2026-07-27 12:40:28] [PROGRESS] resolve files> Scanning D:\MigrationReportTool\Backend\MigrationReport\migration-api-db\trap\java\classes\java\util\regex\MatchResult.members...
[2026-07-27 12:40:28] [PROGRESS] resolve files> Scanning D:\MigrationReportTool\Backend\MigrationReport\migration-api-db\trap\java\classes\java\util\regex\Pattern$BmpCharPredicate.members...
[2026-07-27 12:40:28] [PROGRESS] resolve files> Scanning D:\MigrationReportTool\Backend\MigrationReport\migration-api-db\trap\java\classes\java\util\regex\Pattern$CharPredicate.members...
[2026-07-27 12:40:28] [PROGRESS] resolve files> Scanning D:\MigrationReportTool\Backend\MigrationReport\migration-api-db\trap\java\classes\java\util\regex\Pattern$GroupHead.members...
[2026-07-27 12:40:28] [PROGRESS] resolve files> Scanning D:\MigrationReportTool\Backend\MigrationReport\migration-api-db\trap\java\classes\java\util\regex\Pattern$GroupTail.members...
[2026-07-27 12:40:28] [PROGRESS] resolve files> Scanning D:\MigrationReportTool\Backend\MigrationReport\migration-api-db\trap\java\classes\java\util\regex\Pattern$Node.members...
[2026-07-27 12:40:28] [PROGRESS] resolve files> Scanning D:\MigrationReportTool\Backend\MigrationReport\migration-api-db\trap\java\classes\java\util\regex\Pattern$TreeInfo.members...
[2026-07-27 12:40:28] [PROGRESS] resolve files> Scanning D:\MigrationReportTool\Backend\MigrationReport\migration-api-db\trap\java\classes\java\util\regex\Pattern.members...
[2026-07-27 12:40:28] [PROGRESS] resolve files> Scanning D:\MigrationReportTool\Backend\MigrationReport\migration-api-db\trap\java\classes\java\util\RegularEnumSet.members...
[2026-07-27 12:40:28] [PROGRESS] resolve files> Scanning D:\MigrationReportTool\Backend\MigrationReport\migration-api-db\trap\java\classes\java\util\ResourceBundle$Control.members...
[2026-07-27 12:40:28] [PROGRESS] resolve files> Scanning D:\MigrationReportTool\Backend\MigrationReport\migration-api-db\trap\java\classes\java\util\ResourceBundle.members...
[2026-07-27 12:40:28] [PROGRESS] resolve files> Scanning D:\MigrationReportTool\Backend\MigrationReport\migration-api-db\trap\java\classes\java\util\SequencedCollection.members...
[2026-07-27 12:40:28] [PROGRESS] resolve files> Scanning D:\MigrationReportTool\Backend\MigrationReport\migration-api-db\trap\java\classes\java\util\SequencedMap.members...
[2026-07-27 12:40:28] [PROGRESS] resolve files> Scanning D:\MigrationReportTool\Backend\MigrationReport\migration-api-db\trap\java\classes\java\util\SequencedSet.members...
[2026-07-27 12:40:28] [PROGRESS] resolve files> Scanning D:\MigrationReportTool\Backend\MigrationReport\migration-api-db\trap\java\classes\java\util\Set.members...
[2026-07-27 12:40:28] [PROGRESS] resolve files> Scanning D:\MigrationReportTool\Backend\MigrationReport\migration-api-db\trap\java\classes\java\util\SortedMap.members...
[2026-07-27 12:40:28] [PROGRESS] resolve files> Scanning D:\MigrationReportTool\Backend\MigrationReport\migration-api-db\trap\java\classes\java\util\SortedSet.members...
[2026-07-27 12:40:28] [PROGRESS] resolve files> Scanning D:\MigrationReportTool\Backend\MigrationReport\migration-api-db\trap\java\classes\java\util\Spliterator$OfDouble.members...
[2026-07-27 12:40:28] [PROGRESS] resolve files> Scanning D:\MigrationReportTool\Backend\MigrationReport\migration-api-db\trap\java\classes\java\util\Spliterator$OfInt.members...
[2026-07-27 12:40:28] [PROGRESS] resolve files> Scanning D:\MigrationReportTool\Backend\MigrationReport\migration-api-db\trap\java\classes\java\util\Spliterator$OfLong.members...
[2026-07-27 12:40:28] [PROGRESS] resolve files> Scanning D:\MigrationReportTool\Backend\MigrationReport\migration-api-db\trap\java\classes\java\util\Spliterator$OfPrimitive.members...
[2026-07-27 12:40:28] [PROGRESS] resolve files> Scanning D:\MigrationReportTool\Backend\MigrationReport\migration-api-db\trap\java\classes\java\util\Spliterator.members...
[2026-07-27 12:40:28] [PROGRESS] resolve files> Scanning D:\MigrationReportTool\Backend\MigrationReport\migration-api-db\trap\java\classes\java\util\stream...
[2026-07-27 12:40:28] [PROGRESS] resolve files> Scanning D:\MigrationReportTool\Backend\MigrationReport\migration-api-db\trap\java\classes\java\util\stream\BaseStream.members...
[2026-07-27 12:40:28] [PROGRESS] resolve files> Scanning D:\MigrationReportTool\Backend\MigrationReport\migration-api-db\trap\java\classes\java\util\stream\Collector$Characteristics.members...
[2026-07-27 12:40:28] [PROGRESS] resolve files> Scanning D:\MigrationReportTool\Backend\MigrationReport\migration-api-db\trap\java\classes\java\util\stream\Collector.members...
[2026-07-27 12:40:28] [PROGRESS] resolve files> Scanning D:\MigrationReportTool\Backend\MigrationReport\migration-api-db\trap\java\classes\java\util\stream\Collectors.members...
[2026-07-27 12:40:28] [PROGRESS] resolve files> Scanning D:\MigrationReportTool\Backend\MigrationReport\migration-api-db\trap\java\classes\java\util\stream\DoubleStream$Builder.members...
[2026-07-27 12:40:28] [PROGRESS] resolve files> Scanning D:\MigrationReportTool\Backend\MigrationReport\migration-api-db\trap\java\classes\java\util\stream\DoubleStream$DoubleMapMultiConsumer.members...
[2026-07-27 12:40:28] [PROGRESS] resolve files> Scanning D:\MigrationReportTool\Backend\MigrationReport\migration-api-db\trap\java\classes\java\util\stream\DoubleStream.members...
[2026-07-27 12:40:28] [PROGRESS] resolve files> Scanning D:\MigrationReportTool\Backend\MigrationReport\migration-api-db\trap\java\classes\java\util\stream\IntStream$Builder.members...
[2026-07-27 12:40:28] [PROGRESS] resolve files> Scanning D:\MigrationReportTool\Backend\MigrationReport\migration-api-db\trap\java\classes\java\util\stream\IntStream$IntMapMultiConsumer.members...
[2026-07-27 12:40:28] [PROGRESS] resolve files> Scanning D:\MigrationReportTool\Backend\MigrationReport\migration-api-db\trap\java\classes\java\util\stream\IntStream.members...
[2026-07-27 12:40:28] [PROGRESS] resolve files> Scanning D:\MigrationReportTool\Backend\MigrationReport\migration-api-db\trap\java\classes\java\util\stream\LongStream$Builder.members...
[2026-07-27 12:40:28] [PROGRESS] resolve files> Scanning D:\MigrationReportTool\Backend\MigrationReport\migration-api-db\trap\java\classes\java\util\stream\LongStream$LongMapMultiConsumer.members...
[2026-07-27 12:40:28] [PROGRESS] resolve files> Scanning D:\MigrationReportTool\Backend\MigrationReport\migration-api-db\trap\java\classes\java\util\stream\LongStream.members...
[2026-07-27 12:40:28] [PROGRESS] resolve files> Scanning D:\MigrationReportTool\Backend\MigrationReport\migration-api-db\trap\java\classes\java\util\stream\Stream$Builder.members...
[2026-07-27 12:40:28] [PROGRESS] resolve files> Scanning D:\MigrationReportTool\Backend\MigrationReport\migration-api-db\trap\java\classes\java\util\stream\Stream.members...
[2026-07-27 12:40:28] [PROGRESS] resolve files> Scanning D:\MigrationReportTool\Backend\MigrationReport\migration-api-db\trap\java\classes\java\util\StringTokenizer.members...
[2026-07-27 12:40:28] [PROGRESS] resolve files> Scanning D:\MigrationReportTool\Backend\MigrationReport\migration-api-db\trap\java\classes\java\util\TimeZone.members...
[2026-07-27 12:40:28] [PROGRESS] resolve files> Scanning D:\MigrationReportTool\Backend\MigrationReport\migration-api-db\trap\java\classes\java\util\TooManyListenersException.members...
[2026-07-27 12:40:28] [PROGRESS] resolve files> Scanning D:\MigrationReportTool\Backend\MigrationReport\migration-api-db\trap\java\classes\java\util\TreeMap$Entry.members...
[2026-07-27 12:40:28] [PROGRESS] resolve files> Scanning D:\MigrationReportTool\Backend\MigrationReport\migration-api-db\trap\java\classes\java\util\TreeMap.members...
[2026-07-27 12:40:28] [PROGRESS] resolve files> Scanning D:\MigrationReportTool\Backend\MigrationReport\migration-api-db\trap\java\classes\java\util\UUID.members...
[2026-07-27 12:40:28] [PROGRESS] resolve files> Scanning D:\MigrationReportTool\Backend\MigrationReport\migration-api-db\trap\java\classes\java\util\Vector.members...
[2026-07-27 12:40:28] [PROGRESS] resolve files> Scanning D:\MigrationReportTool\Backend\MigrationReport\migration-api-db\trap\java\classes\java\util\WeakHashMap$Entry.members...
[2026-07-27 12:40:28] [PROGRESS] resolve files> Scanning D:\MigrationReportTool\Backend\MigrationReport\migration-api-db\trap\java\classes\java\util\WeakHashMap.members...
[2026-07-27 12:40:28] [PROGRESS] resolve files> Scanning D:\MigrationReportTool\Backend\MigrationReport\migration-api-db\trap\java\classes\javax...
[2026-07-27 12:40:28] [PROGRESS] resolve files> Scanning D:\MigrationReportTool\Backend\MigrationReport\migration-api-db\trap\java\classes\javax\accessibility...
[2026-07-27 12:40:28] [PROGRESS] resolve files> Scanning D:\MigrationReportTool\Backend\MigrationReport\migration-api-db\trap\java\classes\javax\accessibility\Accessible.members...
[2026-07-27 12:40:28] [PROGRESS] resolve files> Scanning D:\MigrationReportTool\Backend\MigrationReport\migration-api-db\trap\java\classes\javax\accessibility\AccessibleAction.members...
[2026-07-27 12:40:28] [PROGRESS] resolve files> Scanning D:\MigrationReportTool\Backend\MigrationReport\migration-api-db\trap\java\classes\javax\accessibility\AccessibleBundle.members...
[2026-07-27 12:40:28] [PROGRESS] resolve files> Scanning D:\MigrationReportTool\Backend\MigrationReport\migration-api-db\trap\java\classes\javax\accessibility\AccessibleComponent.members...
[2026-07-27 12:40:28] [PROGRESS] resolve files> Scanning D:\MigrationReportTool\Backend\MigrationReport\migration-api-db\trap\java\classes\javax\accessibility\AccessibleContext.members...
[2026-07-27 12:40:28] [PROGRESS] resolve files> Scanning D:\MigrationReportTool\Backend\MigrationReport\migration-api-db\trap\java\classes\javax\accessibility\AccessibleEditableText.members...
[2026-07-27 12:40:28] [PROGRESS] resolve files> Scanning D:\MigrationReportTool\Backend\MigrationReport\migration-api-db\trap\java\classes\javax\accessibility\AccessibleIcon.members...
[2026-07-27 12:40:28] [PROGRESS] resolve files> Scanning D:\MigrationReportTool\Backend\MigrationReport\migration-api-db\trap\java\classes\javax\accessibility\AccessibleRelation.members...
[2026-07-27 12:40:28] [PROGRESS] resolve files> Scanning D:\MigrationReportTool\Backend\MigrationReport\migration-api-db\trap\java\classes\javax\accessibility\AccessibleRelationSet.members...
[2026-07-27 12:40:28] [PROGRESS] resolve files> Scanning D:\MigrationReportTool\Backend\MigrationReport\migration-api-db\trap\java\classes\javax\accessibility\AccessibleRole.members...
[2026-07-27 12:40:28] [PROGRESS] resolve files> Scanning D:\MigrationReportTool\Backend\MigrationReport\migration-api-db\trap\java\classes\javax\accessibility\AccessibleSelection.members...
[2026-07-27 12:40:28] [PROGRESS] resolve files> Scanning D:\MigrationReportTool\Backend\MigrationReport\migration-api-db\trap\java\classes\javax\accessibility\AccessibleState.members...
[2026-07-27 12:40:28] [PROGRESS] resolve files> Scanning D:\MigrationReportTool\Backend\MigrationReport\migration-api-db\trap\java\classes\javax\accessibility\AccessibleStateSet.members...
[2026-07-27 12:40:28] [PROGRESS] resolve files> Scanning D:\MigrationReportTool\Backend\MigrationReport\migration-api-db\trap\java\classes\javax\accessibility\AccessibleTable.members...
[2026-07-27 12:40:28] [PROGRESS] resolve files> Scanning D:\MigrationReportTool\Backend\MigrationReport\migration-api-db\trap\java\classes\javax\accessibility\AccessibleText.members...
[2026-07-27 12:40:28] [PROGRESS] resolve files> Scanning D:\MigrationReportTool\Backend\MigrationReport\migration-api-db\trap\java\classes\javax\accessibility\AccessibleValue.members...
[2026-07-27 12:40:28] [PROGRESS] resolve files> Scanning D:\MigrationReportTool\Backend\MigrationReport\migration-api-db\trap\java\classes\javax\crypto...
[2026-07-27 12:40:28] [PROGRESS] resolve files> Scanning D:\MigrationReportTool\Backend\MigrationReport\migration-api-db\trap\java\classes\javax\crypto\BadPaddingException.members...
[2026-07-27 12:40:28] [PROGRESS] resolve files> Scanning D:\MigrationReportTool\Backend\MigrationReport\migration-api-db\trap\java\classes\javax\crypto\Cipher.members...
[2026-07-27 12:40:28] [PROGRESS] resolve files> Scanning D:\MigrationReportTool\Backend\MigrationReport\migration-api-db\trap\java\classes\javax\crypto\CipherSpi.members...
[2026-07-27 12:40:28] [PROGRESS] resolve files> Scanning D:\MigrationReportTool\Backend\MigrationReport\migration-api-db\trap\java\classes\javax\crypto\ExemptionMechanism.members...
[2026-07-27 12:40:28] [PROGRESS] resolve files> Scanning D:\MigrationReportTool\Backend\MigrationReport\migration-api-db\trap\java\classes\javax\crypto\ExemptionMechanismException.members...
[2026-07-27 12:40:28] [PROGRESS] resolve files> Scanning D:\MigrationReportTool\Backend\MigrationReport\migration-api-db\trap\java\classes\javax\crypto\ExemptionMechanismSpi.members...
[2026-07-27 12:40:28] [PROGRESS] resolve files> Scanning D:\MigrationReportTool\Backend\MigrationReport\migration-api-db\trap\java\classes\javax\crypto\IllegalBlockSizeException.members...
[2026-07-27 12:40:28] [PROGRESS] resolve files> Scanning D:\MigrationReportTool\Backend\MigrationReport\migration-api-db\trap\java\classes\javax\crypto\NoSuchPaddingException.members...
[2026-07-27 12:40:28] [PROGRESS] resolve files> Scanning D:\MigrationReportTool\Backend\MigrationReport\migration-api-db\trap\java\classes\javax\crypto\SecretKey.members...
[2026-07-27 12:40:28] [PROGRESS] resolve files> Scanning D:\MigrationReportTool\Backend\MigrationReport\migration-api-db\trap\java\classes\javax\crypto\ShortBufferException.members...
[2026-07-27 12:40:28] [PROGRESS] resolve files> Scanning D:\MigrationReportTool\Backend\MigrationReport\migration-api-db\trap\java\classes\javax\crypto\spec...
[2026-07-27 12:40:28] [PROGRESS] resolve files> Scanning D:\MigrationReportTool\Backend\MigrationReport\migration-api-db\trap\java\classes\javax\crypto\spec\GCMParameterSpec.members...
[2026-07-27 12:40:28] [PROGRESS] resolve files> Scanning D:\MigrationReportTool\Backend\MigrationReport\migration-api-db\trap\java\classes\javax\crypto\spec\SecretKeySpec.members...
[2026-07-27 12:40:28] [PROGRESS] resolve files> Scanning D:\MigrationReportTool\Backend\MigrationReport\migration-api-db\trap\java\classes\javax\security...
[2026-07-27 12:40:28] [PROGRESS] resolve files> Scanning D:\MigrationReportTool\Backend\MigrationReport\migration-api-db\trap\java\classes\javax\security\auth...
[2026-07-27 12:40:28] [PROGRESS] resolve files> Scanning D:\MigrationReportTool\Backend\MigrationReport\migration-api-db\trap\java\classes\javax\security\auth\Destroyable.members...
[2026-07-27 12:40:28] [PROGRESS] resolve files> Scanning D:\MigrationReportTool\Backend\MigrationReport\migration-api-db\trap\java\classes\javax\security\auth\DestroyFailedException.members...
[2026-07-27 12:40:28] [PROGRESS] resolve files> Scanning D:\MigrationReportTool\Backend\MigrationReport\migration-api-db\trap\java\classes\javax\security\auth\Subject.members...
[2026-07-27 12:40:28] [PROGRESS] resolve files> Scanning D:\MigrationReportTool\Backend\MigrationReport\migration-api-db\trap\java\classes\javax\sql...
[2026-07-27 12:40:28] [PROGRESS] resolve files> Scanning D:\MigrationReportTool\Backend\MigrationReport\migration-api-db\trap\java\classes\javax\sql\CommonDataSource.members...
[2026-07-27 12:40:28] [PROGRESS] resolve files> Scanning D:\MigrationReportTool\Backend\MigrationReport\migration-api-db\trap\java\classes\javax\sql\DataSource.members...
[2026-07-27 12:40:28] [PROGRESS] resolve files> Scanning D:\MigrationReportTool\Backend\MigrationReport\migration-api-db\trap\java\classes\javax\swing...
[2026-07-27 12:40:28] [PROGRESS] resolve files> Scanning D:\MigrationReportTool\Backend\MigrationReport\migration-api-db\trap\java\classes\javax\swing\AbstractButton.members...
[2026-07-27 12:40:28] [PROGRESS] resolve files> Scanning D:\MigrationReportTool\Backend\MigrationReport\migration-api-db\trap\java\classes\javax\swing\Action.members...
[2026-07-27 12:40:28] [PROGRESS] resolve files> Scanning D:\MigrationReportTool\Backend\MigrationReport\migration-api-db\trap\java\classes\javax\swing\ActionMap.members...
[2026-07-27 12:40:28] [PROGRESS] resolve files> Scanning D:\MigrationReportTool\Backend\MigrationReport\migration-api-db\trap\java\classes\javax\swing\border...
[2026-07-27 12:40:28] [PROGRESS] resolve files> Scanning D:\MigrationReportTool\Backend\MigrationReport\migration-api-db\trap\java\classes\javax\swing\border\Border.members...
[2026-07-27 12:40:28] [PROGRESS] resolve files> Scanning D:\MigrationReportTool\Backend\MigrationReport\migration-api-db\trap\java\classes\javax\swing\ButtonGroup.members...
[2026-07-27 12:40:28] [PROGRESS] resolve files> Scanning D:\MigrationReportTool\Backend\MigrationReport\migration-api-db\trap\java\classes\javax\swing\ButtonModel.members...
[2026-07-27 12:40:28] [PROGRESS] resolve files> Scanning D:\MigrationReportTool\Backend\MigrationReport\migration-api-db\trap\java\classes\javax\swing\ComponentInputMap.members...
[2026-07-27 12:40:28] [PROGRESS] resolve files> Scanning D:\MigrationReportTool\Backend\MigrationReport\migration-api-db\trap\java\classes\javax\swing\event...
[2026-07-27 12:40:28] [PROGRESS] resolve files> Scanning D:\MigrationReportTool\Backend\MigrationReport\migration-api-db\trap\java\classes\javax\swing\event\AncestorEvent.members...
[2026-07-27 12:40:28] [PROGRESS] resolve files> Scanning D:\MigrationReportTool\Backend\MigrationReport\migration-api-db\trap\java\classes\javax\swing\event\AncestorListener.members...
[2026-07-27 12:40:28] [PROGRESS] resolve files> Scanning D:\MigrationReportTool\Backend\MigrationReport\migration-api-db\trap\java\classes\javax\swing\event\ChangeEvent.members...
[2026-07-27 12:40:28] [PROGRESS] resolve files> Scanning D:\MigrationReportTool\Backend\MigrationReport\migration-api-db\trap\java\classes\javax\swing\event\ChangeListener.members...
[2026-07-27 12:40:28] [PROGRESS] resolve files> Scanning D:\MigrationReportTool\Backend\MigrationReport\migration-api-db\trap\java\classes\javax\swing\event\EventListenerList.members...
[2026-07-27 12:40:28] [PROGRESS] resolve files> Scanning D:\MigrationReportTool\Backend\MigrationReport\migration-api-db\trap\java\classes\javax\swing\event\MenuDragMouseEvent.members...
[2026-07-27 12:40:28] [PROGRESS] resolve files> Scanning D:\MigrationReportTool\Backend\MigrationReport\migration-api-db\trap\java\classes\javax\swing\event\MenuDragMouseListener.members...
[2026-07-27 12:40:28] [PROGRESS] resolve files> Scanning D:\MigrationReportTool\Backend\MigrationReport\migration-api-db\trap\java\classes\javax\swing\event\MenuEvent.members...
[2026-07-27 12:40:28] [PROGRESS] resolve files> Scanning D:\MigrationReportTool\Backend\MigrationReport\migration-api-db\trap\java\classes\javax\swing\event\MenuKeyEvent.members...
[2026-07-27 12:40:28] [PROGRESS] resolve files> Scanning D:\MigrationReportTool\Backend\MigrationReport\migration-api-db\trap\java\classes\javax\swing\event\MenuKeyListener.members...
[2026-07-27 12:40:28] [PROGRESS] resolve files> Scanning D:\MigrationReportTool\Backend\MigrationReport\migration-api-db\trap\java\classes\javax\swing\event\MenuListener.members...
[2026-07-27 12:40:28] [PROGRESS] resolve files> Scanning D:\MigrationReportTool\Backend\MigrationReport\migration-api-db\trap\java\classes\javax\swing\event\PopupMenuEvent.members...
[2026-07-27 12:40:28] [PROGRESS] resolve files> Scanning D:\MigrationReportTool\Backend\MigrationReport\migration-api-db\trap\java\classes\javax\swing\event\PopupMenuListener.members...
[2026-07-27 12:40:28] [PROGRESS] resolve files> Scanning D:\MigrationReportTool\Backend\MigrationReport\migration-api-db\trap\java\classes\javax\swing\Icon.members...
[2026-07-27 12:40:28] [PROGRESS] resolve files> Scanning D:\MigrationReportTool\Backend\MigrationReport\migration-api-db\trap\java\classes\javax\swing\InputMap.members...
[2026-07-27 12:40:28] [PROGRESS] resolve files> Scanning D:\MigrationReportTool\Backend\MigrationReport\migration-api-db\trap\java\classes\javax\swing\InputVerifier.members...
[2026-07-27 12:40:28] [PROGRESS] resolve files> Scanning D:\MigrationReportTool\Backend\MigrationReport\migration-api-db\trap\java\classes\javax\swing\JButton.members...
[2026-07-27 12:40:28] [PROGRESS] resolve files> Scanning D:\MigrationReportTool\Backend\MigrationReport\migration-api-db\trap\java\classes\javax\swing\JComponent.members...
[2026-07-27 12:40:28] [PROGRESS] resolve files> Scanning D:\MigrationReportTool\Backend\MigrationReport\migration-api-db\trap\java\classes\javax\swing\JLayeredPane.members...
[2026-07-27 12:40:28] [PROGRESS] resolve files> Scanning D:\MigrationReportTool\Backend\MigrationReport\migration-api-db\trap\java\classes\javax\swing\JMenu$WinListener.members...
[2026-07-27 12:40:28] [PROGRESS] resolve files> Scanning D:\MigrationReportTool\Backend\MigrationReport\migration-api-db\trap\java\classes\javax\swing\JMenu.members...
[2026-07-27 12:40:28] [PROGRESS] resolve files> Scanning D:\MigrationReportTool\Backend\MigrationReport\migration-api-db\trap\java\classes\javax\swing\JMenuBar.members...
[2026-07-27 12:40:28] [PROGRESS] resolve files> Scanning D:\MigrationReportTool\Backend\MigrationReport\migration-api-db\trap\java\classes\javax\swing\JMenuItem.members...
[2026-07-27 12:40:28] [PROGRESS] resolve files> Scanning D:\MigrationReportTool\Backend\MigrationReport\migration-api-db\trap\java\classes\javax\swing\JPopupMenu.members...
[2026-07-27 12:40:28] [PROGRESS] resolve files> Scanning D:\MigrationReportTool\Backend\MigrationReport\migration-api-db\trap\java\classes\javax\swing\JRootPane.members...
[2026-07-27 12:40:28] [PROGRESS] resolve files> Scanning D:\MigrationReportTool\Backend\MigrationReport\migration-api-db\trap\java\classes\javax\swing\JToolTip.members...
[2026-07-27 12:40:28] [PROGRESS] resolve files> Scanning D:\MigrationReportTool\Backend\MigrationReport\migration-api-db\trap\java\classes\javax\swing\KeyStroke.members...
[2026-07-27 12:40:28] [PROGRESS] resolve files> Scanning D:\MigrationReportTool\Backend\MigrationReport\migration-api-db\trap\java\classes\javax\swing\MenuElement.members...
[2026-07-27 12:40:28] [PROGRESS] resolve files> Scanning D:\MigrationReportTool\Backend\MigrationReport\migration-api-db\trap\java\classes\javax\swing\MenuSelectionManager.members...
[2026-07-27 12:40:28] [PROGRESS] resolve files> Scanning D:\MigrationReportTool\Backend\MigrationReport\migration-api-db\trap\java\classes\javax\swing\plaf...
[2026-07-27 12:40:28] [PROGRESS] resolve files> Scanning D:\MigrationReportTool\Backend\MigrationReport\migration-api-db\trap\java\classes\javax\swing\plaf\ButtonUI.members...
[2026-07-27 12:40:28] [PROGRESS] resolve files> Scanning D:\MigrationReportTool\Backend\MigrationReport\migration-api-db\trap\java\classes\javax\swing\plaf\ComponentUI.members...
[2026-07-27 12:40:28] [PROGRESS] resolve files> Scanning D:\MigrationReportTool\Backend\MigrationReport\migration-api-db\trap\java\classes\javax\swing\plaf\MenuBarUI.members...
[2026-07-27 12:40:28] [PROGRESS] resolve files> Scanning D:\MigrationReportTool\Backend\MigrationReport\migration-api-db\trap\java\classes\javax\swing\plaf\MenuItemUI.members...
[2026-07-27 12:40:28] [PROGRESS] resolve files> Scanning D:\MigrationReportTool\Backend\MigrationReport\migration-api-db\trap\java\classes\javax\swing\plaf\PopupMenuUI.members...
[2026-07-27 12:40:28] [PROGRESS] resolve files> Scanning D:\MigrationReportTool\Backend\MigrationReport\migration-api-db\trap\java\classes\javax\swing\plaf\RootPaneUI.members...
[2026-07-27 12:40:28] [PROGRESS] resolve files> Scanning D:\MigrationReportTool\Backend\MigrationReport\migration-api-db\trap\java\classes\javax\swing\plaf\ToolTipUI.members...
[2026-07-27 12:40:28] [PROGRESS] resolve files> Scanning D:\MigrationReportTool\Backend\MigrationReport\migration-api-db\trap\java\classes\javax\swing\Popup.members...
[2026-07-27 12:40:28] [PROGRESS] resolve files> Scanning D:\MigrationReportTool\Backend\MigrationReport\migration-api-db\trap\java\classes\javax\swing\SingleSelectionModel.members...
[2026-07-27 12:40:28] [PROGRESS] resolve files> Scanning D:\MigrationReportTool\Backend\MigrationReport\migration-api-db\trap\java\classes\javax\swing\SwingConstants.members...
[2026-07-27 12:40:28] [PROGRESS] resolve files> Scanning D:\MigrationReportTool\Backend\MigrationReport\migration-api-db\trap\java\classes\javax\swing\SwingContainer.members...
[2026-07-27 12:40:28] [PROGRESS] resolve files> Scanning D:\MigrationReportTool\Backend\MigrationReport\migration-api-db\trap\java\classes\javax\swing\text...
[2026-07-27 12:40:28] [PROGRESS] resolve files> Scanning D:\MigrationReportTool\Backend\MigrationReport\migration-api-db\trap\java\classes\javax\swing\text\AttributeSet.members...
[2026-07-27 12:40:28] [PROGRESS] resolve files> Scanning D:\MigrationReportTool\Backend\MigrationReport\migration-api-db\trap\java\classes\javax\swing\TransferHandler$DropLocation.members...
[2026-07-27 12:40:28] [PROGRESS] resolve files> Scanning D:\MigrationReportTool\Backend\MigrationReport\migration-api-db\trap\java\classes\javax\swing\TransferHandler$HasGetTransferHandler.members...
[2026-07-27 12:40:28] [PROGRESS] resolve files> Scanning D:\MigrationReportTool\Backend\MigrationReport\migration-api-db\trap\java\classes\javax\swing\TransferHandler$TransferSupport.members...
[2026-07-27 12:40:28] [PROGRESS] resolve files> Scanning D:\MigrationReportTool\Backend\MigrationReport\migration-api-db\trap\java\classes\javax\swing\TransferHandler.members...
[2026-07-27 12:40:28] [PROGRESS] resolve files> Scanning D:\MigrationReportTool\Backend\MigrationReport\migration-api-db\trap\java\classes\javax\xml...
[2026-07-27 12:40:28] [PROGRESS] resolve files> Scanning D:\MigrationReportTool\Backend\MigrationReport\migration-api-db\trap\java\classes\javax\xml\transform...
[2026-07-27 12:40:28] [PROGRESS] resolve files> Scanning D:\MigrationReportTool\Backend\MigrationReport\migration-api-db\trap\java\classes\javax\xml\transform\Result.members...
[2026-07-27 12:40:28] [PROGRESS] resolve files> Scanning D:\MigrationReportTool\Backend\MigrationReport\migration-api-db\trap\java\classes\javax\xml\transform\Source.members...
[2026-07-27 12:40:28] [PROGRESS] resolve files> Scanning D:\MigrationReportTool\Backend\MigrationReport\migration-api-db\trap\java\classes\jdk...
[2026-07-27 12:40:28] [PROGRESS] resolve files> Scanning D:\MigrationReportTool\Backend\MigrationReport\migration-api-db\trap\java\classes\jdk\internal...
[2026-07-27 12:40:28] [PROGRESS] resolve files> Scanning D:\MigrationReportTool\Backend\MigrationReport\migration-api-db\trap\java\classes\jdk\internal\access...
[2026-07-27 12:40:28] [PROGRESS] resolve files> Scanning D:\MigrationReportTool\Backend\MigrationReport\migration-api-db\trap\java\classes\jdk\internal\access\foreign...
[2026-07-27 12:40:28] [PROGRESS] resolve files> Scanning D:\MigrationReportTool\Backend\MigrationReport\migration-api-db\trap\java\classes\jdk\internal\access\foreign\UnmapperProxy.members...
[2026-07-27 12:40:28] [PROGRESS] resolve files> Scanning D:\MigrationReportTool\Backend\MigrationReport\migration-api-db\trap\java\classes\jdk\internal\access\JavaNioAccess.members...
[2026-07-27 12:40:28] [PROGRESS] resolve files> Scanning D:\MigrationReportTool\Backend\MigrationReport\migration-api-db\trap\java\classes\jdk\internal\foreign...
[2026-07-27 12:40:28] [PROGRESS] resolve files> Scanning D:\MigrationReportTool\Backend\MigrationReport\migration-api-db\trap\java\classes\jdk\internal\foreign\abi...
[2026-07-27 12:40:28] [PROGRESS] resolve files> Scanning D:\MigrationReportTool\Backend\MigrationReport\migration-api-db\trap\java\classes\jdk\internal\foreign\abi\ABIDescriptor.members...
[2026-07-27 12:40:28] [PROGRESS] resolve files> Scanning D:\MigrationReportTool\Backend\MigrationReport\migration-api-db\trap\java\classes\jdk\internal\foreign\abi\Architecture.members...
[2026-07-27 12:40:28] [PROGRESS] resolve files> Scanning D:\MigrationReportTool\Backend\MigrationReport\migration-api-db\trap\java\classes\jdk\internal\foreign\abi\NativeEntryPoint.members...
[2026-07-27 12:40:28] [PROGRESS] resolve files> Scanning D:\MigrationReportTool\Backend\MigrationReport\migration-api-db\trap\java\classes\jdk\internal\foreign\abi\VMStorage.members...
[2026-07-27 12:40:28] [PROGRESS] resolve files> Scanning D:\MigrationReportTool\Backend\MigrationReport\migration-api-db\trap\java\classes\jdk\internal\foreign\AbstractMemorySegmentImpl.members...
[2026-07-27 12:40:28] [PROGRESS] resolve files> Scanning D:\MigrationReportTool\Backend\MigrationReport\migration-api-db\trap\java\classes\jdk\internal\foreign\ConfinedSession.members...
[2026-07-27 12:40:28] [PROGRESS] resolve files> Scanning D:\MigrationReportTool\Backend\MigrationReport\migration-api-db\trap\java\classes\jdk\internal\foreign\GlobalSession.members...
[2026-07-27 12:40:28] [PROGRESS] resolve files> Scanning D:\MigrationReportTool\Backend\MigrationReport\migration-api-db\trap\java\classes\jdk\internal\foreign\HeapMemorySegmentImpl$OfByte.members...
[2026-07-27 12:40:28] [PROGRESS] resolve files> Scanning D:\MigrationReportTool\Backend\MigrationReport\migration-api-db\trap\java\classes\jdk\internal\foreign\HeapMemorySegmentImpl$OfChar.members...
[2026-07-27 12:40:28] [PROGRESS] resolve files> Scanning D:\MigrationReportTool\Backend\MigrationReport\migration-api-db\trap\java\classes\jdk\internal\foreign\HeapMemorySegmentImpl$OfDouble.members...
[2026-07-27 12:40:28] [PROGRESS] resolve files> Scanning D:\MigrationReportTool\Backend\MigrationReport\migration-api-db\trap\java\classes\jdk\internal\foreign\HeapMemorySegmentImpl$OfFloat.members...
[2026-07-27 12:40:28] [PROGRESS] resolve files> Scanning D:\MigrationReportTool\Backend\MigrationReport\migration-api-db\trap\java\classes\jdk\internal\foreign\HeapMemorySegmentImpl$OfInt.members...
[2026-07-27 12:40:28] [PROGRESS] resolve files> Scanning D:\MigrationReportTool\Backend\MigrationReport\migration-api-db\trap\java\classes\jdk\internal\foreign\HeapMemorySegmentImpl$OfLong.members...
[2026-07-27 12:40:28] [PROGRESS] resolve files> Scanning D:\MigrationReportTool\Backend\MigrationReport\migration-api-db\trap\java\classes\jdk\internal\foreign\HeapMemorySegmentImpl$OfShort.members...
[2026-07-27 12:40:28] [PROGRESS] resolve files> Scanning D:\MigrationReportTool\Backend\MigrationReport\migration-api-db\trap\java\classes\jdk\internal\foreign\HeapMemorySegmentImpl.members...
[2026-07-27 12:40:28] [PROGRESS] resolve files> Scanning D:\MigrationReportTool\Backend\MigrationReport\migration-api-db\trap\java\classes\jdk\internal\foreign\ImplicitSession.members...
[2026-07-27 12:40:28] [PROGRESS] resolve files> Scanning D:\MigrationReportTool\Backend\MigrationReport\migration-api-db\trap\java\classes\jdk\internal\foreign\layout...
[2026-07-27 12:40:28] [PROGRESS] resolve files> Scanning D:\MigrationReportTool\Backend\MigrationReport\migration-api-db\trap\java\classes\jdk\internal\foreign\layout\AbstractGroupLayout$Kind.members...
[2026-07-27 12:40:28] [PROGRESS] resolve files> Scanning D:\MigrationReportTool\Backend\MigrationReport\migration-api-db\trap\java\classes\jdk\internal\foreign\layout\AbstractGroupLayout.members...
[2026-07-27 12:40:28] [PROGRESS] resolve files> Scanning D:\MigrationReportTool\Backend\MigrationReport\migration-api-db\trap\java\classes\jdk\internal\foreign\layout\AbstractLayout.members...
[2026-07-27 12:40:28] [PROGRESS] resolve files> Scanning D:\MigrationReportTool\Backend\MigrationReport\migration-api-db\trap\java\classes\jdk\internal\foreign\layout\PaddingLayoutImpl.members...
[2026-07-27 12:40:28] [PROGRESS] resolve files> Scanning D:\MigrationReportTool\Backend\MigrationReport\migration-api-db\trap\java\classes\jdk\internal\foreign\layout\SequenceLayoutImpl.members...
[2026-07-27 12:40:28] [PROGRESS] resolve files> Scanning D:\MigrationReportTool\Backend\MigrationReport\migration-api-db\trap\java\classes\jdk\internal\foreign\layout\StructLayoutImpl.members...
[2026-07-27 12:40:28] [PROGRESS] resolve files> Scanning D:\MigrationReportTool\Backend\MigrationReport\migration-api-db\trap\java\classes\jdk\internal\foreign\layout\UnionLayoutImpl.members...
[2026-07-27 12:40:28] [PROGRESS] resolve files> Scanning D:\MigrationReportTool\Backend\MigrationReport\migration-api-db\trap\java\classes\jdk\internal\foreign\layout\ValueLayouts$AbstractValueLayout.members...
[2026-07-27 12:40:28] [PROGRESS] resolve files> Scanning D:\MigrationReportTool\Backend\MigrationReport\migration-api-db\trap\java\classes\jdk\internal\foreign\layout\ValueLayouts$OfAddressImpl.members...
[2026-07-27 12:40:28] [PROGRESS] resolve files> Scanning D:\MigrationReportTool\Backend\MigrationReport\migration-api-db\trap\java\classes\jdk\internal\foreign\layout\ValueLayouts$OfBooleanImpl.members...
[2026-07-27 12:40:28] [PROGRESS] resolve files> Scanning D:\MigrationReportTool\Backend\MigrationReport\migration-api-db\trap\java\classes\jdk\internal\foreign\layout\ValueLayouts$OfByteImpl.members...
[2026-07-27 12:40:28] [PROGRESS] resolve files> Scanning D:\MigrationReportTool\Backend\MigrationReport\migration-api-db\trap\java\classes\jdk\internal\foreign\layout\ValueLayouts$OfCharImpl.members...
[2026-07-27 12:40:28] [PROGRESS] resolve files> Scanning D:\MigrationReportTool\Backend\MigrationReport\migration-api-db\trap\java\classes\jdk\internal\foreign\layout\ValueLayouts$OfDoubleImpl.members...
[2026-07-27 12:40:28] [PROGRESS] resolve files> Scanning D:\MigrationReportTool\Backend\MigrationReport\migration-api-db\trap\java\classes\jdk\internal\foreign\layout\ValueLayouts$OfFloatImpl.members...
[2026-07-27 12:40:28] [PROGRESS] resolve files> Scanning D:\MigrationReportTool\Backend\MigrationReport\migration-api-db\trap\java\classes\jdk\internal\foreign\layout\ValueLayouts$OfIntImpl.members...
[2026-07-27 12:40:28] [PROGRESS] resolve files> Scanning D:\MigrationReportTool\Backend\MigrationReport\migration-api-db\trap\java\classes\jdk\internal\foreign\layout\ValueLayouts$OfLongImpl.members...
[2026-07-27 12:40:28] [PROGRESS] resolve files> Scanning D:\MigrationReportTool\Backend\MigrationReport\migration-api-db\trap\java\classes\jdk\internal\foreign\layout\ValueLayouts$OfShortImpl.members...
[2026-07-27 12:40:28] [PROGRESS] resolve files> Scanning D:\MigrationReportTool\Backend\MigrationReport\migration-api-db\trap\java\classes\jdk\internal\foreign\layout\ValueLayouts.members...
[2026-07-27 12:40:28] [PROGRESS] resolve files> Scanning D:\MigrationReportTool\Backend\MigrationReport\migration-api-db\trap\java\classes\jdk\internal\foreign\LayoutPath$PathElementImpl$PathKind.members...
[2026-07-27 12:40:28] [PROGRESS] resolve files> Scanning D:\MigrationReportTool\Backend\MigrationReport\migration-api-db\trap\java\classes\jdk\internal\foreign\LayoutPath$PathElementImpl.members...
[2026-07-27 12:40:28] [PROGRESS] resolve files> Scanning D:\MigrationReportTool\Backend\MigrationReport\migration-api-db\trap\java\classes\jdk\internal\foreign\LayoutPath.members...
[2026-07-27 12:40:28] [PROGRESS] resolve files> Scanning D:\MigrationReportTool\Backend\MigrationReport\migration-api-db\trap\java\classes\jdk\internal\foreign\MappedMemorySegmentImpl.members...
[2026-07-27 12:40:28] [PROGRESS] resolve files> Scanning D:\MigrationReportTool\Backend\MigrationReport\migration-api-db\trap\java\classes\jdk\internal\foreign\MemorySessionImpl$ResourceList$ResourceCleanup.members...
[2026-07-27 12:40:28] [PROGRESS] resolve files> Scanning D:\MigrationReportTool\Backend\MigrationReport\migration-api-db\trap\java\classes\jdk\internal\foreign\MemorySessionImpl$ResourceList.members...
[2026-07-27 12:40:28] [PROGRESS] resolve files> Scanning D:\MigrationReportTool\Backend\MigrationReport\migration-api-db\trap\java\classes\jdk\internal\foreign\MemorySessionImpl.members...
[2026-07-27 12:40:28] [PROGRESS] resolve files> Scanning D:\MigrationReportTool\Backend\MigrationReport\migration-api-db\trap\java\classes\jdk\internal\foreign\NativeMemorySegmentImpl.members...
[2026-07-27 12:40:28] [PROGRESS] resolve files> Scanning D:\MigrationReportTool\Backend\MigrationReport\migration-api-db\trap\java\classes\jdk\internal\foreign\SharedSession.members...
[2026-07-27 12:40:28] [PROGRESS] resolve files> Scanning D:\MigrationReportTool\Backend\MigrationReport\migration-api-db\trap\java\classes\jdk\internal\io...
[2026-07-27 12:40:28] [PROGRESS] resolve files> Scanning D:\MigrationReportTool\Backend\MigrationReport\migration-api-db\trap\java\classes\jdk\internal\io\JdkConsole.members...
[2026-07-27 12:40:28] [PROGRESS] resolve files> Scanning D:\MigrationReportTool\Backend\MigrationReport\migration-api-db\trap\java\classes\jdk\internal\javac...
[2026-07-27 12:40:28] [PROGRESS] resolve files> Scanning D:\MigrationReportTool\Backend\MigrationReport\migration-api-db\trap\java\classes\jdk\internal\javac\PreviewFeature$Feature.members...
[2026-07-27 12:40:28] [PROGRESS] resolve files> Scanning D:\MigrationReportTool\Backend\MigrationReport\migration-api-db\trap\java\classes\jdk\internal\javac\PreviewFeature$JEP.members...
[2026-07-27 12:40:28] [PROGRESS] resolve files> Scanning D:\MigrationReportTool\Backend\MigrationReport\migration-api-db\trap\java\classes\jdk\internal\javac\PreviewFeature.members...
[2026-07-27 12:40:28] [PROGRESS] resolve files> Scanning D:\MigrationReportTool\Backend\MigrationReport\migration-api-db\trap\java\classes\jdk\internal\loader...
[2026-07-27 12:40:28] [PROGRESS] resolve files> Scanning D:\MigrationReportTool\Backend\MigrationReport\migration-api-db\trap\java\classes\jdk\internal\loader\NativeLibrary.members...
[2026-07-27 12:40:28] [PROGRESS] resolve files> Scanning D:\MigrationReportTool\Backend\MigrationReport\migration-api-db\trap\java\classes\jdk\internal\misc...
[2026-07-27 12:40:28] [PROGRESS] resolve files> Scanning D:\MigrationReportTool\Backend\MigrationReport\migration-api-db\trap\java\classes\jdk\internal\misc\ScopedMemoryAccess$Scoped.members...
[2026-07-27 12:40:28] [PROGRESS] resolve files> Scanning D:\MigrationReportTool\Backend\MigrationReport\migration-api-db\trap\java\classes\jdk\internal\misc\ScopedMemoryAccess$ScopedAccessError.members...
[2026-07-27 12:40:28] [PROGRESS] resolve files> Scanning D:\MigrationReportTool\Backend\MigrationReport\migration-api-db\trap\java\classes\jdk\internal\misc\ScopedMemoryAccess.members...
[2026-07-27 12:40:28] [PROGRESS] resolve files> Scanning D:\MigrationReportTool\Backend\MigrationReport\migration-api-db\trap\java\classes\jdk\internal\misc\Unsafe.members...
[2026-07-27 12:40:28] [PROGRESS] resolve files> Scanning D:\MigrationReportTool\Backend\MigrationReport\migration-api-db\trap\java\classes\jdk\internal\misc\VM$BufferPool.members...
[2026-07-27 12:40:28] [PROGRESS] resolve files> Scanning D:\MigrationReportTool\Backend\MigrationReport\migration-api-db\trap\java\classes\jdk\internal\misc\VM.members...
[2026-07-27 12:40:28] [PROGRESS] resolve files> Scanning D:\MigrationReportTool\Backend\MigrationReport\migration-api-db\trap\java\classes\jdk\internal\module...
[2026-07-27 12:40:28] [PROGRESS] resolve files> Scanning D:\MigrationReportTool\Backend\MigrationReport\migration-api-db\trap\java\classes\jdk\internal\module\ServicesCatalog$ServiceProvider.members...
[2026-07-27 12:40:28] [PROGRESS] resolve files> Scanning D:\MigrationReportTool\Backend\MigrationReport\migration-api-db\trap\java\classes\jdk\internal\module\ServicesCatalog.members...
[2026-07-27 12:40:28] [PROGRESS] resolve files> Scanning D:\MigrationReportTool\Backend\MigrationReport\migration-api-db\trap\java\classes\jdk\internal\ref...
[2026-07-27 12:40:28] [PROGRESS] resolve files> Scanning D:\MigrationReportTool\Backend\MigrationReport\migration-api-db\trap\java\classes\jdk\internal\ref\Cleaner.members...
[2026-07-27 12:40:28] [PROGRESS] resolve files> Scanning D:\MigrationReportTool\Backend\MigrationReport\migration-api-db\trap\java\classes\jdk\internal\ref\CleanerImpl.members...
[2026-07-27 12:40:28] [PROGRESS] resolve files> Scanning D:\MigrationReportTool\Backend\MigrationReport\migration-api-db\trap\java\classes\jdk\internal\ref\PhantomCleanable.members...
[2026-07-27 12:40:28] [PROGRESS] resolve files> Scanning D:\MigrationReportTool\Backend\MigrationReport\migration-api-db\trap\java\classes\jdk\internal\reflect...
[2026-07-27 12:40:28] [PROGRESS] resolve files> Scanning D:\MigrationReportTool\Backend\MigrationReport\migration-api-db\trap\java\classes\jdk\internal\reflect\CallerSensitive.members...
[2026-07-27 12:40:28] [PROGRESS] resolve files> Scanning D:\MigrationReportTool\Backend\MigrationReport\migration-api-db\trap\java\classes\jdk\internal\reflect\ConstantPool$Tag.members...
[2026-07-27 12:40:28] [PROGRESS] resolve files> Scanning D:\MigrationReportTool\Backend\MigrationReport\migration-api-db\trap\java\classes\jdk\internal\reflect\ConstantPool.members...
[2026-07-27 12:40:28] [PROGRESS] resolve files> Scanning D:\MigrationReportTool\Backend\MigrationReport\migration-api-db\trap\java\classes\jdk\internal\reflect\ConstructorAccessor.members...
[2026-07-27 12:40:28] [PROGRESS] resolve files> Scanning D:\MigrationReportTool\Backend\MigrationReport\migration-api-db\trap\java\classes\jdk\internal\reflect\FieldAccessor.members...
[2026-07-27 12:40:28] [PROGRESS] resolve files> Scanning D:\MigrationReportTool\Backend\MigrationReport\migration-api-db\trap\java\classes\jdk\internal\reflect\MagicAccessorImpl.members...
[2026-07-27 12:40:28] [PROGRESS] resolve files> Scanning D:\MigrationReportTool\Backend\MigrationReport\migration-api-db\trap\java\classes\jdk\internal\reflect\MethodAccessor.members...
[2026-07-27 12:40:28] [PROGRESS] resolve files> Scanning D:\MigrationReportTool\Backend\MigrationReport\migration-api-db\trap\java\classes\jdk\internal\reflect\MethodAccessorImpl.members...
[2026-07-27 12:40:28] [PROGRESS] resolve files> Scanning D:\MigrationReportTool\Backend\MigrationReport\migration-api-db\trap\java\classes\jdk\internal\reflect\ReflectionFactory.members...
[2026-07-27 12:40:28] [PROGRESS] resolve files> Scanning D:\MigrationReportTool\Backend\MigrationReport\migration-api-db\trap\java\classes\jdk\internal\util...
[2026-07-27 12:40:28] [PROGRESS] resolve files> Scanning D:\MigrationReportTool\Backend\MigrationReport\migration-api-db\trap\java\classes\jdk\internal\util\ClassFileDumper.members...
[2026-07-27 12:40:28] [PROGRESS] resolve files> Scanning D:\MigrationReportTool\Backend\MigrationReport\migration-api-db\trap\java\classes\jdk\internal\util\random...
[2026-07-27 12:40:28] [PROGRESS] resolve files> Scanning D:\MigrationReportTool\Backend\MigrationReport\migration-api-db\trap\java\classes\jdk\internal\util\random\RandomSupport$RandomGeneratorProperties.members...
[2026-07-27 12:40:28] [PROGRESS] resolve files> Scanning D:\MigrationReportTool\Backend\MigrationReport\migration-api-db\trap\java\classes\jdk\internal\util\random\RandomSupport.members...
[2026-07-27 12:40:28] [PROGRESS] resolve files> Scanning D:\MigrationReportTool\Backend\MigrationReport\migration-api-db\trap\java\classes\jdk\internal\ValueBased.members...
[2026-07-27 12:40:28] [PROGRESS] resolve files> Scanning D:\MigrationReportTool\Backend\MigrationReport\migration-api-db\trap\java\classes\jdk\internal\vm...
[2026-07-27 12:40:28] [PROGRESS] resolve files> Scanning D:\MigrationReportTool\Backend\MigrationReport\migration-api-db\trap\java\classes\jdk\internal\vm\annotation...
[2026-07-27 12:40:28] [PROGRESS] resolve files> Scanning D:\MigrationReportTool\Backend\MigrationReport\migration-api-db\trap\java\classes\jdk\internal\vm\annotation\Contended.members...
[2026-07-27 12:40:28] [PROGRESS] resolve files> Scanning D:\MigrationReportTool\Backend\MigrationReport\migration-api-db\trap\java\classes\jdk\internal\vm\annotation\DontInline.members...
[2026-07-27 12:40:28] [PROGRESS] resolve files> Scanning D:\MigrationReportTool\Backend\MigrationReport\migration-api-db\trap\java\classes\jdk\internal\vm\annotation\ForceInline.members...
[2026-07-27 12:40:28] [PROGRESS] resolve files> Scanning D:\MigrationReportTool\Backend\MigrationReport\migration-api-db\trap\java\classes\jdk\internal\vm\annotation\Hidden.members...
[2026-07-27 12:40:28] [PROGRESS] resolve files> Scanning D:\MigrationReportTool\Backend\MigrationReport\migration-api-db\trap\java\classes\jdk\internal\vm\annotation\IntrinsicCandidate.members...
[2026-07-27 12:40:28] [PROGRESS] resolve files> Scanning D:\MigrationReportTool\Backend\MigrationReport\migration-api-db\trap\java\classes\jdk\internal\vm\annotation\ReservedStackAccess.members...
[2026-07-27 12:40:28] [PROGRESS] resolve files> Scanning D:\MigrationReportTool\Backend\MigrationReport\migration-api-db\trap\java\classes\jdk\internal\vm\annotation\Stable.members...
[2026-07-27 12:40:28] [PROGRESS] resolve files> Scanning D:\MigrationReportTool\Backend\MigrationReport\migration-api-db\trap\java\classes\jdk\internal\vm\Continuation$Pinned.members...
[2026-07-27 12:40:28] [PROGRESS] resolve files> Scanning D:\MigrationReportTool\Backend\MigrationReport\migration-api-db\trap\java\classes\jdk\internal\vm\Continuation$PreemptStatus.members...
[2026-07-27 12:40:28] [PROGRESS] resolve files> Scanning D:\MigrationReportTool\Backend\MigrationReport\migration-api-db\trap\java\classes\jdk\internal\vm\Continuation.members...
[2026-07-27 12:40:28] [PROGRESS] resolve files> Scanning D:\MigrationReportTool\Backend\MigrationReport\migration-api-db\trap\java\classes\jdk\internal\vm\ContinuationScope.members...
[2026-07-27 12:40:28] [PROGRESS] resolve files> Scanning D:\MigrationReportTool\Backend\MigrationReport\migration-api-db\trap\java\classes\jdk\internal\vm\ScopedValueContainer$BindingsSnapshot.members...
[2026-07-27 12:40:28] [PROGRESS] resolve files> Scanning D:\MigrationReportTool\Backend\MigrationReport\migration-api-db\trap\java\classes\jdk\internal\vm\ScopedValueContainer.members...
[2026-07-27 12:40:28] [PROGRESS] resolve files> Scanning D:\MigrationReportTool\Backend\MigrationReport\migration-api-db\trap\java\classes\jdk\internal\vm\SharedThreadContainer.members...
[2026-07-27 12:40:28] [PROGRESS] resolve files> Scanning D:\MigrationReportTool\Backend\MigrationReport\migration-api-db\trap\java\classes\jdk\internal\vm\StackableScope.members...
[2026-07-27 12:40:28] [PROGRESS] resolve files> Scanning D:\MigrationReportTool\Backend\MigrationReport\migration-api-db\trap\java\classes\jdk\internal\vm\ThreadContainer.members...
[2026-07-27 12:40:28] [PROGRESS] resolve files> Scanning D:\MigrationReportTool\Backend\MigrationReport\migration-api-db\trap\java\classes\jdk\internal\vm\vector...
[2026-07-27 12:40:28] [PROGRESS] resolve files> Scanning D:\MigrationReportTool\Backend\MigrationReport\migration-api-db\trap\java\classes\jdk\internal\vm\vector\VectorSupport$BinaryOperation.members...
[2026-07-27 12:40:28] [PROGRESS] resolve files> Scanning D:\MigrationReportTool\Backend\MigrationReport\migration-api-db\trap\java\classes\jdk\internal\vm\vector\VectorSupport$CompressExpandOperation.members...
[2026-07-27 12:40:28] [PROGRESS] resolve files> Scanning D:\MigrationReportTool\Backend\MigrationReport\migration-api-db\trap\java\classes\jdk\internal\vm\vector\VectorSupport$FromBitsCoercedOperation.members...
[2026-07-27 12:40:28] [PROGRESS] resolve files> Scanning D:\MigrationReportTool\Backend\MigrationReport\migration-api-db\trap\java\classes\jdk\internal\vm\vector\VectorSupport$IndexOperation.members...
[2026-07-27 12:40:28] [PROGRESS] resolve files> Scanning D:\MigrationReportTool\Backend\MigrationReport\migration-api-db\trap\java\classes\jdk\internal\vm\vector\VectorSupport$IndexPartiallyInUpperRangeOperation.members...
[2026-07-27 12:40:28] [PROGRESS] resolve files> Scanning D:\MigrationReportTool\Backend\MigrationReport\migration-api-db\trap\java\classes\jdk\internal\vm\vector\VectorSupport$LoadOperation.members...
[2026-07-27 12:40:28] [PROGRESS] resolve files> Scanning D:\MigrationReportTool\Backend\MigrationReport\migration-api-db\trap\java\classes\jdk\internal\vm\vector\VectorSupport$LoadVectorMaskedOperation.members...
[2026-07-27 12:40:28] [PROGRESS] resolve files> Scanning D:\MigrationReportTool\Backend\MigrationReport\migration-api-db\trap\java\classes\jdk\internal\vm\vector\VectorSupport$LoadVectorOperationWithMap.members...
[2026-07-27 12:40:28] [PROGRESS] resolve files> Scanning D:\MigrationReportTool\Backend\MigrationReport\migration-api-db\trap\java\classes\jdk\internal\vm\vector\VectorSupport$ReductionOperation.members...
[2026-07-27 12:40:28] [PROGRESS] resolve files> Scanning D:\MigrationReportTool\Backend\MigrationReport\migration-api-db\trap\java\classes\jdk\internal\vm\vector\VectorSupport$ShuffleIotaOperation.members...
[2026-07-27 12:40:28] [PROGRESS] resolve files> Scanning D:\MigrationReportTool\Backend\MigrationReport\migration-api-db\trap\java\classes\jdk\internal\vm\vector\VectorSupport$ShuffleToVectorOperation.members...
[2026-07-27 12:40:28] [PROGRESS] resolve files> Scanning D:\MigrationReportTool\Backend\MigrationReport\migration-api-db\trap\java\classes\jdk\internal\vm\vector\VectorSupport$StoreVectorMaskedOperation.members...
[2026-07-27 12:40:28] [PROGRESS] resolve files> Scanning D:\MigrationReportTool\Backend\MigrationReport\migration-api-db\trap\java\classes\jdk\internal\vm\vector\VectorSupport$StoreVectorOperation.members...
[2026-07-27 12:40:28] [PROGRESS] resolve files> Scanning D:\MigrationReportTool\Backend\MigrationReport\migration-api-db\trap\java\classes\jdk\internal\vm\vector\VectorSupport$StoreVectorOperationWithMap.members...
[2026-07-27 12:40:28] [PROGRESS] resolve files> Scanning D:\MigrationReportTool\Backend\MigrationReport\migration-api-db\trap\java\classes\jdk\internal\vm\vector\VectorSupport$TernaryOperation.members...
[2026-07-27 12:40:28] [PROGRESS] resolve files> Scanning D:\MigrationReportTool\Backend\MigrationReport\migration-api-db\trap\java\classes\jdk\internal\vm\vector\VectorSupport$UnaryOperation.members...
[2026-07-27 12:40:28] [PROGRESS] resolve files> Scanning D:\MigrationReportTool\Backend\MigrationReport\migration-api-db\trap\java\classes\jdk\internal\vm\vector\VectorSupport$VecExtractOp.members...
[2026-07-27 12:40:28] [PROGRESS] resolve files> Scanning D:\MigrationReportTool\Backend\MigrationReport\migration-api-db\trap\java\classes\jdk\internal\vm\vector\VectorSupport$VecInsertOp.members...
[2026-07-27 12:40:28] [PROGRESS] resolve files> Scanning D:\MigrationReportTool\Backend\MigrationReport\migration-api-db\trap\java\classes\jdk\internal\vm\vector\VectorSupport$Vector.members...
[2026-07-27 12:40:28] [PROGRESS] resolve files> Scanning D:\MigrationReportTool\Backend\MigrationReport\migration-api-db\trap\java\classes\jdk\internal\vm\vector\VectorSupport$VectorBlendOp.members...
[2026-07-27 12:40:28] [PROGRESS] resolve files> Scanning D:\MigrationReportTool\Backend\MigrationReport\migration-api-db\trap\java\classes\jdk\internal\vm\vector\VectorSupport$VectorBroadcastIntOp.members...
[2026-07-27 12:40:28] [PROGRESS] resolve files> Scanning D:\MigrationReportTool\Backend\MigrationReport\migration-api-db\trap\java\classes\jdk\internal\vm\vector\VectorSupport$VectorCompareOp.members...
[2026-07-27 12:40:28] [PROGRESS] resolve files> Scanning D:\MigrationReportTool\Backend\MigrationReport\migration-api-db\trap\java\classes\jdk\internal\vm\vector\VectorSupport$VectorConvertOp.members...
[2026-07-27 12:40:28] [PROGRESS] resolve files> Scanning D:\MigrationReportTool\Backend\MigrationReport\migration-api-db\trap\java\classes\jdk\internal\vm\vector\VectorSupport$VectorMask.members...
[2026-07-27 12:40:28] [PROGRESS] resolve files> Scanning D:\MigrationReportTool\Backend\MigrationReport\migration-api-db\trap\java\classes\jdk\internal\vm\vector\VectorSupport$VectorMaskOp.members...
[2026-07-27 12:40:28] [PROGRESS] resolve files> Scanning D:\MigrationReportTool\Backend\MigrationReport\migration-api-db\trap\java\classes\jdk\internal\vm\vector\VectorSupport$VectorPayload.members...
[2026-07-27 12:40:28] [PROGRESS] resolve files> Scanning D:\MigrationReportTool\Backend\MigrationReport\migration-api-db\trap\java\classes\jdk\internal\vm\vector\VectorSupport$VectorRearrangeOp.members...
[2026-07-27 12:40:28] [PROGRESS] resolve files> Scanning D:\MigrationReportTool\Backend\MigrationReport\migration-api-db\trap\java\classes\jdk\internal\vm\vector\VectorSupport$VectorShuffle.members...
[2026-07-27 12:40:28] [PROGRESS] resolve files> Scanning D:\MigrationReportTool\Backend\MigrationReport\migration-api-db\trap\java\classes\jdk\internal\vm\vector\VectorSupport$VectorSpecies.members...
[2026-07-27 12:40:28] [PROGRESS] resolve files> Scanning D:\MigrationReportTool\Backend\MigrationReport\migration-api-db\trap\java\classes\jdk\internal\vm\vector\VectorSupport.members...
[2026-07-27 12:40:28] [PROGRESS] resolve files> Scanning D:\MigrationReportTool\Backend\MigrationReport\migration-api-db\trap\java\classes\lombok...
[2026-07-27 12:40:28] [PROGRESS] resolve files> Scanning D:\MigrationReportTool\Backend\MigrationReport\migration-api-db\trap\java\classes\lombok\AccessLevel.members...
[2026-07-27 12:40:28] [PROGRESS] resolve files> Scanning D:\MigrationReportTool\Backend\MigrationReport\migration-api-db\trap\java\classes\lombok\AllArgsConstructor$AnyAnnotation.members...
[2026-07-27 12:40:28] [PROGRESS] resolve files> Scanning D:\MigrationReportTool\Backend\MigrationReport\migration-api-db\trap\java\classes\lombok\AllArgsConstructor.members...
[2026-07-27 12:40:28] [PROGRESS] resolve files> Scanning D:\MigrationReportTool\Backend\MigrationReport\migration-api-db\trap\java\classes\lombok\Data.members...
[2026-07-27 12:40:28] [PROGRESS] resolve files> Scanning D:\MigrationReportTool\Backend\MigrationReport\migration-api-db\trap\java\classes\lombok\extern...
[2026-07-27 12:40:28] [PROGRESS] resolve files> Scanning D:\MigrationReportTool\Backend\MigrationReport\migration-api-db\trap\java\classes\lombok\extern\slf4j...
[2026-07-27 12:40:28] [PROGRESS] resolve files> Scanning D:\MigrationReportTool\Backend\MigrationReport\migration-api-db\trap\java\classes\lombok\extern\slf4j\Slf4j.members...
[2026-07-27 12:40:28] [PROGRESS] resolve files> Scanning D:\MigrationReportTool\Backend\MigrationReport\migration-api-db\trap\java\classes\lombok\Generated.members...
[2026-07-27 12:40:28] [PROGRESS] resolve files> Scanning D:\MigrationReportTool\Backend\MigrationReport\migration-api-db\trap\java\classes\lombok\NoArgsConstructor$AnyAnnotation.members...
[2026-07-27 12:40:28] [PROGRESS] resolve files> Scanning D:\MigrationReportTool\Backend\MigrationReport\migration-api-db\trap\java\classes\lombok\NoArgsConstructor.members...
[2026-07-27 12:40:28] [PROGRESS] resolve files> Scanning D:\MigrationReportTool\Backend\MigrationReport\migration-api-db\trap\java\classes\lombok\RequiredArgsConstructor$AnyAnnotation.members...
[2026-07-27 12:40:28] [PROGRESS] resolve files> Scanning D:\MigrationReportTool\Backend\MigrationReport\migration-api-db\trap\java\classes\lombok\RequiredArgsConstructor.members...
[2026-07-27 12:40:28] [PROGRESS] resolve files> Scanning D:\MigrationReportTool\Backend\MigrationReport\migration-api-db\trap\java\classes\org...
[2026-07-27 12:40:28] [PROGRESS] resolve files> Scanning D:\MigrationReportTool\Backend\MigrationReport\migration-api-db\trap\java\classes\org\apache...
[2026-07-27 12:40:28] [PROGRESS] resolve files> Scanning D:\MigrationReportTool\Backend\MigrationReport\migration-api-db\trap\java\classes\org\apache\commons...
[2026-07-27 12:40:28] [PROGRESS] resolve files> Scanning D:\MigrationReportTool\Backend\MigrationReport\migration-api-db\trap\java\classes\org\apache\commons\logging...
[2026-07-27 12:40:28] [PROGRESS] resolve files> Scanning D:\MigrationReportTool\Backend\MigrationReport\migration-api-db\trap\java\classes\org\apache\commons\logging\Log.members...
[2026-07-27 12:40:28] [PROGRESS] resolve files> Scanning D:\MigrationReportTool\Backend\MigrationReport\migration-api-db\trap\java\classes\org\apiguardian...
[2026-07-27 12:40:28] [PROGRESS] resolve files> Scanning D:\MigrationReportTool\Backend\MigrationReport\migration-api-db\trap\java\classes\org\apiguardian\api...
[2026-07-27 12:40:28] [PROGRESS] resolve files> Scanning D:\MigrationReportTool\Backend\MigrationReport\migration-api-db\trap\java\classes\org\apiguardian\api\API$Status.members...
[2026-07-27 12:40:28] [PROGRESS] resolve files> Scanning D:\MigrationReportTool\Backend\MigrationReport\migration-api-db\trap\java\classes\org\apiguardian\api\API.members...
[2026-07-27 12:40:28] [PROGRESS] resolve files> Scanning D:\MigrationReportTool\Backend\MigrationReport\migration-api-db\trap\java\classes\org\junit...
[2026-07-27 12:40:28] [PROGRESS] resolve files> Scanning D:\MigrationReportTool\Backend\MigrationReport\migration-api-db\trap\java\classes\org\junit\jupiter...
[2026-07-27 12:40:28] [PROGRESS] resolve files> Scanning D:\MigrationReportTool\Backend\MigrationReport\migration-api-db\trap\java\classes\org\junit\jupiter\api...
[2026-07-27 12:40:28] [PROGRESS] resolve files> Scanning D:\MigrationReportTool\Backend\MigrationReport\migration-api-db\trap\java\classes\org\junit\jupiter\api\Assertions.members...
[2026-07-27 12:40:28] [PROGRESS] resolve files> Scanning D:\MigrationReportTool\Backend\MigrationReport\migration-api-db\trap\java\classes\org\junit\jupiter\api\extension...
[2026-07-27 12:40:28] [PROGRESS] resolve files> Scanning D:\MigrationReportTool\Backend\MigrationReport\migration-api-db\trap\java\classes\org\junit\jupiter\api\extension\AfterAllCallback.members...
[2026-07-27 12:40:28] [PROGRESS] resolve files> Scanning D:\MigrationReportTool\Backend\MigrationReport\migration-api-db\trap\java\classes\org\junit\jupiter\api\extension\AfterEachCallback.members...
[2026-07-27 12:40:28] [PROGRESS] resolve files> Scanning D:\MigrationReportTool\Backend\MigrationReport\migration-api-db\trap\java\classes\org\junit\jupiter\api\extension\AfterTestExecutionCallback.members...
[2026-07-27 12:40:28] [PROGRESS] resolve files> Scanning D:\MigrationReportTool\Backend\MigrationReport\migration-api-db\trap\java\classes\org\junit\jupiter\api\extension\AnnotatedElementContext.members...
[2026-07-27 12:40:28] [PROGRESS] resolve files> Scanning D:\MigrationReportTool\Backend\MigrationReport\migration-api-db\trap\java\classes\org\junit\jupiter\api\extension\BeforeAllCallback.members...
[2026-07-27 12:40:28] [PROGRESS] resolve files> Scanning D:\MigrationReportTool\Backend\MigrationReport\migration-api-db\trap\java\classes\org\junit\jupiter\api\extension\BeforeEachCallback.members...
[2026-07-27 12:40:28] [PROGRESS] resolve files> Scanning D:\MigrationReportTool\Backend\MigrationReport\migration-api-db\trap\java\classes\org\junit\jupiter\api\extension\BeforeTestExecutionCallback.members...
[2026-07-27 12:40:28] [PROGRESS] resolve files> Scanning D:\MigrationReportTool\Backend\MigrationReport\migration-api-db\trap\java\classes\org\junit\jupiter\api\extension\ExecutableInvoker.members...
[2026-07-27 12:40:28] [PROGRESS] resolve files> Scanning D:\MigrationReportTool\Backend\MigrationReport\migration-api-db\trap\java\classes\org\junit\jupiter\api\extension\ExtendWith.members...
[2026-07-27 12:40:28] [PROGRESS] resolve files> Scanning D:\MigrationReportTool\Backend\MigrationReport\migration-api-db\trap\java\classes\org\junit\jupiter\api\extension\Extension.members...
[2026-07-27 12:40:28] [PROGRESS] resolve files> Scanning D:\MigrationReportTool\Backend\MigrationReport\migration-api-db\trap\java\classes\org\junit\jupiter\api\extension\ExtensionContext$Namespace.members...
[2026-07-27 12:40:28] [PROGRESS] resolve files> Scanning D:\MigrationReportTool\Backend\MigrationReport\migration-api-db\trap\java\classes\org\junit\jupiter\api\extension\ExtensionContext$Store.members...
[2026-07-27 12:40:28] [PROGRESS] resolve files> Scanning D:\MigrationReportTool\Backend\MigrationReport\migration-api-db\trap\java\classes\org\junit\jupiter\api\extension\ExtensionContext$StoreScope.members...
[2026-07-27 12:40:28] [PROGRESS] resolve files> Scanning D:\MigrationReportTool\Backend\MigrationReport\migration-api-db\trap\java\classes\org\junit\jupiter\api\extension\ExtensionContext.members...
[2026-07-27 12:40:28] [PROGRESS] resolve files> Scanning D:\MigrationReportTool\Backend\MigrationReport\migration-api-db\trap\java\classes\org\junit\jupiter\api\extension\Extensions.members...
[2026-07-27 12:40:28] [PROGRESS] resolve files> Scanning D:\MigrationReportTool\Backend\MigrationReport\migration-api-db\trap\java\classes\org\junit\jupiter\api\extension\MediaType.members...
[2026-07-27 12:40:28] [PROGRESS] resolve files> Scanning D:\MigrationReportTool\Backend\MigrationReport\migration-api-db\trap\java\classes\org\junit\jupiter\api\extension\ParameterContext.members...
[2026-07-27 12:40:28] [PROGRESS] resolve files> Scanning D:\MigrationReportTool\Backend\MigrationReport\migration-api-db\trap\java\classes\org\junit\jupiter\api\extension\ParameterResolutionException.members...
[2026-07-27 12:40:28] [PROGRESS] resolve files> Scanning D:\MigrationReportTool\Backend\MigrationReport\migration-api-db\trap\java\classes\org\junit\jupiter\api\extension\ParameterResolver.members...
[2026-07-27 12:40:28] [PROGRESS] resolve files> Scanning D:\MigrationReportTool\Backend\MigrationReport\migration-api-db\trap\java\classes\org\junit\jupiter\api\extension\TestInstancePostProcessor.members...
[2026-07-27 12:40:28] [PROGRESS] resolve files> Scanning D:\MigrationReportTool\Backend\MigrationReport\migration-api-db\trap\java\classes\org\junit\jupiter\api\extension\TestInstances.members...
[2026-07-27 12:40:28] [PROGRESS] resolve files> Scanning D:\MigrationReportTool\Backend\MigrationReport\migration-api-db\trap\java\classes\org\junit\jupiter\api\extension\TestInstantiationAwareExtension$ExtensionContextScope.members...
[2026-07-27 12:40:28] [PROGRESS] resolve files> Scanning D:\MigrationReportTool\Backend\MigrationReport\migration-api-db\trap\java\classes\org\junit\jupiter\api\extension\TestInstantiationAwareExtension.members...
[2026-07-27 12:40:28] [PROGRESS] resolve files> Scanning D:\MigrationReportTool\Backend\MigrationReport\migration-api-db\trap\java\classes\org\junit\jupiter\api\function...
[2026-07-27 12:40:28] [PROGRESS] resolve files> Scanning D:\MigrationReportTool\Backend\MigrationReport\migration-api-db\trap\java\classes\org\junit\jupiter\api\function\Executable.members...
[2026-07-27 12:40:28] [PROGRESS] resolve files> Scanning D:\MigrationReportTool\Backend\MigrationReport\migration-api-db\trap\java\classes\org\junit\jupiter\api\function\ThrowingConsumer.members...
[2026-07-27 12:40:28] [PROGRESS] resolve files> Scanning D:\MigrationReportTool\Backend\MigrationReport\migration-api-db\trap\java\classes\org\junit\jupiter\api\function\ThrowingSupplier.members...
[2026-07-27 12:40:28] [PROGRESS] resolve files> Scanning D:\MigrationReportTool\Backend\MigrationReport\migration-api-db\trap\java\classes\org\junit\jupiter\api\MediaType.members...
[2026-07-27 12:40:28] [PROGRESS] resolve files> Scanning D:\MigrationReportTool\Backend\MigrationReport\migration-api-db\trap\java\classes\org\junit\jupiter\api\parallel...
[2026-07-27 12:40:28] [PROGRESS] resolve files> Scanning D:\MigrationReportTool\Backend\MigrationReport\migration-api-db\trap\java\classes\org\junit\jupiter\api\parallel\ExecutionMode.members...
[2026-07-27 12:40:28] [PROGRESS] resolve files> Scanning D:\MigrationReportTool\Backend\MigrationReport\migration-api-db\trap\java\classes\org\junit\jupiter\api\Test.members...
[2026-07-27 12:40:28] [PROGRESS] resolve files> Scanning D:\MigrationReportTool\Backend\MigrationReport\migration-api-db\trap\java\classes\org\junit\jupiter\api\TestInstance$Lifecycle.members...
[2026-07-27 12:40:28] [PROGRESS] resolve files> Scanning D:\MigrationReportTool\Backend\MigrationReport\migration-api-db\trap\java\classes\org\junit\jupiter\api\TestInstance.members...
[2026-07-27 12:40:28] [PROGRESS] resolve files> Scanning D:\MigrationReportTool\Backend\MigrationReport\migration-api-db\trap\java\classes\org\junit\platform...
[2026-07-27 12:40:28] [PROGRESS] resolve files> Scanning D:\MigrationReportTool\Backend\MigrationReport\migration-api-db\trap\java\classes\org\junit\platform\commons...
[2026-07-27 12:40:28] [PROGRESS] resolve files> Scanning D:\MigrationReportTool\Backend\MigrationReport\migration-api-db\trap\java\classes\org\junit\platform\commons\annotation...
[2026-07-27 12:40:28] [PROGRESS] resolve files> Scanning D:\MigrationReportTool\Backend\MigrationReport\migration-api-db\trap\java\classes\org\junit\platform\commons\annotation\Contract.members...
[2026-07-27 12:40:28] [PROGRESS] resolve files> Scanning D:\MigrationReportTool\Backend\MigrationReport\migration-api-db\trap\java\classes\org\junit\platform\commons\annotation\Testable.members...
[2026-07-27 12:40:28] [PROGRESS] resolve files> Scanning D:\MigrationReportTool\Backend\MigrationReport\migration-api-db\trap\java\classes\org\junit\platform\commons\JUnitException.members...
[2026-07-27 12:40:28] [PROGRESS] resolve files> Scanning D:\MigrationReportTool\Backend\MigrationReport\migration-api-db\trap\java\classes\org\opentest4j...
[2026-07-27 12:40:28] [PROGRESS] resolve files> Scanning D:\MigrationReportTool\Backend\MigrationReport\migration-api-db\trap\java\classes\org\opentest4j\MultipleFailuresError.members...
[2026-07-27 12:40:28] [PROGRESS] resolve files> Scanning D:\MigrationReportTool\Backend\MigrationReport\migration-api-db\trap\java\classes\org\slf4j...
[2026-07-27 12:40:28] [PROGRESS] resolve files> Scanning D:\MigrationReportTool\Backend\MigrationReport\migration-api-db\trap\java\classes\org\slf4j\event...
[2026-07-27 12:40:28] [PROGRESS] resolve files> Scanning D:\MigrationReportTool\Backend\MigrationReport\migration-api-db\trap\java\classes\org\slf4j\event\KeyValuePair.members...
[2026-07-27 12:40:28] [PROGRESS] resolve files> Scanning D:\MigrationReportTool\Backend\MigrationReport\migration-api-db\trap\java\classes\org\slf4j\event\Level.members...
[2026-07-27 12:40:28] [PROGRESS] resolve files> Scanning D:\MigrationReportTool\Backend\MigrationReport\migration-api-db\trap\java\classes\org\slf4j\event\LoggingEvent.members...
[2026-07-27 12:40:28] [PROGRESS] resolve files> Scanning D:\MigrationReportTool\Backend\MigrationReport\migration-api-db\trap\java\classes\org\slf4j\event\SubstituteLoggingEvent.members...
[2026-07-27 12:40:28] [PROGRESS] resolve files> Scanning D:\MigrationReportTool\Backend\MigrationReport\migration-api-db\trap\java\classes\org\slf4j\helpers...
[2026-07-27 12:40:28] [PROGRESS] resolve files> Scanning D:\MigrationReportTool\Backend\MigrationReport\migration-api-db\trap\java\classes\org\slf4j\helpers\CheckReturnValue.members...
[2026-07-27 12:40:28] [PROGRESS] resolve files> Scanning D:\MigrationReportTool\Backend\MigrationReport\migration-api-db\trap\java\classes\org\slf4j\helpers\NOP_FallbackServiceProvider.members...
[2026-07-27 12:40:28] [PROGRESS] resolve files> Scanning D:\MigrationReportTool\Backend\MigrationReport\migration-api-db\trap\java\classes\org\slf4j\helpers\SubstituteLogger.members...
[2026-07-27 12:40:28] [PROGRESS] resolve files> Scanning D:\MigrationReportTool\Backend\MigrationReport\migration-api-db\trap\java\classes\org\slf4j\helpers\SubstituteLoggerFactory.members...
[2026-07-27 12:40:28] [PROGRESS] resolve files> Scanning D:\MigrationReportTool\Backend\MigrationReport\migration-api-db\trap\java\classes\org\slf4j\helpers\SubstituteServiceProvider.members...
[2026-07-27 12:40:28] [PROGRESS] resolve files> Scanning D:\MigrationReportTool\Backend\MigrationReport\migration-api-db\trap\java\classes\org\slf4j\ILoggerFactory.members...
[2026-07-27 12:40:28] [PROGRESS] resolve files> Scanning D:\MigrationReportTool\Backend\MigrationReport\migration-api-db\trap\java\classes\org\slf4j\IMarkerFactory.members...
[2026-07-27 12:40:28] [PROGRESS] resolve files> Scanning D:\MigrationReportTool\Backend\MigrationReport\migration-api-db\trap\java\classes\org\slf4j\Logger.members...
[2026-07-27 12:40:28] [PROGRESS] resolve files> Scanning D:\MigrationReportTool\Backend\MigrationReport\migration-api-db\trap\java\classes\org\slf4j\LoggerFactory.members...
[2026-07-27 12:40:28] [PROGRESS] resolve files> Scanning D:\MigrationReportTool\Backend\MigrationReport\migration-api-db\trap\java\classes\org\slf4j\Marker.members...
[2026-07-27 12:40:28] [PROGRESS] resolve files> Scanning D:\MigrationReportTool\Backend\MigrationReport\migration-api-db\trap\java\classes\org\slf4j\spi...
[2026-07-27 12:40:28] [PROGRESS] resolve files> Scanning D:\MigrationReportTool\Backend\MigrationReport\migration-api-db\trap\java\classes\org\slf4j\spi\LoggingEventBuilder.members...
[2026-07-27 12:40:28] [PROGRESS] resolve files> Scanning D:\MigrationReportTool\Backend\MigrationReport\migration-api-db\trap\java\classes\org\slf4j\spi\MDCAdapter.members...
[2026-07-27 12:40:28] [PROGRESS] resolve files> Scanning D:\MigrationReportTool\Backend\MigrationReport\migration-api-db\trap\java\classes\org\slf4j\spi\SLF4JServiceProvider.members...
[2026-07-27 12:40:28] [PROGRESS] resolve files> Scanning D:\MigrationReportTool\Backend\MigrationReport\migration-api-db\trap\java\classes\org\springframework...
[2026-07-27 12:40:28] [PROGRESS] resolve files> Scanning D:\MigrationReportTool\Backend\MigrationReport\migration-api-db\trap\java\classes\org\springframework\aot...
[2026-07-27 12:40:28] [PROGRESS] resolve files> Scanning D:\MigrationReportTool\Backend\MigrationReport\migration-api-db\trap\java\classes\org\springframework\aot\hint...
[2026-07-27 12:40:28] [PROGRESS] resolve files> Scanning D:\MigrationReportTool\Backend\MigrationReport\migration-api-db\trap\java\classes\org\springframework\aot\hint\annotation...
[2026-07-27 12:40:28] [PROGRESS] resolve files> Scanning D:\MigrationReportTool\Backend\MigrationReport\migration-api-db\trap\java\classes\org\springframework\aot\hint\annotation\Reflective.members...
[2026-07-27 12:40:28] [PROGRESS] resolve files> Scanning D:\MigrationReportTool\Backend\MigrationReport\migration-api-db\trap\java\classes\org\springframework\aot\hint\annotation\ReflectiveProcessor.members...
[2026-07-27 12:40:28] [PROGRESS] resolve files> Scanning D:\MigrationReportTool\Backend\MigrationReport\migration-api-db\trap\java\classes\org\springframework\aot\hint\annotation\SimpleReflectiveProcessor.members...
[2026-07-27 12:40:28] [PROGRESS] resolve files> Scanning D:\MigrationReportTool\Backend\MigrationReport\migration-api-db\trap\java\classes\org\springframework\aot\hint\BindingReflectionHintsRegistrar.members...
[2026-07-27 12:40:28] [PROGRESS] resolve files> Scanning D:\MigrationReportTool\Backend\MigrationReport\migration-api-db\trap\java\classes\org\springframework\aot\hint\ConditionalHint.members...
[2026-07-27 12:40:28] [PROGRESS] resolve files> Scanning D:\MigrationReportTool\Backend\MigrationReport\migration-api-db\trap\java\classes\org\springframework\aot\hint\ExecutableHint$Builder.members...
[2026-07-27 12:40:28] [PROGRESS] resolve files> Scanning D:\MigrationReportTool\Backend\MigrationReport\migration-api-db\trap\java\classes\org\springframework\aot\hint\ExecutableHint.members...
[2026-07-27 12:40:28] [PROGRESS] resolve files> Scanning D:\MigrationReportTool\Backend\MigrationReport\migration-api-db\trap\java\classes\org\springframework\aot\hint\ExecutableMode.members...
[2026-07-27 12:40:28] [PROGRESS] resolve files> Scanning D:\MigrationReportTool\Backend\MigrationReport\migration-api-db\trap\java\classes\org\springframework\aot\hint\FieldHint.members...
[2026-07-27 12:40:28] [PROGRESS] resolve files> Scanning D:\MigrationReportTool\Backend\MigrationReport\migration-api-db\trap\java\classes\org\springframework\aot\hint\LambdaHint$Builder.members...
[2026-07-27 12:40:28] [PROGRESS] resolve files> Scanning D:\MigrationReportTool\Backend\MigrationReport\migration-api-db\trap\java\classes\org\springframework\aot\hint\LambdaHint$DeclaringMethod.members...
[2026-07-27 12:40:28] [PROGRESS] resolve files> Scanning D:\MigrationReportTool\Backend\MigrationReport\migration-api-db\trap\java\classes\org\springframework\aot\hint\LambdaHint.members...
[2026-07-27 12:40:28] [PROGRESS] resolve files> Scanning D:\MigrationReportTool\Backend\MigrationReport\migration-api-db\trap\java\classes\org\springframework\aot\hint\MemberCategory.members...
[2026-07-27 12:40:28] [PROGRESS] resolve files> Scanning D:\MigrationReportTool\Backend\MigrationReport\migration-api-db\trap\java\classes\org\springframework\aot\hint\MemberHint.members...
[2026-07-27 12:40:28] [PROGRESS] resolve files> Scanning D:\MigrationReportTool\Backend\MigrationReport\migration-api-db\trap\java\classes\org\springframework\aot\hint\ReflectionHints.members...
[2026-07-27 12:40:28] [PROGRESS] resolve files> Scanning D:\MigrationReportTool\Backend\MigrationReport\migration-api-db\trap\java\classes\org\springframework\aot\hint\TypeHint$Builder.members...
[2026-07-27 12:40:28] [PROGRESS] resolve files> Scanning D:\MigrationReportTool\Backend\MigrationReport\migration-api-db\trap\java\classes\org\springframework\aot\hint\TypeHint.members...
[2026-07-27 12:40:28] [PROGRESS] resolve files> Scanning D:\MigrationReportTool\Backend\MigrationReport\migration-api-db\trap\java\classes\org\springframework\aot\hint\TypeReference.members...
[2026-07-27 12:40:28] [PROGRESS] resolve files> Scanning D:\MigrationReportTool\Backend\MigrationReport\migration-api-db\trap\java\classes\org\springframework\beans...
[2026-07-27 12:40:28] [PROGRESS] resolve files> Scanning D:\MigrationReportTool\Backend\MigrationReport\migration-api-db\trap\java\classes\org\springframework\beans\BeanMetadataAttribute.members...
[2026-07-27 12:40:28] [PROGRESS] resolve files> Scanning D:\MigrationReportTool\Backend\MigrationReport\migration-api-db\trap\java\classes\org\springframework\beans\BeanMetadataAttributeAccessor.members...
[2026-07-27 12:40:28] [PROGRESS] resolve files> Scanning D:\MigrationReportTool\Backend\MigrationReport\migration-api-db\trap\java\classes\org\springframework\beans\BeanMetadataElement.members...
[2026-07-27 12:40:28] [PROGRESS] resolve files> Scanning D:\MigrationReportTool\Backend\MigrationReport\migration-api-db\trap\java\classes\org\springframework\beans\BeansException.members...
[2026-07-27 12:40:28] [PROGRESS] resolve files> Scanning D:\MigrationReportTool\Backend\MigrationReport\migration-api-db\trap\java\classes\org\springframework\beans\ConfigurablePropertyAccessor.members...
[2026-07-27 12:40:28] [PROGRESS] resolve files> Scanning D:\MigrationReportTool\Backend\MigrationReport\migration-api-db\trap\java\classes\org\springframework\beans\factory...
[2026-07-27 12:40:28] [PROGRESS] resolve files> Scanning D:\MigrationReportTool\Backend\MigrationReport\migration-api-db\trap\java\classes\org\springframework\beans\factory\annotation...
[2026-07-27 12:40:28] [PROGRESS] resolve files> Scanning D:\MigrationReportTool\Backend\MigrationReport\migration-api-db\trap\java\classes\org\springframework\beans\factory\annotation\Autowired.members...
[2026-07-27 12:40:28] [PROGRESS] resolve files> Scanning D:\MigrationReportTool\Backend\MigrationReport\migration-api-db\trap\java\classes\org\springframework\beans\factory\annotation\Value.members...
[2026-07-27 12:40:28] [PROGRESS] resolve files> Scanning D:\MigrationReportTool\Backend\MigrationReport\migration-api-db\trap\java\classes\org\springframework\beans\factory\Aware.members...
[2026-07-27 12:40:28] [PROGRESS] resolve files> Scanning D:\MigrationReportTool\Backend\MigrationReport\migration-api-db\trap\java\classes\org\springframework\beans\factory\BeanClassLoaderAware.members...
[2026-07-27 12:40:28] [PROGRESS] resolve files> Scanning D:\MigrationReportTool\Backend\MigrationReport\migration-api-db\trap\java\classes\org\springframework\beans\factory\BeanDefinitionStoreException.members...
[2026-07-27 12:40:28] [PROGRESS] resolve files> Scanning D:\MigrationReportTool\Backend\MigrationReport\migration-api-db\trap\java\classes\org\springframework\beans\factory\BeanFactory.members...
[2026-07-27 12:40:28] [PROGRESS] resolve files> Scanning D:\MigrationReportTool\Backend\MigrationReport\migration-api-db\trap\java\classes\org\springframework\beans\factory\BeanFactoryAware.members...
[2026-07-27 12:40:28] [PROGRESS] resolve files> Scanning D:\MigrationReportTool\Backend\MigrationReport\migration-api-db\trap\java\classes\org\springframework\beans\factory\BeanNameAware.members...
[2026-07-27 12:40:28] [PROGRESS] resolve files> Scanning D:\MigrationReportTool\Backend\MigrationReport\migration-api-db\trap\java\classes\org\springframework\beans\factory\config...
[2026-07-27 12:40:28] [PROGRESS] resolve files> Scanning D:\MigrationReportTool\Backend\MigrationReport\migration-api-db\trap\java\classes\org\springframework\beans\factory\config\AutowireCapableBeanFactory.members...
[2026-07-27 12:40:28] [PROGRESS] resolve files> Scanning D:\MigrationReportTool\Backend\MigrationReport\migration-api-db\trap\java\classes\org\springframework\beans\factory\config\BeanDefinition.members...
[2026-07-27 12:40:28] [PROGRESS] resolve files> Scanning D:\MigrationReportTool\Backend\MigrationReport\migration-api-db\trap\java\classes\org\springframework\beans\factory\config\BeanExpressionContext.members...
[2026-07-27 12:40:28] [PROGRESS] resolve files> Scanning D:\MigrationReportTool\Backend\MigrationReport\migration-api-db\trap\java\classes\org\springframework\beans\factory\config\BeanExpressionResolver.members...
[2026-07-27 12:40:28] [PROGRESS] resolve files> Scanning D:\MigrationReportTool\Backend\MigrationReport\migration-api-db\trap\java\classes\org\springframework\beans\factory\config\BeanFactoryPostProcessor.members...
[2026-07-27 12:40:28] [PROGRESS] resolve files> Scanning D:\MigrationReportTool\Backend\MigrationReport\migration-api-db\trap\java\classes\org\springframework\beans\factory\config\BeanPostProcessor.members...
[2026-07-27 12:40:28] [PROGRESS] resolve files> Scanning D:\MigrationReportTool\Backend\MigrationReport\migration-api-db\trap\java\classes\org\springframework\beans\factory\config\ConfigurableBeanFactory.members...
[2026-07-27 12:40:28] [PROGRESS] resolve files> Scanning D:\MigrationReportTool\Backend\MigrationReport\migration-api-db\trap\java\classes\org\springframework\beans\factory\config\ConfigurableListableBeanFactory.members...
[2026-07-27 12:40:28] [PROGRESS] resolve files> Scanning D:\MigrationReportTool\Backend\MigrationReport\migration-api-db\trap\java\classes\org\springframework\beans\factory\config\ConstructorArgumentValues$ValueHolder.members...
[2026-07-27 12:40:28] [PROGRESS] resolve files> Scanning D:\MigrationReportTool\Backend\MigrationReport\migration-api-db\trap\java\classes\org\springframework\beans\factory\config\ConstructorArgumentValues.members...
[2026-07-27 12:40:28] [PROGRESS] resolve files> Scanning D:\MigrationReportTool\Backend\MigrationReport\migration-api-db\trap\java\classes\org\springframework\beans\factory\config\DependencyDescriptor.members...
[2026-07-27 12:40:28] [PROGRESS] resolve files> Scanning D:\MigrationReportTool\Backend\MigrationReport\migration-api-db\trap\java\classes\org\springframework\beans\factory\config\NamedBeanHolder.members...
[2026-07-27 12:40:28] [PROGRESS] resolve files> Scanning D:\MigrationReportTool\Backend\MigrationReport\migration-api-db\trap\java\classes\org\springframework\beans\factory\config\Scope.members...
[2026-07-27 12:40:28] [PROGRESS] resolve files> Scanning D:\MigrationReportTool\Backend\MigrationReport\migration-api-db\trap\java\classes\org\springframework\beans\factory\config\SingletonBeanRegistry.members...
[2026-07-27 12:40:28] [PROGRESS] resolve files> Scanning D:\MigrationReportTool\Backend\MigrationReport\migration-api-db\trap\java\classes\org\springframework\beans\factory\HierarchicalBeanFactory.members...
[2026-07-27 12:40:28] [PROGRESS] resolve files> Scanning D:\MigrationReportTool\Backend\MigrationReport\migration-api-db\trap\java\classes\org\springframework\beans\factory\InitializingBean.members...
[2026-07-27 12:40:28] [PROGRESS] resolve files> Scanning D:\MigrationReportTool\Backend\MigrationReport\migration-api-db\trap\java\classes\org\springframework\beans\factory\InjectionPoint.members...
[2026-07-27 12:40:28] [PROGRESS] resolve files> Scanning D:\MigrationReportTool\Backend\MigrationReport\migration-api-db\trap\java\classes\org\springframework\beans\factory\ListableBeanFactory.members...
[2026-07-27 12:40:28] [PROGRESS] resolve files> Scanning D:\MigrationReportTool\Backend\MigrationReport\migration-api-db\trap\java\classes\org\springframework\beans\factory\NamedBean.members...
[2026-07-27 12:40:28] [PROGRESS] resolve files> Scanning D:\MigrationReportTool\Backend\MigrationReport\migration-api-db\trap\java\classes\org\springframework\beans\factory\NoSuchBeanDefinitionException.members...
[2026-07-27 12:40:28] [PROGRESS] resolve files> Scanning D:\MigrationReportTool\Backend\MigrationReport\migration-api-db\trap\java\classes\org\springframework\beans\factory\ObjectFactory.members...
[2026-07-27 12:40:28] [PROGRESS] resolve files> Scanning D:\MigrationReportTool\Backend\MigrationReport\migration-api-db\trap\java\classes\org\springframework\beans\factory\ObjectProvider.members...
[2026-07-27 12:40:28] [PROGRESS] resolve files> Scanning D:\MigrationReportTool\Backend\MigrationReport\migration-api-db\trap\java\classes\org\springframework\beans\factory\support...
[2026-07-27 12:40:28] [PROGRESS] resolve files> Scanning D:\MigrationReportTool\Backend\MigrationReport\migration-api-db\trap\java\classes\org\springframework\beans\factory\support\BeanDefinitionRegistry.members...
[2026-07-27 12:40:28] [PROGRESS] resolve files> Scanning D:\MigrationReportTool\Backend\MigrationReport\migration-api-db\trap\java\classes\org\springframework\beans\factory\support\BeanNameGenerator.members...
[2026-07-27 12:40:28] [PROGRESS] resolve files> Scanning D:\MigrationReportTool\Backend\MigrationReport\migration-api-db\trap\java\classes\org\springframework\beans\FatalBeanException.members...
[2026-07-27 12:40:28] [PROGRESS] resolve files> Scanning D:\MigrationReportTool\Backend\MigrationReport\migration-api-db\trap\java\classes\org\springframework\beans\MutablePropertyValues.members...
[2026-07-27 12:40:28] [PROGRESS] resolve files> Scanning D:\MigrationReportTool\Backend\MigrationReport\migration-api-db\trap\java\classes\org\springframework\beans\PropertyAccessException.members...
[2026-07-27 12:40:28] [PROGRESS] resolve files> Scanning D:\MigrationReportTool\Backend\MigrationReport\migration-api-db\trap\java\classes\org\springframework\beans\PropertyAccessor.members...
[2026-07-27 12:40:28] [PROGRESS] resolve files> Scanning D:\MigrationReportTool\Backend\MigrationReport\migration-api-db\trap\java\classes\org\springframework\beans\PropertyEditorRegistrar.members...
[2026-07-27 12:40:28] [PROGRESS] resolve files> Scanning D:\MigrationReportTool\Backend\MigrationReport\migration-api-db\trap\java\classes\org\springframework\beans\PropertyEditorRegistry.members...
[2026-07-27 12:40:28] [PROGRESS] resolve files> Scanning D:\MigrationReportTool\Backend\MigrationReport\migration-api-db\trap\java\classes\org\springframework\beans\PropertyEditorRegistrySupport.members...
[2026-07-27 12:40:28] [PROGRESS] resolve files> Scanning D:\MigrationReportTool\Backend\MigrationReport\migration-api-db\trap\java\classes\org\springframework\beans\PropertyValue.members...
[2026-07-27 12:40:28] [PROGRESS] resolve files> Scanning D:\MigrationReportTool\Backend\MigrationReport\migration-api-db\trap\java\classes\org\springframework\beans\PropertyValues.members...
[2026-07-27 12:40:28] [PROGRESS] resolve files> Scanning D:\MigrationReportTool\Backend\MigrationReport\migration-api-db\trap\java\classes\org\springframework\beans\SimpleTypeConverter.members...
[2026-07-27 12:40:28] [PROGRESS] resolve files> Scanning D:\MigrationReportTool\Backend\MigrationReport\migration-api-db\trap\java\classes\org\springframework\beans\TypeConverter.members...
[2026-07-27 12:40:28] [PROGRESS] resolve files> Scanning D:\MigrationReportTool\Backend\MigrationReport\migration-api-db\trap\java\classes\org\springframework\beans\TypeConverterDelegate.members...
[2026-07-27 12:40:28] [PROGRESS] resolve files> Scanning D:\MigrationReportTool\Backend\MigrationReport\migration-api-db\trap\java\classes\org\springframework\beans\TypeConverterSupport.members...
[2026-07-27 12:40:28] [PROGRESS] resolve files> Scanning D:\MigrationReportTool\Backend\MigrationReport\migration-api-db\trap\java\classes\org\springframework\beans\TypeMismatchException.members...
[2026-07-27 12:40:28] [PROGRESS] resolve files> Scanning D:\MigrationReportTool\Backend\MigrationReport\migration-api-db\trap\java\classes\org\springframework\boot...
[2026-07-27 12:40:28] [PROGRESS] resolve files> Scanning D:\MigrationReportTool\Backend\MigrationReport\migration-api-db\trap\java\classes\org\springframework\boot\ApplicationArguments.members...
[2026-07-27 12:40:28] [PROGRESS] resolve files> Scanning D:\MigrationReportTool\Backend\MigrationReport\migration-api-db\trap\java\classes\org\springframework\boot\ApplicationContextFactory.members...
[2026-07-27 12:40:28] [PROGRESS] resolve files> Scanning D:\MigrationReportTool\Backend\MigrationReport\migration-api-db\trap\java\classes\org\springframework\boot\ApplicationProperties.members...
[2026-07-27 12:40:28] [PROGRESS] resolve files> Scanning D:\MigrationReportTool\Backend\MigrationReport\migration-api-db\trap\java\classes\org\springframework\boot\autoconfigure...
[2026-07-27 12:40:28] [PROGRESS] resolve files> Scanning D:\MigrationReportTool\Backend\MigrationReport\migration-api-db\trap\java\classes\org\springframework\boot\autoconfigure\AutoConfigurationExcludeFilter.members...
[2026-07-27 12:40:28] [PROGRESS] resolve files> Scanning D:\MigrationReportTool\Backend\MigrationReport\migration-api-db\trap\java\classes\org\springframework\boot\autoconfigure\AutoConfigurationImportEvent.members...
[2026-07-27 12:40:28] [PROGRESS] resolve files> Scanning D:\MigrationReportTool\Backend\MigrationReport\migration-api-db\trap\java\classes\org\springframework\boot\autoconfigure\AutoConfigurationImportFilter.members...
[2026-07-27 12:40:28] [PROGRESS] resolve files> Scanning D:\MigrationReportTool\Backend\MigrationReport\migration-api-db\trap\java\classes\org\springframework\boot\autoconfigure\AutoConfigurationImportListener.members...
[2026-07-27 12:40:28] [PROGRESS] resolve files> Scanning D:\MigrationReportTool\Backend\MigrationReport\migration-api-db\trap\java\classes\org\springframework\boot\autoconfigure\AutoConfigurationImportSelector$AutoConfigurationEntry.members...
[2026-07-27 12:40:28] [PROGRESS] resolve files> Scanning D:\MigrationReportTool\Backend\MigrationReport\migration-api-db\trap\java\classes\org\springframework\boot\autoconfigure\AutoConfigurationImportSelector.members...
[2026-07-27 12:40:28] [PROGRESS] resolve files> Scanning D:\MigrationReportTool\Backend\MigrationReport\migration-api-db\trap\java\classes\org\springframework\boot\autoconfigure\AutoConfigurationMetadata.members...
[2026-07-27 12:40:28] [PROGRESS] resolve files> Scanning D:\MigrationReportTool\Backend\MigrationReport\migration-api-db\trap\java\classes\org\springframework\boot\autoconfigure\AutoConfigurationPackage.members...
[2026-07-27 12:40:28] [PROGRESS] resolve files> Scanning D:\MigrationReportTool\Backend\MigrationReport\migration-api-db\trap\java\classes\org\springframework\boot\autoconfigure\AutoConfigurationPackages$Registrar.members...
[2026-07-27 12:40:28] [PROGRESS] resolve files> Scanning D:\MigrationReportTool\Backend\MigrationReport\migration-api-db\trap\java\classes\org\springframework\boot\autoconfigure\AutoConfigurationPackages.members...
[2026-07-27 12:40:28] [PROGRESS] resolve files> Scanning D:\MigrationReportTool\Backend\MigrationReport\migration-api-db\trap\java\classes\org\springframework\boot\autoconfigure\EnableAutoConfiguration.members...
[2026-07-27 12:40:28] [PROGRESS] resolve files> Scanning D:\MigrationReportTool\Backend\MigrationReport\migration-api-db\trap\java\classes\org\springframework\boot\autoconfigure\SpringBootApplication.members...
[2026-07-27 12:40:28] [PROGRESS] resolve files> Scanning D:\MigrationReportTool\Backend\MigrationReport\migration-api-db\trap\java\classes\org\springframework\boot\Banner$Mode.members...
[2026-07-27 12:40:28] [PROGRESS] resolve files> Scanning D:\MigrationReportTool\Backend\MigrationReport\migration-api-db\trap\java\classes\org\springframework\boot\Banner.members...
[2026-07-27 12:40:28] [PROGRESS] resolve files> Scanning D:\MigrationReportTool\Backend\MigrationReport\migration-api-db\trap\java\classes\org\springframework\boot\BeanDefinitionLoader.members...
[2026-07-27 12:40:28] [PROGRESS] resolve files> Scanning D:\MigrationReportTool\Backend\MigrationReport\migration-api-db\trap\java\classes\org\springframework\boot\bootstrap...
[2026-07-27 12:40:28] [PROGRESS] resolve files> Scanning D:\MigrationReportTool\Backend\MigrationReport\migration-api-db\trap\java\classes\org\springframework\boot\bootstrap\BootstrapContext.members...
[2026-07-27 12:40:28] [PROGRESS] resolve files> Scanning D:\MigrationReportTool\Backend\MigrationReport\migration-api-db\trap\java\classes\org\springframework\boot\bootstrap\BootstrapContextClosedEvent.members...
[2026-07-27 12:40:28] [PROGRESS] resolve files> Scanning D:\MigrationReportTool\Backend\MigrationReport\migration-api-db\trap\java\classes\org\springframework\boot\bootstrap\BootstrapRegistry$InstanceSupplier.members...
[2026-07-27 12:40:28] [PROGRESS] resolve files> Scanning D:\MigrationReportTool\Backend\MigrationReport\migration-api-db\trap\java\classes\org\springframework\boot\bootstrap\BootstrapRegistry$Scope.members...
[2026-07-27 12:40:28] [PROGRESS] resolve files> Scanning D:\MigrationReportTool\Backend\MigrationReport\migration-api-db\trap\java\classes\org\springframework\boot\bootstrap\BootstrapRegistry.members...
[2026-07-27 12:40:28] [PROGRESS] resolve files> Scanning D:\MigrationReportTool\Backend\MigrationReport\migration-api-db\trap\java\classes\org\springframework\boot\bootstrap\BootstrapRegistryInitializer.members...
[2026-07-27 12:40:28] [PROGRESS] resolve files> Scanning D:\MigrationReportTool\Backend\MigrationReport\migration-api-db\trap\java\classes\org\springframework\boot\bootstrap\ConfigurableBootstrapContext.members...
[2026-07-27 12:40:28] [PROGRESS] resolve files> Scanning D:\MigrationReportTool\Backend\MigrationReport\migration-api-db\trap\java\classes\org\springframework\boot\context...
[2026-07-27 12:40:28] [PROGRESS] resolve files> Scanning D:\MigrationReportTool\Backend\MigrationReport\migration-api-db\trap\java\classes\org\springframework\boot\context\annotation...
[2026-07-27 12:40:28] [PROGRESS] resolve files> Scanning D:\MigrationReportTool\Backend\MigrationReport\migration-api-db\trap\java\classes\org\springframework\boot\context\annotation\DeterminableImports.members...
[2026-07-27 12:40:28] [PROGRESS] resolve files> Scanning D:\MigrationReportTool\Backend\MigrationReport\migration-api-db\trap\java\classes\org\springframework\boot\context\event...
[2026-07-27 12:40:28] [PROGRESS] resolve files> Scanning D:\MigrationReportTool\Backend\MigrationReport\migration-api-db\trap\java\classes\org\springframework\boot\context\event\ApplicationReadyEvent.members...
[2026-07-27 12:40:28] [PROGRESS] resolve files> Scanning D:\MigrationReportTool\Backend\MigrationReport\migration-api-db\trap\java\classes\org\springframework\boot\context\event\SpringApplicationEvent.members...
[2026-07-27 12:40:28] [PROGRESS] resolve files> Scanning D:\MigrationReportTool\Backend\MigrationReport\migration-api-db\trap\java\classes\org\springframework\boot\context\TypeExcludeFilter.members...
[2026-07-27 12:40:28] [PROGRESS] resolve files> Scanning D:\MigrationReportTool\Backend\MigrationReport\migration-api-db\trap\java\classes\org\springframework\boot\ExitCodeGenerator.members...
[2026-07-27 12:40:28] [PROGRESS] resolve files> Scanning D:\MigrationReportTool\Backend\MigrationReport\migration-api-db\trap\java\classes\org\springframework\boot\jdbc...
[2026-07-27 12:40:28] [PROGRESS] resolve files> Scanning D:\MigrationReportTool\Backend\MigrationReport\migration-api-db\trap\java\classes\org\springframework\boot\jdbc\DataSourceBuilder.members...
[2026-07-27 12:40:28] [PROGRESS] resolve files> Scanning D:\MigrationReportTool\Backend\MigrationReport\migration-api-db\trap\java\classes\org\springframework\boot\SpringApplication$Augmented.members...
[2026-07-27 12:40:28] [PROGRESS] resolve files> Scanning D:\MigrationReportTool\Backend\MigrationReport\migration-api-db\trap\java\classes\org\springframework\boot\SpringApplication$Running.members...
[2026-07-27 12:40:28] [PROGRESS] resolve files> Scanning D:\MigrationReportTool\Backend\MigrationReport\migration-api-db\trap\java\classes\org\springframework\boot\SpringApplication.members...
[2026-07-27 12:40:28] [PROGRESS] resolve files> Scanning D:\MigrationReportTool\Backend\MigrationReport\migration-api-db\trap\java\classes\org\springframework\boot\SpringApplicationHook.members...
[2026-07-27 12:40:28] [PROGRESS] resolve files> Scanning D:\MigrationReportTool\Backend\MigrationReport\migration-api-db\trap\java\classes\org\springframework\boot\SpringApplicationRunListener.members...
[2026-07-27 12:40:28] [PROGRESS] resolve files> Scanning D:\MigrationReportTool\Backend\MigrationReport\migration-api-db\trap\java\classes\org\springframework\boot\SpringApplicationShutdownHandlers.members...
[2026-07-27 12:40:28] [PROGRESS] resolve files> Scanning D:\MigrationReportTool\Backend\MigrationReport\migration-api-db\trap\java\classes\org\springframework\boot\SpringApplicationShutdownHook.members...
[2026-07-27 12:40:28] [PROGRESS] resolve files> Scanning D:\MigrationReportTool\Backend\MigrationReport\migration-api-db\trap\java\classes\org\springframework\boot\SpringBootConfiguration.members...
[2026-07-27 12:40:28] [PROGRESS] resolve files> Scanning D:\MigrationReportTool\Backend\MigrationReport\migration-api-db\trap\java\classes\org\springframework\boot\SpringBootExceptionHandler.members...
[2026-07-27 12:40:28] [PROGRESS] resolve files> Scanning D:\MigrationReportTool\Backend\MigrationReport\migration-api-db\trap\java\classes\org\springframework\boot\test...
[2026-07-27 12:40:28] [PROGRESS] resolve files> Scanning D:\MigrationReportTool\Backend\MigrationReport\migration-api-db\trap\java\classes\org\springframework\boot\test\context...
[2026-07-27 12:40:28] [PROGRESS] resolve files> Scanning D:\MigrationReportTool\Backend\MigrationReport\migration-api-db\trap\java\classes\org\springframework\boot\test\context\SpringBootTest$UseMainMethod.members...
[2026-07-27 12:40:28] [PROGRESS] resolve files> Scanning D:\MigrationReportTool\Backend\MigrationReport\migration-api-db\trap\java\classes\org\springframework\boot\test\context\SpringBootTest$WebEnvironment.members...
[2026-07-27 12:40:28] [PROGRESS] resolve files> Scanning D:\MigrationReportTool\Backend\MigrationReport\migration-api-db\trap\java\classes\org\springframework\boot\test\context\SpringBootTest.members...
[2026-07-27 12:40:28] [PROGRESS] resolve files> Scanning D:\MigrationReportTool\Backend\MigrationReport\migration-api-db\trap\java\classes\org\springframework\boot\test\context\SpringBootTestContextBootstrapper.members...
[2026-07-27 12:40:28] [PROGRESS] resolve files> Scanning D:\MigrationReportTool\Backend\MigrationReport\migration-api-db\trap\java\classes\org\springframework\boot\WebApplicationType.members...
[2026-07-27 12:40:28] [PROGRESS] resolve files> Scanning D:\MigrationReportTool\Backend\MigrationReport\migration-api-db\trap\java\classes\org\springframework\cache...
[2026-07-27 12:40:28] [PROGRESS] resolve files> Scanning D:\MigrationReportTool\Backend\MigrationReport\migration-api-db\trap\java\classes\org\springframework\cache\Cache$ValueWrapper.members...
[2026-07-27 12:40:28] [PROGRESS] resolve files> Scanning D:\MigrationReportTool\Backend\MigrationReport\migration-api-db\trap\java\classes\org\springframework\cache\Cache.members...
[2026-07-27 12:40:28] [PROGRESS] resolve files> Scanning D:\MigrationReportTool\Backend\MigrationReport\migration-api-db\trap\java\classes\org\springframework\context...
[2026-07-27 12:40:28] [PROGRESS] resolve files> Scanning D:\MigrationReportTool\Backend\MigrationReport\migration-api-db\trap\java\classes\org\springframework\context\annotation...
[2026-07-27 12:40:28] [PROGRESS] resolve files> Scanning D:\MigrationReportTool\Backend\MigrationReport\migration-api-db\trap\java\classes\org\springframework\context\annotation\AnnotationScopeMetadataResolver.members...
[2026-07-27 12:40:28] [PROGRESS] resolve files> Scanning D:\MigrationReportTool\Backend\MigrationReport\migration-api-db\trap\java\classes\org\springframework\context\annotation\Bean$Bootstrap.members...
[2026-07-27 12:40:28] [PROGRESS] resolve files> Scanning D:\MigrationReportTool\Backend\MigrationReport\migration-api-db\trap\java\classes\org\springframework\context\annotation\Bean.members...
[2026-07-27 12:40:28] [PROGRESS] resolve files> Scanning D:\MigrationReportTool\Backend\MigrationReport\migration-api-db\trap\java\classes\org\springframework\context\annotation\ComponentScan$Filter.members...
[2026-07-27 12:40:28] [PROGRESS] resolve files> Scanning D:\MigrationReportTool\Backend\MigrationReport\migration-api-db\trap\java\classes\org\springframework\context\annotation\ComponentScan.members...
[2026-07-27 12:40:28] [PROGRESS] resolve files> Scanning D:\MigrationReportTool\Backend\MigrationReport\migration-api-db\trap\java\classes\org\springframework\context\annotation\ComponentScans.members...
[2026-07-27 12:40:28] [PROGRESS] resolve files> Scanning D:\MigrationReportTool\Backend\MigrationReport\migration-api-db\trap\java\classes\org\springframework\context\annotation\Configuration.members...
[2026-07-27 12:40:28] [PROGRESS] resolve files> Scanning D:\MigrationReportTool\Backend\MigrationReport\migration-api-db\trap\java\classes\org\springframework\context\annotation\DeferredImportSelector$Group$Entry.members...
[2026-07-27 12:40:28] [PROGRESS] resolve files> Scanning D:\MigrationReportTool\Backend\MigrationReport\migration-api-db\trap\java\classes\org\springframework\context\annotation\DeferredImportSelector$Group.members...
[2026-07-27 12:40:28] [PROGRESS] resolve files> Scanning D:\MigrationReportTool\Backend\MigrationReport\migration-api-db\trap\java\classes\org\springframework\context\annotation\DeferredImportSelector.members...
[2026-07-27 12:40:28] [PROGRESS] resolve files> Scanning D:\MigrationReportTool\Backend\MigrationReport\migration-api-db\trap\java\classes\org\springframework\context\annotation\FilterType.members...
[2026-07-27 12:40:28] [PROGRESS] resolve files> Scanning D:\MigrationReportTool\Backend\MigrationReport\migration-api-db\trap\java\classes\org\springframework\context\annotation\Import.members...
[2026-07-27 12:40:28] [PROGRESS] resolve files> Scanning D:\MigrationReportTool\Backend\MigrationReport\migration-api-db\trap\java\classes\org\springframework\context\annotation\ImportBeanDefinitionRegistrar.members...
[2026-07-27 12:40:28] [PROGRESS] resolve files> Scanning D:\MigrationReportTool\Backend\MigrationReport\migration-api-db\trap\java\classes\org\springframework\context\annotation\ImportSelector.members...
[2026-07-27 12:40:28] [PROGRESS] resolve files> Scanning D:\MigrationReportTool\Backend\MigrationReport\migration-api-db\trap\java\classes\org\springframework\context\annotation\Primary.members...
[2026-07-27 12:40:28] [PROGRESS] resolve files> Scanning D:\MigrationReportTool\Backend\MigrationReport\migration-api-db\trap\java\classes\org\springframework\context\annotation\ScopedProxyMode.members...
[2026-07-27 12:40:28] [PROGRESS] resolve files> Scanning D:\MigrationReportTool\Backend\MigrationReport\migration-api-db\trap\java\classes\org\springframework\context\annotation\ScopeMetadata.members...
[2026-07-27 12:40:28] [PROGRESS] resolve files> Scanning D:\MigrationReportTool\Backend\MigrationReport\migration-api-db\trap\java\classes\org\springframework\context\annotation\ScopeMetadataResolver.members...
[2026-07-27 12:40:28] [PROGRESS] resolve files> Scanning D:\MigrationReportTool\Backend\MigrationReport\migration-api-db\trap\java\classes\org\springframework\context\ApplicationContext.members...
[2026-07-27 12:40:28] [PROGRESS] resolve files> Scanning D:\MigrationReportTool\Backend\MigrationReport\migration-api-db\trap\java\classes\org\springframework\context\ApplicationContextAware.members...
[2026-07-27 12:40:28] [PROGRESS] resolve files> Scanning D:\MigrationReportTool\Backend\MigrationReport\migration-api-db\trap\java\classes\org\springframework\context\ApplicationContextInitializer.members...
[2026-07-27 12:40:28] [PROGRESS] resolve files> Scanning D:\MigrationReportTool\Backend\MigrationReport\migration-api-db\trap\java\classes\org\springframework\context\ApplicationEvent.members...
[2026-07-27 12:40:28] [PROGRESS] resolve files> Scanning D:\MigrationReportTool\Backend\MigrationReport\migration-api-db\trap\java\classes\org\springframework\context\ApplicationEventPublisher.members...
[2026-07-27 12:40:28] [PROGRESS] resolve files> Scanning D:\MigrationReportTool\Backend\MigrationReport\migration-api-db\trap\java\classes\org\springframework\context\ApplicationListener.members...
[2026-07-27 12:40:28] [PROGRESS] resolve files> Scanning D:\MigrationReportTool\Backend\MigrationReport\migration-api-db\trap\java\classes\org\springframework\context\ConfigurableApplicationContext.members...
[2026-07-27 12:40:28] [PROGRESS] resolve files> Scanning D:\MigrationReportTool\Backend\MigrationReport\migration-api-db\trap\java\classes\org\springframework\context\EmbeddedValueResolverAware.members...
[2026-07-27 12:40:28] [PROGRESS] resolve files> Scanning D:\MigrationReportTool\Backend\MigrationReport\migration-api-db\trap\java\classes\org\springframework\context\EnvironmentAware.members...
[2026-07-27 12:40:28] [PROGRESS] resolve files> Scanning D:\MigrationReportTool\Backend\MigrationReport\migration-api-db\trap\java\classes\org\springframework\context\event...
[2026-07-27 12:40:28] [PROGRESS] resolve files> Scanning D:\MigrationReportTool\Backend\MigrationReport\migration-api-db\trap\java\classes\org\springframework\context\event\EventListener.members...
[2026-07-27 12:40:28] [PROGRESS] resolve files> Scanning D:\MigrationReportTool\Backend\MigrationReport\migration-api-db\trap\java\classes\org\springframework\context\Lifecycle.members...
[2026-07-27 12:40:28] [PROGRESS] resolve files> Scanning D:\MigrationReportTool\Backend\MigrationReport\migration-api-db\trap\java\classes\org\springframework\context\MessageSource.members...
[2026-07-27 12:40:28] [PROGRESS] resolve files> Scanning D:\MigrationReportTool\Backend\MigrationReport\migration-api-db\trap\java\classes\org\springframework\context\MessageSourceResolvable.members...
[2026-07-27 12:40:28] [PROGRESS] resolve files> Scanning D:\MigrationReportTool\Backend\MigrationReport\migration-api-db\trap\java\classes\org\springframework\context\NoSuchMessageException.members...
[2026-07-27 12:40:28] [PROGRESS] resolve files> Scanning D:\MigrationReportTool\Backend\MigrationReport\migration-api-db\trap\java\classes\org\springframework\context\PayloadApplicationEvent.members...
[2026-07-27 12:40:28] [PROGRESS] resolve files> Scanning D:\MigrationReportTool\Backend\MigrationReport\migration-api-db\trap\java\classes\org\springframework\context\ResourceLoaderAware.members...
[2026-07-27 12:40:28] [PROGRESS] resolve files> Scanning D:\MigrationReportTool\Backend\MigrationReport\migration-api-db\trap\java\classes\org\springframework\context\support...
[2026-07-27 12:40:28] [PROGRESS] resolve files> Scanning D:\MigrationReportTool\Backend\MigrationReport\migration-api-db\trap\java\classes\org\springframework\context\support\ApplicationObjectSupport.members...
[2026-07-27 12:40:28] [PROGRESS] resolve files> Scanning D:\MigrationReportTool\Backend\MigrationReport\migration-api-db\trap\java\classes\org\springframework\context\support\DefaultMessageSourceResolvable.members...
[2026-07-27 12:40:28] [PROGRESS] resolve files> Scanning D:\MigrationReportTool\Backend\MigrationReport\migration-api-db\trap\java\classes\org\springframework\context\support\MessageSourceAccessor.members...
[2026-07-27 12:40:28] [PROGRESS] resolve files> Scanning D:\MigrationReportTool\Backend\MigrationReport\migration-api-db\trap\java\classes\org\springframework\core...
[2026-07-27 12:40:28] [PROGRESS] resolve files> Scanning D:\MigrationReportTool\Backend\MigrationReport\migration-api-db\trap\java\classes\org\springframework\core\AliasRegistry.members...
[2026-07-27 12:40:28] [PROGRESS] resolve files> Scanning D:\MigrationReportTool\Backend\MigrationReport\migration-api-db\trap\java\classes\org\springframework\core\annotation...
[2026-07-27 12:40:28] [PROGRESS] resolve files> Scanning D:\MigrationReportTool\Backend\MigrationReport\migration-api-db\trap\java\classes\org\springframework\core\annotation\AliasFor.members...
[2026-07-27 12:40:28] [PROGRESS] resolve files> Scanning D:\MigrationReportTool\Backend\MigrationReport\migration-api-db\trap\java\classes\org\springframework\core\annotation\AnnotationAttributes.members...
[2026-07-27 12:40:28] [PROGRESS] resolve files> Scanning D:\MigrationReportTool\Backend\MigrationReport\migration-api-db\trap\java\classes\org\springframework\core\annotation\AnnotationFilter.members...
[2026-07-27 12:40:28] [PROGRESS] resolve files> Scanning D:\MigrationReportTool\Backend\MigrationReport\migration-api-db\trap\java\classes\org\springframework\core\annotation\MergedAnnotation$Adapt.members...
[2026-07-27 12:40:28] [PROGRESS] resolve files> Scanning D:\MigrationReportTool\Backend\MigrationReport\migration-api-db\trap\java\classes\org\springframework\core\annotation\MergedAnnotation.members...
[2026-07-27 12:40:28] [PROGRESS] resolve files> Scanning D:\MigrationReportTool\Backend\MigrationReport\migration-api-db\trap\java\classes\org\springframework\core\annotation\MergedAnnotations$Search.members...
[2026-07-27 12:40:28] [PROGRESS] resolve files> Scanning D:\MigrationReportTool\Backend\MigrationReport\migration-api-db\trap\java\classes\org\springframework\core\annotation\MergedAnnotations$SearchStrategy.members...
[2026-07-27 12:40:28] [PROGRESS] resolve files> Scanning D:\MigrationReportTool\Backend\MigrationReport\migration-api-db\trap\java\classes\org\springframework\core\annotation\MergedAnnotations.members...
[2026-07-27 12:40:28] [PROGRESS] resolve files> Scanning D:\MigrationReportTool\Backend\MigrationReport\migration-api-db\trap\java\classes\org\springframework\core\annotation\MergedAnnotationSelector.members...
[2026-07-27 12:40:28] [PROGRESS] resolve files> Scanning D:\MigrationReportTool\Backend\MigrationReport\migration-api-db\trap\java\classes\org\springframework\core\annotation\Order.members...
[2026-07-27 12:40:28] [PROGRESS] resolve files> Scanning D:\MigrationReportTool\Backend\MigrationReport\migration-api-db\trap\java\classes\org\springframework\core\annotation\RepeatableContainers.members...
[2026-07-27 12:40:28] [PROGRESS] resolve files> Scanning D:\MigrationReportTool\Backend\MigrationReport\migration-api-db\trap\java\classes\org\springframework\core\AttributeAccessor.members...
[2026-07-27 12:40:28] [PROGRESS] resolve files> Scanning D:\MigrationReportTool\Backend\MigrationReport\migration-api-db\trap\java\classes\org\springframework\core\AttributeAccessorSupport.members...
[2026-07-27 12:40:28] [PROGRESS] resolve files> Scanning D:\MigrationReportTool\Backend\MigrationReport\migration-api-db\trap\java\classes\org\springframework\core\convert...
[2026-07-27 12:40:28] [PROGRESS] resolve files> Scanning D:\MigrationReportTool\Backend\MigrationReport\migration-api-db\trap\java\classes\org\springframework\core\convert\ConversionService.members...
[2026-07-27 12:40:28] [PROGRESS] resolve files> Scanning D:\MigrationReportTool\Backend\MigrationReport\migration-api-db\trap\java\classes\org\springframework\core\convert\converter...
[2026-07-27 12:40:28] [PROGRESS] resolve files> Scanning D:\MigrationReportTool\Backend\MigrationReport\migration-api-db\trap\java\classes\org\springframework\core\convert\converter\Converter.members...
[2026-07-27 12:40:28] [PROGRESS] resolve files> Scanning D:\MigrationReportTool\Backend\MigrationReport\migration-api-db\trap\java\classes\org\springframework\core\convert\converter\ConverterFactory.members...
[2026-07-27 12:40:28] [PROGRESS] resolve files> Scanning D:\MigrationReportTool\Backend\MigrationReport\migration-api-db\trap\java\classes\org\springframework\core\convert\converter\ConverterRegistry.members...
[2026-07-27 12:40:28] [PROGRESS] resolve files> Scanning D:\MigrationReportTool\Backend\MigrationReport\migration-api-db\trap\java\classes\org\springframework\core\convert\converter\GenericConverter$ConvertiblePair.members...
[2026-07-27 12:40:28] [PROGRESS] resolve files> Scanning D:\MigrationReportTool\Backend\MigrationReport\migration-api-db\trap\java\classes\org\springframework\core\convert\converter\GenericConverter.members...
[2026-07-27 12:40:28] [PROGRESS] resolve files> Scanning D:\MigrationReportTool\Backend\MigrationReport\migration-api-db\trap\java\classes\org\springframework\core\convert\Property.members...
[2026-07-27 12:40:28] [PROGRESS] resolve files> Scanning D:\MigrationReportTool\Backend\MigrationReport\migration-api-db\trap\java\classes\org\springframework\core\convert\support...
[2026-07-27 12:40:28] [PROGRESS] resolve files> Scanning D:\MigrationReportTool\Backend\MigrationReport\migration-api-db\trap\java\classes\org\springframework\core\convert\support\ConfigurableConversionService.members...
[2026-07-27 12:40:28] [PROGRESS] resolve files> Scanning D:\MigrationReportTool\Backend\MigrationReport\migration-api-db\trap\java\classes\org\springframework\core\convert\TypeDescriptor.members...
[2026-07-27 12:40:28] [PROGRESS] resolve files> Scanning D:\MigrationReportTool\Backend\MigrationReport\migration-api-db\trap\java\classes\org\springframework\core\env...
[2026-07-27 12:40:28] [PROGRESS] resolve files> Scanning D:\MigrationReportTool\Backend\MigrationReport\migration-api-db\trap\java\classes\org\springframework\core\env\ConfigurableEnvironment.members...
[2026-07-27 12:40:28] [PROGRESS] resolve files> Scanning D:\MigrationReportTool\Backend\MigrationReport\migration-api-db\trap\java\classes\org\springframework\core\env\ConfigurablePropertyResolver.members...
[2026-07-27 12:40:28] [PROGRESS] resolve files> Scanning D:\MigrationReportTool\Backend\MigrationReport\migration-api-db\trap\java\classes\org\springframework\core\env\Environment.members...
[2026-07-27 12:40:28] [PROGRESS] resolve files> Scanning D:\MigrationReportTool\Backend\MigrationReport\migration-api-db\trap\java\classes\org\springframework\core\env\EnvironmentCapable.members...
[2026-07-27 12:40:28] [PROGRESS] resolve files> Scanning D:\MigrationReportTool\Backend\MigrationReport\migration-api-db\trap\java\classes\org\springframework\core\env\MissingRequiredPropertiesException.members...
[2026-07-27 12:40:28] [PROGRESS] resolve files> Scanning D:\MigrationReportTool\Backend\MigrationReport\migration-api-db\trap\java\classes\org\springframework\core\env\MutablePropertySources.members...
[2026-07-27 12:40:28] [PROGRESS] resolve files> Scanning D:\MigrationReportTool\Backend\MigrationReport\migration-api-db\trap\java\classes\org\springframework\core\env\Profiles.members...
[2026-07-27 12:40:28] [PROGRESS] resolve files> Scanning D:\MigrationReportTool\Backend\MigrationReport\migration-api-db\trap\java\classes\org\springframework\core\env\PropertyResolver.members...
[2026-07-27 12:40:28] [PROGRESS] resolve files> Scanning D:\MigrationReportTool\Backend\MigrationReport\migration-api-db\trap\java\classes\org\springframework\core\env\PropertySource.members...
[2026-07-27 12:40:28] [PROGRESS] resolve files> Scanning D:\MigrationReportTool\Backend\MigrationReport\migration-api-db\trap\java\classes\org\springframework\core\env\PropertySources.members...
[2026-07-27 12:40:28] [PROGRESS] resolve files> Scanning D:\MigrationReportTool\Backend\MigrationReport\migration-api-db\trap\java\classes\org\springframework\core\io...
[2026-07-27 12:40:28] [PROGRESS] resolve files> Scanning D:\MigrationReportTool\Backend\MigrationReport\migration-api-db\trap\java\classes\org\springframework\core\io\InputStreamSource.members...
[2026-07-27 12:40:28] [PROGRESS] resolve files> Scanning D:\MigrationReportTool\Backend\MigrationReport\migration-api-db\trap\java\classes\org\springframework\core\io\ProtocolResolver.members...
[2026-07-27 12:40:28] [PROGRESS] resolve files> Scanning D:\MigrationReportTool\Backend\MigrationReport\migration-api-db\trap\java\classes\org\springframework\core\io\Resource.members...
[2026-07-27 12:40:28] [PROGRESS] resolve files> Scanning D:\MigrationReportTool\Backend\MigrationReport\migration-api-db\trap\java\classes\org\springframework\core\io\ResourceLoader.members...
[2026-07-27 12:40:28] [PROGRESS] resolve files> Scanning D:\MigrationReportTool\Backend\MigrationReport\migration-api-db\trap\java\classes\org\springframework\core\io\support...
[2026-07-27 12:40:28] [PROGRESS] resolve files> Scanning D:\MigrationReportTool\Backend\MigrationReport\migration-api-db\trap\java\classes\org\springframework\core\io\support\EncodedResource.members...
[2026-07-27 12:40:28] [PROGRESS] resolve files> Scanning D:\MigrationReportTool\Backend\MigrationReport\migration-api-db\trap\java\classes\org\springframework\core\io\support\PropertySourceDescriptor.members...
[2026-07-27 12:40:28] [PROGRESS] resolve files> Scanning D:\MigrationReportTool\Backend\MigrationReport\migration-api-db\trap\java\classes\org\springframework\core\io\support\PropertySourceFactory.members...
[2026-07-27 12:40:28] [PROGRESS] resolve files> Scanning D:\MigrationReportTool\Backend\MigrationReport\migration-api-db\trap\java\classes\org\springframework\core\io\support\ResourcePatternResolver.members...
[2026-07-27 12:40:28] [PROGRESS] resolve files> Scanning D:\MigrationReportTool\Backend\MigrationReport\migration-api-db\trap\java\classes\org\springframework\core\io\support\ResourceRegion.members...
[2026-07-27 12:40:28] [PROGRESS] resolve files> Scanning D:\MigrationReportTool\Backend\MigrationReport\migration-api-db\trap\java\classes\org\springframework\core\MethodParameter.members...
[2026-07-27 12:40:28] [PROGRESS] resolve files> Scanning D:\MigrationReportTool\Backend\MigrationReport\migration-api-db\trap\java\classes\org\springframework\core\metrics...
[2026-07-27 12:40:28] [PROGRESS] resolve files> Scanning D:\MigrationReportTool\Backend\MigrationReport\migration-api-db\trap\java\classes\org\springframework\core\metrics\ApplicationStartup.members...
[2026-07-27 12:40:28] [PROGRESS] resolve files> Scanning D:\MigrationReportTool\Backend\MigrationReport\migration-api-db\trap\java\classes\org\springframework\core\metrics\StartupStep$Tag.members...
[2026-07-27 12:40:28] [PROGRESS] resolve files> Scanning D:\MigrationReportTool\Backend\MigrationReport\migration-api-db\trap\java\classes\org\springframework\core\metrics\StartupStep$Tags.members...
[2026-07-27 12:40:28] [PROGRESS] resolve files> Scanning D:\MigrationReportTool\Backend\MigrationReport\migration-api-db\trap\java\classes\org\springframework\core\metrics\StartupStep.members...
[2026-07-27 12:40:28] [PROGRESS] resolve files> Scanning D:\MigrationReportTool\Backend\MigrationReport\migration-api-db\trap\java\classes\org\springframework\core\NestedRuntimeException.members...
[2026-07-27 12:40:28] [PROGRESS] resolve files> Scanning D:\MigrationReportTool\Backend\MigrationReport\migration-api-db\trap\java\classes\org\springframework\core\Ordered.members...
[2026-07-27 12:40:28] [PROGRESS] resolve files> Scanning D:\MigrationReportTool\Backend\MigrationReport\migration-api-db\trap\java\classes\org\springframework\core\ParameterizedTypeReference.members...
[2026-07-27 12:40:28] [PROGRESS] resolve files> Scanning D:\MigrationReportTool\Backend\MigrationReport\migration-api-db\trap\java\classes\org\springframework\core\ParameterNameDiscoverer.members...
[2026-07-27 12:40:28] [PROGRESS] resolve files> Scanning D:\MigrationReportTool\Backend\MigrationReport\migration-api-db\trap\java\classes\org\springframework\core\ResolvableType$VariableResolver.members...
[2026-07-27 12:40:28] [PROGRESS] resolve files> Scanning D:\MigrationReportTool\Backend\MigrationReport\migration-api-db\trap\java\classes\org\springframework\core\ResolvableType.members...
[2026-07-27 12:40:28] [PROGRESS] resolve files> Scanning D:\MigrationReportTool\Backend\MigrationReport\migration-api-db\trap\java\classes\org\springframework\core\ResolvableTypeProvider.members...
[2026-07-27 12:40:28] [PROGRESS] resolve files> Scanning D:\MigrationReportTool\Backend\MigrationReport\migration-api-db\trap\java\classes\org\springframework\core\SerializableTypeWrapper$TypeProvider.members...
[2026-07-27 12:40:28] [PROGRESS] resolve files> Scanning D:\MigrationReportTool\Backend\MigrationReport\migration-api-db\trap\java\classes\org\springframework\core\SerializableTypeWrapper.members...
[2026-07-27 12:40:28] [PROGRESS] resolve files> Scanning D:\MigrationReportTool\Backend\MigrationReport\migration-api-db\trap\java\classes\org\springframework\core\task...
[2026-07-27 12:40:28] [PROGRESS] resolve files> Scanning D:\MigrationReportTool\Backend\MigrationReport\migration-api-db\trap\java\classes\org\springframework\core\task\AsyncTaskExecutor.members...
[2026-07-27 12:40:28] [PROGRESS] resolve files> Scanning D:\MigrationReportTool\Backend\MigrationReport\migration-api-db\trap\java\classes\org\springframework\core\task\TaskExecutor.members...
[2026-07-27 12:40:28] [PROGRESS] resolve files> Scanning D:\MigrationReportTool\Backend\MigrationReport\migration-api-db\trap\java\classes\org\springframework\core\type...
[2026-07-27 12:40:28] [PROGRESS] resolve files> Scanning D:\MigrationReportTool\Backend\MigrationReport\migration-api-db\trap\java\classes\org\springframework\core\type\AnnotatedTypeMetadata.members...
[2026-07-27 12:40:28] [PROGRESS] resolve files> Scanning D:\MigrationReportTool\Backend\MigrationReport\migration-api-db\trap\java\classes\org\springframework\core\type\AnnotationMetadata.members...
[2026-07-27 12:40:28] [PROGRESS] resolve files> Scanning D:\MigrationReportTool\Backend\MigrationReport\migration-api-db\trap\java\classes\org\springframework\core\type\ClassMetadata.members...
[2026-07-27 12:40:28] [PROGRESS] resolve files> Scanning D:\MigrationReportTool\Backend\MigrationReport\migration-api-db\trap\java\classes\org\springframework\core\type\classreading...
[2026-07-27 12:40:28] [PROGRESS] resolve files> Scanning D:\MigrationReportTool\Backend\MigrationReport\migration-api-db\trap\java\classes\org\springframework\core\type\classreading\MetadataReader.members...
[2026-07-27 12:40:28] [PROGRESS] resolve files> Scanning D:\MigrationReportTool\Backend\MigrationReport\migration-api-db\trap\java\classes\org\springframework\core\type\classreading\MetadataReaderFactory.members...
[2026-07-27 12:40:28] [PROGRESS] resolve files> Scanning D:\MigrationReportTool\Backend\MigrationReport\migration-api-db\trap\java\classes\org\springframework\core\type\filter...
[2026-07-27 12:40:28] [PROGRESS] resolve files> Scanning D:\MigrationReportTool\Backend\MigrationReport\migration-api-db\trap\java\classes\org\springframework\core\type\filter\TypeFilter.members...
[2026-07-27 12:40:28] [PROGRESS] resolve files> Scanning D:\MigrationReportTool\Backend\MigrationReport\migration-api-db\trap\java\classes\org\springframework\core\type\MethodMetadata.members...
[2026-07-27 12:40:28] [PROGRESS] resolve files> Scanning D:\MigrationReportTool\Backend\MigrationReport\migration-api-db\trap\java\classes\org\springframework\dao...
[2026-07-27 12:40:28] [PROGRESS] resolve files> Scanning D:\MigrationReportTool\Backend\MigrationReport\migration-api-db\trap\java\classes\org\springframework\dao\DataAccessException.members...
[2026-07-27 12:40:28] [PROGRESS] resolve files> Scanning D:\MigrationReportTool\Backend\MigrationReport\migration-api-db\trap\java\classes\org\springframework\dao\InvalidDataAccessApiUsageException.members...
[2026-07-27 12:40:28] [PROGRESS] resolve files> Scanning D:\MigrationReportTool\Backend\MigrationReport\migration-api-db\trap\java\classes\org\springframework\dao\InvalidDataAccessResourceUsageException.members...
[2026-07-27 12:40:28] [PROGRESS] resolve files> Scanning D:\MigrationReportTool\Backend\MigrationReport\migration-api-db\trap\java\classes\org\springframework\dao\NonTransientDataAccessException.members...
[2026-07-27 12:40:28] [PROGRESS] resolve files> Scanning D:\MigrationReportTool\Backend\MigrationReport\migration-api-db\trap\java\classes\org\springframework\dao\UncategorizedDataAccessException.members...
[2026-07-27 12:40:28] [PROGRESS] resolve files> Scanning D:\MigrationReportTool\Backend\MigrationReport\migration-api-db\trap\java\classes\org\springframework\data...
[2026-07-27 12:40:28] [PROGRESS] resolve files> Scanning D:\MigrationReportTool\Backend\MigrationReport\migration-api-db\trap\java\classes\org\springframework\data\core...
[2026-07-27 12:40:28] [PROGRESS] resolve files> Scanning D:\MigrationReportTool\Backend\MigrationReport\migration-api-db\trap\java\classes\org\springframework\data\core\PropertyPath.members...
[2026-07-27 12:40:28] [PROGRESS] resolve files> Scanning D:\MigrationReportTool\Backend\MigrationReport\migration-api-db\trap\java\classes\org\springframework\data\core\PropertyReference.members...
[2026-07-27 12:40:28] [PROGRESS] resolve files> Scanning D:\MigrationReportTool\Backend\MigrationReport\migration-api-db\trap\java\classes\org\springframework\data\core\TypedPropertyPath.members...
[2026-07-27 12:40:28] [PROGRESS] resolve files> Scanning D:\MigrationReportTool\Backend\MigrationReport\migration-api-db\trap\java\classes\org\springframework\data\core\TypeInformation.members...
[2026-07-27 12:40:28] [PROGRESS] resolve files> Scanning D:\MigrationReportTool\Backend\MigrationReport\migration-api-db\trap\java\classes\org\springframework\data\domain...
[2026-07-27 12:40:28] [PROGRESS] resolve files> Scanning D:\MigrationReportTool\Backend\MigrationReport\migration-api-db\trap\java\classes\org\springframework\data\domain\Example.members...
[2026-07-27 12:40:28] [PROGRESS] resolve files> Scanning D:\MigrationReportTool\Backend\MigrationReport\migration-api-db\trap\java\classes\org\springframework\data\domain\ExampleMatcher$GenericPropertyMatcher.members...
[2026-07-27 12:40:28] [PROGRESS] resolve files> Scanning D:\MigrationReportTool\Backend\MigrationReport\migration-api-db\trap\java\classes\org\springframework\data\domain\ExampleMatcher$MatcherConfigurer.members...
[2026-07-27 12:40:28] [PROGRESS] resolve files> Scanning D:\MigrationReportTool\Backend\MigrationReport\migration-api-db\trap\java\classes\org\springframework\data\domain\ExampleMatcher$MatchMode.members...
[2026-07-27 12:40:28] [PROGRESS] resolve files> Scanning D:\MigrationReportTool\Backend\MigrationReport\migration-api-db\trap\java\classes\org\springframework\data\domain\ExampleMatcher$NullHandler.members...
[2026-07-27 12:40:28] [PROGRESS] resolve files> Scanning D:\MigrationReportTool\Backend\MigrationReport\migration-api-db\trap\java\classes\org\springframework\data\domain\ExampleMatcher$PropertySpecifier.members...
[2026-07-27 12:40:28] [PROGRESS] resolve files> Scanning D:\MigrationReportTool\Backend\MigrationReport\migration-api-db\trap\java\classes\org\springframework\data\domain\ExampleMatcher$PropertySpecifiers.members...
[2026-07-27 12:40:28] [PROGRESS] resolve files> Scanning D:\MigrationReportTool\Backend\MigrationReport\migration-api-db\trap\java\classes\org\springframework\data\domain\ExampleMatcher$PropertyValueTransformer.members...
[2026-07-27 12:40:28] [PROGRESS] resolve files> Scanning D:\MigrationReportTool\Backend\MigrationReport\migration-api-db\trap\java\classes\org\springframework\data\domain\ExampleMatcher$StringMatcher.members...
[2026-07-27 12:40:28] [PROGRESS] resolve files> Scanning D:\MigrationReportTool\Backend\MigrationReport\migration-api-db\trap\java\classes\org\springframework\data\domain\ExampleMatcher.members...
[2026-07-27 12:40:28] [PROGRESS] resolve files> Scanning D:\MigrationReportTool\Backend\MigrationReport\migration-api-db\trap\java\classes\org\springframework\data\domain\KeysetScrollPosition.members...
[2026-07-27 12:40:28] [PROGRESS] resolve files> Scanning D:\MigrationReportTool\Backend\MigrationReport\migration-api-db\trap\java\classes\org\springframework\data\domain\Limit$Limited.members...
[2026-07-27 12:40:28] [PROGRESS] resolve files> Scanning D:\MigrationReportTool\Backend\MigrationReport\migration-api-db\trap\java\classes\org\springframework\data\domain\Limit$Unlimited.members...
[2026-07-27 12:40:28] [PROGRESS] resolve files> Scanning D:\MigrationReportTool\Backend\MigrationReport\migration-api-db\trap\java\classes\org\springframework\data\domain\Limit.members...
[2026-07-27 12:40:28] [PROGRESS] resolve files> Scanning D:\MigrationReportTool\Backend\MigrationReport\migration-api-db\trap\java\classes\org\springframework\data\domain\OffsetScrollPosition.members...
[2026-07-27 12:40:28] [PROGRESS] resolve files> Scanning D:\MigrationReportTool\Backend\MigrationReport\migration-api-db\trap\java\classes\org\springframework\data\domain\Page.members...
[2026-07-27 12:40:28] [PROGRESS] resolve files> Scanning D:\MigrationReportTool\Backend\MigrationReport\migration-api-db\trap\java\classes\org\springframework\data\domain\Pageable.members...
[2026-07-27 12:40:28] [PROGRESS] resolve files> Scanning D:\MigrationReportTool\Backend\MigrationReport\migration-api-db\trap\java\classes\org\springframework\data\domain\ScrollPosition$Direction.members...
[2026-07-27 12:40:28] [PROGRESS] resolve files> Scanning D:\MigrationReportTool\Backend\MigrationReport\migration-api-db\trap\java\classes\org\springframework\data\domain\ScrollPosition.members...
[2026-07-27 12:40:28] [PROGRESS] resolve files> Scanning D:\MigrationReportTool\Backend\MigrationReport\migration-api-db\trap\java\classes\org\springframework\data\domain\Slice.members...
[2026-07-27 12:40:28] [PROGRESS] resolve files> Scanning D:\MigrationReportTool\Backend\MigrationReport\migration-api-db\trap\java\classes\org\springframework\data\domain\Sort$Direction.members...
[2026-07-27 12:40:28] [PROGRESS] resolve files> Scanning D:\MigrationReportTool\Backend\MigrationReport\migration-api-db\trap\java\classes\org\springframework\data\domain\Sort$NullHandling.members...
[2026-07-27 12:40:28] [PROGRESS] resolve files> Scanning D:\MigrationReportTool\Backend\MigrationReport\migration-api-db\trap\java\classes\org\springframework\data\domain\Sort$Order.members...
[2026-07-27 12:40:28] [PROGRESS] resolve files> Scanning D:\MigrationReportTool\Backend\MigrationReport\migration-api-db\trap\java\classes\org\springframework\data\domain\Sort$TypedSort.members...
[2026-07-27 12:40:28] [PROGRESS] resolve files> Scanning D:\MigrationReportTool\Backend\MigrationReport\migration-api-db\trap\java\classes\org\springframework\data\domain\Sort.members...
[2026-07-27 12:40:28] [PROGRESS] resolve files> Scanning D:\MigrationReportTool\Backend\MigrationReport\migration-api-db\trap\java\classes\org\springframework\data\domain\Window.members...
[2026-07-27 12:40:28] [PROGRESS] resolve files> Scanning D:\MigrationReportTool\Backend\MigrationReport\migration-api-db\trap\java\classes\org\springframework\data\jpa...
[2026-07-27 12:40:28] [PROGRESS] resolve files> Scanning D:\MigrationReportTool\Backend\MigrationReport\migration-api-db\trap\java\classes\org\springframework\data\jpa\repository...
[2026-07-27 12:40:28] [PROGRESS] resolve files> Scanning D:\MigrationReportTool\Backend\MigrationReport\migration-api-db\trap\java\classes\org\springframework\data\jpa\repository\JpaRepository.members...
[2026-07-27 12:40:28] [PROGRESS] resolve files> Scanning D:\MigrationReportTool\Backend\MigrationReport\migration-api-db\trap\java\classes\org\springframework\data\repository...
[2026-07-27 12:40:28] [PROGRESS] resolve files> Scanning D:\MigrationReportTool\Backend\MigrationReport\migration-api-db\trap\java\classes\org\springframework\data\repository\CrudRepository.members...
[2026-07-27 12:40:28] [PROGRESS] resolve files> Scanning D:\MigrationReportTool\Backend\MigrationReport\migration-api-db\trap\java\classes\org\springframework\data\repository\ListCrudRepository.members...
[2026-07-27 12:40:28] [PROGRESS] resolve files> Scanning D:\MigrationReportTool\Backend\MigrationReport\migration-api-db\trap\java\classes\org\springframework\data\repository\ListPagingAndSortingRepository.members...
[2026-07-27 12:40:28] [PROGRESS] resolve files> Scanning D:\MigrationReportTool\Backend\MigrationReport\migration-api-db\trap\java\classes\org\springframework\data\repository\NoRepositoryBean.members...
[2026-07-27 12:40:28] [PROGRESS] resolve files> Scanning D:\MigrationReportTool\Backend\MigrationReport\migration-api-db\trap\java\classes\org\springframework\data\repository\PagingAndSortingRepository.members...
[2026-07-27 12:40:28] [PROGRESS] resolve files> Scanning D:\MigrationReportTool\Backend\MigrationReport\migration-api-db\trap\java\classes\org\springframework\data\repository\query...
[2026-07-27 12:40:28] [PROGRESS] resolve files> Scanning D:\MigrationReportTool\Backend\MigrationReport\migration-api-db\trap\java\classes\org\springframework\data\repository\query\FluentQuery$FetchableFluentQuery.members...
[2026-07-27 12:40:28] [PROGRESS] resolve files> Scanning D:\MigrationReportTool\Backend\MigrationReport\migration-api-db\trap\java\classes\org\springframework\data\repository\query\FluentQuery.members...
[2026-07-27 12:40:28] [PROGRESS] resolve files> Scanning D:\MigrationReportTool\Backend\MigrationReport\migration-api-db\trap\java\classes\org\springframework\data\repository\query\QueryByExampleExecutor.members...
[2026-07-27 12:40:28] [PROGRESS] resolve files> Scanning D:\MigrationReportTool\Backend\MigrationReport\migration-api-db\trap\java\classes\org\springframework\data\repository\Repository.members...
[2026-07-27 12:40:28] [PROGRESS] resolve files> Scanning D:\MigrationReportTool\Backend\MigrationReport\migration-api-db\trap\java\classes\org\springframework\data\util...
[2026-07-27 12:40:28] [PROGRESS] resolve files> Scanning D:\MigrationReportTool\Backend\MigrationReport\migration-api-db\trap\java\classes\org\springframework\data\util\MethodInvocationRecorder$PropertyNameDetectionStrategy.members...
[2026-07-27 12:40:28] [PROGRESS] resolve files> Scanning D:\MigrationReportTool\Backend\MigrationReport\migration-api-db\trap\java\classes\org\springframework\data\util\MethodInvocationRecorder$Recorded$ToCollectionConverter.members...
[2026-07-27 12:40:28] [PROGRESS] resolve files> Scanning D:\MigrationReportTool\Backend\MigrationReport\migration-api-db\trap\java\classes\org\springframework\data\util\MethodInvocationRecorder$Recorded$ToMapConverter.members...
[2026-07-27 12:40:28] [PROGRESS] resolve files> Scanning D:\MigrationReportTool\Backend\MigrationReport\migration-api-db\trap\java\classes\org\springframework\data\util\MethodInvocationRecorder$Recorded.members...
[2026-07-27 12:40:28] [PROGRESS] resolve files> Scanning D:\MigrationReportTool\Backend\MigrationReport\migration-api-db\trap\java\classes\org\springframework\data\util\MethodInvocationRecorder.members...
[2026-07-27 12:40:28] [PROGRESS] resolve files> Scanning D:\MigrationReportTool\Backend\MigrationReport\migration-api-db\trap\java\classes\org\springframework\data\util\Streamable.members...
[2026-07-27 12:40:28] [PROGRESS] resolve files> Scanning D:\MigrationReportTool\Backend\MigrationReport\migration-api-db\trap\java\classes\org\springframework\format...
[2026-07-27 12:40:28] [PROGRESS] resolve files> Scanning D:\MigrationReportTool\Backend\MigrationReport\migration-api-db\trap\java\classes\org\springframework\format\AnnotationFormatterFactory.members...
[2026-07-27 12:40:28] [PROGRESS] resolve files> Scanning D:\MigrationReportTool\Backend\MigrationReport\migration-api-db\trap\java\classes\org\springframework\format\Formatter.members...
[2026-07-27 12:40:28] [PROGRESS] resolve files> Scanning D:\MigrationReportTool\Backend\MigrationReport\migration-api-db\trap\java\classes\org\springframework\format\FormatterRegistry.members...
[2026-07-27 12:40:28] [PROGRESS] resolve files> Scanning D:\MigrationReportTool\Backend\MigrationReport\migration-api-db\trap\java\classes\org\springframework\format\Parser.members...
[2026-07-27 12:40:28] [PROGRESS] resolve files> Scanning D:\MigrationReportTool\Backend\MigrationReport\migration-api-db\trap\java\classes\org\springframework\format\Printer.members...
[2026-07-27 12:40:28] [PROGRESS] resolve files> Scanning D:\MigrationReportTool\Backend\MigrationReport\migration-api-db\trap\java\classes\org\springframework\http...
[2026-07-27 12:40:28] [PROGRESS] resolve files> Scanning D:\MigrationReportTool\Backend\MigrationReport\migration-api-db\trap\java\classes\org\springframework\http\CacheControl.members...
[2026-07-27 12:40:28] [PROGRESS] resolve files> Scanning D:\MigrationReportTool\Backend\MigrationReport\migration-api-db\trap\java\classes\org\springframework\http\ContentDisposition$Builder.members...
[2026-07-27 12:40:28] [PROGRESS] resolve files> Scanning D:\MigrationReportTool\Backend\MigrationReport\migration-api-db\trap\java\classes\org\springframework\http\ContentDisposition.members...
[2026-07-27 12:40:28] [PROGRESS] resolve files> Scanning D:\MigrationReportTool\Backend\MigrationReport\migration-api-db\trap\java\classes\org\springframework\http\converter...
[2026-07-27 12:40:28] [PROGRESS] resolve files> Scanning D:\MigrationReportTool\Backend\MigrationReport\migration-api-db\trap\java\classes\org\springframework\http\converter\AbstractGenericHttpMessageConverter.members...
[2026-07-27 12:40:28] [PROGRESS] resolve files> Scanning D:\MigrationReportTool\Backend\MigrationReport\migration-api-db\trap\java\classes\org\springframework\http\converter\AbstractHttpMessageConverter.members...
[2026-07-27 12:40:28] [PROGRESS] resolve files> Scanning D:\MigrationReportTool\Backend\MigrationReport\migration-api-db\trap\java\classes\org\springframework\http\converter\GenericHttpMessageConverter.members...
[2026-07-27 12:40:28] [PROGRESS] resolve files> Scanning D:\MigrationReportTool\Backend\MigrationReport\migration-api-db\trap\java\classes\org\springframework\http\converter\HttpMessageConversionException.members...
[2026-07-27 12:40:28] [PROGRESS] resolve files> Scanning D:\MigrationReportTool\Backend\MigrationReport\migration-api-db\trap\java\classes\org\springframework\http\converter\HttpMessageConverter.members...
[2026-07-27 12:40:28] [PROGRESS] resolve files> Scanning D:\MigrationReportTool\Backend\MigrationReport\migration-api-db\trap\java\classes\org\springframework\http\converter\HttpMessageConverters$Builder.members...
[2026-07-27 12:40:28] [PROGRESS] resolve files> Scanning D:\MigrationReportTool\Backend\MigrationReport\migration-api-db\trap\java\classes\org\springframework\http\converter\HttpMessageConverters$ClientBuilder.members...
[2026-07-27 12:40:28] [PROGRESS] resolve files> Scanning D:\MigrationReportTool\Backend\MigrationReport\migration-api-db\trap\java\classes\org\springframework\http\converter\HttpMessageConverters$ServerBuilder.members...
[2026-07-27 12:40:28] [PROGRESS] resolve files> Scanning D:\MigrationReportTool\Backend\MigrationReport\migration-api-db\trap\java\classes\org\springframework\http\converter\HttpMessageConverters.members...
[2026-07-27 12:40:28] [PROGRESS] resolve files> Scanning D:\MigrationReportTool\Backend\MigrationReport\migration-api-db\trap\java\classes\org\springframework\http\converter\HttpMessageNotReadableException.members...
[2026-07-27 12:40:28] [PROGRESS] resolve files> Scanning D:\MigrationReportTool\Backend\MigrationReport\migration-api-db\trap\java\classes\org\springframework\http\converter\HttpMessageNotWritableException.members...
[2026-07-27 12:40:28] [PROGRESS] resolve files> Scanning D:\MigrationReportTool\Backend\MigrationReport\migration-api-db\trap\java\classes\org\springframework\http\converter\ResourceHttpMessageConverter.members...
[2026-07-27 12:40:28] [PROGRESS] resolve files> Scanning D:\MigrationReportTool\Backend\MigrationReport\migration-api-db\trap\java\classes\org\springframework\http\converter\ResourceRegionHttpMessageConverter.members...
[2026-07-27 12:40:28] [PROGRESS] resolve files> Scanning D:\MigrationReportTool\Backend\MigrationReport\migration-api-db\trap\java\classes\org\springframework\http\DefaultHttpStatusCode.members...
[2026-07-27 12:40:28] [PROGRESS] resolve files> Scanning D:\MigrationReportTool\Backend\MigrationReport\migration-api-db\trap\java\classes\org\springframework\http\HttpEntity.members...
[2026-07-27 12:40:28] [PROGRESS] resolve files> Scanning D:\MigrationReportTool\Backend\MigrationReport\migration-api-db\trap\java\classes\org\springframework\http\HttpHeaders.members...
[2026-07-27 12:40:28] [PROGRESS] resolve files> Scanning D:\MigrationReportTool\Backend\MigrationReport\migration-api-db\trap\java\classes\org\springframework\http\HttpInputMessage.members...
[2026-07-27 12:40:28] [PROGRESS] resolve files> Scanning D:\MigrationReportTool\Backend\MigrationReport\migration-api-db\trap\java\classes\org\springframework\http\HttpMessage.members...
[2026-07-27 12:40:28] [PROGRESS] resolve files> Scanning D:\MigrationReportTool\Backend\MigrationReport\migration-api-db\trap\java\classes\org\springframework\http\HttpMethod.members...
[2026-07-27 12:40:28] [PROGRESS] resolve files> Scanning D:\MigrationReportTool\Backend\MigrationReport\migration-api-db\trap\java\classes\org\springframework\http\HttpOutputMessage.members...
[2026-07-27 12:40:28] [PROGRESS] resolve files> Scanning D:\MigrationReportTool\Backend\MigrationReport\migration-api-db\trap\java\classes\org\springframework\http\HttpRange.members...
[2026-07-27 12:40:28] [PROGRESS] resolve files> Scanning D:\MigrationReportTool\Backend\MigrationReport\migration-api-db\trap\java\classes\org\springframework\http\HttpStatus$Series.members...
[2026-07-27 12:40:28] [PROGRESS] resolve files> Scanning D:\MigrationReportTool\Backend\MigrationReport\migration-api-db\trap\java\classes\org\springframework\http\HttpStatus.members...
[2026-07-27 12:40:28] [PROGRESS] resolve files> Scanning D:\MigrationReportTool\Backend\MigrationReport\migration-api-db\trap\java\classes\org\springframework\http\HttpStatusCode.members...
[2026-07-27 12:40:28] [PROGRESS] resolve files> Scanning D:\MigrationReportTool\Backend\MigrationReport\migration-api-db\trap\java\classes\org\springframework\http\MediaType.members...
[2026-07-27 12:40:28] [PROGRESS] resolve files> Scanning D:\MigrationReportTool\Backend\MigrationReport\migration-api-db\trap\java\classes\org\springframework\http\ProblemDetail.members...
[2026-07-27 12:40:28] [PROGRESS] resolve files> Scanning D:\MigrationReportTool\Backend\MigrationReport\migration-api-db\trap\java\classes\org\springframework\http\ResponseEntity$BodyBuilder.members...
[2026-07-27 12:40:28] [PROGRESS] resolve files> Scanning D:\MigrationReportTool\Backend\MigrationReport\migration-api-db\trap\java\classes\org\springframework\http\ResponseEntity$HeadersBuilder.members...
[2026-07-27 12:40:28] [PROGRESS] resolve files> Scanning D:\MigrationReportTool\Backend\MigrationReport\migration-api-db\trap\java\classes\org\springframework\http\ResponseEntity.members...
[2026-07-27 12:40:28] [PROGRESS] resolve files> Scanning D:\MigrationReportTool\Backend\MigrationReport\migration-api-db\trap\java\classes\org\springframework\http\server...
[2026-07-27 12:40:28] [PROGRESS] resolve files> Scanning D:\MigrationReportTool\Backend\MigrationReport\migration-api-db\trap\java\classes\org\springframework\http\server\PathContainer$Element.members...
[2026-07-27 12:40:28] [PROGRESS] resolve files> Scanning D:\MigrationReportTool\Backend\MigrationReport\migration-api-db\trap\java\classes\org\springframework\http\server\PathContainer$Options.members...
[2026-07-27 12:40:28] [PROGRESS] resolve files> Scanning D:\MigrationReportTool\Backend\MigrationReport\migration-api-db\trap\java\classes\org\springframework\http\server\PathContainer.members...
[2026-07-27 12:40:28] [PROGRESS] resolve files> Scanning D:\MigrationReportTool\Backend\MigrationReport\migration-api-db\trap\java\classes\org\springframework\http\server\RequestPath.members...
[2026-07-27 12:40:28] [PROGRESS] resolve files> Scanning D:\MigrationReportTool\Backend\MigrationReport\migration-api-db\trap\java\classes\org\springframework\jdbc...
[2026-07-27 12:40:28] [PROGRESS] resolve files> Scanning D:\MigrationReportTool\Backend\MigrationReport\migration-api-db\trap\java\classes\org\springframework\jdbc\core...
[2026-07-27 12:40:28] [PROGRESS] resolve files> Scanning D:\MigrationReportTool\Backend\MigrationReport\migration-api-db\trap\java\classes\org\springframework\jdbc\core\BatchPreparedStatementSetter.members...
[2026-07-27 12:40:28] [PROGRESS] resolve files> Scanning D:\MigrationReportTool\Backend\MigrationReport\migration-api-db\trap\java\classes\org\springframework\jdbc\core\CallableStatementCallback.members...
[2026-07-27 12:40:28] [PROGRESS] resolve files> Scanning D:\MigrationReportTool\Backend\MigrationReport\migration-api-db\trap\java\classes\org\springframework\jdbc\core\CallableStatementCreator.members...
[2026-07-27 12:40:28] [PROGRESS] resolve files> Scanning D:\MigrationReportTool\Backend\MigrationReport\migration-api-db\trap\java\classes\org\springframework\jdbc\core\ConnectionCallback.members...
[2026-07-27 12:40:28] [PROGRESS] resolve files> Scanning D:\MigrationReportTool\Backend\MigrationReport\migration-api-db\trap\java\classes\org\springframework\jdbc\core\JdbcOperations.members...
[2026-07-27 12:40:28] [PROGRESS] resolve files> Scanning D:\MigrationReportTool\Backend\MigrationReport\migration-api-db\trap\java\classes\org\springframework\jdbc\core\JdbcTemplate.members...
[2026-07-27 12:40:28] [PROGRESS] resolve files> Scanning D:\MigrationReportTool\Backend\MigrationReport\migration-api-db\trap\java\classes\org\springframework\jdbc\core\ParameterizedPreparedStatementSetter.members...
[2026-07-27 12:40:28] [PROGRESS] resolve files> Scanning D:\MigrationReportTool\Backend\MigrationReport\migration-api-db\trap\java\classes\org\springframework\jdbc\core\PreparedStatementCallback.members...
[2026-07-27 12:40:28] [PROGRESS] resolve files> Scanning D:\MigrationReportTool\Backend\MigrationReport\migration-api-db\trap\java\classes\org\springframework\jdbc\core\PreparedStatementCreator.members...
[2026-07-27 12:40:28] [PROGRESS] resolve files> Scanning D:\MigrationReportTool\Backend\MigrationReport\migration-api-db\trap\java\classes\org\springframework\jdbc\core\PreparedStatementSetter.members...
[2026-07-27 12:40:28] [PROGRESS] resolve files> Scanning D:\MigrationReportTool\Backend\MigrationReport\migration-api-db\trap\java\classes\org\springframework\jdbc\core\ResultSetExtractor.members...
[2026-07-27 12:40:28] [PROGRESS] resolve files> Scanning D:\MigrationReportTool\Backend\MigrationReport\migration-api-db\trap\java\classes\org\springframework\jdbc\core\ResultSetSupportingSqlParameter.members...
[2026-07-27 12:40:28] [PROGRESS] resolve files> Scanning D:\MigrationReportTool\Backend\MigrationReport\migration-api-db\trap\java\classes\org\springframework\jdbc\core\RowCallbackHandler.members...
[2026-07-27 12:40:28] [PROGRESS] resolve files> Scanning D:\MigrationReportTool\Backend\MigrationReport\migration-api-db\trap\java\classes\org\springframework\jdbc\core\RowMapper.members...
[2026-07-27 12:40:28] [PROGRESS] resolve files> Scanning D:\MigrationReportTool\Backend\MigrationReport\migration-api-db\trap\java\classes\org\springframework\jdbc\core\SqlParameter.members...
[2026-07-27 12:40:28] [PROGRESS] resolve files> Scanning D:\MigrationReportTool\Backend\MigrationReport\migration-api-db\trap\java\classes\org\springframework\jdbc\core\StatementCallback.members...
[2026-07-27 12:40:28] [PROGRESS] resolve files> Scanning D:\MigrationReportTool\Backend\MigrationReport\migration-api-db\trap\java\classes\org\springframework\jdbc\InvalidResultSetAccessException.members...
[2026-07-27 12:40:28] [PROGRESS] resolve files> Scanning D:\MigrationReportTool\Backend\MigrationReport\migration-api-db\trap\java\classes\org\springframework\jdbc\SQLWarningException.members...
[2026-07-27 12:40:28] [PROGRESS] resolve files> Scanning D:\MigrationReportTool\Backend\MigrationReport\migration-api-db\trap\java\classes\org\springframework\jdbc\support...
[2026-07-27 12:40:28] [PROGRESS] resolve files> Scanning D:\MigrationReportTool\Backend\MigrationReport\migration-api-db\trap\java\classes\org\springframework\jdbc\support\JdbcAccessor.members...
[2026-07-27 12:40:28] [PROGRESS] resolve files> Scanning D:\MigrationReportTool\Backend\MigrationReport\migration-api-db\trap\java\classes\org\springframework\jdbc\support\KeyHolder.members...
[2026-07-27 12:40:28] [PROGRESS] resolve files> Scanning D:\MigrationReportTool\Backend\MigrationReport\migration-api-db\trap\java\classes\org\springframework\jdbc\support\rowset...
[2026-07-27 12:40:28] [PROGRESS] resolve files> Scanning D:\MigrationReportTool\Backend\MigrationReport\migration-api-db\trap\java\classes\org\springframework\jdbc\support\rowset\SqlRowSet.members...
[2026-07-27 12:40:28] [PROGRESS] resolve files> Scanning D:\MigrationReportTool\Backend\MigrationReport\migration-api-db\trap\java\classes\org\springframework\jdbc\support\rowset\SqlRowSetMetaData.members...
[2026-07-27 12:40:28] [PROGRESS] resolve files> Scanning D:\MigrationReportTool\Backend\MigrationReport\migration-api-db\trap\java\classes\org\springframework\jdbc\support\SQLExceptionTranslator.members...
[2026-07-27 12:40:28] [PROGRESS] resolve files> Scanning D:\MigrationReportTool\Backend\MigrationReport\migration-api-db\trap\java\classes\org\springframework\lang...
[2026-07-27 12:40:28] [PROGRESS] resolve files> Scanning D:\MigrationReportTool\Backend\MigrationReport\migration-api-db\trap\java\classes\org\springframework\lang\CheckReturnValue.members...
[2026-07-27 12:40:28] [PROGRESS] resolve files> Scanning D:\MigrationReportTool\Backend\MigrationReport\migration-api-db\trap\java\classes\org\springframework\lang\Contract.members...
[2026-07-27 12:40:28] [PROGRESS] resolve files> Scanning D:\MigrationReportTool\Backend\MigrationReport\migration-api-db\trap\java\classes\org\springframework\stereotype...
[2026-07-27 12:40:28] [PROGRESS] resolve files> Scanning D:\MigrationReportTool\Backend\MigrationReport\migration-api-db\trap\java\classes\org\springframework\stereotype\Component.members...
[2026-07-27 12:40:28] [PROGRESS] resolve files> Scanning D:\MigrationReportTool\Backend\MigrationReport\migration-api-db\trap\java\classes\org\springframework\stereotype\Controller.members...
[2026-07-27 12:40:28] [PROGRESS] resolve files> Scanning D:\MigrationReportTool\Backend\MigrationReport\migration-api-db\trap\java\classes\org\springframework\stereotype\Indexed.members...
[2026-07-27 12:40:28] [PROGRESS] resolve files> Scanning D:\MigrationReportTool\Backend\MigrationReport\migration-api-db\trap\java\classes\org\springframework\stereotype\Repository.members...
[2026-07-27 12:40:28] [PROGRESS] resolve files> Scanning D:\MigrationReportTool\Backend\MigrationReport\migration-api-db\trap\java\classes\org\springframework\stereotype\Service.members...
[2026-07-27 12:40:28] [PROGRESS] resolve files> Scanning D:\MigrationReportTool\Backend\MigrationReport\migration-api-db\trap\java\classes\org\springframework\test...
[2026-07-27 12:40:28] [PROGRESS] resolve files> Scanning D:\MigrationReportTool\Backend\MigrationReport\migration-api-db\trap\java\classes\org\springframework\test\annotation...
[2026-07-27 12:40:28] [PROGRESS] resolve files> Scanning D:\MigrationReportTool\Backend\MigrationReport\migration-api-db\trap\java\classes\org\springframework\test\annotation\DirtiesContext$ClassMode.members...
[2026-07-27 12:40:28] [PROGRESS] resolve files> Scanning D:\MigrationReportTool\Backend\MigrationReport\migration-api-db\trap\java\classes\org\springframework\test\annotation\DirtiesContext$HierarchyMode.members...
[2026-07-27 12:40:28] [PROGRESS] resolve files> Scanning D:\MigrationReportTool\Backend\MigrationReport\migration-api-db\trap\java\classes\org\springframework\test\annotation\DirtiesContext$MethodMode.members...
[2026-07-27 12:40:28] [PROGRESS] resolve files> Scanning D:\MigrationReportTool\Backend\MigrationReport\migration-api-db\trap\java\classes\org\springframework\test\annotation\DirtiesContext.members...
[2026-07-27 12:40:28] [PROGRESS] resolve files> Scanning D:\MigrationReportTool\Backend\MigrationReport\migration-api-db\trap\java\classes\org\springframework\test\context...
[2026-07-27 12:40:28] [PROGRESS] resolve files> Scanning D:\MigrationReportTool\Backend\MigrationReport\migration-api-db\trap\java\classes\org\springframework\test\context\aot...
[2026-07-27 12:40:28] [PROGRESS] resolve files> Scanning D:\MigrationReportTool\Backend\MigrationReport\migration-api-db\trap\java\classes\org\springframework\test\context\aot\AotTestAttributes.members...
[2026-07-27 12:40:28] [PROGRESS] resolve files> Scanning D:\MigrationReportTool\Backend\MigrationReport\migration-api-db\trap\java\classes\org\springframework\test\context\BootstrapContext.members...
[2026-07-27 12:40:28] [PROGRESS] resolve files> Scanning D:\MigrationReportTool\Backend\MigrationReport\migration-api-db\trap\java\classes\org\springframework\test\context\BootstrapWith.members...
[2026-07-27 12:40:28] [PROGRESS] resolve files> Scanning D:\MigrationReportTool\Backend\MigrationReport\migration-api-db\trap\java\classes\org\springframework\test\context\CacheAwareContextLoaderDelegate.members...
[2026-07-27 12:40:28] [PROGRESS] resolve files> Scanning D:\MigrationReportTool\Backend\MigrationReport\migration-api-db\trap\java\classes\org\springframework\test\context\ContextConfiguration.members...
[2026-07-27 12:40:28] [PROGRESS] resolve files> Scanning D:\MigrationReportTool\Backend\MigrationReport\migration-api-db\trap\java\classes\org\springframework\test\context\ContextConfigurationAttributes.members...
[2026-07-27 12:40:28] [PROGRESS] resolve files> Scanning D:\MigrationReportTool\Backend\MigrationReport\migration-api-db\trap\java\classes\org\springframework\test\context\ContextCustomizer.members...
[2026-07-27 12:40:28] [PROGRESS] resolve files> Scanning D:\MigrationReportTool\Backend\MigrationReport\migration-api-db\trap\java\classes\org\springframework\test\context\ContextCustomizerFactory.members...
[2026-07-27 12:40:28] [PROGRESS] resolve files> Scanning D:\MigrationReportTool\Backend\MigrationReport\migration-api-db\trap\java\classes\org\springframework\test\context\ContextLoader.members...
[2026-07-27 12:40:28] [PROGRESS] resolve files> Scanning D:\MigrationReportTool\Backend\MigrationReport\migration-api-db\trap\java\classes\org\springframework\test\context\junit...
[2026-07-27 12:40:28] [PROGRESS] resolve files> Scanning D:\MigrationReportTool\Backend\MigrationReport\migration-api-db\trap\java\classes\org\springframework\test\context\junit\jupiter...
[2026-07-27 12:40:28] [PROGRESS] resolve files> Scanning D:\MigrationReportTool\Backend\MigrationReport\migration-api-db\trap\java\classes\org\springframework\test\context\junit\jupiter\SpringExtension.members...
[2026-07-27 12:40:28] [PROGRESS] resolve files> Scanning D:\MigrationReportTool\Backend\MigrationReport\migration-api-db\trap\java\classes\org\springframework\test\context\MergedContextConfiguration.members...
[2026-07-27 12:40:28] [PROGRESS] resolve files> Scanning D:\MigrationReportTool\Backend\MigrationReport\migration-api-db\trap\java\classes\org\springframework\test\context\MethodInvoker.members...
[2026-07-27 12:40:28] [PROGRESS] resolve files> Scanning D:\MigrationReportTool\Backend\MigrationReport\migration-api-db\trap\java\classes\org\springframework\test\context\support...
[2026-07-27 12:40:28] [PROGRESS] resolve files> Scanning D:\MigrationReportTool\Backend\MigrationReport\migration-api-db\trap\java\classes\org\springframework\test\context\support\AbstractTestContextBootstrapper.members...
[2026-07-27 12:40:28] [PROGRESS] resolve files> Scanning D:\MigrationReportTool\Backend\MigrationReport\migration-api-db\trap\java\classes\org\springframework\test\context\support\DefaultTestContextBootstrapper.members...
[2026-07-27 12:40:28] [PROGRESS] resolve files> Scanning D:\MigrationReportTool\Backend\MigrationReport\migration-api-db\trap\java\classes\org\springframework\test\context\TestContext.members...
[2026-07-27 12:40:28] [PROGRESS] resolve files> Scanning D:\MigrationReportTool\Backend\MigrationReport\migration-api-db\trap\java\classes\org\springframework\test\context\TestContextBootstrapper.members...
[2026-07-27 12:40:28] [PROGRESS] resolve files> Scanning D:\MigrationReportTool\Backend\MigrationReport\migration-api-db\trap\java\classes\org\springframework\test\context\TestContextManager.members...
[2026-07-27 12:40:28] [PROGRESS] resolve files> Scanning D:\MigrationReportTool\Backend\MigrationReport\migration-api-db\trap\java\classes\org\springframework\test\context\TestExecutionListener.members...
[2026-07-27 12:40:28] [PROGRESS] resolve files> Scanning D:\MigrationReportTool\Backend\MigrationReport\migration-api-db\trap\java\classes\org\springframework\ui...
[2026-07-27 12:40:28] [PROGRESS] resolve files> Scanning D:\MigrationReportTool\Backend\MigrationReport\migration-api-db\trap\java\classes\org\springframework\ui\ModelMap.members...
[2026-07-27 12:40:28] [PROGRESS] resolve files> Scanning D:\MigrationReportTool\Backend\MigrationReport\migration-api-db\trap\java\classes\org\springframework\util...
[2026-07-27 12:40:28] [PROGRESS] resolve files> Scanning D:\MigrationReportTool\Backend\MigrationReport\migration-api-db\trap\java\classes\org\springframework\util\ConcurrentReferenceHashMap$Entry.members...
[2026-07-27 12:40:28] [PROGRESS] resolve files> Scanning D:\MigrationReportTool\Backend\MigrationReport\migration-api-db\trap\java\classes\org\springframework\util\ConcurrentReferenceHashMap$Reference.members...
[2026-07-27 12:40:28] [PROGRESS] resolve files> Scanning D:\MigrationReportTool\Backend\MigrationReport\migration-api-db\trap\java\classes\org\springframework\util\ConcurrentReferenceHashMap$ReferenceManager.members...
[2026-07-27 12:40:28] [PROGRESS] resolve files> Scanning D:\MigrationReportTool\Backend\MigrationReport\migration-api-db\trap\java\classes\org\springframework\util\ConcurrentReferenceHashMap$ReferenceType.members...
[2026-07-27 12:40:28] [PROGRESS] resolve files> Scanning D:\MigrationReportTool\Backend\MigrationReport\migration-api-db\trap\java\classes\org\springframework\util\ConcurrentReferenceHashMap$Restructure.members...
[2026-07-27 12:40:28] [PROGRESS] resolve files> Scanning D:\MigrationReportTool\Backend\MigrationReport\migration-api-db\trap\java\classes\org\springframework\util\ConcurrentReferenceHashMap$Segment.members...
[2026-07-27 12:40:28] [PROGRESS] resolve files> Scanning D:\MigrationReportTool\Backend\MigrationReport\migration-api-db\trap\java\classes\org\springframework\util\ConcurrentReferenceHashMap.members...
[2026-07-27 12:40:28] [PROGRESS] resolve files> Scanning D:\MigrationReportTool\Backend\MigrationReport\migration-api-db\trap\java\classes\org\springframework\util\function...
[2026-07-27 12:40:28] [PROGRESS] resolve files> Scanning D:\MigrationReportTool\Backend\MigrationReport\migration-api-db\trap\java\classes\org\springframework\util\function\ThrowingConsumer.members...
[2026-07-27 12:40:28] [PROGRESS] resolve files> Scanning D:\MigrationReportTool\Backend\MigrationReport\migration-api-db\trap\java\classes\org\springframework\util\function\ThrowingSupplier.members...
[2026-07-27 12:40:28] [PROGRESS] resolve files> Scanning D:\MigrationReportTool\Backend\MigrationReport\migration-api-db\trap\java\classes\org\springframework\util\MimeType.members...
[2026-07-27 12:40:28] [PROGRESS] resolve files> Scanning D:\MigrationReportTool\Backend\MigrationReport\migration-api-db\trap\java\classes\org\springframework\util\MultiValueMap.members...
[2026-07-27 12:40:28] [PROGRESS] resolve files> Scanning D:\MigrationReportTool\Backend\MigrationReport\migration-api-db\trap\java\classes\org\springframework\util\PathMatcher.members...
[2026-07-27 12:40:28] [PROGRESS] resolve files> Scanning D:\MigrationReportTool\Backend\MigrationReport\migration-api-db\trap\java\classes\org\springframework\util\StringValueResolver.members...
[2026-07-27 12:40:28] [PROGRESS] resolve files> Scanning D:\MigrationReportTool\Backend\MigrationReport\migration-api-db\trap\java\classes\org\springframework\validation...
[2026-07-27 12:40:28] [PROGRESS] resolve files> Scanning D:\MigrationReportTool\Backend\MigrationReport\migration-api-db\trap\java\classes\org\springframework\validation\AbstractBindingResult.members...
[2026-07-27 12:40:28] [PROGRESS] resolve files> Scanning D:\MigrationReportTool\Backend\MigrationReport\migration-api-db\trap\java\classes\org\springframework\validation\AbstractErrors.members...
[2026-07-27 12:40:28] [PROGRESS] resolve files> Scanning D:\MigrationReportTool\Backend\MigrationReport\migration-api-db\trap\java\classes\org\springframework\validation\AbstractPropertyBindingResult.members...
[2026-07-27 12:40:28] [PROGRESS] resolve files> Scanning D:\MigrationReportTool\Backend\MigrationReport\migration-api-db\trap\java\classes\org\springframework\validation\BindException.members...
[2026-07-27 12:40:28] [PROGRESS] resolve files> Scanning D:\MigrationReportTool\Backend\MigrationReport\migration-api-db\trap\java\classes\org\springframework\validation\BindingErrorProcessor.members...
[2026-07-27 12:40:28] [PROGRESS] resolve files> Scanning D:\MigrationReportTool\Backend\MigrationReport\migration-api-db\trap\java\classes\org\springframework\validation\BindingResult.members...
[2026-07-27 12:40:28] [PROGRESS] resolve files> Scanning D:\MigrationReportTool\Backend\MigrationReport\migration-api-db\trap\java\classes\org\springframework\validation\DataBinder$NameResolver.members...
[2026-07-27 12:40:28] [PROGRESS] resolve files> Scanning D:\MigrationReportTool\Backend\MigrationReport\migration-api-db\trap\java\classes\org\springframework\validation\DataBinder$ValueResolver.members...
[2026-07-27 12:40:28] [PROGRESS] resolve files> Scanning D:\MigrationReportTool\Backend\MigrationReport\migration-api-db\trap\java\classes\org\springframework\validation\DataBinder.members...
[2026-07-27 12:40:28] [PROGRESS] resolve files> Scanning D:\MigrationReportTool\Backend\MigrationReport\migration-api-db\trap\java\classes\org\springframework\validation\Errors.members...
[2026-07-27 12:40:28] [PROGRESS] resolve files> Scanning D:\MigrationReportTool\Backend\MigrationReport\migration-api-db\trap\java\classes\org\springframework\validation\FieldError.members...
[2026-07-27 12:40:28] [PROGRESS] resolve files> Scanning D:\MigrationReportTool\Backend\MigrationReport\migration-api-db\trap\java\classes\org\springframework\validation\MessageCodesResolver.members...
[2026-07-27 12:40:28] [PROGRESS] resolve files> Scanning D:\MigrationReportTool\Backend\MigrationReport\migration-api-db\trap\java\classes\org\springframework\validation\ObjectError.members...
[2026-07-27 12:40:28] [PROGRESS] resolve files> Scanning D:\MigrationReportTool\Backend\MigrationReport\migration-api-db\trap\java\classes\org\springframework\validation\Validator.members...
[2026-07-27 12:40:28] [PROGRESS] resolve files> Scanning D:\MigrationReportTool\Backend\MigrationReport\migration-api-db\trap\java\classes\org\springframework\web...
[2026-07-27 12:40:28] [PROGRESS] resolve files> Scanning D:\MigrationReportTool\Backend\MigrationReport\migration-api-db\trap\java\classes\org\springframework\web\accept...
[2026-07-27 12:40:28] [PROGRESS] resolve files> Scanning D:\MigrationReportTool\Backend\MigrationReport\migration-api-db\trap\java\classes\org\springframework\web\accept\ApiVersionDeprecationHandler.members...
[2026-07-27 12:40:28] [PROGRESS] resolve files> Scanning D:\MigrationReportTool\Backend\MigrationReport\migration-api-db\trap\java\classes\org\springframework\web\accept\ApiVersionParser.members...
[2026-07-27 12:40:28] [PROGRESS] resolve files> Scanning D:\MigrationReportTool\Backend\MigrationReport\migration-api-db\trap\java\classes\org\springframework\web\accept\ApiVersionResolver.members...
[2026-07-27 12:40:28] [PROGRESS] resolve files> Scanning D:\MigrationReportTool\Backend\MigrationReport\migration-api-db\trap\java\classes\org\springframework\web\accept\ApiVersionStrategy.members...
[2026-07-27 12:40:28] [PROGRESS] resolve files> Scanning D:\MigrationReportTool\Backend\MigrationReport\migration-api-db\trap\java\classes\org\springframework\web\accept\ContentNegotiationManager.members...
[2026-07-27 12:40:28] [PROGRESS] resolve files> Scanning D:\MigrationReportTool\Backend\MigrationReport\migration-api-db\trap\java\classes\org\springframework\web\accept\ContentNegotiationStrategy.members...
[2026-07-27 12:40:28] [PROGRESS] resolve files> Scanning D:\MigrationReportTool\Backend\MigrationReport\migration-api-db\trap\java\classes\org\springframework\web\accept\InvalidApiVersionException.members...
[2026-07-27 12:40:28] [PROGRESS] resolve files> Scanning D:\MigrationReportTool\Backend\MigrationReport\migration-api-db\trap\java\classes\org\springframework\web\accept\MediaTypeFileExtensionResolver.members...
[2026-07-27 12:40:28] [PROGRESS] resolve files> Scanning D:\MigrationReportTool\Backend\MigrationReport\migration-api-db\trap\java\classes\org\springframework\web\accept\MissingApiVersionException.members...
[2026-07-27 12:40:28] [PROGRESS] resolve files> Scanning D:\MigrationReportTool\Backend\MigrationReport\migration-api-db\trap\java\classes\org\springframework\web\bind...
[2026-07-27 12:40:28] [PROGRESS] resolve files> Scanning D:\MigrationReportTool\Backend\MigrationReport\migration-api-db\trap\java\classes\org\springframework\web\bind\annotation...
[2026-07-27 12:40:28] [PROGRESS] resolve files> Scanning D:\MigrationReportTool\Backend\MigrationReport\migration-api-db\trap\java\classes\org\springframework\web\bind\annotation\ControllerAdvice.members...
[2026-07-27 12:40:28] [PROGRESS] resolve files> Scanning D:\MigrationReportTool\Backend\MigrationReport\migration-api-db\trap\java\classes\org\springframework\web\bind\annotation\ControllerMappingReflectiveProcessor.members...
[2026-07-27 12:40:28] [PROGRESS] resolve files> Scanning D:\MigrationReportTool\Backend\MigrationReport\migration-api-db\trap\java\classes\org\springframework\web\bind\annotation\DeleteMapping.members...
[2026-07-27 12:40:28] [PROGRESS] resolve files> Scanning D:\MigrationReportTool\Backend\MigrationReport\migration-api-db\trap\java\classes\org\springframework\web\bind\annotation\ExceptionHandler.members...
[2026-07-27 12:40:28] [PROGRESS] resolve files> Scanning D:\MigrationReportTool\Backend\MigrationReport\migration-api-db\trap\java\classes\org\springframework\web\bind\annotation\ExceptionHandlerReflectiveProcessor.members...
[2026-07-27 12:40:28] [PROGRESS] resolve files> Scanning D:\MigrationReportTool\Backend\MigrationReport\migration-api-db\trap\java\classes\org\springframework\web\bind\annotation\GetMapping.members...
[2026-07-27 12:40:28] [PROGRESS] resolve files> Scanning D:\MigrationReportTool\Backend\MigrationReport\migration-api-db\trap\java\classes\org\springframework\web\bind\annotation\Mapping.members...
[2026-07-27 12:40:28] [PROGRESS] resolve files> Scanning D:\MigrationReportTool\Backend\MigrationReport\migration-api-db\trap\java\classes\org\springframework\web\bind\annotation\PathVariable.members...
[2026-07-27 12:40:28] [PROGRESS] resolve files> Scanning D:\MigrationReportTool\Backend\MigrationReport\migration-api-db\trap\java\classes\org\springframework\web\bind\annotation\PostMapping.members...
[2026-07-27 12:40:28] [PROGRESS] resolve files> Scanning D:\MigrationReportTool\Backend\MigrationReport\migration-api-db\trap\java\classes\org\springframework\web\bind\annotation\RequestBody.members...
[2026-07-27 12:40:28] [PROGRESS] resolve files> Scanning D:\MigrationReportTool\Backend\MigrationReport\migration-api-db\trap\java\classes\org\springframework\web\bind\annotation\RequestMapping.members...
[2026-07-27 12:40:28] [PROGRESS] resolve files> Scanning D:\MigrationReportTool\Backend\MigrationReport\migration-api-db\trap\java\classes\org\springframework\web\bind\annotation\RequestMethod.members...
[2026-07-27 12:40:28] [PROGRESS] resolve files> Scanning D:\MigrationReportTool\Backend\MigrationReport\migration-api-db\trap\java\classes\org\springframework\web\bind\annotation\RequestParam.members...
[2026-07-27 12:40:28] [PROGRESS] resolve files> Scanning D:\MigrationReportTool\Backend\MigrationReport\migration-api-db\trap\java\classes\org\springframework\web\bind\annotation\ResponseBody.members...
[2026-07-27 12:40:28] [PROGRESS] resolve files> Scanning D:\MigrationReportTool\Backend\MigrationReport\migration-api-db\trap\java\classes\org\springframework\web\bind\annotation\ResponseStatus.members...
[2026-07-27 12:40:28] [PROGRESS] resolve files> Scanning D:\MigrationReportTool\Backend\MigrationReport\migration-api-db\trap\java\classes\org\springframework\web\bind\annotation\RestController.members...
[2026-07-27 12:40:28] [PROGRESS] resolve files> Scanning D:\MigrationReportTool\Backend\MigrationReport\migration-api-db\trap\java\classes\org\springframework\web\bind\support...
[2026-07-27 12:40:28] [PROGRESS] resolve files> Scanning D:\MigrationReportTool\Backend\MigrationReport\migration-api-db\trap\java\classes\org\springframework\web\bind\support\SessionStatus.members...
[2026-07-27 12:40:28] [PROGRESS] resolve files> Scanning D:\MigrationReportTool\Backend\MigrationReport\migration-api-db\trap\java\classes\org\springframework\web\bind\support\WebDataBinderFactory.members...
[2026-07-27 12:40:28] [PROGRESS] resolve files> Scanning D:\MigrationReportTool\Backend\MigrationReport\migration-api-db\trap\java\classes\org\springframework\web\bind\WebDataBinder.members...
[2026-07-27 12:40:28] [PROGRESS] resolve files> Scanning D:\MigrationReportTool\Backend\MigrationReport\migration-api-db\trap\java\classes\org\springframework\web\context...
[2026-07-27 12:40:28] [PROGRESS] resolve files> Scanning D:\MigrationReportTool\Backend\MigrationReport\migration-api-db\trap\java\classes\org\springframework\web\context\request...
[2026-07-27 12:40:28] [PROGRESS] resolve files> Scanning D:\MigrationReportTool\Backend\MigrationReport\migration-api-db\trap\java\classes\org\springframework\web\context\request\async...
[2026-07-27 12:40:28] [PROGRESS] resolve files> Scanning D:\MigrationReportTool\Backend\MigrationReport\migration-api-db\trap\java\classes\org\springframework\web\context\request\async\CallableProcessingInterceptor.members...
[2026-07-27 12:40:28] [PROGRESS] resolve files> Scanning D:\MigrationReportTool\Backend\MigrationReport\migration-api-db\trap\java\classes\org\springframework\web\context\request\async\DeferredResult$DeferredResultHandler.members...
[2026-07-27 12:40:28] [PROGRESS] resolve files> Scanning D:\MigrationReportTool\Backend\MigrationReport\migration-api-db\trap\java\classes\org\springframework\web\context\request\async\DeferredResult.members...
[2026-07-27 12:40:28] [PROGRESS] resolve files> Scanning D:\MigrationReportTool\Backend\MigrationReport\migration-api-db\trap\java\classes\org\springframework\web\context\request\async\DeferredResultProcessingInterceptor.members...
[2026-07-27 12:40:28] [PROGRESS] resolve files> Scanning D:\MigrationReportTool\Backend\MigrationReport\migration-api-db\trap\java\classes\org\springframework\web\context\request\NativeWebRequest.members...
[2026-07-27 12:40:28] [PROGRESS] resolve files> Scanning D:\MigrationReportTool\Backend\MigrationReport\migration-api-db\trap\java\classes\org\springframework\web\context\request\RequestAttributes.members...
[2026-07-27 12:40:28] [PROGRESS] resolve files> Scanning D:\MigrationReportTool\Backend\MigrationReport\migration-api-db\trap\java\classes\org\springframework\web\context\request\WebRequest.members...
[2026-07-27 12:40:28] [PROGRESS] resolve files> Scanning D:\MigrationReportTool\Backend\MigrationReport\migration-api-db\trap\java\classes\org\springframework\web\context\request\WebRequestInterceptor.members...
[2026-07-27 12:40:28] [PROGRESS] resolve files> Scanning D:\MigrationReportTool\Backend\MigrationReport\migration-api-db\trap\java\classes\org\springframework\web\context\ServletContextAware.members...
[2026-07-27 12:40:28] [PROGRESS] resolve files> Scanning D:\MigrationReportTool\Backend\MigrationReport\migration-api-db\trap\java\classes\org\springframework\web\context\support...
[2026-07-27 12:40:28] [PROGRESS] resolve files> Scanning D:\MigrationReportTool\Backend\MigrationReport\migration-api-db\trap\java\classes\org\springframework\web\context\support\WebApplicationObjectSupport.members...
[2026-07-27 12:40:28] [PROGRESS] resolve files> Scanning D:\MigrationReportTool\Backend\MigrationReport\migration-api-db\trap\java\classes\org\springframework\web\context\WebApplicationContext.members...
[2026-07-27 12:40:28] [PROGRESS] resolve files> Scanning D:\MigrationReportTool\Backend\MigrationReport\migration-api-db\trap\java\classes\org\springframework\web\cors...
[2026-07-27 12:40:28] [PROGRESS] resolve files> Scanning D:\MigrationReportTool\Backend\MigrationReport\migration-api-db\trap\java\classes\org\springframework\web\cors\CorsConfiguration.members...
[2026-07-27 12:40:28] [PROGRESS] resolve files> Scanning D:\MigrationReportTool\Backend\MigrationReport\migration-api-db\trap\java\classes\org\springframework\web\cors\CorsConfigurationSource.members...
[2026-07-27 12:40:28] [PROGRESS] resolve files> Scanning D:\MigrationReportTool\Backend\MigrationReport\migration-api-db\trap\java\classes\org\springframework\web\cors\CorsProcessor.members...
[2026-07-27 12:40:28] [PROGRESS] resolve files> Scanning D:\MigrationReportTool\Backend\MigrationReport\migration-api-db\trap\java\classes\org\springframework\web\ErrorResponse$Builder.members...
[2026-07-27 12:40:28] [PROGRESS] resolve files> Scanning D:\MigrationReportTool\Backend\MigrationReport\migration-api-db\trap\java\classes\org\springframework\web\ErrorResponse$Interceptor.members...
[2026-07-27 12:40:28] [PROGRESS] resolve files> Scanning D:\MigrationReportTool\Backend\MigrationReport\migration-api-db\trap\java\classes\org\springframework\web\ErrorResponse.members...
[2026-07-27 12:40:28] [PROGRESS] resolve files> Scanning D:\MigrationReportTool\Backend\MigrationReport\migration-api-db\trap\java\classes\org\springframework\web\ErrorResponseException.members...
[2026-07-27 12:40:28] [PROGRESS] resolve files> Scanning D:\MigrationReportTool\Backend\MigrationReport\migration-api-db\trap\java\classes\org\springframework\web\HttpMediaTypeException.members...
[2026-07-27 12:40:28] [PROGRESS] resolve files> Scanning D:\MigrationReportTool\Backend\MigrationReport\migration-api-db\trap\java\classes\org\springframework\web\HttpMediaTypeNotAcceptableException.members...
[2026-07-27 12:40:28] [PROGRESS] resolve files> Scanning D:\MigrationReportTool\Backend\MigrationReport\migration-api-db\trap\java\classes\org\springframework\web\HttpRequestHandler.members...
[2026-07-27 12:40:28] [PROGRESS] resolve files> Scanning D:\MigrationReportTool\Backend\MigrationReport\migration-api-db\trap\java\classes\org\springframework\web\method...
[2026-07-27 12:40:28] [PROGRESS] resolve files> Scanning D:\MigrationReportTool\Backend\MigrationReport\migration-api-db\trap\java\classes\org\springframework\web\method\support...
[2026-07-27 12:40:28] [PROGRESS] resolve files> Scanning D:\MigrationReportTool\Backend\MigrationReport\migration-api-db\trap\java\classes\org\springframework\web\method\support\HandlerMethodArgumentResolver.members...
[2026-07-27 12:40:28] [PROGRESS] resolve files> Scanning D:\MigrationReportTool\Backend\MigrationReport\migration-api-db\trap\java\classes\org\springframework\web\method\support\HandlerMethodReturnValueHandler.members...
[2026-07-27 12:40:28] [PROGRESS] resolve files> Scanning D:\MigrationReportTool\Backend\MigrationReport\migration-api-db\trap\java\classes\org\springframework\web\method\support\ModelAndViewContainer.members...
[2026-07-27 12:40:28] [PROGRESS] resolve files> Scanning D:\MigrationReportTool\Backend\MigrationReport\migration-api-db\trap\java\classes\org\springframework\web\multipart...
[2026-07-27 12:40:28] [PROGRESS] resolve files> Scanning D:\MigrationReportTool\Backend\MigrationReport\migration-api-db\trap\java\classes\org\springframework\web\multipart\MultipartFile.members...
[2026-07-27 12:40:28] [PROGRESS] resolve files> Scanning D:\MigrationReportTool\Backend\MigrationReport\migration-api-db\trap\java\classes\org\springframework\web\server...
[2026-07-27 12:40:28] [PROGRESS] resolve files> Scanning D:\MigrationReportTool\Backend\MigrationReport\migration-api-db\trap\java\classes\org\springframework\web\server\ResponseStatusException.members...
[2026-07-27 12:40:28] [PROGRESS] resolve files> Scanning D:\MigrationReportTool\Backend\MigrationReport\migration-api-db\trap\java\classes\org\springframework\web\servlet...
[2026-07-27 12:40:28] [PROGRESS] resolve files> Scanning D:\MigrationReportTool\Backend\MigrationReport\migration-api-db\trap\java\classes\org\springframework\web\servlet\config...
[2026-07-27 12:40:28] [PROGRESS] resolve files> Scanning D:\MigrationReportTool\Backend\MigrationReport\migration-api-db\trap\java\classes\org\springframework\web\servlet\config\annotation...
[2026-07-27 12:40:28] [PROGRESS] resolve files> Scanning D:\MigrationReportTool\Backend\MigrationReport\migration-api-db\trap\java\classes\org\springframework\web\servlet\config\annotation\ApiVersionConfigurer.members...
[2026-07-27 12:40:28] [PROGRESS] resolve files> Scanning D:\MigrationReportTool\Backend\MigrationReport\migration-api-db\trap\java\classes\org\springframework\web\servlet\config\annotation\AsyncSupportConfigurer.members...
[2026-07-27 12:40:28] [PROGRESS] resolve files> Scanning D:\MigrationReportTool\Backend\MigrationReport\migration-api-db\trap\java\classes\org\springframework\web\servlet\config\annotation\ContentNegotiationConfigurer.members...
[2026-07-27 12:40:28] [PROGRESS] resolve files> Scanning D:\MigrationReportTool\Backend\MigrationReport\migration-api-db\trap\java\classes\org\springframework\web\servlet\config\annotation\CorsRegistration.members...
[2026-07-27 12:40:28] [PROGRESS] resolve files> Scanning D:\MigrationReportTool\Backend\MigrationReport\migration-api-db\trap\java\classes\org\springframework\web\servlet\config\annotation\CorsRegistry.members...
[2026-07-27 12:40:28] [PROGRESS] resolve files> Scanning D:\MigrationReportTool\Backend\MigrationReport\migration-api-db\trap\java\classes\org\springframework\web\servlet\config\annotation\DefaultServletHandlerConfigurer.members...
[2026-07-27 12:40:28] [PROGRESS] resolve files> Scanning D:\MigrationReportTool\Backend\MigrationReport\migration-api-db\trap\java\classes\org\springframework\web\servlet\config\annotation\InterceptorRegistration.members...
[2026-07-27 12:40:28] [PROGRESS] resolve files> Scanning D:\MigrationReportTool\Backend\MigrationReport\migration-api-db\trap\java\classes\org\springframework\web\servlet\config\annotation\InterceptorRegistry.members...
[2026-07-27 12:40:28] [PROGRESS] resolve files> Scanning D:\MigrationReportTool\Backend\MigrationReport\migration-api-db\trap\java\classes\org\springframework\web\servlet\config\annotation\PathMatchConfigurer.members...
[2026-07-27 12:40:28] [PROGRESS] resolve files> Scanning D:\MigrationReportTool\Backend\MigrationReport\migration-api-db\trap\java\classes\org\springframework\web\servlet\config\annotation\RedirectViewControllerRegistration.members...
[2026-07-27 12:40:28] [PROGRESS] resolve files> Scanning D:\MigrationReportTool\Backend\MigrationReport\migration-api-db\trap\java\classes\org\springframework\web\servlet\config\annotation\ResourceChainRegistration.members...
[2026-07-27 12:40:28] [PROGRESS] resolve files> Scanning D:\MigrationReportTool\Backend\MigrationReport\migration-api-db\trap\java\classes\org\springframework\web\servlet\config\annotation\ResourceHandlerRegistration.members...
[2026-07-27 12:40:28] [PROGRESS] resolve files> Scanning D:\MigrationReportTool\Backend\MigrationReport\migration-api-db\trap\java\classes\org\springframework\web\servlet\config\annotation\ResourceHandlerRegistry.members...
[2026-07-27 12:40:28] [PROGRESS] resolve files> Scanning D:\MigrationReportTool\Backend\MigrationReport\migration-api-db\trap\java\classes\org\springframework\web\servlet\config\annotation\UrlBasedViewResolverRegistration.members...
[2026-07-27 12:40:28] [PROGRESS] resolve files> Scanning D:\MigrationReportTool\Backend\MigrationReport\migration-api-db\trap\java\classes\org\springframework\web\servlet\config\annotation\ViewControllerRegistration.members...
[2026-07-27 12:40:28] [PROGRESS] resolve files> Scanning D:\MigrationReportTool\Backend\MigrationReport\migration-api-db\trap\java\classes\org\springframework\web\servlet\config\annotation\ViewControllerRegistry.members...
[2026-07-27 12:40:28] [PROGRESS] resolve files> Scanning D:\MigrationReportTool\Backend\MigrationReport\migration-api-db\trap\java\classes\org\springframework\web\servlet\config\annotation\ViewResolverRegistry.members...
[2026-07-27 12:40:28] [PROGRESS] resolve files> Scanning D:\MigrationReportTool\Backend\MigrationReport\migration-api-db\trap\java\classes\org\springframework\web\servlet\config\annotation\WebMvcConfigurer.members...
[2026-07-27 12:40:28] [PROGRESS] resolve files> Scanning D:\MigrationReportTool\Backend\MigrationReport\migration-api-db\trap\java\classes\org\springframework\web\servlet\handler...
[2026-07-27 12:40:28] [PROGRESS] resolve files> Scanning D:\MigrationReportTool\Backend\MigrationReport\migration-api-db\trap\java\classes\org\springframework\web\servlet\handler\AbstractHandlerMapping.members...
[2026-07-27 12:40:28] [PROGRESS] resolve files> Scanning D:\MigrationReportTool\Backend\MigrationReport\migration-api-db\trap\java\classes\org\springframework\web\servlet\handler\AbstractUrlHandlerMapping.members...
[2026-07-27 12:40:28] [PROGRESS] resolve files> Scanning D:\MigrationReportTool\Backend\MigrationReport\migration-api-db\trap\java\classes\org\springframework\web\servlet\handler\MappedInterceptor.members...
[2026-07-27 12:40:28] [PROGRESS] resolve files> Scanning D:\MigrationReportTool\Backend\MigrationReport\migration-api-db\trap\java\classes\org\springframework\web\servlet\handler\MatchableHandlerMapping.members...
[2026-07-27 12:40:28] [PROGRESS] resolve files> Scanning D:\MigrationReportTool\Backend\MigrationReport\migration-api-db\trap\java\classes\org\springframework\web\servlet\handler\RequestMatchResult.members...
[2026-07-27 12:40:28] [PROGRESS] resolve files> Scanning D:\MigrationReportTool\Backend\MigrationReport\migration-api-db\trap\java\classes\org\springframework\web\servlet\handler\SimpleUrlHandlerMapping.members...
[2026-07-27 12:40:28] [PROGRESS] resolve files> Scanning D:\MigrationReportTool\Backend\MigrationReport\migration-api-db\trap\java\classes\org\springframework\web\servlet\HandlerExceptionResolver.members...
[2026-07-27 12:40:28] [PROGRESS] resolve files> Scanning D:\MigrationReportTool\Backend\MigrationReport\migration-api-db\trap\java\classes\org\springframework\web\servlet\HandlerExecutionChain.members...
[2026-07-27 12:40:28] [PROGRESS] resolve files> Scanning D:\MigrationReportTool\Backend\MigrationReport\migration-api-db\trap\java\classes\org\springframework\web\servlet\HandlerInterceptor.members...
[2026-07-27 12:40:29] [PROGRESS] resolve files> Scanning D:\MigrationReportTool\Backend\MigrationReport\migration-api-db\trap\java\classes\org\springframework\web\servlet\HandlerMapping.members...
[2026-07-27 12:40:29] [PROGRESS] resolve files> Scanning D:\MigrationReportTool\Backend\MigrationReport\migration-api-db\trap\java\classes\org\springframework\web\servlet\ModelAndView.members...
[2026-07-27 12:40:29] [PROGRESS] resolve files> Scanning D:\MigrationReportTool\Backend\MigrationReport\migration-api-db\trap\java\classes\org\springframework\web\servlet\mvc...
[2026-07-27 12:40:29] [PROGRESS] resolve files> Scanning D:\MigrationReportTool\Backend\MigrationReport\migration-api-db\trap\java\classes\org\springframework\web\servlet\mvc\AbstractController.members...
[2026-07-27 12:40:29] [PROGRESS] resolve files> Scanning D:\MigrationReportTool\Backend\MigrationReport\migration-api-db\trap\java\classes\org\springframework\web\servlet\mvc\Controller.members...
[2026-07-27 12:40:29] [PROGRESS] resolve files> Scanning D:\MigrationReportTool\Backend\MigrationReport\migration-api-db\trap\java\classes\org\springframework\web\servlet\mvc\ParameterizableViewController.members...
[2026-07-27 12:40:29] [PROGRESS] resolve files> Scanning D:\MigrationReportTool\Backend\MigrationReport\migration-api-db\trap\java\classes\org\springframework\web\servlet\resource...
[2026-07-27 12:40:29] [PROGRESS] resolve files> Scanning D:\MigrationReportTool\Backend\MigrationReport\migration-api-db\trap\java\classes\org\springframework\web\servlet\resource\ResourceHttpRequestHandler.members...
[2026-07-27 12:40:29] [PROGRESS] resolve files> Scanning D:\MigrationReportTool\Backend\MigrationReport\migration-api-db\trap\java\classes\org\springframework\web\servlet\resource\ResourceResolver.members...
[2026-07-27 12:40:29] [PROGRESS] resolve files> Scanning D:\MigrationReportTool\Backend\MigrationReport\migration-api-db\trap\java\classes\org\springframework\web\servlet\resource\ResourceResolverChain.members...
[2026-07-27 12:40:29] [PROGRESS] resolve files> Scanning D:\MigrationReportTool\Backend\MigrationReport\migration-api-db\trap\java\classes\org\springframework\web\servlet\resource\ResourceTransformer.members...
[2026-07-27 12:40:29] [PROGRESS] resolve files> Scanning D:\MigrationReportTool\Backend\MigrationReport\migration-api-db\trap\java\classes\org\springframework\web\servlet\resource\ResourceTransformerChain.members...
[2026-07-27 12:40:29] [PROGRESS] resolve files> Scanning D:\MigrationReportTool\Backend\MigrationReport\migration-api-db\trap\java\classes\org\springframework\web\servlet\support...
[2026-07-27 12:40:29] [PROGRESS] resolve files> Scanning D:\MigrationReportTool\Backend\MigrationReport\migration-api-db\trap\java\classes\org\springframework\web\servlet\support\BindStatus.members...
[2026-07-27 12:40:29] [PROGRESS] resolve files> Scanning D:\MigrationReportTool\Backend\MigrationReport\migration-api-db\trap\java\classes\org\springframework\web\servlet\support\RequestContext.members...
[2026-07-27 12:40:29] [PROGRESS] resolve files> Scanning D:\MigrationReportTool\Backend\MigrationReport\migration-api-db\trap\java\classes\org\springframework\web\servlet\support\RequestDataValueProcessor.members...
[2026-07-27 12:40:29] [PROGRESS] resolve files> Scanning D:\MigrationReportTool\Backend\MigrationReport\migration-api-db\trap\java\classes\org\springframework\web\servlet\support\WebContentGenerator.members...
[2026-07-27 12:40:29] [PROGRESS] resolve files> Scanning D:\MigrationReportTool\Backend\MigrationReport\migration-api-db\trap\java\classes\org\springframework\web\servlet\view...
[2026-07-27 12:40:29] [PROGRESS] resolve files> Scanning D:\MigrationReportTool\Backend\MigrationReport\migration-api-db\trap\java\classes\org\springframework\web\servlet\view\AbstractCachingViewResolver$CacheFilter.members...
[2026-07-27 12:40:29] [PROGRESS] resolve files> Scanning D:\MigrationReportTool\Backend\MigrationReport\migration-api-db\trap\java\classes\org\springframework\web\servlet\view\AbstractCachingViewResolver.members...
[2026-07-27 12:40:29] [PROGRESS] resolve files> Scanning D:\MigrationReportTool\Backend\MigrationReport\migration-api-db\trap\java\classes\org\springframework\web\servlet\view\AbstractUrlBasedView.members...
[2026-07-27 12:40:29] [PROGRESS] resolve files> Scanning D:\MigrationReportTool\Backend\MigrationReport\migration-api-db\trap\java\classes\org\springframework\web\servlet\view\AbstractView.members...
[2026-07-27 12:40:29] [PROGRESS] resolve files> Scanning D:\MigrationReportTool\Backend\MigrationReport\migration-api-db\trap\java\classes\org\springframework\web\servlet\view\UrlBasedViewResolver.members...
[2026-07-27 12:40:29] [PROGRESS] resolve files> Scanning D:\MigrationReportTool\Backend\MigrationReport\migration-api-db\trap\java\classes\org\springframework\web\servlet\View.members...
[2026-07-27 12:40:29] [PROGRESS] resolve files> Scanning D:\MigrationReportTool\Backend\MigrationReport\migration-api-db\trap\java\classes\org\springframework\web\servlet\ViewResolver.members...
[2026-07-27 12:40:29] [PROGRESS] resolve files> Scanning D:\MigrationReportTool\Backend\MigrationReport\migration-api-db\trap\java\classes\org\springframework\web\util...
[2026-07-27 12:40:29] [PROGRESS] resolve files> Scanning D:\MigrationReportTool\Backend\MigrationReport\migration-api-db\trap\java\classes\org\springframework\web\util\pattern...
[2026-07-27 12:40:29] [PROGRESS] resolve files> Scanning D:\MigrationReportTool\Backend\MigrationReport\migration-api-db\trap\java\classes\org\springframework\web\util\pattern\PathElement.members...
[2026-07-27 12:40:29] [PROGRESS] resolve files> Scanning D:\MigrationReportTool\Backend\MigrationReport\migration-api-db\trap\java\classes\org\springframework\web\util\pattern\PathPattern$MatchingContext.members...
[2026-07-27 12:40:29] [PROGRESS] resolve files> Scanning D:\MigrationReportTool\Backend\MigrationReport\migration-api-db\trap\java\classes\org\springframework\web\util\pattern\PathPattern$PathMatchInfo.members...
[2026-07-27 12:40:29] [PROGRESS] resolve files> Scanning D:\MigrationReportTool\Backend\MigrationReport\migration-api-db\trap\java\classes\org\springframework\web\util\pattern\PathPattern$PathRemainingMatchInfo.members...
[2026-07-27 12:40:29] [PROGRESS] resolve files> Scanning D:\MigrationReportTool\Backend\MigrationReport\migration-api-db\trap\java\classes\org\springframework\web\util\pattern\PathPattern.members...
[2026-07-27 12:40:29] [PROGRESS] resolve files> Scanning D:\MigrationReportTool\Backend\MigrationReport\migration-api-db\trap\java\classes\org\springframework\web\util\pattern\PathPatternParser.members...
[2026-07-27 12:40:29] [PROGRESS] resolve files> Scanning D:\MigrationReportTool\Backend\MigrationReport\migration-api-db\trap\java\classes\org\springframework\web\util\pattern\PatternParseException$PatternMessage.members...
[2026-07-27 12:40:29] [PROGRESS] resolve files> Scanning D:\MigrationReportTool\Backend\MigrationReport\migration-api-db\trap\java\classes\org\springframework\web\util\pattern\PatternParseException.members...
[2026-07-27 12:40:29] [PROGRESS] resolve files> Scanning D:\MigrationReportTool\Backend\MigrationReport\migration-api-db\trap\java\classes\org\springframework\web\util\UrlPathHelper.members...
[2026-07-27 12:40:29] [PROGRESS] resolve files> Scanning D:\MigrationReportTool\Backend\MigrationReport\migration-api-db\trap\java\classes\sun...
[2026-07-27 12:40:29] [PROGRESS] resolve files> Scanning D:\MigrationReportTool\Backend\MigrationReport\migration-api-db\trap\java\classes\sun\awt...
[2026-07-27 12:40:29] [PROGRESS] resolve files> Scanning D:\MigrationReportTool\Backend\MigrationReport\migration-api-db\trap\java\classes\sun\awt\AppContext.members...
[2026-07-27 12:40:29] [PROGRESS] resolve files> Scanning D:\MigrationReportTool\Backend\MigrationReport\migration-api-db\trap\java\classes\sun\awt\ComponentFactory.members...
[2026-07-27 12:40:29] [PROGRESS] resolve files> Scanning D:\MigrationReportTool\Backend\MigrationReport\migration-api-db\trap\java\classes\sun\awt\ConstrainableGraphics.members...
[2026-07-27 12:40:29] [PROGRESS] resolve files> Scanning D:\MigrationReportTool\Backend\MigrationReport\migration-api-db\trap\java\classes\sun\awt\datatransfer...
[2026-07-27 12:40:29] [PROGRESS] resolve files> Scanning D:\MigrationReportTool\Backend\MigrationReport\migration-api-db\trap\java\classes\sun\awt\datatransfer\DataTransferer.members...
[2026-07-27 12:40:29] [PROGRESS] resolve files> Scanning D:\MigrationReportTool\Backend\MigrationReport\migration-api-db\trap\java\classes\sun\awt\datatransfer\ToolkitThreadBlockedHandler.members...
[2026-07-27 12:40:29] [PROGRESS] resolve files> Scanning D:\MigrationReportTool\Backend\MigrationReport\migration-api-db\trap\java\classes\sun\awt\DisplayChangedListener.members...
[2026-07-27 12:40:29] [PROGRESS] resolve files> Scanning D:\MigrationReportTool\Backend\MigrationReport\migration-api-db\trap\java\classes\sun\awt\EventQueueItem.members...
[2026-07-27 12:40:29] [PROGRESS] resolve files> Scanning D:\MigrationReportTool\Backend\MigrationReport\migration-api-db\trap\java\classes\sun\awt\geom...
[2026-07-27 12:40:29] [PROGRESS] resolve files> Scanning D:\MigrationReportTool\Backend\MigrationReport\migration-api-db\trap\java\classes\sun\awt\geom\PathConsumer2D.members...
[2026-07-27 12:40:29] [PROGRESS] resolve files> Scanning D:\MigrationReportTool\Backend\MigrationReport\migration-api-db\trap\java\classes\sun\awt\image...
[2026-07-27 12:40:29] [PROGRESS] resolve files> Scanning D:\MigrationReportTool\Backend\MigrationReport\migration-api-db\trap\java\classes\sun\awt\image\PixelConverter.members...
[2026-07-27 12:40:29] [PROGRESS] resolve files> Scanning D:\MigrationReportTool\Backend\MigrationReport\migration-api-db\trap\java\classes\sun\awt\image\SurfaceManager$FlushableCacheData.members...
[2026-07-27 12:40:29] [PROGRESS] resolve files> Scanning D:\MigrationReportTool\Backend\MigrationReport\migration-api-db\trap\java\classes\sun\awt\image\SurfaceManager$ImageAccessor.members...
[2026-07-27 12:40:29] [PROGRESS] resolve files> Scanning D:\MigrationReportTool\Backend\MigrationReport\migration-api-db\trap\java\classes\sun\awt\image\SurfaceManager.members...
[2026-07-27 12:40:29] [PROGRESS] resolve files> Scanning D:\MigrationReportTool\Backend\MigrationReport\migration-api-db\trap\java\classes\sun\awt\RequestFocusController.members...
[2026-07-27 12:40:29] [PROGRESS] resolve files> Scanning D:\MigrationReportTool\Backend\MigrationReport\migration-api-db\trap\java\classes\sun\awt\util...
[2026-07-27 12:40:29] [PROGRESS] resolve files> Scanning D:\MigrationReportTool\Backend\MigrationReport\migration-api-db\trap\java\classes\sun\awt\util\IdentityArrayList.members...
[2026-07-27 12:40:29] [PROGRESS] resolve files> Scanning D:\MigrationReportTool\Backend\MigrationReport\migration-api-db\trap\java\classes\sun\font...
[2026-07-27 12:40:29] [PROGRESS] resolve files> Scanning D:\MigrationReportTool\Backend\MigrationReport\migration-api-db\trap\java\classes\sun\font\CharToGlyphMapper.members...
[2026-07-27 12:40:29] [PROGRESS] resolve files> Scanning D:\MigrationReportTool\Backend\MigrationReport\migration-api-db\trap\java\classes\sun\font\Font2D.members...
[2026-07-27 12:40:29] [PROGRESS] resolve files> Scanning D:\MigrationReportTool\Backend\MigrationReport\migration-api-db\trap\java\classes\sun\font\Font2DHandle.members...
[2026-07-27 12:40:29] [PROGRESS] resolve files> Scanning D:\MigrationReportTool\Backend\MigrationReport\migration-api-db\trap\java\classes\sun\font\FontFamily.members...
[2026-07-27 12:40:29] [PROGRESS] resolve files> Scanning D:\MigrationReportTool\Backend\MigrationReport\migration-api-db\trap\java\classes\sun\font\FontStrike.members...
[2026-07-27 12:40:29] [PROGRESS] resolve files> Scanning D:\MigrationReportTool\Backend\MigrationReport\migration-api-db\trap\java\classes\sun\font\FontStrikeDesc.members...
[2026-07-27 12:40:29] [PROGRESS] resolve files> Scanning D:\MigrationReportTool\Backend\MigrationReport\migration-api-db\trap\java\classes\sun\font\FontStrikeDisposer.members...
[2026-07-27 12:40:29] [PROGRESS] resolve files> Scanning D:\MigrationReportTool\Backend\MigrationReport\migration-api-db\trap\java\classes\sun\font\GlyphList.members...
[2026-07-27 12:40:29] [PROGRESS] resolve files> Scanning D:\MigrationReportTool\Backend\MigrationReport\migration-api-db\trap\java\classes\sun\font\StrikeMetrics.members...
[2026-07-27 12:40:29] [PROGRESS] resolve files> Scanning D:\MigrationReportTool\Backend\MigrationReport\migration-api-db\trap\java\classes\sun\invoke...
[2026-07-27 12:40:29] [PROGRESS] resolve files> Scanning D:\MigrationReportTool\Backend\MigrationReport\migration-api-db\trap\java\classes\sun\invoke\empty...
[2026-07-27 12:40:29] [PROGRESS] resolve files> Scanning D:\MigrationReportTool\Backend\MigrationReport\migration-api-db\trap\java\classes\sun\invoke\empty\Empty.members...
[2026-07-27 12:40:29] [PROGRESS] resolve files> Scanning D:\MigrationReportTool\Backend\MigrationReport\migration-api-db\trap\java\classes\sun\invoke\util...
[2026-07-27 12:40:29] [PROGRESS] resolve files> Scanning D:\MigrationReportTool\Backend\MigrationReport\migration-api-db\trap\java\classes\sun\invoke\util\Wrapper.members...
[2026-07-27 12:40:29] [PROGRESS] resolve files> Scanning D:\MigrationReportTool\Backend\MigrationReport\migration-api-db\trap\java\classes\sun\java2d...
[2026-07-27 12:40:29] [PROGRESS] resolve files> Scanning D:\MigrationReportTool\Backend\MigrationReport\migration-api-db\trap\java\classes\sun\java2d\cmm...
[2026-07-27 12:40:29] [PROGRESS] resolve files> Scanning D:\MigrationReportTool\Backend\MigrationReport\migration-api-db\trap\java\classes\sun\java2d\cmm\Profile.members...
[2026-07-27 12:40:29] [PROGRESS] resolve files> Scanning D:\MigrationReportTool\Backend\MigrationReport\migration-api-db\trap\java\classes\sun\java2d\cmm\ProfileDeferralInfo.members...
[2026-07-27 12:40:29] [PROGRESS] resolve files> Scanning D:\MigrationReportTool\Backend\MigrationReport\migration-api-db\trap\java\classes\sun\java2d\DestSurfaceProvider.members...
[2026-07-27 12:40:29] [PROGRESS] resolve files> Scanning D:\MigrationReportTool\Backend\MigrationReport\migration-api-db\trap\java\classes\sun\java2d\Disposer$PollDisposable.members...
[2026-07-27 12:40:29] [PROGRESS] resolve files> Scanning D:\MigrationReportTool\Backend\MigrationReport\migration-api-db\trap\java\classes\sun\java2d\Disposer.members...
[2026-07-27 12:40:29] [PROGRESS] resolve files> Scanning D:\MigrationReportTool\Backend\MigrationReport\migration-api-db\trap\java\classes\sun\java2d\DisposerRecord.members...
[2026-07-27 12:40:29] [PROGRESS] resolve files> Scanning D:\MigrationReportTool\Backend\MigrationReport\migration-api-db\trap\java\classes\sun\java2d\DisposerTarget.members...
[2026-07-27 12:40:29] [PROGRESS] resolve files> Scanning D:\MigrationReportTool\Backend\MigrationReport\migration-api-db\trap\java\classes\sun\java2d\loops...
[2026-07-27 12:40:29] [PROGRESS] resolve files> Scanning D:\MigrationReportTool\Backend\MigrationReport\migration-api-db\trap\java\classes\sun\java2d\loops\Blit.members...
[2026-07-27 12:40:29] [PROGRESS] resolve files> Scanning D:\MigrationReportTool\Backend\MigrationReport\migration-api-db\trap\java\classes\sun\java2d\loops\CompositeType.members...
[2026-07-27 12:40:29] [PROGRESS] resolve files> Scanning D:\MigrationReportTool\Backend\MigrationReport\migration-api-db\trap\java\classes\sun\java2d\loops\DrawGlyphList.members...
[2026-07-27 12:40:29] [PROGRESS] resolve files> Scanning D:\MigrationReportTool\Backend\MigrationReport\migration-api-db\trap\java\classes\sun\java2d\loops\DrawGlyphListAA.members...
[2026-07-27 12:40:29] [PROGRESS] resolve files> Scanning D:\MigrationReportTool\Backend\MigrationReport\migration-api-db\trap\java\classes\sun\java2d\loops\DrawGlyphListColor.members...
[2026-07-27 12:40:29] [PROGRESS] resolve files> Scanning D:\MigrationReportTool\Backend\MigrationReport\migration-api-db\trap\java\classes\sun\java2d\loops\DrawGlyphListLCD.members...
[2026-07-27 12:40:29] [PROGRESS] resolve files> Scanning D:\MigrationReportTool\Backend\MigrationReport\migration-api-db\trap\java\classes\sun\java2d\loops\DrawLine.members...
[2026-07-27 12:40:29] [PROGRESS] resolve files> Scanning D:\MigrationReportTool\Backend\MigrationReport\migration-api-db\trap\java\classes\sun\java2d\loops\DrawParallelogram.members...
[2026-07-27 12:40:29] [PROGRESS] resolve files> Scanning D:\MigrationReportTool\Backend\MigrationReport\migration-api-db\trap\java\classes\sun\java2d\loops\DrawPath.members...
[2026-07-27 12:40:29] [PROGRESS] resolve files> Scanning D:\MigrationReportTool\Backend\MigrationReport\migration-api-db\trap\java\classes\sun\java2d\loops\DrawPolygons.members...
[2026-07-27 12:40:29] [PROGRESS] resolve files> Scanning D:\MigrationReportTool\Backend\MigrationReport\migration-api-db\trap\java\classes\sun\java2d\loops\DrawRect.members...
[2026-07-27 12:40:29] [PROGRESS] resolve files> Scanning D:\MigrationReportTool\Backend\MigrationReport\migration-api-db\trap\java\classes\sun\java2d\loops\FillParallelogram.members...
[2026-07-27 12:40:29] [PROGRESS] resolve files> Scanning D:\MigrationReportTool\Backend\MigrationReport\migration-api-db\trap\java\classes\sun\java2d\loops\FillPath.members...
[2026-07-27 12:40:29] [PROGRESS] resolve files> Scanning D:\MigrationReportTool\Backend\MigrationReport\migration-api-db\trap\java\classes\sun\java2d\loops\FillRect.members...
[2026-07-27 12:40:29] [PROGRESS] resolve files> Scanning D:\MigrationReportTool\Backend\MigrationReport\migration-api-db\trap\java\classes\sun\java2d\loops\FillSpans.members...
[2026-07-27 12:40:29] [PROGRESS] resolve files> Scanning D:\MigrationReportTool\Backend\MigrationReport\migration-api-db\trap\java\classes\sun\java2d\loops\FontInfo.members...
[2026-07-27 12:40:29] [PROGRESS] resolve files> Scanning D:\MigrationReportTool\Backend\MigrationReport\migration-api-db\trap\java\classes\sun\java2d\loops\GraphicsPrimitive$GeneralBinaryOp.members...
[2026-07-27 12:40:29] [PROGRESS] resolve files> Scanning D:\MigrationReportTool\Backend\MigrationReport\migration-api-db\trap\java\classes\sun\java2d\loops\GraphicsPrimitive$GeneralUnaryOp.members...
[2026-07-27 12:40:29] [PROGRESS] resolve files> Scanning D:\MigrationReportTool\Backend\MigrationReport\migration-api-db\trap\java\classes\sun\java2d\loops\GraphicsPrimitive.members...
[2026-07-27 12:40:29] [PROGRESS] resolve files> Scanning D:\MigrationReportTool\Backend\MigrationReport\migration-api-db\trap\java\classes\sun\java2d\loops\MaskFill.members...
[2026-07-27 12:40:29] [PROGRESS] resolve files> Scanning D:\MigrationReportTool\Backend\MigrationReport\migration-api-db\trap\java\classes\sun\java2d\loops\RenderLoops.members...
[2026-07-27 12:40:29] [PROGRESS] resolve files> Scanning D:\MigrationReportTool\Backend\MigrationReport\migration-api-db\trap\java\classes\sun\java2d\loops\SurfaceType.members...
[2026-07-27 12:40:29] [PROGRESS] resolve files> Scanning D:\MigrationReportTool\Backend\MigrationReport\migration-api-db\trap\java\classes\sun\java2d\pipe...
[2026-07-27 12:40:29] [PROGRESS] resolve files> Scanning D:\MigrationReportTool\Backend\MigrationReport\migration-api-db\trap\java\classes\sun\java2d\pipe\AAShapePipe$TileState.members...
[2026-07-27 12:40:29] [PROGRESS] resolve files> Scanning D:\MigrationReportTool\Backend\MigrationReport\migration-api-db\trap\java\classes\sun\java2d\pipe\AAShapePipe.members...
[2026-07-27 12:40:29] [PROGRESS] resolve files> Scanning D:\MigrationReportTool\Backend\MigrationReport\migration-api-db\trap\java\classes\sun\java2d\pipe\AATileGenerator.members...
[2026-07-27 12:40:29] [PROGRESS] resolve files> Scanning D:\MigrationReportTool\Backend\MigrationReport\migration-api-db\trap\java\classes\sun\java2d\pipe\AlphaColorPipe.members...
[2026-07-27 12:40:29] [PROGRESS] resolve files> Scanning D:\MigrationReportTool\Backend\MigrationReport\migration-api-db\trap\java\classes\sun\java2d\pipe\CompositePipe.members...
[2026-07-27 12:40:29] [PROGRESS] resolve files> Scanning D:\MigrationReportTool\Backend\MigrationReport\migration-api-db\trap\java\classes\sun\java2d\pipe\DrawImagePipe.members...
[2026-07-27 12:40:29] [PROGRESS] resolve files> Scanning D:\MigrationReportTool\Backend\MigrationReport\migration-api-db\trap\java\classes\sun\java2d\pipe\LoopBasedPipe.members...
[2026-07-27 12:40:29] [PROGRESS] resolve files> Scanning D:\MigrationReportTool\Backend\MigrationReport\migration-api-db\trap\java\classes\sun\java2d\pipe\LoopPipe.members...
[2026-07-27 12:40:29] [PROGRESS] resolve files> Scanning D:\MigrationReportTool\Backend\MigrationReport\migration-api-db\trap\java\classes\sun\java2d\pipe\ParallelogramPipe.members...
[2026-07-27 12:40:29] [PROGRESS] resolve files> Scanning D:\MigrationReportTool\Backend\MigrationReport\migration-api-db\trap\java\classes\sun\java2d\pipe\PixelDrawPipe.members...
[2026-07-27 12:40:29] [PROGRESS] resolve files> Scanning D:\MigrationReportTool\Backend\MigrationReport\migration-api-db\trap\java\classes\sun\java2d\pipe\PixelFillPipe.members...
[2026-07-27 12:40:29] [PROGRESS] resolve files> Scanning D:\MigrationReportTool\Backend\MigrationReport\migration-api-db\trap\java\classes\sun\java2d\pipe\PixelToParallelogramConverter.members...
[2026-07-27 12:40:29] [PROGRESS] resolve files> Scanning D:\MigrationReportTool\Backend\MigrationReport\migration-api-db\trap\java\classes\sun\java2d\pipe\PixelToShapeConverter.members...
[2026-07-27 12:40:29] [PROGRESS] resolve files> Scanning D:\MigrationReportTool\Backend\MigrationReport\migration-api-db\trap\java\classes\sun\java2d\pipe\Region.members...
[2026-07-27 12:40:29] [PROGRESS] resolve files> Scanning D:\MigrationReportTool\Backend\MigrationReport\migration-api-db\trap\java\classes\sun\java2d\pipe\RegionIterator.members...
[2026-07-27 12:40:29] [PROGRESS] resolve files> Scanning D:\MigrationReportTool\Backend\MigrationReport\migration-api-db\trap\java\classes\sun\java2d\pipe\RenderingEngine.members...
[2026-07-27 12:40:29] [PROGRESS] resolve files> Scanning D:\MigrationReportTool\Backend\MigrationReport\migration-api-db\trap\java\classes\sun\java2d\pipe\ShapeDrawPipe.members...
[2026-07-27 12:40:29] [PROGRESS] resolve files> Scanning D:\MigrationReportTool\Backend\MigrationReport\migration-api-db\trap\java\classes\sun\java2d\pipe\ShapeSpanIterator.members...
[2026-07-27 12:40:29] [PROGRESS] resolve files> Scanning D:\MigrationReportTool\Backend\MigrationReport\migration-api-db\trap\java\classes\sun\java2d\pipe\SpanIterator.members...
[2026-07-27 12:40:29] [PROGRESS] resolve files> Scanning D:\MigrationReportTool\Backend\MigrationReport\migration-api-db\trap\java\classes\sun\java2d\pipe\SpanShapeRenderer.members...
[2026-07-27 12:40:29] [PROGRESS] resolve files> Scanning D:\MigrationReportTool\Backend\MigrationReport\migration-api-db\trap\java\classes\sun\java2d\pipe\TextPipe.members...
[2026-07-27 12:40:29] [PROGRESS] resolve files> Scanning D:\MigrationReportTool\Backend\MigrationReport\migration-api-db\trap\java\classes\sun\java2d\pipe\ValidatePipe.members...
[2026-07-27 12:40:29] [PROGRESS] resolve files> Scanning D:\MigrationReportTool\Backend\MigrationReport\migration-api-db\trap\java\classes\sun\java2d\ReentrantContext.members...
[2026-07-27 12:40:29] [PROGRESS] resolve files> Scanning D:\MigrationReportTool\Backend\MigrationReport\migration-api-db\trap\java\classes\sun\java2d\StateTrackable$State.members...
[2026-07-27 12:40:29] [PROGRESS] resolve files> Scanning D:\MigrationReportTool\Backend\MigrationReport\migration-api-db\trap\java\classes\sun\java2d\StateTrackable.members...
[2026-07-27 12:40:29] [PROGRESS] resolve files> Scanning D:\MigrationReportTool\Backend\MigrationReport\migration-api-db\trap\java\classes\sun\java2d\StateTrackableDelegate.members...
[2026-07-27 12:40:29] [PROGRESS] resolve files> Scanning D:\MigrationReportTool\Backend\MigrationReport\migration-api-db\trap\java\classes\sun\java2d\StateTracker.members...
[2026-07-27 12:40:29] [PROGRESS] resolve files> Scanning D:\MigrationReportTool\Backend\MigrationReport\migration-api-db\trap\java\classes\sun\java2d\SunGraphics2D.members...
[2026-07-27 12:40:29] [PROGRESS] resolve files> Scanning D:\MigrationReportTool\Backend\MigrationReport\migration-api-db\trap\java\classes\sun\java2d\Surface.members...
[2026-07-27 12:40:29] [PROGRESS] resolve files> Scanning D:\MigrationReportTool\Backend\MigrationReport\migration-api-db\trap\java\classes\sun\java2d\SurfaceData.members...
[2026-07-27 12:40:29] [PROGRESS] resolve files> Scanning D:\MigrationReportTool\Backend\MigrationReport\migration-api-db\trap\java\classes\sun\java2d\SurfaceDataProxy.members...
[2026-07-27 12:40:29] [PROGRESS] resolve files> Scanning D:\MigrationReportTool\Backend\MigrationReport\migration-api-db\trap\java\classes\sun\nio...
[2026-07-27 12:40:29] [PROGRESS] resolve files> Scanning D:\MigrationReportTool\Backend\MigrationReport\migration-api-db\trap\java\classes\sun\nio\ch...
[2026-07-27 12:40:29] [PROGRESS] resolve files> Scanning D:\MigrationReportTool\Backend\MigrationReport\migration-api-db\trap\java\classes\sun\nio\ch\DirectBuffer.members...
[2026-07-27 12:40:29] [PROGRESS] resolve files> Scanning D:\MigrationReportTool\Backend\MigrationReport\migration-api-db\trap\java\classes\sun\nio\ch\Interruptible.members...
[2026-07-27 12:40:29] [PROGRESS] resolve files> Scanning D:\MigrationReportTool\Backend\MigrationReport\migration-api-db\trap\java\classes\sun\reflect...
[2026-07-27 12:40:29] [PROGRESS] resolve files> Scanning D:\MigrationReportTool\Backend\MigrationReport\migration-api-db\trap\java\classes\sun\reflect\annotation...
[2026-07-27 12:40:29] [PROGRESS] resolve files> Scanning D:\MigrationReportTool\Backend\MigrationReport\migration-api-db\trap\java\classes\sun\reflect\annotation\AnnotationType.members...
[2026-07-27 12:40:29] [PROGRESS] resolve files> Scanning D:\MigrationReportTool\Backend\MigrationReport\migration-api-db\trap\java\classes\sun\reflect\generics...
[2026-07-27 12:40:29] [PROGRESS] resolve files> Scanning D:\MigrationReportTool\Backend\MigrationReport\migration-api-db\trap\java\classes\sun\reflect\generics\factory...
[2026-07-27 12:40:29] [PROGRESS] resolve files> Scanning D:\MigrationReportTool\Backend\MigrationReport\migration-api-db\trap\java\classes\sun\reflect\generics\factory\GenericsFactory.members...
[2026-07-27 12:40:29] [PROGRESS] resolve files> Scanning D:\MigrationReportTool\Backend\MigrationReport\migration-api-db\trap\java\classes\sun\reflect\generics\repository...
[2026-07-27 12:40:29] [PROGRESS] resolve files> Scanning D:\MigrationReportTool\Backend\MigrationReport\migration-api-db\trap\java\classes\sun\reflect\generics\repository\AbstractRepository.members...
[2026-07-27 12:40:29] [PROGRESS] resolve files> Scanning D:\MigrationReportTool\Backend\MigrationReport\migration-api-db\trap\java\classes\sun\reflect\generics\repository\ConstructorRepository.members...
[2026-07-27 12:40:29] [PROGRESS] resolve files> Scanning D:\MigrationReportTool\Backend\MigrationReport\migration-api-db\trap\java\classes\sun\reflect\generics\repository\GenericDeclRepository.members...
[2026-07-27 12:40:29] [PROGRESS] resolve files> Scanning D:\MigrationReportTool\Backend\MigrationReport\migration-api-db\trap\java\classes\sun\reflect\generics\repository\MethodRepository.members...
[2026-07-27 12:40:29] [PROGRESS] resolve files> Scanning D:\MigrationReportTool\Backend\MigrationReport\migration-api-db\trap\java\classes\sun\reflect\generics\tree...
[2026-07-27 12:40:29] [PROGRESS] resolve files> Scanning D:\MigrationReportTool\Backend\MigrationReport\migration-api-db\trap\java\classes\sun\reflect\generics\tree\ArrayTypeSignature.members...
[2026-07-27 12:40:29] [PROGRESS] resolve files> Scanning D:\MigrationReportTool\Backend\MigrationReport\migration-api-db\trap\java\classes\sun\reflect\generics\tree\BaseType.members...
[2026-07-27 12:40:29] [PROGRESS] resolve files> Scanning D:\MigrationReportTool\Backend\MigrationReport\migration-api-db\trap\java\classes\sun\reflect\generics\tree\BooleanSignature.members...
[2026-07-27 12:40:29] [PROGRESS] resolve files> Scanning D:\MigrationReportTool\Backend\MigrationReport\migration-api-db\trap\java\classes\sun\reflect\generics\tree\BottomSignature.members...
[2026-07-27 12:40:29] [PROGRESS] resolve files> Scanning D:\MigrationReportTool\Backend\MigrationReport\migration-api-db\trap\java\classes\sun\reflect\generics\tree\ByteSignature.members...
[2026-07-27 12:40:29] [PROGRESS] resolve files> Scanning D:\MigrationReportTool\Backend\MigrationReport\migration-api-db\trap\java\classes\sun\reflect\generics\tree\CharSignature.members...
[2026-07-27 12:40:29] [PROGRESS] resolve files> Scanning D:\MigrationReportTool\Backend\MigrationReport\migration-api-db\trap\java\classes\sun\reflect\generics\tree\ClassSignature.members...
[2026-07-27 12:40:29] [PROGRESS] resolve files> Scanning D:\MigrationReportTool\Backend\MigrationReport\migration-api-db\trap\java\classes\sun\reflect\generics\tree\ClassTypeSignature.members...
[2026-07-27 12:40:29] [PROGRESS] resolve files> Scanning D:\MigrationReportTool\Backend\MigrationReport\migration-api-db\trap\java\classes\sun\reflect\generics\tree\DoubleSignature.members...
[2026-07-27 12:40:29] [PROGRESS] resolve files> Scanning D:\MigrationReportTool\Backend\MigrationReport\migration-api-db\trap\java\classes\sun\reflect\generics\tree\FieldTypeSignature.members...
[2026-07-27 12:40:29] [PROGRESS] resolve files> Scanning D:\MigrationReportTool\Backend\MigrationReport\migration-api-db\trap\java\classes\sun\reflect\generics\tree\FloatSignature.members...
[2026-07-27 12:40:29] [PROGRESS] resolve files> Scanning D:\MigrationReportTool\Backend\MigrationReport\migration-api-db\trap\java\classes\sun\reflect\generics\tree\FormalTypeParameter.members...
[2026-07-27 12:40:29] [PROGRESS] resolve files> Scanning D:\MigrationReportTool\Backend\MigrationReport\migration-api-db\trap\java\classes\sun\reflect\generics\tree\IntSignature.members...
[2026-07-27 12:40:29] [PROGRESS] resolve files> Scanning D:\MigrationReportTool\Backend\MigrationReport\migration-api-db\trap\java\classes\sun\reflect\generics\tree\LongSignature.members...
[2026-07-27 12:40:29] [PROGRESS] resolve files> Scanning D:\MigrationReportTool\Backend\MigrationReport\migration-api-db\trap\java\classes\sun\reflect\generics\tree\MethodTypeSignature.members...
[2026-07-27 12:40:29] [PROGRESS] resolve files> Scanning D:\MigrationReportTool\Backend\MigrationReport\migration-api-db\trap\java\classes\sun\reflect\generics\tree\ReturnType.members...
[2026-07-27 12:40:29] [PROGRESS] resolve files> Scanning D:\MigrationReportTool\Backend\MigrationReport\migration-api-db\trap\java\classes\sun\reflect\generics\tree\ShortSignature.members...
[2026-07-27 12:40:29] [PROGRESS] resolve files> Scanning D:\MigrationReportTool\Backend\MigrationReport\migration-api-db\trap\java\classes\sun\reflect\generics\tree\Signature.members...
[2026-07-27 12:40:29] [PROGRESS] resolve files> Scanning D:\MigrationReportTool\Backend\MigrationReport\migration-api-db\trap\java\classes\sun\reflect\generics\tree\SimpleClassTypeSignature.members...
[2026-07-27 12:40:29] [PROGRESS] resolve files> Scanning D:\MigrationReportTool\Backend\MigrationReport\migration-api-db\trap\java\classes\sun\reflect\generics\tree\Tree.members...
[2026-07-27 12:40:29] [PROGRESS] resolve files> Scanning D:\MigrationReportTool\Backend\MigrationReport\migration-api-db\trap\java\classes\sun\reflect\generics\tree\TypeArgument.members...
[2026-07-27 12:40:29] [PROGRESS] resolve files> Scanning D:\MigrationReportTool\Backend\MigrationReport\migration-api-db\trap\java\classes\sun\reflect\generics\tree\TypeSignature.members...
[2026-07-27 12:40:29] [PROGRESS] resolve files> Scanning D:\MigrationReportTool\Backend\MigrationReport\migration-api-db\trap\java\classes\sun\reflect\generics\tree\TypeTree.members...
[2026-07-27 12:40:29] [PROGRESS] resolve files> Scanning D:\MigrationReportTool\Backend\MigrationReport\migration-api-db\trap\java\classes\sun\reflect\generics\tree\TypeVariableSignature.members...
[2026-07-27 12:40:29] [PROGRESS] resolve files> Scanning D:\MigrationReportTool\Backend\MigrationReport\migration-api-db\trap\java\classes\sun\reflect\generics\tree\VoidDescriptor.members...
[2026-07-27 12:40:29] [PROGRESS] resolve files> Scanning D:\MigrationReportTool\Backend\MigrationReport\migration-api-db\trap\java\classes\sun\reflect\generics\tree\Wildcard.members...
[2026-07-27 12:40:29] [PROGRESS] resolve files> Scanning D:\MigrationReportTool\Backend\MigrationReport\migration-api-db\trap\java\classes\sun\reflect\generics\visitor...
[2026-07-27 12:40:29] [PROGRESS] resolve files> Scanning D:\MigrationReportTool\Backend\MigrationReport\migration-api-db\trap\java\classes\sun\reflect\generics\visitor\Reifier.members...
[2026-07-27 12:40:29] [PROGRESS] resolve files> Scanning D:\MigrationReportTool\Backend\MigrationReport\migration-api-db\trap\java\classes\sun\reflect\generics\visitor\TypeTreeVisitor.members...
[2026-07-27 12:40:29] [PROGRESS] resolve files> Scanning D:\MigrationReportTool\Backend\MigrationReport\migration-api-db\trap\java\classes\sun\reflect\generics\visitor\Visitor.members...
[2026-07-27 12:40:29] [PROGRESS] resolve files> Scanning D:\MigrationReportTool\Backend\MigrationReport\migration-api-db\trap\java\classes\sun\security...
[2026-07-27 12:40:29] [PROGRESS] resolve files> Scanning D:\MigrationReportTool\Backend\MigrationReport\migration-api-db\trap\java\classes\sun\security\util...
[2026-07-27 12:40:29] [PROGRESS] resolve files> Scanning D:\MigrationReportTool\Backend\MigrationReport\migration-api-db\trap\java\classes\sun\security\util\Debug.members...
[2026-07-27 12:40:29] [PROGRESS] resolve files> Scanning D:\MigrationReportTool\Backend\MigrationReport\migration-api-db\trap\java\classes\sun\util...
[2026-07-27 12:40:29] [PROGRESS] resolve files> Scanning D:\MigrationReportTool\Backend\MigrationReport\migration-api-db\trap\java\classes\sun\util\locale...
[2026-07-27 12:40:29] [PROGRESS] resolve files> Scanning D:\MigrationReportTool\Backend\MigrationReport\migration-api-db\trap\java\classes\sun\util\locale\BaseLocale.members...
[2026-07-27 12:40:29] [PROGRESS] resolve files> Scanning D:\MigrationReportTool\Backend\MigrationReport\migration-api-db\trap\java\classes\sun\util\locale\Extension.members...
[2026-07-27 12:40:29] [PROGRESS] resolve files> Scanning D:\MigrationReportTool\Backend\MigrationReport\migration-api-db\trap\java\classes\sun\util\locale\InternalLocaleBuilder$CaseInsensitiveChar.members...
[2026-07-27 12:40:29] [PROGRESS] resolve files> Scanning D:\MigrationReportTool\Backend\MigrationReport\migration-api-db\trap\java\classes\sun\util\locale\InternalLocaleBuilder$CaseInsensitiveString.members...
[2026-07-27 12:40:29] [PROGRESS] resolve files> Scanning D:\MigrationReportTool\Backend\MigrationReport\migration-api-db\trap\java\classes\sun\util\locale\InternalLocaleBuilder.members...
[2026-07-27 12:40:29] [PROGRESS] resolve files> Scanning D:\MigrationReportTool\Backend\MigrationReport\migration-api-db\trap\java\classes\sun\util\locale\LanguageTag.members...
[2026-07-27 12:40:29] [PROGRESS] resolve files> Scanning D:\MigrationReportTool\Backend\MigrationReport\migration-api-db\trap\java\classes\sun\util\locale\LocaleExtensions.members...
[2026-07-27 12:40:29] [PROGRESS] resolve files> Scanning D:\MigrationReportTool\Backend\MigrationReport\migration-api-db\trap\java\classes\sun\util\locale\LocaleSyntaxException.members...
[2026-07-27 12:40:29] [PROGRESS] resolve files> Scanning D:\MigrationReportTool\Backend\MigrationReport\migration-api-db\trap\java\classes\sun\util\locale\ParseStatus.members...
[2026-07-27 12:40:29] [PROGRESS] resolve files> Scanning D:\MigrationReportTool\Backend\MigrationReport\migration-api-db\trap\java\diagnostics...
[2026-07-27 12:40:29] [PROGRESS] resolve files> Scanning D:\MigrationReportTool\Backend\MigrationReport\migration-api-db\trap\java\D_...
[2026-07-27 12:40:29] [PROGRESS] resolve files> Scanning D:\MigrationReportTool\Backend\MigrationReport\migration-api-db\trap\java\D_\MigrationReportTool...
[2026-07-27 12:40:29] [PROGRESS] resolve files> Scanning D:\MigrationReportTool\Backend\MigrationReport\migration-api-db\trap\java\D_\MigrationReportTool\Backend...
[2026-07-27 12:40:29] [PROGRESS] resolve files> Scanning D:\MigrationReportTool\Backend\MigrationReport\migration-api-db\trap\java\D_\MigrationReportTool\Backend\MigrationReport...
[2026-07-27 12:40:29] [PROGRESS] resolve files> Scanning D:\MigrationReportTool\Backend\MigrationReport\migration-api-db\trap\java\D_\MigrationReportTool\Backend\MigrationReport\src...
[2026-07-27 12:40:29] [PROGRESS] resolve files> Scanning D:\MigrationReportTool\Backend\MigrationReport\migration-api-db\trap\java\D_\MigrationReportTool\Backend\MigrationReport\src\main...
[2026-07-27 12:40:29] [PROGRESS] resolve files> Scanning D:\MigrationReportTool\Backend\MigrationReport\migration-api-db\trap\java\D_\MigrationReportTool\Backend\MigrationReport\src\main\java...
[2026-07-27 12:40:29] [PROGRESS] resolve files> Scanning D:\MigrationReportTool\Backend\MigrationReport\migration-api-db\trap\java\D_\MigrationReportTool\Backend\MigrationReport\src\main\java\com...
[2026-07-27 12:40:29] [PROGRESS] resolve files> Scanning D:\MigrationReportTool\Backend\MigrationReport\migration-api-db\trap\java\D_\MigrationReportTool\Backend\MigrationReport\src\main\java\com\migrationreport...
[2026-07-27 12:40:29] [PROGRESS] resolve files> Scanning D:\MigrationReportTool\Backend\MigrationReport\migration-api-db\trap\java\D_\MigrationReportTool\Backend\MigrationReport\src\main\java\com\migrationreport\config...
[2026-07-27 12:40:29] [PROGRESS] resolve files> Scanning D:\MigrationReportTool\Backend\MigrationReport\migration-api-db\trap\java\D_\MigrationReportTool\Backend\MigrationReport\src\main\java\com\migrationreport\controller...
[2026-07-27 12:40:29] [PROGRESS] resolve files> Scanning D:\MigrationReportTool\Backend\MigrationReport\migration-api-db\trap\java\D_\MigrationReportTool\Backend\MigrationReport\src\main\java\com\migrationreport\dialect...
[2026-07-27 12:40:29] [PROGRESS] resolve files> Scanning D:\MigrationReportTool\Backend\MigrationReport\migration-api-db\trap\java\D_\MigrationReportTool\Backend\MigrationReport\src\main\java\com\migrationreport\dto...
[2026-07-27 12:40:29] [PROGRESS] resolve files> Scanning D:\MigrationReportTool\Backend\MigrationReport\migration-api-db\trap\java\D_\MigrationReportTool\Backend\MigrationReport\src\main\java\com\migrationreport\dto\config...
[2026-07-27 12:40:29] [PROGRESS] resolve files> Scanning D:\MigrationReportTool\Backend\MigrationReport\migration-api-db\trap\java\D_\MigrationReportTool\Backend\MigrationReport\src\main\java\com\migrationreport\dto\mapping...
[2026-07-27 12:40:29] [PROGRESS] resolve files> Scanning D:\MigrationReportTool\Backend\MigrationReport\migration-api-db\trap\java\D_\MigrationReportTool\Backend\MigrationReport\src\main\java\com\migrationreport\entity...
[2026-07-27 12:40:29] [PROGRESS] resolve files> Scanning D:\MigrationReportTool\Backend\MigrationReport\migration-api-db\trap\java\D_\MigrationReportTool\Backend\MigrationReport\src\main\java\com\migrationreport\exception...
[2026-07-27 12:40:29] [PROGRESS] resolve files> Scanning D:\MigrationReportTool\Backend\MigrationReport\migration-api-db\trap\java\D_\MigrationReportTool\Backend\MigrationReport\src\main\java\com\migrationreport\repository...
[2026-07-27 12:40:29] [PROGRESS] resolve files> Scanning D:\MigrationReportTool\Backend\MigrationReport\migration-api-db\trap\java\D_\MigrationReportTool\Backend\MigrationReport\src\main\java\com\migrationreport\security...
[2026-07-27 12:40:29] [PROGRESS] resolve files> Scanning D:\MigrationReportTool\Backend\MigrationReport\migration-api-db\trap\java\D_\MigrationReportTool\Backend\MigrationReport\src\main\java\com\migrationreport\service...
[2026-07-27 12:40:29] [PROGRESS] resolve files> Scanning D:\MigrationReportTool\Backend\MigrationReport\migration-api-db\trap\java\D_\MigrationReportTool\Backend\MigrationReport\src\main\java\com\migrationreport\util...
[2026-07-27 12:40:29] [PROGRESS] resolve files> Scanning D:\MigrationReportTool\Backend\MigrationReport\migration-api-db\trap\java\D_\MigrationReportTool\Backend\MigrationReport\src\test...
[2026-07-27 12:40:29] [PROGRESS] resolve files> Scanning D:\MigrationReportTool\Backend\MigrationReport\migration-api-db\trap\java\D_\MigrationReportTool\Backend\MigrationReport\src\test\java...
[2026-07-27 12:40:29] [PROGRESS] resolve files> Scanning D:\MigrationReportTool\Backend\MigrationReport\migration-api-db\trap\java\D_\MigrationReportTool\Backend\MigrationReport\src\test\java\com...
[2026-07-27 12:40:29] [PROGRESS] resolve files> Scanning D:\MigrationReportTool\Backend\MigrationReport\migration-api-db\trap\java\D_\MigrationReportTool\Backend\MigrationReport\src\test\java\com\migrationreport...
[2026-07-27 12:40:29] [PROGRESS] resolve files> Scanning D:\MigrationReportTool\Backend\MigrationReport\migration-api-db\trap\java\jars...
[2026-07-27 12:40:29] [PROGRESS] resolve files> Scanning D:\MigrationReportTool\Backend\MigrationReport\migration-api-db\trap\java\jars\C_...
[2026-07-27 12:40:29] [PROGRESS] resolve files> Scanning D:\MigrationReportTool\Backend\MigrationReport\migration-api-db\trap\java\jars\C_\Users...
[2026-07-27 12:40:29] [PROGRESS] resolve files> Scanning D:\MigrationReportTool\Backend\MigrationReport\migration-api-db\trap\java\jars\C_\Users\Shaik Firoz...
[2026-07-27 12:40:29] [PROGRESS] resolve files> Scanning D:\MigrationReportTool\Backend\MigrationReport\migration-api-db\trap\java\jars\C_\Users\Shaik Firoz\.m2...
[2026-07-27 12:40:29] [PROGRESS] resolve files> Scanning D:\MigrationReportTool\Backend\MigrationReport\migration-api-db\trap\java\jars\C_\Users\Shaik Firoz\.m2\repository...
[2026-07-27 12:40:29] [PROGRESS] resolve files> Scanning D:\MigrationReportTool\Backend\MigrationReport\migration-api-db\trap\java\jars\C_\Users\Shaik Firoz\.m2\repository\com...
[2026-07-27 12:40:29] [PROGRESS] resolve files> Scanning D:\MigrationReportTool\Backend\MigrationReport\migration-api-db\trap\java\jars\C_\Users\Shaik Firoz\.m2\repository\com\fasterxml...
[2026-07-27 12:40:29] [PROGRESS] resolve files> Scanning D:\MigrationReportTool\Backend\MigrationReport\migration-api-db\trap\java\jars\C_\Users\Shaik Firoz\.m2\repository\com\fasterxml\jackson...
[2026-07-27 12:40:29] [PROGRESS] resolve files> Scanning D:\MigrationReportTool\Backend\MigrationReport\migration-api-db\trap\java\jars\C_\Users\Shaik Firoz\.m2\repository\com\fasterxml\jackson\core...
[2026-07-27 12:40:29] [PROGRESS] resolve files> Scanning D:\MigrationReportTool\Backend\MigrationReport\migration-api-db\trap\java\jars\C_\Users\Shaik Firoz\.m2\repository\com\fasterxml\jackson\core\jackson-annotations...
[2026-07-27 12:40:29] [PROGRESS] resolve files> Scanning D:\MigrationReportTool\Backend\MigrationReport\migration-api-db\trap\java\jars\C_\Users\Shaik Firoz\.m2\repository\com\fasterxml\jackson\core\jackson-annotations\2.21...
[2026-07-27 12:40:29] [PROGRESS] resolve files> Scanning D:\MigrationReportTool\Backend\MigrationReport\migration-api-db\trap\java\jars\C_\Users\Shaik Firoz\.m2\repository\com\fasterxml\jackson\core\jackson-core...
[2026-07-27 12:40:29] [PROGRESS] resolve files> Scanning D:\MigrationReportTool\Backend\MigrationReport\migration-api-db\trap\java\jars\C_\Users\Shaik Firoz\.m2\repository\com\fasterxml\jackson\core\jackson-core\2.21.4...
[2026-07-27 12:40:29] [PROGRESS] resolve files> Scanning D:\MigrationReportTool\Backend\MigrationReport\migration-api-db\trap\java\jars\C_\Users\Shaik Firoz\.m2\repository\com\fasterxml\jackson\core\jackson-databind...
[2026-07-27 12:40:29] [PROGRESS] resolve files> Scanning D:\MigrationReportTool\Backend\MigrationReport\migration-api-db\trap\java\jars\C_\Users\Shaik Firoz\.m2\repository\com\fasterxml\jackson\core\jackson-databind\2.21.5...
[2026-07-27 12:40:29] [PROGRESS] resolve files> Scanning D:\MigrationReportTool\Backend\MigrationReport\migration-api-db\trap\java\jars\C_\Users\Shaik Firoz\.m2\repository\commons-logging...
[2026-07-27 12:40:29] [PROGRESS] resolve files> Scanning D:\MigrationReportTool\Backend\MigrationReport\migration-api-db\trap\java\jars\C_\Users\Shaik Firoz\.m2\repository\commons-logging\commons-logging...
[2026-07-27 12:40:29] [PROGRESS] resolve files> Scanning D:\MigrationReportTool\Backend\MigrationReport\migration-api-db\trap\java\jars\C_\Users\Shaik Firoz\.m2\repository\commons-logging\commons-logging\1.3.6...
[2026-07-27 12:40:29] [PROGRESS] resolve files> Scanning D:\MigrationReportTool\Backend\MigrationReport\migration-api-db\trap\java\jars\C_\Users\Shaik Firoz\.m2\repository\jakarta...
[2026-07-27 12:40:29] [PROGRESS] resolve files> Scanning D:\MigrationReportTool\Backend\MigrationReport\migration-api-db\trap\java\jars\C_\Users\Shaik Firoz\.m2\repository\jakarta\annotation...
[2026-07-27 12:40:29] [PROGRESS] resolve files> Scanning D:\MigrationReportTool\Backend\MigrationReport\migration-api-db\trap\java\jars\C_\Users\Shaik Firoz\.m2\repository\jakarta\annotation\jakarta.annotation-api...
[2026-07-27 12:40:29] [PROGRESS] resolve files> Scanning D:\MigrationReportTool\Backend\MigrationReport\migration-api-db\trap\java\jars\C_\Users\Shaik Firoz\.m2\repository\jakarta\annotation\jakarta.annotation-api\3.0.0...
[2026-07-27 12:40:29] [PROGRESS] resolve files> Scanning D:\MigrationReportTool\Backend\MigrationReport\migration-api-db\trap\java\jars\C_\Users\Shaik Firoz\.m2\repository\jakarta\persistence...
[2026-07-27 12:40:29] [PROGRESS] resolve files> Scanning D:\MigrationReportTool\Backend\MigrationReport\migration-api-db\trap\java\jars\C_\Users\Shaik Firoz\.m2\repository\jakarta\persistence\jakarta.persistence-api...
[2026-07-27 12:40:29] [PROGRESS] resolve files> Scanning D:\MigrationReportTool\Backend\MigrationReport\migration-api-db\trap\java\jars\C_\Users\Shaik Firoz\.m2\repository\jakarta\persistence\jakarta.persistence-api\3.2.0...
[2026-07-27 12:40:29] [PROGRESS] resolve files> Scanning D:\MigrationReportTool\Backend\MigrationReport\migration-api-db\trap\java\jars\C_\Users\Shaik Firoz\.m2\repository\org...
[2026-07-27 12:40:29] [PROGRESS] resolve files> Scanning D:\MigrationReportTool\Backend\MigrationReport\migration-api-db\trap\java\jars\C_\Users\Shaik Firoz\.m2\repository\org\apache...
[2026-07-27 12:40:29] [PROGRESS] resolve files> Scanning D:\MigrationReportTool\Backend\MigrationReport\migration-api-db\trap\java\jars\C_\Users\Shaik Firoz\.m2\repository\org\apache\tomcat...
[2026-07-27 12:40:29] [PROGRESS] resolve files> Scanning D:\MigrationReportTool\Backend\MigrationReport\migration-api-db\trap\java\jars\C_\Users\Shaik Firoz\.m2\repository\org\apache\tomcat\embed...
[2026-07-27 12:40:29] [PROGRESS] resolve files> Scanning D:\MigrationReportTool\Backend\MigrationReport\migration-api-db\trap\java\jars\C_\Users\Shaik Firoz\.m2\repository\org\apache\tomcat\embed\tomcat-embed-core...
[2026-07-27 12:40:29] [PROGRESS] resolve files> Scanning D:\MigrationReportTool\Backend\MigrationReport\migration-api-db\trap\java\jars\C_\Users\Shaik Firoz\.m2\repository\org\apache\tomcat\embed\tomcat-embed-core\11.0.24...
[2026-07-27 12:40:29] [PROGRESS] resolve files> Scanning D:\MigrationReportTool\Backend\MigrationReport\migration-api-db\trap\java\jars\C_\Users\Shaik Firoz\.m2\repository\org\apiguardian...
[2026-07-27 12:40:29] [PROGRESS] resolve files> Scanning D:\MigrationReportTool\Backend\MigrationReport\migration-api-db\trap\java\jars\C_\Users\Shaik Firoz\.m2\repository\org\apiguardian\apiguardian-api...
[2026-07-27 12:40:29] [PROGRESS] resolve files> Scanning D:\MigrationReportTool\Backend\MigrationReport\migration-api-db\trap\java\jars\C_\Users\Shaik Firoz\.m2\repository\org\apiguardian\apiguardian-api\1.1.2...
[2026-07-27 12:40:29] [PROGRESS] resolve files> Scanning D:\MigrationReportTool\Backend\MigrationReport\migration-api-db\trap\java\jars\C_\Users\Shaik Firoz\.m2\repository\org\junit...
[2026-07-27 12:40:29] [PROGRESS] resolve files> Scanning D:\MigrationReportTool\Backend\MigrationReport\migration-api-db\trap\java\jars\C_\Users\Shaik Firoz\.m2\repository\org\junit\jupiter...
[2026-07-27 12:40:29] [PROGRESS] resolve files> Scanning D:\MigrationReportTool\Backend\MigrationReport\migration-api-db\trap\java\jars\C_\Users\Shaik Firoz\.m2\repository\org\junit\jupiter\junit-jupiter-api...
[2026-07-27 12:40:29] [PROGRESS] resolve files> Scanning D:\MigrationReportTool\Backend\MigrationReport\migration-api-db\trap\java\jars\C_\Users\Shaik Firoz\.m2\repository\org\junit\jupiter\junit-jupiter-api\6.0.3...
[2026-07-27 12:40:29] [PROGRESS] resolve files> Scanning D:\MigrationReportTool\Backend\MigrationReport\migration-api-db\trap\java\jars\C_\Users\Shaik Firoz\.m2\repository\org\junit\platform...
[2026-07-27 12:40:29] [PROGRESS] resolve files> Scanning D:\MigrationReportTool\Backend\MigrationReport\migration-api-db\trap\java\jars\C_\Users\Shaik Firoz\.m2\repository\org\junit\platform\junit-platform-commons...
[2026-07-27 12:40:29] [PROGRESS] resolve files> Scanning D:\MigrationReportTool\Backend\MigrationReport\migration-api-db\trap\java\jars\C_\Users\Shaik Firoz\.m2\repository\org\junit\platform\junit-platform-commons\6.0.3...
[2026-07-27 12:40:29] [PROGRESS] resolve files> Scanning D:\MigrationReportTool\Backend\MigrationReport\migration-api-db\trap\java\jars\C_\Users\Shaik Firoz\.m2\repository\org\opentest4j...
[2026-07-27 12:40:29] [PROGRESS] resolve files> Scanning D:\MigrationReportTool\Backend\MigrationReport\migration-api-db\trap\java\jars\C_\Users\Shaik Firoz\.m2\repository\org\opentest4j\opentest4j...
[2026-07-27 12:40:29] [PROGRESS] resolve files> Scanning D:\MigrationReportTool\Backend\MigrationReport\migration-api-db\trap\java\jars\C_\Users\Shaik Firoz\.m2\repository\org\opentest4j\opentest4j\1.3.0...
[2026-07-27 12:40:29] [PROGRESS] resolve files> Scanning D:\MigrationReportTool\Backend\MigrationReport\migration-api-db\trap\java\jars\C_\Users\Shaik Firoz\.m2\repository\org\projectlombok...
[2026-07-27 12:40:29] [PROGRESS] resolve files> Scanning D:\MigrationReportTool\Backend\MigrationReport\migration-api-db\trap\java\jars\C_\Users\Shaik Firoz\.m2\repository\org\projectlombok\lombok...
[2026-07-27 12:40:29] [PROGRESS] resolve files> Scanning D:\MigrationReportTool\Backend\MigrationReport\migration-api-db\trap\java\jars\C_\Users\Shaik Firoz\.m2\repository\org\projectlombok\lombok\1.18.46...
[2026-07-27 12:40:29] [PROGRESS] resolve files> Scanning D:\MigrationReportTool\Backend\MigrationReport\migration-api-db\trap\java\jars\C_\Users\Shaik Firoz\.m2\repository\org\slf4j...
[2026-07-27 12:40:29] [PROGRESS] resolve files> Scanning D:\MigrationReportTool\Backend\MigrationReport\migration-api-db\trap\java\jars\C_\Users\Shaik Firoz\.m2\repository\org\slf4j\slf4j-api...
[2026-07-27 12:40:29] [PROGRESS] resolve files> Scanning D:\MigrationReportTool\Backend\MigrationReport\migration-api-db\trap\java\jars\C_\Users\Shaik Firoz\.m2\repository\org\slf4j\slf4j-api\2.0.18...
[2026-07-27 12:40:29] [PROGRESS] resolve files> Scanning D:\MigrationReportTool\Backend\MigrationReport\migration-api-db\trap\java\jars\C_\Users\Shaik Firoz\.m2\repository\org\springframework...
[2026-07-27 12:40:29] [PROGRESS] resolve files> Scanning D:\MigrationReportTool\Backend\MigrationReport\migration-api-db\trap\java\jars\C_\Users\Shaik Firoz\.m2\repository\org\springframework\boot...
[2026-07-27 12:40:29] [PROGRESS] resolve files> Scanning D:\MigrationReportTool\Backend\MigrationReport\migration-api-db\trap\java\jars\C_\Users\Shaik Firoz\.m2\repository\org\springframework\boot\spring-boot...
[2026-07-27 12:40:29] [PROGRESS] resolve files> Scanning D:\MigrationReportTool\Backend\MigrationReport\migration-api-db\trap\java\jars\C_\Users\Shaik Firoz\.m2\repository\org\springframework\boot\spring-boot\4.1.0...
[2026-07-27 12:40:29] [PROGRESS] resolve files> Scanning D:\MigrationReportTool\Backend\MigrationReport\migration-api-db\trap\java\jars\C_\Users\Shaik Firoz\.m2\repository\org\springframework\boot\spring-boot-autoconfigure...
[2026-07-27 12:40:29] [PROGRESS] resolve files> Scanning D:\MigrationReportTool\Backend\MigrationReport\migration-api-db\trap\java\jars\C_\Users\Shaik Firoz\.m2\repository\org\springframework\boot\spring-boot-autoconfigure\4.1.0...
[2026-07-27 12:40:29] [PROGRESS] resolve files> Scanning D:\MigrationReportTool\Backend\MigrationReport\migration-api-db\trap\java\jars\C_\Users\Shaik Firoz\.m2\repository\org\springframework\boot\spring-boot-jdbc...
[2026-07-27 12:40:29] [PROGRESS] resolve files> Scanning D:\MigrationReportTool\Backend\MigrationReport\migration-api-db\trap\java\jars\C_\Users\Shaik Firoz\.m2\repository\org\springframework\boot\spring-boot-jdbc\4.1.0...
[2026-07-27 12:40:29] [PROGRESS] resolve files> Scanning D:\MigrationReportTool\Backend\MigrationReport\migration-api-db\trap\java\jars\C_\Users\Shaik Firoz\.m2\repository\org\springframework\boot\spring-boot-test...
[2026-07-27 12:40:29] [PROGRESS] resolve files> Scanning D:\MigrationReportTool\Backend\MigrationReport\migration-api-db\trap\java\jars\C_\Users\Shaik Firoz\.m2\repository\org\springframework\boot\spring-boot-test\4.1.0...
[2026-07-27 12:40:29] [PROGRESS] resolve files> Scanning D:\MigrationReportTool\Backend\MigrationReport\migration-api-db\trap\java\jars\C_\Users\Shaik Firoz\.m2\repository\org\springframework\data...
[2026-07-27 12:40:29] [PROGRESS] resolve files> Scanning D:\MigrationReportTool\Backend\MigrationReport\migration-api-db\trap\java\jars\C_\Users\Shaik Firoz\.m2\repository\org\springframework\data\spring-data-commons...
[2026-07-27 12:40:29] [PROGRESS] resolve files> Scanning D:\MigrationReportTool\Backend\MigrationReport\migration-api-db\trap\java\jars\C_\Users\Shaik Firoz\.m2\repository\org\springframework\data\spring-data-commons\4.1.0...
[2026-07-27 12:40:29] [PROGRESS] resolve files> Scanning D:\MigrationReportTool\Backend\MigrationReport\migration-api-db\trap\java\jars\C_\Users\Shaik Firoz\.m2\repository\org\springframework\data\spring-data-jpa...
[2026-07-27 12:40:29] [PROGRESS] resolve files> Scanning D:\MigrationReportTool\Backend\MigrationReport\migration-api-db\trap\java\jars\C_\Users\Shaik Firoz\.m2\repository\org\springframework\data\spring-data-jpa\4.1.0...
[2026-07-27 12:40:29] [PROGRESS] resolve files> Scanning D:\MigrationReportTool\Backend\MigrationReport\migration-api-db\trap\java\jars\C_\Users\Shaik Firoz\.m2\repository\org\springframework\spring-beans...
[2026-07-27 12:40:29] [PROGRESS] resolve files> Scanning D:\MigrationReportTool\Backend\MigrationReport\migration-api-db\trap\java\jars\C_\Users\Shaik Firoz\.m2\repository\org\springframework\spring-beans\7.0.8...
[2026-07-27 12:40:29] [PROGRESS] resolve files> Scanning D:\MigrationReportTool\Backend\MigrationReport\migration-api-db\trap\java\jars\C_\Users\Shaik Firoz\.m2\repository\org\springframework\spring-context...
[2026-07-27 12:40:29] [PROGRESS] resolve files> Scanning D:\MigrationReportTool\Backend\MigrationReport\migration-api-db\trap\java\jars\C_\Users\Shaik Firoz\.m2\repository\org\springframework\spring-context\7.0.8...
[2026-07-27 12:40:29] [PROGRESS] resolve files> Scanning D:\MigrationReportTool\Backend\MigrationReport\migration-api-db\trap\java\jars\C_\Users\Shaik Firoz\.m2\repository\org\springframework\spring-core...
[2026-07-27 12:40:29] [PROGRESS] resolve files> Scanning D:\MigrationReportTool\Backend\MigrationReport\migration-api-db\trap\java\jars\C_\Users\Shaik Firoz\.m2\repository\org\springframework\spring-core\7.0.8...
[2026-07-27 12:40:29] [PROGRESS] resolve files> Scanning D:\MigrationReportTool\Backend\MigrationReport\migration-api-db\trap\java\jars\C_\Users\Shaik Firoz\.m2\repository\org\springframework\spring-jdbc...
[2026-07-27 12:40:29] [PROGRESS] resolve files> Scanning D:\MigrationReportTool\Backend\MigrationReport\migration-api-db\trap\java\jars\C_\Users\Shaik Firoz\.m2\repository\org\springframework\spring-jdbc\7.0.8...
[2026-07-27 12:40:29] [PROGRESS] resolve files> Scanning D:\MigrationReportTool\Backend\MigrationReport\migration-api-db\trap\java\jars\C_\Users\Shaik Firoz\.m2\repository\org\springframework\spring-test...
[2026-07-27 12:40:29] [PROGRESS] resolve files> Scanning D:\MigrationReportTool\Backend\MigrationReport\migration-api-db\trap\java\jars\C_\Users\Shaik Firoz\.m2\repository\org\springframework\spring-test\7.0.8...
[2026-07-27 12:40:29] [PROGRESS] resolve files> Scanning D:\MigrationReportTool\Backend\MigrationReport\migration-api-db\trap\java\jars\C_\Users\Shaik Firoz\.m2\repository\org\springframework\spring-tx...
[2026-07-27 12:40:29] [PROGRESS] resolve files> Scanning D:\MigrationReportTool\Backend\MigrationReport\migration-api-db\trap\java\jars\C_\Users\Shaik Firoz\.m2\repository\org\springframework\spring-tx\7.0.8...
[2026-07-27 12:40:29] [PROGRESS] resolve files> Scanning D:\MigrationReportTool\Backend\MigrationReport\migration-api-db\trap\java\jars\C_\Users\Shaik Firoz\.m2\repository\org\springframework\spring-web...
[2026-07-27 12:40:29] [PROGRESS] resolve files> Scanning D:\MigrationReportTool\Backend\MigrationReport\migration-api-db\trap\java\jars\C_\Users\Shaik Firoz\.m2\repository\org\springframework\spring-web\7.0.8...
[2026-07-27 12:40:29] [PROGRESS] resolve files> Scanning D:\MigrationReportTool\Backend\MigrationReport\migration-api-db\trap\java\jars\C_\Users\Shaik Firoz\.m2\repository\org\springframework\spring-webmvc...
[2026-07-27 12:40:29] [PROGRESS] resolve files> Scanning D:\MigrationReportTool\Backend\MigrationReport\migration-api-db\trap\java\jars\C_\Users\Shaik Firoz\.m2\repository\org\springframework\spring-webmvc\7.0.8...
[2026-07-27 12:40:29] [PROGRESS] resolve files> Scanning D:\MigrationReportTool\Backend\MigrationReport\migration-api-db\trap\java\modules...
[2026-07-27 12:40:29] [PROGRESS] resolve files> Scanning D:\MigrationReportTool\Backend\MigrationReport\migration-api-db\working...
[2026-07-27 12:40:29] [PROGRESS] resolve files> Scanning D:\MigrationReportTool\Backend\MigrationReport\src...
[2026-07-27 12:40:29] [PROGRESS] resolve files> Scanning D:\MigrationReportTool\Backend\MigrationReport\src\main...
[2026-07-27 12:40:29] [PROGRESS] resolve files> Scanning D:\MigrationReportTool\Backend\MigrationReport\src\main\java...
[2026-07-27 12:40:29] [PROGRESS] resolve files> Scanning D:\MigrationReportTool\Backend\MigrationReport\src\main\java\com...
[2026-07-27 12:40:29] [PROGRESS] resolve files> Scanning D:\MigrationReportTool\Backend\MigrationReport\src\main\java\com\migrationreport...
[2026-07-27 12:40:29] [PROGRESS] resolve files> Scanning D:\MigrationReportTool\Backend\MigrationReport\src\main\java\com\migrationreport\config...
[2026-07-27 12:40:29] [PROGRESS] resolve files> Scanning D:\MigrationReportTool\Backend\MigrationReport\src\main\java\com\migrationreport\controller...
[2026-07-27 12:40:29] [PROGRESS] resolve files> Scanning D:\MigrationReportTool\Backend\MigrationReport\src\main\java\com\migrationreport\dialect...
[2026-07-27 12:40:29] [PROGRESS] resolve files> Scanning D:\MigrationReportTool\Backend\MigrationReport\src\main\java\com\migrationreport\dto...
[2026-07-27 12:40:29] [PROGRESS] resolve files> Scanning D:\MigrationReportTool\Backend\MigrationReport\src\main\java\com\migrationreport\dto\config...
[2026-07-27 12:40:29] [PROGRESS] resolve files> Scanning D:\MigrationReportTool\Backend\MigrationReport\src\main\java\com\migrationreport\dto\mapping...
[2026-07-27 12:40:29] [PROGRESS] resolve files> Scanning D:\MigrationReportTool\Backend\MigrationReport\src\main\java\com\migrationreport\entity...
[2026-07-27 12:40:29] [PROGRESS] resolve files> Scanning D:\MigrationReportTool\Backend\MigrationReport\src\main\java\com\migrationreport\exception...
[2026-07-27 12:40:29] [PROGRESS] resolve files> Scanning D:\MigrationReportTool\Backend\MigrationReport\src\main\java\com\migrationreport\repository...
[2026-07-27 12:40:29] [PROGRESS] resolve files> Scanning D:\MigrationReportTool\Backend\MigrationReport\src\main\java\com\migrationreport\security...
[2026-07-27 12:40:29] [PROGRESS] resolve files> Scanning D:\MigrationReportTool\Backend\MigrationReport\src\main\java\com\migrationreport\service...
[2026-07-27 12:40:29] [PROGRESS] resolve files> Scanning D:\MigrationReportTool\Backend\MigrationReport\src\main\java\com\migrationreport\util...
[2026-07-27 12:40:29] [PROGRESS] resolve files> Scanning D:\MigrationReportTool\Backend\MigrationReport\src\main\resources...
[2026-07-27 12:40:29] [PROGRESS] resolve files> Scanning D:\MigrationReportTool\Backend\MigrationReport\src\main\resources\SQL Scripts...
[2026-07-27 12:40:29] [PROGRESS] resolve files> Scanning D:\MigrationReportTool\Backend\MigrationReport\src\test...
[2026-07-27 12:40:29] [PROGRESS] resolve files> Scanning D:\MigrationReportTool\Backend\MigrationReport\src\test\java...
[2026-07-27 12:40:29] [PROGRESS] resolve files> Scanning D:\MigrationReportTool\Backend\MigrationReport\src\test\java\com...
[2026-07-27 12:40:29] [PROGRESS] resolve files> Scanning D:\MigrationReportTool\Backend\MigrationReport\src\test\java\com\migrationreport...
[2026-07-27 12:40:29] [PROGRESS] resolve files> Scanning D:\MigrationReportTool\Backend\MigrationReport\src\test\resources...
[2026-07-27 12:40:29] [PROGRESS] resolve files> Scanning D:\MigrationReportTool\Backend\MigrationReport\target...
[2026-07-27 12:40:29] [PROGRESS] resolve files> Scanning D:\MigrationReportTool\Backend\MigrationReport\target\classes...
[2026-07-27 12:40:29] [PROGRESS] resolve files> Scanning D:\MigrationReportTool\Backend\MigrationReport\target\classes\com...
[2026-07-27 12:40:29] [PROGRESS] resolve files> Scanning D:\MigrationReportTool\Backend\MigrationReport\target\classes\com\migrationreport...
[2026-07-27 12:40:29] [PROGRESS] resolve files> Scanning D:\MigrationReportTool\Backend\MigrationReport\target\classes\com\migrationreport\config...
[2026-07-27 12:40:29] [PROGRESS] resolve files> Scanning D:\MigrationReportTool\Backend\MigrationReport\target\classes\com\migrationreport\controller...
[2026-07-27 12:40:29] [PROGRESS] resolve files> Scanning D:\MigrationReportTool\Backend\MigrationReport\target\classes\com\migrationreport\dialect...
[2026-07-27 12:40:29] [PROGRESS] resolve files> Scanning D:\MigrationReportTool\Backend\MigrationReport\target\classes\com\migrationreport\dto...
[2026-07-27 12:40:29] [PROGRESS] resolve files> Scanning D:\MigrationReportTool\Backend\MigrationReport\target\classes\com\migrationreport\dto\config...
[2026-07-27 12:40:29] [PROGRESS] resolve files> Scanning D:\MigrationReportTool\Backend\MigrationReport\target\classes\com\migrationreport\dto\mapping...
[2026-07-27 12:40:29] [PROGRESS] resolve files> Scanning D:\MigrationReportTool\Backend\MigrationReport\target\classes\com\migrationreport\entity...
[2026-07-27 12:40:29] [PROGRESS] resolve files> Scanning D:\MigrationReportTool\Backend\MigrationReport\target\classes\com\migrationreport\exception...
[2026-07-27 12:40:29] [PROGRESS] resolve files> Scanning D:\MigrationReportTool\Backend\MigrationReport\target\classes\com\migrationreport\repository...
[2026-07-27 12:40:29] [PROGRESS] resolve files> Scanning D:\MigrationReportTool\Backend\MigrationReport\target\classes\com\migrationreport\security...
[2026-07-27 12:40:29] [PROGRESS] resolve files> Scanning D:\MigrationReportTool\Backend\MigrationReport\target\classes\com\migrationreport\service...
[2026-07-27 12:40:29] [PROGRESS] resolve files> Scanning D:\MigrationReportTool\Backend\MigrationReport\target\classes\com\migrationreport\util...
[2026-07-27 12:40:29] [PROGRESS] resolve files> Scanning D:\MigrationReportTool\Backend\MigrationReport\target\classes\SQL Scripts...
[2026-07-27 12:40:29] [PROGRESS] resolve files> Scanning D:\MigrationReportTool\Backend\MigrationReport\target\generated-sources...
[2026-07-27 12:40:29] [PROGRESS] resolve files> Scanning D:\MigrationReportTool\Backend\MigrationReport\target\generated-sources\annotations...
[2026-07-27 12:40:29] [PROGRESS] resolve files> Scanning D:\MigrationReportTool\Backend\MigrationReport\target\generated-test-sources...
[2026-07-27 12:40:29] [PROGRESS] resolve files> Scanning D:\MigrationReportTool\Backend\MigrationReport\target\generated-test-sources\test-annotations...
[2026-07-27 12:40:29] [PROGRESS] resolve files> Scanning D:\MigrationReportTool\Backend\MigrationReport\target\maven-archiver...
[2026-07-27 12:40:29] [PROGRESS] resolve files> Scanning D:\MigrationReportTool\Backend\MigrationReport\target\maven-status...
[2026-07-27 12:40:29] [PROGRESS] resolve files> Scanning D:\MigrationReportTool\Backend\MigrationReport\target\maven-status\maven-compiler-plugin...
[2026-07-27 12:40:29] [PROGRESS] resolve files> Scanning D:\MigrationReportTool\Backend\MigrationReport\target\maven-status\maven-compiler-plugin\compile...
[2026-07-27 12:40:29] [PROGRESS] resolve files> Scanning D:\MigrationReportTool\Backend\MigrationReport\target\maven-status\maven-compiler-plugin\compile\default-compile...
[2026-07-27 12:40:29] [PROGRESS] resolve files> Scanning D:\MigrationReportTool\Backend\MigrationReport\target\maven-status\maven-compiler-plugin\testCompile...
[2026-07-27 12:40:29] [PROGRESS] resolve files> Scanning D:\MigrationReportTool\Backend\MigrationReport\target\maven-status\maven-compiler-plugin\testCompile\default-testCompile...
[2026-07-27 12:40:29] [PROGRESS] resolve files> Scanning D:\MigrationReportTool\Backend\MigrationReport\target\test-classes...
[2026-07-27 12:40:29] [PROGRESS] resolve files> Scanning D:\MigrationReportTool\Backend\MigrationReport\target\test-classes\com...
[2026-07-27 12:40:29] [PROGRESS] resolve files> Scanning D:\MigrationReportTool\Backend\MigrationReport\target\test-classes\com\migrationreport...
[2026-07-27 12:40:29] Plumbing command codeql resolve files completed:
                      [
                        "D:\\MigrationReportTool\\Backend\\MigrationReport\\pom.xml"
                      ]
[2026-07-27 12:40:29] [DETAILS] database index-files> Found 1 files.
[2026-07-27 12:40:29] [PROGRESS] database index-files> D:\MigrationReportTool\Backend\MigrationReport\migration-api-db: Indexing files in in D:\MigrationReportTool\Backend\MigrationReport...
[2026-07-27 12:40:29] Using index-files script C:\Users\Shaik Firoz\Downloads\codeql-win64\codeql\xml\tools\index-files.cmd.
[2026-07-27 12:40:29] [PROGRESS] database index-files> Running command in D:\MigrationReportTool\Backend\MigrationReport: [C:\Users\Shaik Firoz\Downloads\codeql-win64\codeql\xml\tools\index-files.cmd, D:\MigrationReportTool\Backend\MigrationReport\migration-api-db\working\files-to-index15909369066436557855.list]
[2026-07-27 12:40:32] Terminating normally.
